S0190000736F635F656D7074795F6E615F66625F6D702E73333777
S214000000000001205D34000059340000593400001F
S214000010691B0000593400005934000059340000B0
S2140000205934000059340000593400005934000097
S2140000305934000059340000593400005934000087
S2140000405934000031700000593400005934000063
S214000050716800007D700000457000004970000067
S2140000603D70000059340000593400005934000037
S2140000705934000059340000593400005934000047
S2140000805934000059340000593400005934000037
S2140000905934000059340000593400005934000027
S2140000A05934000059340000593400005934000017
S2140000B0817000004170000059340000BD700000DF
S2140000C0593400000554000059340000593400002B
S2140000D059340000593400005934000059340000E7
S2140000E059340000593400005934000059340000D7
S2140000F059340000593400005934000059340000C7
S2140001005934000059340000593400000348044BA9
S214000110834202D0034B03B118477047C400002047
S214000120C4000020000000000548064B1B1AD90F2B
S21400013001EBA301491002D0034B03B118477047E7
S214000140C4000020C40000200000000010B5064CCB
S214000150237843B9FFF7DAFF044B13B10448AFF333
S21400016000800123237010BDC8000020000000009E
S21400017098B6000008B5054B1BB105490548AFF316
S2140001800080BDE80840FFF7CFBF00BF00000000BA
S214000190CC00002098B60000A3F5803A704700BF58
S2140001A0174B002B08BF134B9D46FFF7F5FF0021AA
S2140001B08B460F461348144A121A09F001F80E4BE4
S2140001C0002B00D098470D4B002B00D098470020FE
S2140001D0002104000D000D48002802D00C48AFF3A3
S2140001E0008008F0BBFF2000290002F011FA08F09A
S2140001F0A3FF00BF00000800000000000000000091
S21400020000000120C800002048190020000000005F
S21400021000000000BFF34F8F0549064BCA6802F482
S214000220E0621343CB60BFF34F8F00BFFDE700BF14
S21400023000ED00E00400FA0510B50246F8B1114BD7
S2140002401968888890421AD39888904281BF0968B6
S21400025099600120988099889868002420B904B194
S21400026098604FF6FF7203E08A4203D10CB19860A3
S2140002709A8010BD0131006889B20124EEE70020A3
S214000280F7E700BF8C100020114A916A01F1704315
S21400029003F5F813B3F5006F0CD2D2F82838A3F1A3
S2140002A07E62A2F58432B2F5104F03D20968094A7D
S2140002B0914203D000230370836070471968064A92
S2140002C09142F7D1012202709A6842609B69F3E777
S2140002D00000E10FAD1007B007B0CD5E1FB50C46AD
S2140002E040B901A8FFF7D0FF044B029A1A602360BA
S2140002F00423A380002004B010BD00BF78020020B5
S214000300064BD3F82828A2F17E63A3F58433B3F511
S214000310104F01D2536A1847002070470000E10FC3
S2140003200D4B10B4D3F82848A4F17E63A3F58433AC
S214000330B3F5104F0BD2246BA4F17E63A3F5843380
S214000340B3F5104F03D2A36B5DF8044B184740F289
S21400035001105DF8044B70470000E10F0B4BD3F81B
S2140003602828A2F17E63A3F58433B3F5104F09D293
S214000370126BA2F17E63A3F58433B3F5104F01D25E
S214000380D36B184740F20110704700BF0000E10F22
S2140003907FB50E4A03466D4602F110061068516896
S2140003A02C4603C40832B2422546F7D15A1E04A989
S2140003B00F3311F8014D12F8010F844204D19A420E
S2140003C0F7D1012004B070BD0020FBE7DC930000ED
S2140003D0F8B5184E306848BB174B184C184FE41A3F
S2140003E0184B1C4424F4FF6424F00704D7F8F830B4
S2140003F09BB2B4EB832F18D2656BC5B1D7F8F83033
S2140004009BB2B5EB832F12D2D7F8F82005F1500334
S21400041092B2B3EB822F0AD82846FFF7B9FF30B165
S214000420EB6933F0080302D034603068F8BD04F599
S2140004300064DBE77002002010000020C4000020EB
S2140004400081E00FEFBE000010B50C4648B9FFF77C
S214000450BFFF054B10B1426B126A1A60236004237B
S214000460A380002010BD00BF74020020084B40F29D
S21400047001121A604FF0FF329A6001225A6001445E
S21400048010F8012B9A618842FAD1D869C0437047A8
S21400049000C00140034B044A9979117500221A6086
S2140004A0704700BF400B0020D80A002030B500225D
S2140004B08BB01346D91003F00704415C2141CC07EA
S2140004C041BF02F128016944013201F8283C01339A
S2140004D0252BEFD10D4C0023D91003F00705415C06
S2140004E02941C9075FBFB3FBF2F102FB1131283186
S2140004F0694448BFD9B203F1010358BF11F8281C5C
S21400050004F8011F252BE7D10BB030BD010B0020EE
S21400051008B50348FFF7CAFF002340F8063C08BDAD
S214000520460B0020084A10B5136840F2E2446043C8
S21400053000F5807004FB013303EB5003136053682F
S2140005400344536010BD00BFD80A0020D0B50C4C41
S214000550E38C0A20584308F053FB0646A08C0F464F
S21400056008F04EFB074B002208F0B4FB02460B4691
S2140005703046394608F0D8FC08F0BEFD2083D0BDD2
S214000580D80A00200000F43F70B5094CB4F80710F4
S214000590A079B4F80960B4F80D50FFF7C3FF054B17
S2140005A09E84DD84FFF7D2FF0023236070BD00BF6A
S2140005B0400B0020D80A0020837DDB0701D5808A07
S2140005C07047D0E901239B1A44BF828A9B1898B2D1
S2140005D070470000084BD3F8F020D3F8F4300270D0
S2140005E0110A120C82701A0AC2701A0C1B0E417085
S2140005F002714371704700BF0081E00F034BD86B58
S21400060080F04000C0F38010704700BF00300E40FE
S21400061008B5FFF7F3FF20B1024AD2F8C830002B26
S214000620FBD108BD0000C64308B5FFF7F1FF024B3B
S2140006305868C0F3014008BD00300E400C4B98428D
S21400064005D90C4B984210D80122012301E0002264
S214000650134609490B640949D1F8003123F0807329
S21400066043EA0263C1F8003170470222EDE700BF9B
S2140006700048E8010090D0030000C84300400E4048
S2140006800F4B5B680F4B30B500221C46C9B21D7974
S2140006908D4202D11D6885420DD20132052A03F132
S2140006A00803F4D10321064A536823F0407343EA53
S2140006B00163536030BD04EBC2046179F3E700BF09
S2140006C000000E40B094000038B5074C0748256C73
S2140006D041F6713323640021ADB2FFF7D1FF0DB1AF
S2140006E00023236438BD00BF00000E4000F049021E
S2140006F038B5064C256C41F671332364ADB2FFF76E
S214000700BFFF0DB10023236438BD00BF00000E40BC
S21400071042EA0322B2F5007F10B5194C29D00AD858
S214000720B2F5807F22D040F201139A4215D062B90A
S214000730D4F81C320BE0B2F5407F1DD040F20133F6
S2140007409A4210D0D4F8283201E0D4F82432C3F309
S2140007500722DBB203600A6010BDD4F824321A0EFA
S214000760C3F30743F6E7D4F82832F8E7D4F81C3288
S214000770F5E7D4F82032EAE7D4F82032EFE700BFF6
S2140007800081E00F2F4B1A6FD96C11F0010F02F0A9
S214000790060242D0002A40D013284FD91438132816
S2140007A08CBF102308232749013BCA6C180322F488
S2140007B07F4240EA03231343CB64234BCA6C1B8857
S2140007C0C2F303222833013202EB820003EB530309
S2140007D0B3FBF0F3C86C013B072B28BF072320F0C0
S2140007E0EE6040EA036343F48013CB64174BB3F91F
S2140007F00030002B10DB2833500800EB420203EBDE
S2140008005303B3FBF2F30A6D072B28BF072322F02E
S214000810700242EA03130B657047D96C01F00101C0
S214000820114304D1092809D90A380928B8E7DB6C2E
S21400083013F00103B7D01AB92728B1E70423B2E7AB
S2140008400023B0E700300E405A0B0020580B002063
S21400085070B51D4DD5F82828A2F17E63A3F5843324
S214000860B3F5104FE0B001D2136B23B94FF4017407
S214000870204660B070BD5B6A4FF4C07269460020C7
S214000880984704460028F3D140F20126D5F82828D8
S214000890A2F17E63A3F58433B3F5104FE6D2126B54
S2140008A0A2F17E63A3F58433B3F5104FDED2936ACC
S2140008B0002168469847B042E8D040F203239842A9
S2140008C018BF0446D4E700BF0000E10F104A0B46ED
S2140008D0D2F82818A1F17E62A2F58432B2F5104F44
S2140008E010B40FD2096BA1F17E62A2F58432B2F584
S2140008F0104F07D20C69074A0146A44600205DF84F
S214000900044B60474FF481705DF8044B704700BF9E
S2140009100000E10FD006002037B50446684680E8A0
S214000920060003C8251D85E805002373069B0B4AB1
S2140009302361BDF81C30A38200232360136853B1E3
S21400094019461B68002BFBD10C609088013080B2E2
S214000950908003B030BD1460F7E700BF4C13002052
S21400096037B50D461446FFF767FC70B1036973B1DF
S214000970818A4FF6FE72914209D10095ADF8044087
S21400098069460120984703B030BD0120FBE70E20E2
S214000990F9E7036937B514460D46828A63B14FF608
S2140009A0FE718A4208D100200090ADF80400694626
S2140009B0984728B103B030BD2B6000202280F9E7AD
S2140009C0009B2B60BDF804302380F3E738B50D4656
S2140009D01446FFF731FC40B122462946FFF7D9FFFF
S2140009E010B92B6803B9208038BD0120FCE7000051
S2140009F007B503790193054A0368009306CA0223E4
S214000A000830FFF789FF03B05DF804FB7C94000014
S214000A10034B5A6D12B95865A3F85810704700BFBB
S214000A20D80A00200C4BD3F82838A3F17E62A2F532
S214000A308432B2F5104F10B50CD21968074A9142AD
S214000A4008D1074C2278012A04D11B6A984708B9B6
S214000A500223237010BD00BF0000E10F07B0CD5E7B
S214000A60E40000200C4BD3F82838A3F17E62A2F5F0
S214000A708432B2F5104F10B50DD21968074A91426C
S214000A8009D1074C227812F0FD0F04D1DB69984794
S214000A9008B90123237010BD0000E10F07B0CD5E3A
S214000AA0E400002008B50F4B0F4C1B784FF00055A4
S214000AB06BB1FFF7D7FF0D4B2B600123A3602368B4
S214000AC023F4E06343F480632360FFF7A3FB2B600B
S214000AD00123A360236823F4E06343F48063236068
S214000AE0FFF798FBBD06002000500E4002020FF0F4
S214000AF0054A08B5937E43F040039376034B0022E5
S214000B001A70FFF7CFFF00BFD80A0020541300204A
S214000B102DE9F04105460E461146FFF74DFD884289
S214000B2028BF084687B2B846B8F1000F09D12FB1E2
S214000B30AB7DDA0744BF23F00103AB753846BDE84A
S214000B40F081AA8A2B6869689C18641AA4B2444586
S214000B5028BF44462246304608F024FB6B682968C6
S214000B60AA8A23440A442644934228BF0B46A8EB8D
S214000B7004041FFA84F86B60D6E7F8B51F46038AAC
S214000B8004461646EBB9C57DDDB10123013D0B7069
S214000B900222C57500F11001FFF7BAFFE37D9BB195
S214000BA0228ABA4228BF3A4631462046FFF7B0FFAF
S214000BB0238A1B1A2382E37D13B9638A1B1A638276
S214000BC0F8BD00230B70EBE7638A2382E8E72DE984
S214000BD0F041868A04460F461146FFF7EDFC361AAA
S214000BE0B6B28E4228BF0E46B046B8F1000F0BD103
S214000BF03EB1D4E901329A4202BFA37D43F001031D
S214000C00A3753046BDE8F081A28A2368A0689D18C7
S214000C102D1AADB2454528BF45462A46394608F046
S214000C20C1FAA3682168A28A2B440A442F4493423F
S214000C3028BF0B46A8EB05051FFA85F8A360D4E786
S214000C40F8B5044616461F4611B3858AFFF7B4FC6E
S214000C502D1AADB2012D29D9E37D63B1658AE0680E
S214000C6005702D0A07D02268A38A013013449842E3
S214000C7028BF1046057000236382A368E360022243
S214000C8004F112012046FFF7A2FFE37D0133E3756E
S214000C903A4631462046FFF79AFF638A034463824A
S214000CA0E37D13B9238A03442382F8BD0020FCE7C2
S214000CB013B50379124A03330446019300F1440343
S214000CC0009306CA02231430FFF726FE238A0193F8
S214000CD0E368009394E80600237A04F12C00FFF7FB
S214000CE01BFE237A22792168A4F8450004F1470008
S214000CF084F8443002B0BDE8104008F053BA00BF94
S214000D008894000070B50C4C0C4B06460D4694E8D3
S214000D10030083E803001846FFF76AFE084BD4E991
S214000D20020102221A7283E80300DE601D82184662
S214000D30BDE87040FFF7BCBF64950000400100208E
S214000D40E80000202DE9F347DDF82880BDF82C9058
S214000D5004460E4617461D46FFF76EFA8246BAF15F
S214000D60000F01D0B44205D94FF6FF74204602B0FA
S214000D70BDE8F0879AF80830DAF804009D421AD1E8
S214000D802A46394608F0E4FAA8B9B8F1000FEDD0C3
S214000D900DF1020201A95046FFF7FBFD58B9019973
S214000DA049B1BDF802304B4505D14A46404608F0E9
S214000DB0CFFA0028DAD00134DAF800A0A4B2CEE7E1
S214000DC038B50C4611462568AD1A2A46014408F087
S214000DD0CFFA256038BD000001282DE9F34704D07E
S214000DE00024204602B0BDE8F0878B88012B40F037
S214000DF03C810B681B78FBB99E4A9F4C13609F4A48
S214000E0013709F4A13609F4A13609F4A13609F4A5D
S214000E1013609F4A13709F4A13609F4A13609F4A4D
S214000E2013702378022B01D1FFF7FCFD01232370FA
S214000E309B4B00221A70D3E7032B40F003818F4BA5
S214000E408D4E1C78002C4FD13378002B00F0F280AA
S214000E508F4B1B78082B02D0402B40F08A80DFF89F
S214000E601482D8F800305BB98E4DD5F82838A3F137
S214000E707E63A3F58433B3F5104F55D3802433E057
S214000E8013F003071CBFC7F10407FFB203EB070A02
S214000E90BAF5806F00F2D2808348DFF8F8913A46C0
S214000EA01844FF2108F08CF9804BD9F800501B68D5
S214000EB0C8F800A00AEB05029A4200F29480704B34
S214000EC01B681D445544DFF8C4A125F4FF65DAF815
S214000ED0000025F00705854210D9291A00F50060A4
S214000EE0FFF73CFA40B185243378022B01D1FFF797
S214000EF099FD0023337074E7CAF80050D8F8001044
S214000F00D9F80000FFF7E2FCD9F80030D8F8002046
S214000F10584913440546DB1B6348C9F80030FFF701
S214000F204FFF002DA0D0DEE7FFF792FCD8B9D5F82A
S214000F3028280190A2F17E63A3F58433B3F5104F01
S214000F40D1D2126BA2F17E63A3F58433B3F5104FB2
S214000F50C9D29369012101A898470028C3D14F4BF5
S214000F6001221A70C0E741F20803984286D186240F
S214000F70BAE7002B60D04A4B1B78002B3FF47EAFBD
S214000F80454F3B6843B9404B494918681022FFF764
S214000F90C7F90028A8D0A6E713F003021CBFC2F1C9
S214000FA00402D2B29D18B5F5806F47D84148DFF8E5
S214000FB0D480FF21184408F003F93F4A3F4BD8F885
S214000FC000103D609B1A3E4A13443E4A13408B4233
S214000FD036D83D4BD3F8F8309BB29B020D44A3F5B0
S214000FE08053AB4201D283247EE7DFF8A090D9F885
S214000FF000001540854209D9291A00F50060FFF760
S214001000ADF900287FF46FAFC9F800503A68294957
S214001010D8F80000FFF784F9D8F800303A681E497F
S214001020054613442348C8F80030FFF7C9FE002DD4
S214001030A9D058E7812457E7842455E7822453E74C
S214001040872451E7042B12D1204813230221437032
S2140010500170FFF7DDFC1E4A1E4B128905329A808E
S2140010601D4A1A6042789A71BAE60D24B9E606243B
S214001070B7E600BFD00A0020D50A0020D60A002016
S214001080C4060020B4020020B0020020C0060020E3
S214001090D40A0020CC060020B8060020BD0600209A
S2140010A0BC0600200000E10FD0060020C806002085
S2140010B0A0020020B802002010000020C40000207B
S2140010C0EFBE000000F8FFFF0081E00F340B0020A9
S2140010D0D80A0020400B0020F10A00002DE9F84F46
S2140010E0DFF85091494BD9F80050DFF84C81471B88
S2140010F082464748C8F800701B1A4648034423F443
S214001100FF6323F007039F42144678D3424BD3F87D
S214001110F8309BB29B020AEB0206A3F580539E4270
S21400112070D82C44B4F5806F03D93C4B82221A70D9
S21400113063E0DFF8FCB00BEB050008F033F8384B43
S214001140C9F800401A6822B9332C56D9DBF8342087
S2140011501A601B689F421FD89E421DD903F11002D9
S21400116096424AD31D44A5EB0A055D442D4A2B46FC
S21400117005F1100153F8040B42F8040B8B42F9D129
S2140011802848FFF705F910B9244B8422CFE7102230
S214001190FF21284608F014F8234D244B286804F055
S2140011A00304361B1E4058B907EA0300C0F5006169
S2140011B03144FFF7D3F82E6040B1184B8522B6E7CE
S2140011C0864203D9311A00F50060F2E7D9F800200C
S2140011D01749D8F80000121BFFF7A2F8D9F800202C
S2140011E0D8F800301349121B054613441048C8F8B7
S2140011F00030FFF7E5FD002DDFD1BDE8F88F074B87
S214001200872294E7054B832291E700BFC4000020A5
S21400121010000020EFBE00000081E00FD60A00207C
S214001220B0020020A0020020C006002000F8FFFF49
S214001230B8020020B8060020B402002037B5124CD1
S214001240002360600093437AD0E90021206802F012
S214001250C2FC238CDB050CD563680C4D1B7A2A7800
S2140012609A4206D0012B06D0022B08D063681B7A60
S2140012702B7003B030BD206802F088FCF6E72068CB
S21400128002F08AFCF2E700BF9810002060020020FF
S21400129013B50D4B0D4C1B8AADF804300128ADF884
S2140012A0003004BF02238DF8043001A908BF0423D0
S2140012B0206808BF8DF8003002F091FB2068694670
S2140012C002F0A3FB02B010BD649500009810002049
S2140012D0034B00221A6118680122032102F014B998
S2140012E09810002010B5164CA37E5B0626D4FFF798
S2140012F0EFFFA28C236840F2E24101FB0233236039
S21400130094F84F10A37A0B442521B3FBF1F001FBB0
S2140013101033A37223890133238163680A2101FBFA
S21400132002336360238B5A1E22833BB9A27E42F0AF
S2140013304002A276034A1370FFF7B4FB10BD00BF4D
S214001340D80A0020541300207FB502238DF80630FB
S214001350064B5A8B596918680332ADF804206A4662
S21400136002F0D2FB009807B05DF804FB981000204E
S21400137010B51E4C1946236986B023B3A2F10800A7
S214001380084322D101AA0321206802F0B9FB636852
S21400139060615B7A23769DF80430DA1F534253412E
S2140013A0627E63F30002039BE361BDF8063062765B
S2140013B0638304F1180102202369984720680122FC
S2140013C0002102F0A3FB06B010BD02F17F400843E7
S2140013D005D10021012006B0BDE81040184712F4E0
S2140013E0A0411ABF00210320FF20F4E79810002038
S2140013F02DE9FF41194C1A4D637A0133DBB2282BD5
S21400140028BF252320466372FFF718FF627D154923
S2140014102868D4F80C80667C4FF40073023202F021
S21400142051FB6B68104A5B7A06F001063046D75CC3
S214001430FFF72EFF00220123009203932868CDF8C1
S214001440088002AB394602F063F810B1FFF740FFA0
S214001450D2E7064B2B6104B0BDE8F081BC1000203B
S21400146098100020D0100020DF9400002515000002
S2140014702DE9FF41254CA37E5A0640D4244A2189F3
S21400148023F0070343F00103A37613681BB1928889
S2140014908A4200D19847A37A1E48234493F82A30FC
S2140014A06375FFF7CBFED4E900561B4C1B4A6368F6
S2140014B05B7A4FEA5608D75CA5EB56060120FFF785
S2140014C0E7FE643500964FF4807300264544ADF879
S2140014D00C306A4639462068029533468DF804601B
S2140014E08DF80E6002F020F801220546314620688D
S2140014F002F00CFB35B1FFF7F5FEFFF7B9FF04B0BD
S214001500BDE8F081064B2361F9E700BFD80A00204A
S214001510400B0020E40A002098100020DF94000012
S2140015208D16000002282DE9F0411DD002D80128B2
S21400153007D0FEE7032800F09E80FF2800F09B807F
S214001540F7E74E4C637C990707D5FFF7C1FEFFF718
S2140015504FFF637C6FF341036374637CDA0768D4E0
S214001560BDE8F041FFF744BF4B78DB0740F18380CE
S2140015704C68227802F00F08B8F1030F5BD0B8F180
S214001580050F78D13E498B7B03F00103B3EBD21FE6
S2140015904FD10622083104F1080007F0D9FE0646AE
S2140015A0002846D1FFF794FEFFF7CEFE354D3146B4
S2140015B007465C22284607F003FEAB7EA5F8188097
S2140015C043F02003AB76627E237E43EA0223AB849D
S2140015D0627F237F43EA0223EB8494F82330C3F32D
S2140015E0040385F84F3094F82330C3F3421385F88C
S2140015F0503004F11E001B232B85FEF757FFD4F84E
S2140016000E30E27CEB60A37C2F6043EA0223227D4F
S214001610607D43EA02432B61012695F84F30AB729A
S2140016202E75E18A3144FEF77DFFFFF721FF164B4A
S2140016301E70BDE8F081124DAB7B03F00103B3EBE7
S214001640D21FF6D1062205F1080104F1080007F0C2
S2140016507FFE0028EDD1094C286894F83D204FF411
S2140016600073023204F13C0102F02CFA637C43F072
S21400167002036374DDE7FFF72BFE71E7BC10002062
S21400168098100020D80A00205413002002282DE9C4
S214001690F74F0F460BD003D8012800F0D781FEE79E
S2140016A0032800F0DB81FF2800F0D881F7E74E78AA
S2140016B04A68B34D16F0010661D10026AB7EB14CE8
S2140016C013F0200F12D0696D6FF34513AB76002927
S2140016D000F0C580237895F85820627043F0030325
S2140016E0A01C237007F05EFD00236B65A648A54985
S2140016F0FEF762FFAB7E003818BF012060F341039F
S214001700C3F3C002AB76C3F300139B0043EAC203E5
S214001710227843EA001322F01C02134362782370F7
S2140017209A4C02324FF400732068D2B202F0CAF923
S214001730AB7E7F68D90709D56FF30003AB7600232D
S2140017406B60FFF701FE2860FEF700FF002E00F03A
S214001750F9803B7803F00303022B00F05F81032B34
S21400176000F09480012B40F0ED8089487D78818AD6
S214001770FEF722FF081ABC1C80B200265BE1137835
S214001780AC7EC3F3001363F382041378AC76C4F321
S2140017900011C3F3C00C8C45E0B2C3F3800AC4F357
S2140017A0C0040CD0544588D0AB7E84F00104E4001D
S2140017B044F0200423F028031C43AC767DE703F0B6
S2140017C00303022B18D0032B04D0012BEAD14FF0D1
S2140017D0000B12E0544508D084F00104E40044F005
S2140017E0200420F028031C43AC76AB7E81F0010178
S2140017F061F30413AB7661E7B34692F80180B8F163
S214001800000F0ED1544501D10026EEE7AB7E84F0E2
S2140018100104E40044F0200423F028031C43AC76C3
S214001820F2E75B48B0F81490FEF7C6FEA9EB00009E
S21400183080B2BBF1000F03D00228B3D9023880B2C1
S214001840544509D0AB7E84F00104E40044F0200443
S21400185023F028031C43AC768045C6D92DE795F8BF
S21400186028304948A21C0DF10701FFF786F910F051
S214001870FF0018BF9DF80730227860701ABF01334A
S214001880DBB2012363F3010222702FE7BB780C2B37
S2140018900AD80C2B0AD8DFE803F03F2B58090909B1
S2140018A00909600909091800142B7FD0394A1278F3
S2140018B02AB1162B00F09680182B00F0A28036482E
S2140018C007220270437002210DE033480C234FF0CC
S2140018D0FF320370012343708270037102220023DB
S2140018E0C2704371062103B0BDE8F04FFFF790B811
S2140018F0797A3B7A294A43EA01239380134628499A
S21400190043F8061BD7F80310C2F80610B7F80720EE
S2140019109A807A7A9A7115E07A7B3B7B1F4943EA74
S21400192002238B800B461F4A43F8062BD7F803206A
S214001930C1F80620D7F807205A60B7F80B201A819E
S2140019407A7B9A7203B0BDE8F08F2A89134B053272
S2140019509A80154A1A60FA78DCE7D7F80330228CAA
S2140019600D48134003F0FF0322F0FF021343024624
S214001970092102F8011BC0F8013000235360B2E7CA
S214001980D80A002060010020A00D0020981000203A
S214001990341300205E0B0020340B0020400B002088
S2140019A01105000089050000F10A0000B7F80530AF
S2140019B0B7F803202D48DB08934228BF13462B8533
S2140019C0152300216FF004046FF02702037007232D
S2140019D0817081714470C27003714471C271037268
S2140019E0092180E73A79FB782048134003F0030387
S2140019F0022B18BF01231722027043708370032145
S214001A0071E77A79B9791A4B42EA01229A80194A23
S214001A101A60D7F80320C3F8062093E716487D78A7
S214001A20818AFEF7C9FD081A80B2022838BF022054
S214001A300238BC1C80B2854284D80F482B4622460A
S214001A40314603B0BDE8F04FFFF7FAB80B4B9B7E6C
S214001A509A073FF577AF5B073FF574AFFFF742FC99
S214001A6003B0BDE8F04FFFF703BD00BF340B002006
S214001A70400B00209504000034130020D80A0020F4
S214001A80EFF3108072B670470048704700F04902C6
S214001A900E49D1F8942002F00702042A0BD8022A35
S214001AA00FD811D00A4BD1F80001C0F30420013042
S214001AB0B3FBF0F07047074B0548052A18BF0346EE
S214001AC0F1E74FF40043EEE7034BECE700400E402F
S214001AD0C0EA210160F5900000F0490208B5FFF762
S214001AE0D7FF044BD3F80831C3F308230133B0FB08
S214001AF0F3F008BD00400E4038B502460D46FEF72E
S214001B007DFDE8B122B90F4BD3F80031FFF7C0FFD7
S214001B10FEF774FDA0B1FEF787FD88B1094BD3F838
S214001B200031FFF7B5FF084B402204461A610DB19D
S214001B30FEF76EFD20460021BDE83840FEF7D8BD12
S214001B4038BD00BF00400E4000300E40044B054A32
S214001B509A60D3F8882042F47002C3F88820704751
S214001B6000ED00E00000000008B5FEF753FB7047EC
S214001B7047F6FF739A42F0B56CD006296CD8374BFF
S214001B805B5C022B68D8364D05EBC304DE00A178FB
S214001B9015F83330012938BF0121012B13D1E07825
S214001BA00025401A854202D30844C0B2F0BD431B4C
S214001BB0A0EB5303666836F913609642CCBF03F178
S214001BC0FF301D46EEE760680028EFD0B0F9004011
S214001BD0A24204DCB0F902409442B8BF144683889F
S214001BE0FF2B04BFB0F90630B0F9087035440FBFBC
S214001BF001220022C82328276E781B1B93FBF7F3CD
S214001C0013441BB29E4201DD002B01DA731E1BB289
S214001C104FF47A7C00EBC3055F1CEA88AD6814FBC2
S214001C2002521D463BB222EAE2729E4202F15C027A
S214001C30B2FBFCF204DD00EBC307BF88BA42E9D969
S214001C4000EBC5039888904228BF1046884238BFEC
S214001C500846AAE7FF20A9E70020A7E7D8940000D7
S214001C60600B002038B5C0F30323013B04460D4645
S214001C70092B11D8DFE803F0053611103A312C1085
S214001C801D191C4BC0F3043403F1424303F58013C3
S214001C9004EBC304A400256038BDFFF71FFFFEF762
S214001CA0CDFCC4F30434144BEEE7144BC0F30434F9
S214001CB0EAE7134BC0F304344FF480320D49D1F8F1
S214001CC04401C007E0D4D1F840011042FBD1DBE765
S214001CD00C4BC0F304341022F0E70B4BC0F3043473
S214001CE00122EBE7094BC0F30434CDE7084BC0F301
S214001CF00434C9E700400E40B8400E4050410E4044
S214001D00F0400E40E8400E40E0400E40C0400E401E
S214001D10B0400E402DE9F74FDFF82C91464E99F86B
S214001D200040019107461546002C41D1434ADFF892
S214001D3014A1D2F8F83042489BB29B02A3F5805318
S214001D40CAF80030D2F8F8309BB29B02A3F50063C5
S214001D500121CAF80430FFF785FFDAF800000821F1
S214001D600430FEF783FBDAF800301B68984208BFA1
S214001D70DAF80030DAF8040008BFD3F804B04FF001
S214001D80080100F104000CBF0124A346FEF76EFB19
S214001D90DAF804301B6898423CD1DAF804305C6804
S214001DA05C4594BF002401240123347089F8003078
S214001DB096F900305A1C29D0224A52F8233003F1F3
S214001DC00C094C464FF6FF7AC4F30A030833B3F502
S214001DD0006F1BD2A688564518D094F806B0201D72
S214001DE00BF10401FEF742FB22689042D84601D16F
S214001DF0B74212D008F1030808F4FE7808F1080884
S214001E00444489EA0403B3F5006FDDD34FF0000BBA
S214001E1058460CE0013C64B2C6E72B785B45F5D328
S214001E2001985A4604F1080107F0BCF9012085F82C
S214001E3000B003B0BDE8F08F100000200081E00F76
S214001E4000650A00640200206C0200202DE9F04FB5
S214001E50012891B004D00024204611B0BDE8F08FD0
S214001E608A88002A00F01282A54F97F800A0BAF1DF
S214001E70000F00F00D82A34D2C78002CECD1A24B65
S214001E8009681C78002CE6D1A04E306802EB0008EA
S214001E90B8F5806F02D982242C70DDE7DFF88492D3
S214001EA0484407F07FF9BAF1020FC6F8008039D02F
S214001EB0B8F1030FCFD99648FEF7E6F90178D9F8BE
S214001EC000204368012945D1190E012903D1C3F327
S214001ED007430A2B46D98F4B9A4240F0DD80836831
S214001EE0DA033DD502233B70FEF7BCFD8A4BD3F8E0
S214001EF02828A2F17E63A3F58433B3F5104F0BD2E6
S214001F00126BA2F17E63A3F58433B3F5104F03D2B0
S214001F10936809A900209847804B099A1A60804B5D
S214001F200A9A1A60DFF80C92336899F80020082A9B
S214001F3001D0402A4ED1DFF8F0817948D8F8001059
S214001F40006803F0030ACA18A2EB0A0282420BD901
S214001F508324A1E76F4CA2420CBF862484249BE70F
S214001F60862499E7882497E76C4ADFF8CCB117688F
S214001F70DBF800001F440F44A7EB0A0727F4FF67AF
S214001F8027F00707874209D9391A00F50060FEF7DF
S214001F90E5F908B185247FE7CBF800703168D8F8FA
S214001FA00000A1EB0A01FEF791FC3268D8F8003079
S214001FB05649A2EB0A02074613445A48C8F80030AE
S214001FC0FEF7FEFE002FE5D199F80030002B7FF4D7
S214001FD042AF01E0002A61D133687F2B7FF63BAF2A
S214001FE0DFF84881DFF854B1D8F80000F0B94A4B62
S214001FF0D3F82878A7F17E63A3F58433B3F5104FA2
S2140020000ED20A9009A8FEF73FF90A9B1A0E74D062
S214002010012A03D1C3F307430A2B6ED9BB6B98473B
S214002020CBF8000007F08CF9C8F800003A4FD8F853
S2140020300000D7F82828DBF80010A2F17E63A3F58D
S2140020408433B3F5104FA5D2936A98470028A1D1E0
S214002050D7F828783268D8F800A00392A7F17E63F4
S214002060A3F58433B3F5104F16D2079006A8FEF7F3
S2140020700BF9079B190E0FD00129039A03D1C3F35E
S21400208007430A2B08D905AB00937F6B254909AB9C
S2140020905046B847002853D08424FDE622490A68F3
S2140020A01A440A60214A10681B4AD2F82818A1F17F
S2140020B07E62A2F58432B2F5104F05D31349194853
S2140020C01A46FEF77DFE16E0CF6A164A1849B8474C
S2140020D032680E4907461348FEF772FE40F20323A5
S2140020E09F4203D1084A01231370B4E640F201234D
S2140020F09F423FF469AF8024CEE64FF4C0708FE76E
S214002100D50A0020D60A0020BC060020D00A0020EF
S2140021107C020020EB17A6030000E10FC406002097
S214002120C8060020D0060020CC0600209C02002016
S2140021308C020020D40A0020C0060020880200205E
S2140021409DF8243089F8003023B9059B13B140234D
S21400215089F80030FEF73CF9074658B3D0F834A0AB
S21400216099F80030002B3FF476AE00220692042247
S2140021708DF8132006A90DF1130235200393FFF7FF
S214002180C9FD069AD30719D5039B082B14D0BAF1BC
S214002190000F13D0534610220CA903F12800039316
S2140021A007F0D6F820B9039B0A9A1B6A9A4205D80C
S2140021B0892471E68246D3E7364BECE797B14FF4B5
S2140021C000613846FEF7CAF800287FF4E3AE2AF42A
S2140021D0FF604FF4006120F00700FEF7BFF800280C
S2140021E07FF4D8AE99F80030082B01D0402B0FD1E1
S2140021F0294B2A4A186820F4FF6323F007034FF49C
S21400220000611360FEF7AAF800283FF424AEC1E68A
S214002210234F244BDFF89C907B60D9F82828D8F809
S2140022200000DBF80010A2F17E63A3F58433B3F55B
S214002230104FBFF4AFAE936A984700287FF4AAAE5B
S214002240D9F82828D8F800003368A2F17E61A1F5F5
S2140022508431B1F5104FBFF431AF3946D2F82C8037
S214002260114AC0473268114907460F48FEF7A8FDD5
S21400227040F203239F4203D10D4A01231370EBE57E
S21400228040F201239F423FF4E6AD34E70D24E3E538
S2140022908124E1E508950000C4060020C006002061
S2140022A08C020020DD100000D0060020D00A00209E
S2140022B0BC0600200000E10F00F00F0001380728E0
S2140022C050D8DFE800F00415244F34384F402B4B2D
S2140022D0D3F8943003F00703023B052B06D8DFE85B
S2140022E003F049243F0305430B2070470520704741
S2140022F0224BD3F8800000F0070002283DD00428C7
S21400230036D0012808BF032018BF012070471B4B9A
S214002310D3F8843003F00703013B032B03D8DFE830
S21400232003F0041F25270120704703207047134B36
S214002330D3F88800DFE7114B1B6F13F0010F0CBFBB
S2140023400720092070470D4BD3F85C3103F03003AB
S214002350202B0FD0302B0FD0102B08BF0720D3E731
S21400236002207047002070470C20704706207047F8
S2140023700A207047042070470820704700400E402F
S2140023800428F8B56FD8474B13F800C0464B1D5CC1
S214002390464B33F81060464B33F81040454B002947
S2140023A06DD0022860D15C6A14F0300F5CD1424CCC
S2140023B0E46B5C6AE40705D55F6A27F0300747F0F0
S2140023C010075F623D4C3B4B25441E66AD002B68F4
S2140023D0002BFCD0002A46D06444A4002368002BBF
S2140023E0FCD002283FD100293DD0324B5A6AD10793
S2140023F03CD54FF48062C3F8A82020225A665A6A59
S21400240012F0300F0CBF4FF440024FF40002D3F826
S214002410901032EA0101FAD1520201D5D3F8A03069
S214002420244D012200210220D5F89C70FFF7A8FF5A
S214002430D5F890306B6A23F0300343F010036B62DC
S214002440C7F30A07296B1E4BFA0903320F2A03EA61
S214002450010328BF0F223B4343EA02732B632E6619
S2140024602368002BFCD0F8BD0021ABE75A6AD3F8EE
S214002470902002F44002B2F5400FF8D1CEE70121D9
S2140024801C66A940D3F890000842FBD1002AEAD087
S2140024900123084903FA0CF3D1F890201A42FBD125
S2140024A0E1E700BFA9940000A49400009A940000FD
S2140024B09094000000400E4000300E408004F21061
S2140024C000F8FF0F10B500211048FFF715FB104865
S2140024D0FEF7B4F8012211460220FFF751FFFEF77F
S2140024E0F3F8FEF795F80B4B02225A67FFF7D0FA7F
S2140024F0FEF7A4F8FFF7F2FA0446FEF795F8014651
S2140025002046BDE81040FEF7F3B800BF00F04902D1
S2140025100148E80100400E4000B962B6704700006E
S2140025202DE9F0410D4F06460D4614460CB9BDE8A0
S214002530F081EFF3108872B623462A4631463846B5
S214002540FEF77EFB03464046FFF7E6FF002BEDD086
S214002550E41AA4B21D440026E8E700BFA00D002040
S21400256013B5002301F10804ADF80430ADF80600F9
S21400257021461A4651F8080C083170B90BB1ADF86F
S214002580042004220DEB020101200834FFF7C8FFE7
S21400259054F8101C39B902B010BD51F80C3C1A445E
S2140025A092B20123E6E734F80C2C0020EDE7000099
S2140025B07FB50130002380B2CDE90101CDE90433B7
S2140025C06946044B009304200392FFF7C9FF07B047
S2140025D05DF804FB20110020EFF3108072B6704700
S2140025E0FFF79ABF064A074BD3F88039136F23F0DC
S2140025F0070303431367044B1888FEF7C3B800BFEE
S21400260000300E400000C6435C0B002000000000B7
S2140026102DE980487A4B5B685E05A3B024D44FF062
S214002620005300221A601AA8FDF72EFEFDF7D0FE12
S21400263008B3446BFEF716FA1C9B5D0740F1BC809E
S214002640FDF7C6FEFDF75CFE0446FEF7EBF994B117
S214002650FDF7BEFE0446FDF7BBFE6A4B9860236896
S2140026609D466368984706E04FF000531A68022AB2
S214002670D5D100221A60BFF35F8F624B5A6A22F4EC
S21400268080325A62D3F8942022F00102C3F89420D4
S214002690BFF34F8FBFF36F8F5B495C4F0A685C4D8B
S2140026A0C3F898204FF00050C3F89C005948C3F870
S2140026B0A000AF4202F1010008604FD07E1E731BDF
S2140026C043EA530343EA930343EA131343EA132309
S2140026D043EA13430133B3F5807F38BF4FF480736A
S2140026E05C422C4003EB040C674500F28780072B06
S2140026F0ACEB07074FF0010C8CBF4FEAD30E4FF040
S214002700200EB7FBFEF70CFA07F7013FFFB2361BA9
S2140027102D1BB3FA83F3B5FBFEF5B6FBFEF6664457
S2140027200CFA05FC07FA06F60CF1FF3CC3F11E0393
S2140027304CEA060C5B000CF0FF0C03F03E0343EA89
S2140027400C23304D43F0407343F001130232C5F8BA
S2140027509800C5F89C40C5F8A0300A60BFF35F8FAC
S214002760284B0522C3F894205A6A42F480325A62F3
S214002770BFF34F8FBFF36F8FBFF34F8FBFF36F8FD4
S214002780254B01225A64254BD3F8FC20244B120E0D
S21400279048D14AF6E851C3F89011D3F8981141F0A1
S2140027A00401C3F89811C3F89021D3F8642142F4C9
S2140027B00052C3F8642137E014B9FEF733F95AE73C
S2140027C0164AD2F8F8309BB2B4EB832FF5D2D2F883
S2140027D0F82004F1500392B2B3EB822FEDD82046D6
S2140027E0FDF7D6FD0028E8D0636913B9FEF71AF99D
S2140027F02EE79DF86830012BF8D121E75B006FE7E4
S21400280000500E4000ED00E0540B0020BC000020FD
S214002810BC0000203900011300000E400081E00FCC
S21400282000300E40012AC0D0844A136A23F44413B1
S21400283043F488131362A2F58042136843F480734E
S21400284013607F4BD3F8A42142F4F842C3F8A421C6
S21400285002229A639A6B02F00F02022A40F0048169
S214002860DA6C22F0405222F0010242F00102DA64F1
S214002870D3F8EC2042F44072C3F8EC20714A0F21E2
S2140028801180DA6E42F08072DA666F4BD3F88009F8
S21400289000B10420FFF7A6FE6C4B694FDFF8B88145
S2140028A0C8221A806A4BA0220F2000241A80FDF747
S2140028B069FF684BBB65CDE91244CDE91A44D8F8E8
S2140028C01832C3F307295FFA83FACDF87090CDF873
S2140028D050A0FE6CC6F30176224633461AA912A80B
S2140028E0FDF716FFD7F8EC50C5F3012522461BA9C5
S2140028F013A82B46FDF70CFF4FF41674A9EB0A023B
S2140029006243B2FBF4F252449145DDF868C0129976
S214002910DDF86CE01398C0F0A780AEEB00036343CD
S214002920B3FBF4F3C0182CBF012300238645C0F088
S2140029309B80002B40F09880ACEB01036343B3FB15
S214002940F4F3C9182CBF012300238C45C0F08C80FB
S214002950002B40F08980FC6D24F4FE4424F0020431
S21400296044EA0224FC65022ED8F830225CD0032EFE
S2140029705DD0012E14BFD2B2C2F30722120312F4A6
S214002980702F71D12E4CE36E23F470431343E3662D
S214002990314B022DD3F830224BD0032D4CD0012DD5
S2140029A014BFD2B2C2F30722120312F4702F5BD107
S2140029B0234BD3F8EC4024F470442243C3F8EC20B5
S2140029C05A6E814238BF0146E72922F4FF7228BFBB
S2140029D0E72122F0010242EA41025A66DA6B42F42B
S2140029E08062DA634AF6E852596B5A639A6FD407E4
S2140029F0FCD41B6C144A13F003032FD00123C2F837
S214002A00B43A0F4B9A6FD007FCD41A6C22F003022C
S214002A101A649A6F12F00102FBD10B480129C0F824
S214002A20B42A08BF5A631BE0C2F30742A6E7120E99
S214002A30A4E7C2F30742B7E7120EB5E700400E4020
S214002A4000300E405C0B00200000C6435A0B0020EE
S214002A50580B0020372110B70081E00FC2F8B43AB7
S214002A60C74B0122C3F89427C64CC74E1120FFF768
S214002A7023FC002102200122FFF782FC636A23F078
S214002A8001036362C14B0025C3F8A054A36A23F078
S214002A90070343F00603A362BD4BE362226BBD4B04
S214002AA002F07F6213432363BB4B6363FFF70AFDA9
S214002AB0BA4B304601211B68FFF71EF8FDF7B4FD40
S214002AC001463046FDF714FED4F80001C0F304209A
S214002AD00130B6FBF0F0FDF7B1FD012211460220F1
S214002AE0FFF74EFC636AAE4E43F040536362D4F881
S214002AF0C83043F00103C4F8C830AA4BD3F8D83026
S214002B00B365042404AA06A935208DF8104006955E
S214002B10FFF700F906238DF80F30069B8DF80E4060
S214002B2013F4803F07AC00F0538205232246B16DB4
S214002B3002F8011B013BFAD29DF8213063F03F03F7
S214002B408DF821309DF8223043F001038DF82230B5
S214002B50954B5C60954B964A9A6000274FF48071BF
S214002B605961C3E900221F82924A934B9348944DC1
S214002B701F82C3E900229A60596100F0FAFC90486F
S214002B80904C914E00F069FF0FCD0FC495E80F00F2
S214002B9084E80F008D488E4B036039468D4B4360AA
S214002BA000F08CFC74A3D3E900233060CDE9002349
S214002BB04FF0FF334FF0FF3200F029FF02224FF0B4
S214002BC0FF313068784C00F024FF0DF1680A94223B
S214002BD03C23CDE91A321C935146962330681D9348
S214002BE0CDE91E77209700F04BFD37467A493068CE
S214002BF000F022FF306800F0C6FFB4F9001057F866
S214002C00080B00F02EFF6468002C40F0FA8138466E
S214002C10FDF7E0FCB37B64F30003B3736F4BDFF8A0
S214002C20F4916F4D4FF0200883F8018383F80483F6
S214002C3083F8068383F8078383F8058383F808837D
S214002C4083F81D83674B5A220021184606F0B8FA0F
S214002C50A0F10A04644B636042F21072E26042F232
S214002C600153624A40F80A2C2381614A4FF490735C
S214002C703384012313700022C9F800201B222A8007
S214002C800DF10D0103AA3E208DF80C30FFF742F837
S214002C9011230DF10B020DA936208DF80B30FFF72E
S214002CA039F80DF10A02514639208DF80A80FFF7EF
S214002CB031F8002837D14F4B9DF80B2018681B7948
S214002CC01A908AF80430002A00F0A2811B2A28BF36
S214002CD01B22531D8DF80A300DA9531C0DF16D00F3
S214002CE08DF86B3006F05EFA12A8FDF773FC424AC8
S214002CF09DF80A3012882AF8032022A99A1C51FA55
S214002D0082F21298BDF84C1042F8200C22F81C1CD7
S214002D1003F1080222A951FA82F20933002102F8CF
S214002D20201C8DF80A3020230DF1090212A93A2042
S214002D308DF80930FEF7EEFF48B9304B5A8A1B7DF6
S214002D408DF84A300323ADF848208DF809302C4B17
S214002D502C4800224FF00208C3E900222A4B0360E9
S214002D6080F80480FDF744FE2848294B03601023B2
S214002D70037251E0AFF300800855005100000000D8
S214002D800000C64300400E4000F049020000C84361
S214002D902000050007450BD047A0020000300E407B
S214002DA0005008400081E00F58130020A00D0020BE
S214002DB0A00C0020A00B002034130020690345EC73
S214002DC088950000600B002098100020900B0020D3
S214002DD071130000800B00201200002000E100E0CC
S214002DE028110020C610002055555500D6BE898EE5
S214002DF05E0B0020ED930000F79300006495000042
S214002E004C1300203C0E0020FA930000E40D002036
S214002E10FD9300003013002080F80480FDF748FF83
S214002E20B148B24B0360B24B80F80480C36080F8B0
S214002E300880A0F81080CDE90038434690E80600E8
S214002E401430FDF769FD9DF80B10002900F0EB80AB
S214002E500DA8FDF757FFA748A74B03604FF01008D3
S214002E6080F80480FDF7C4FDA448A54BA54A03607E
S214002E704FF6FE7B08230372C260A0F810B080F8FD
S214002E800480FDF715FFA048A04A02600C220272DB
S214002E909F4AC260A0F810B080F80480FDF708FFD3
S214002EA09C489D4A02604FF0020B9C4AC260082371
S214002EB0038280F8048080F808B0FDF7F9FE984891
S214002EC0984B0360984BC3600123038280F804800C
S214002ED080F808B0FDF7ECFE9448954B0360954BE0
S214002EE0C3604FF6FE73038280F8048080F808B053
S214002EF0FDF7DEFE9048914B0360914BC3604FF6A2
S214002F00FE73038280F8048080F808B0FDF7D0FED8
S214002F108C4B8D4A1A604FF6FF729A809DF80A20F5
S214002F20202A05D8931D89486375514606F03AF95C
S214002F309DF80920202A06D8931D854884F83D3040
S214002F4012A906F02FF9FEF7C3F9227C617CB2FACB
S214002F5082F35B0963F30001237D617462F303036C
S214002F60B27B02F0010262F386132375637D0BB910
S214002F7006236375774BB988B068C4F81600998045
S214002F8094F83C30042161F3030362F3861384F85B
S214002F903C3094F83D3013B9062384F83D306E4B30
S214002FA0B068BA88C4F83E009A80FEF721FA6B4EE5
S214002FB06B4B1B782BB1DFF8B8814046FDF7FCFA67
S214002FC0A0BB684A136923F00403136130BFEFE720
S214002FD00DF10F0221462C20FEF79CFE00283FF440
S214002FE0B9AD0DF10E0205A93C20FEF793FE18B10F
S214002FF09DF8140000F001009DF8223060F30003F5
S214003000A4E52068B060A288A379BB71BA8005E603
S21400301008238DF80A30544B1A889B78ADF86D203B
S2140030208DF86F3060E65048032112E7EFF3108406
S21400303072B600231A460DF111014046FDF79DFDBC
S2140030402046FFF769FA9DF8113013B10023C9F83E
S2140030500030D9F80020EFF3108472B6C2F5017381
S2140030609BB232440DF111014046FDF786FD034642
S2140030702046FFF751FAD9F800201A44032AC9F867
S21400308000209AD93488231D9A4296D307D8708890
S21400309004284FF0000306D0062800F0AB8100237A
S2140030A0C9F8003089E732796B8004F1FF3A122ABA
S2140030B01FFA8AFA5ED8012A5FD9931E2B4F102B6F
S2140030C05BD8DFE813F05C005A0072005A008B00F1
S2140030D05A0022015A00BF005A005A005A005A00ED
S2140030E05A004F015A00EF00B80D0020009400006F
S2140030F07A9500006C100020039400001410002045
S21400310014940000D90D0000BC0F00202594000088
S2140031104D1E0000640F00203694000059950000F4
S2140031200C0F00204794000058950000B40E0020B5
S21400313058940000DD0200005C0E00206994000038
S214003140490400008C1000204C130020D8100020EA
S21400315000110020D2100020FA1000202C110020B0
S2140031605413002000ED00E0F3930000201100202F
S21400317034130020522A00F0B580062289E0BAF106
S214003180020F40F03581B6F805400022B4F5007F06
S21400319028BF4FF400740323114650463B70A7F82F
S2140031A00140FFF705FA2C8079E7BAF1040F70D1D9
S2140031B0B6F80540A0B2FDF73FF860B1027A7C8011
S2140031C0022A4FF005010CBF012302233970416823
S2140031D07B70032057E06C800A225AE0073CDFF839
S2140031E038B2CDF800B0A4B20194B6F80710B6F81D
S2140031F005000223ABF10202FDF7A4FD4FF6FF7AAD
S2140032005045044604D17368C3F30F236B80E3E78D
S21400321000230130CDE90033ABF102020223514610
S21400322080B2FDF78FFD50451CBF00F1FF3080B225
S21400323007233B70A7F80140A7F8030000221146B9
S214003240042020E0BAF1020F40F0D280B6F805B0B4
S2140032501FFA8BF42046FCF7EFFF002839D0037BDB
S214003260990713D52B880DF11202013B09A92046B8
S214003270ADF81230FDF7AAFB024670BB0B23BDF873
S214003280122009993B70FFF793F908E75246A5F814
S21400329002B05D4B30796988587001241C705980E3
S2140032A01A71CBE7B6F805B01FFA8BFA5046FCF752
S2140032B0C3FF70B1037B1A070DD5E21E92B25349C5
S2140032C05046FDF74DFB024638B913233B700146C6
S2140032D0D9E70122DBE70322D9E77368C3F30F239C
S2140032E06B80D6E7B6F805703846FCF7A5FF0028D1
S2140032F03FF4D5AE037B5B077FF5D1AEE21E4349B4
S21400330092B23846FDF72CFBC9E6631F9BB2022B30
S21400331001D0102B6CD10022CDE90022DBB23C4A52
S214003320B6F80710B6F80500FDF70CFD4FF6FF736C
S214003330984204463FF467AF2B880DF11202043B17
S21400334009A9ADF81230FDF741FB024608B16C80C2
S2140033509FE7BDF8122009997C8009233B70931CD7
S2140033607B7036E7053CA4B2022C01D0102C3FD16E
S2140033704FF0000BCDE900BBE4B2B6F80710244AC4
S214003380B6F805002346FDF7DDFC4FF6FF718842D0
S21400339082463FF438AF013023461D4ACDE900BBD4
S2140033A080B2FDF7CFFC2B884FF6FF7188420446AB
S2140033B0A3F1060318BF00F1FF340DF1120209A9AC
S2140033C0504618BFA4B2ADF81230FDF7FFFA024619
S2140033D010B1A5F802A05CE7BDF812200999A7F87D
S2140033E002A011233B70131D7B70BC8005204AE7AA
S2140033F004224EE7CDE90B33064B099309A90223B5
S2140034000A93FFF7ADF84AE620110020331100209A
S2140034103511002018000020371100200D4AD2F880
S214003420E430D2F8E0109B0003F03C03C1F38111B6
S2140034300B438370D2F8E03003F03F034370D2F8BA
S214003440E830D2F8EC2003F0F003C2F30312134383
S2140034500370704700FF0FE0FEE7000008B5FEF7B8
S21400346075FB124B12498B4212D3124B12490020A5
S2140034708B4218D3FCF794FE186850F82240586820
S21400348040F82240013298688242F5D30C33EAE7CE
S2140034900022F8E71C6844F8220001325C68A24269
S2140034A0F8D30833E4E70022F8E700BFA4B600002C
S2140034B0B0B60000B0B60000B0B60000F8B50D46D5
S2140034C010B900242046F8BD0E4F3E68002EF8D1F5
S2140034D000F052F804460028F3D0386000F0A8F850
S2140034E0204600F074F838B130463E6000F0A0F890
S2140034F0204600F067F8E4E7002DE3D02046A84712
S214003500E0E700BF601300200846114600F0A2B8AE
S21400351010B504F01DFF20B9024BBDE810401B6833
S214003520184710BD2800002010B500F074FA20B926
S214003530024BBDE810401B68184710BD280000204D
S21400354070470000431E033306D8044B984228BF3A
S2140035501846642838BF6420704700BF40420F00FA
S214003560431E012B03D9031F5842584170470120C0
S214003570704700F065BE0000F8B50546FEF780FA15
S2140035800F4B1E68074626B93846FEF7C5FF344679
S21400359011E0B4688CB194F810C01CF0010F0CD187
S2140035A095E80F004CF0010C84E80F0084F810C07A
S2140035B03846FEF7B1FF2046F8BD3668E3E700BFA1
S2140035C0200000204FF4A472002105F0F9BD10B5CC
S2140035D00021044600F02EFA2046BDE8104004F014
S2140035E0C1BC000038B505460C4641B10B6833B186
S2140035F01B68013303D0CB680BB18B684BB900F066
S2140036001DFEBDE838404FF492724121002000F0C4
S21400361095BA084600F017FE0023044A85F8DC3009
S214003620C5E92343C2E9003338BD00BF6813002054
S21400363010B5044618B9054B054A136010BD03F0D3
S214003640D5FED4F89830002BF6D1F4E741350000CB
S2140036501C00002010B50C4603F006FF054B0021A9
S2140036605B68032098471CB104F09EFE0128FBD13E
S21400367010BD00BF2800002004F052B804F066B861
S21400368008B502460868FFF75DFF08604868FFF760
S21400369059FF48608868FFF755FF8860C868FFF7DD
S2140036A051FF0B69C860581C03D00B48834228BFE3
S2140036B003460B614B69581C03D00748834228BF5A
S2140036C0034688694B61FFF73DFFBDE80840886107
S2140036D0104604F0A5BC00BF40420F002DE9F84F8D
S2140036E0D0F8903006460F4613B1038B8B4246D077
S2140036F0D6F88CB0BBF1000F44D0DBF80830002BB6
S21400370040D0DBF80C1000293CD0D6F8A0A0BAF1C7
S214003710000F3AD04FF000094D46C84601E0DBF8EE
S214003720083005EBC50203EB82040135E389BB4292
S21400373016D8238ABB42304612D3B4F91230B6F9F3
S21400374024109942A04603EAE37255DD96F8D0109D
S214003750FEF70EFA337D834281464DD9DBF80C1016
S2140037608D42DCD3B8F1000F40D000234246194604
S2140037703046D0473783C6F8908086F8D990002028
S214003780BDE8F88F0320BDE8F88FD1465446524670
S21400379047F6FF7504EBC40803EB8808B8F80E304C
S2140037A0BB421DD8B8F81030BB4219D3B8F9122066
S2140037B0AA4202EAE27207D14FF0FF093783C6F841
S2140037C0908086F8D990DAE796F8D0103046FEF763
S2140037D0CFF9337D834281464246EFD9DBF80C10A1
S2140037E00134A14204D9DBF80830D3E70120C7E74B
S2140037F0002AFBD09046E1E7A046B6E72DE9F04761
S21400380082B004468946164604F0B0FD3B4D08B12A
S21400381000236B602B68D4F88CA0D4F890700BB1A2
S21400382053454BD04FF00008C5F8089004F0BCFD97
S214003830012836D12B68DAF800103A6813B11868F8
S214003840884246D0204604F0DBFAC5E900A7D4F843
S214003850A0508DF80760002D42D000220DF107031E
S21400386011462046A847204604F0B6F80546B8F1AB
S214003870000F00D08EB1B5FA85F040F2DE32400976
S214003880332100F05BF93146204604F0C5FA1C4BA4
S21400389005461B68394620469847284602B0BDE8CC
S2140038A0F087012003F0E0FD164B00215B68032043
S2140038B0984704F079FD0128FBD1BBE76B68002B25
S2140038C0B0D0BB42AED1AB68994514D04FF00108DA
S2140038D0AAE7696811B109689142B6D05968B1E79C
S2140038E0217D94F8D930994228BF194632462046A1
S2140038F004F008F8B7E70025CFE700BF68130020FC
S2140039001C00002028000020F8B505460E46FEF7ED
S214003910B7F8314607462846FFF7E0FE044620B1D2
S2140039203846FEF7F9FD2046F8BD04F01EFD224697
S21400393031462846FFF762FF04463846FEF7ECFDA0
S2140039402046F8BDF8B505460E46FFF74BFED5F8FF
S2140039508C307BB15B696BB101F0CCFBD5F88C3059
S2140039605B691B1A584240F26B124FF042015841F5
S21400397000F0E4F8F76800224FF6FF734FF0240CCF
S214003980D0B2B84208D31C4621462846FFF7BCFFF3
S21400399000F05EFC2046F8BDB1680CFB0011CC8937
S2140039A09C4202D2002CEFD023460132E8E7008B7F
S2140039B070470A7838B505461046FFF7D1FD60B166
S2140039C04C782046FFF7CCFD38B12243530704D489
S2140039D02846BDE8384003F0CDBE012038BDFFF7CD
S2140039E0E8BF10B504460878FFF7BAFD58B14A7824
S2140039F01046FFF7B5FD30B1042A04D02046BDE8D6
S214003A00104003F0EFBE012010BDFFF7EABF03F041
S214003A10ABBC03F005BE70B504460D461646FFF770
S214003A2073FF30B9324629462046BDE8704002F0A2
S214003A3051BC70BD04F0A8BC38B5044648880D4695
S214003A4000F0FFFBD4F8A0302BB929462046BDE88D
S214003A50384003F0FDBE022038BD00F0F3BB03F093
S214003A60B1BF73B5044600200D4600F0EAFBD4F85B
S214003A70A06069462046FFF7F2FF5EB99DF8001089
S214003A802A462046FEF774F80146204603F066FFF5
S214003A9002B070BD00231A4629462046B047F7E715
S214003AA038B505460C46FDF7EBFF2B6B1C40EB6A62
S214003AB02343EB62FEF730FD211E18BF01210020D4
S214003AC0490238BD04F033B904F052B907B54FF4D3
S214003AD000730A49ADF806300DF10602FFF7F4FF51
S214003AE0BDF80630B3F5007F05D1022808BF0020D8
S214003AF003B05DF804FB0120FAE700BFC014002005
S214003B000846114600F0C0BA04F0FEB838B50446C0
S214003B10154609B104F04AF925B12046BDE83840FB
S214003B2004F046B938BD0000024B1960024B18601D
S214003B30FEE700BF24000020C016002008B550B9DC
S214003B400548064B01601A60054B1A68054B1A605B
S214003B501868FFF7E9FF08BD24000020C4160020FF
S214003B6060130020C0160020437C03B108470220E3
S214003B70704710B5044604F0CFFC20460321BDE88C
S214003B80104003F04BBCFFF7F4BF00000149FFF7FD
S214003B90EBBF00BFED8400000149FFF7E5BF00BFA3
S214003BA0C184000010B5437C0C4693B149680022DE
S214003BB004F0BCFC206890FAA0F0000A01F0ECFBD0
S214003BC0A17A2089002281F0010104F00DFD002079
S214003BD010BD0220FCE71FB5CDE90012ADF8083095
S214003BE069469DF818308DF80A30FFF7DBFF05B000
S214003BF05DF804FB00207047002070472DE9F74F62
S214003C001C469DF830300193036803F00703063323
S214003C1001259D400646174605F1FF380B46A1B123
S214003C20416804EA080BA5EB0B0A41F0005952451F
S214003C3009EB0B0114D95246184605F0B3FA7A1B65
S214003C405A444946504405F0ADFA019B2BB13C441A
S214003C5048EA050804EA0804F46003B0BDE8F08FFB
S214003C601846F0E70D4BD3F8E020D20314D50C49E4
S214003C704FF48032C3F8E820C1F8EC209A6BD1B23A
S214003C80C2F3072299679A6704229A6700229A6706
S214003C909A679A679A679A67704700BF001008404D
S214003CA000100846F8B50C4C0D4617460646FDF7BC
S214003CB0E7FE0123A362042327606660A560C4F8BC
S214003CC0E830064B4FF48072C3F88021FEF724FCE0
S214003CD00DB10223A362F8BD0010084000E100E029
S214003CE0054B1860054B01229A6540F6FF72196372
S214003CF058635A65704700BF5017002000100840F0
S214003D002DE9F04F042A83B0054639D90B78836134
S214003D104B7883618B788361CB7883610068D5F8B4
S214003D2008B06E6800F007000123063003FA00F8BA
S214003D3008F1FF3909EA0B07A2F1040AA8EB07020B
S214003D40924501F1040446F000560DD8F0192146BC
S214003D50524605F027FA0AEB0B0248EA09031A4016
S214003D60AA6003B0BDE8F08F2146F019019205F075
S214003D7019FA019AA118AAEB080230463A44E8E775
S214003D80013A032AEDD8DFE802F00B08050211F825
S214003D90013B836111F8013BAB6111F8013BAB615C
S214003DA00B78AB6103B0BDE8F08F00BF37B50025D8
S214003DB000951446FFF722FF204603B030BD0000F2
S214003DC038B50C46104B1546014668B10122C3F8BB
S214003DD0B8200E482246FFF793FF1DB10A4B042277
S214003DE0C3F8B820002038BD64B1D3F89C20A242A6
S214003DF084BF0122C3F8B820C3F898400222C3F853
S214003E00B820EAE70122FAE70010084090100840C0
S214003E1010B5FDF735FE184B184901229A65C3F810
S214003E2088201A66164A5A660722C3F884200A8033
S214003E30144900220A804FF4A021C3F8E81003F1C9
S214003E40C0630446C3F8EC100F4B1A600F4BD3F850
S214003E5088305B020AD50E4B18680E4B4FF4800272
S214003E60C3F88820416BA43001F0B2FA2046BDE8C2
S214003E701040FEF751BB00BF00100840CE160020D1
S214003E80D0160020CC160020C8160020004008409F
S214003E9060130020004008440D4B07221A800D4B8B
S214003EA000221A800C4B0121C3F8B810C3F89020EA
S214003EB04FF40052C3F89400C3F8B420074BF02226
S214003EC01A6403F10073A0221A64FFF7A1BF00BFB3
S214003ED0CE160020CC160020001008400000084433
S214003EE02DE9F041044688B1394E3A4FFDF7C8FD3A
S214003EF03388394A03F07801032C054603F07F0C1B
S214003F00114453D13C6824B9FEF706FB0320BDE8F4
S214003F10F08124F00104386820F00100A0424AD164
S214003F2000223A6022886FEA42426FEA52428C428E
S214003F30228036D1294CDFF8B8C02788ACF180083B
S214003F403A46083A92B201F10800604528BF40465A
S214003F50082A04D9B0F900E0BEF1000F36DB228053
S214003F603B440C8888781E499B1ADBB2C4F30C04C9
S214003F70CC6300F007003380CB66C1F88420FFF7DF
S214003F8071FE04280DD1174BD3F88830164B1868ED
S214003F90164B4FF48002C3F88820416BA43001F022
S214003FA017FA2846FEF7B8FA0020B0E7601E012888
S214003FB098BF0C46AFE7094862440088A21A48BF7B
S214003FC0803208389042ADDC28469DE70146B8E7C7
S214003FD0CC160020C8160020D0160020CE160020D2
S214003FE000100840004008406013002000400844CD
S214003FF0501700200E490F4B0A881B880E481344A2
S214004000073B03F0780303440832987892B20A809C
S21400401000F0070009490428C1F8842004D101F5FE
S21400402040514A681203FCD4054A1360704700BF2B
S214004030CE160020CC160020D01600200010084017
S214004040C816002010B5054C206828B1C30701D457
S214004050FFF746FF0023236010BD00BFC8160020F0
S214004060084B4FF48032C3F8EC2003F17C43C3F8CE
S214004070E420D3F88030C3F30C03782B01D8FFF785
S214004080F1BD7047001008442DE9F84304460E467B
S214004090FDF7F6FC504B514D1A882D888146504846
S2140040A002F07801032C02F07F03014417D14D4C37
S2140040B024688CB92A44073A02F07802841803442C
S2140040C0E31A48BF8033AB4210DB4846FEF724FABB
S2140040D000242046BDE8F88324F00104EFE7012C15
S2140040E002D0022CEBD1083D0C46E8E7002E41D06A
S2140040F08C423D4942D1D1F83C800A6B02F007025F
S214004100063201279740D1F88020C2F30C029A426B
S21400411047DDB4F900302588002BD6DBA378C5F33D
S2140041200C0503F007037A1EA5EB08053A43052B9A
S214004130337005EA02052CD82DB2E84340F2364229
S2140041400421C00FFFF7FAFC7580E378274A337422
S21400415012687B1E03EA0803D118B160A9B213FAED
S21400416085F5BD4289BFFF1A0023B780F2609CBF69
S214004170B180F3604846FEF7CFF9AAE7A4F108023B
S214004180824238BF04F17802B2F80080C8F30C0807
S214004190B3E7174BDB6C003B18BF0123A5EBC30549
S2140041A0CAE78B6B7A1EA3EB08033A431A40114BFF
S2140041B015B25B686AB9C3F30363D91E4B424B4121
S2140041C0DB0033700B4B7280D3F89030C3F30723B9
S2140041D0BCE70823F5E700BFCC160020CE1600206B
S2140041E0D0160020C81600200010084050170020E7
S2140041F00000084000400840431C08D0044AD2F89B
S2140042003C311B0C1B0480B20343C2F83C317047A0
S2140042100040084038B50D6804462846FFF7ECFF16
S214004220D4F8903043B15B6933B1013504BF6FF009
S21400423001020A600A681A60002038BD04F095B8CA
S214004240704770477047A62231210120FFF776BCE1
S214004250704738B50D46044600F04CFFAC4042F2BD
S214004260107364095C436423B0FBF3F0B4FBF0F016
S21400427038BD0000034B1A689B88026083800020CC
S214004280704700BF3A0000200F4B0628D3F888314D
S21400429004D183F40013C3F340507047022805D1BD
S2140042A013F4400F0CBF01200020704750B9074A96
S2140042B0D2F8D40010F0010005D083F48003C3F3D5
S2140042C0805070470020704700400E400081E00F8D
S2140042D00C4A5288B2F5E16F94BFC8225A2210B534
S2140042E094BF7824502490428CBF172210220A7064
S2140042F0054A0346107818B19C422CBF00200120C6
S21400430010BD00BF3A0000203300002013B5234B39
S2140043101B780E2B04463ED00DF10701FFF7D8FFA1
S2140043201E2C8CBF1E4C1F4C9DF807304FF0010210
S2140043308CBF01210021C4F8082170B1194A4DF63E
S2140043400174C2F804411B0202F1007243F44043B8
S214004350C2F80431144AA2F8D430134A134C92F827
S214004360D83023F00103034323F0020343EA41035A
S214004370DBB282F8D83024786CB923F0040343EA21
S214004380800323F00803B2F8D440A2F8D64043EAEC
S214004390C10382F8D83002B010BD00BF3A0000203A
S2140043A00040084600400844001F00215617002021
S2140043B0084B094AD3F88831DB4303F4FE1343F471
S2140043C00053B3FA83F30E33A3EB4313013B13708E
S2140043D0704700BF00400E403200002002280CD07C
S2140043E0062802D020B100207047054B1878704789
S2140043F0034B18780430C0B270470720704700BFE0
S21400440032000020022807D0062807D0003818BF40
S21400441001204042C0B2704701207047002070471C
S21400442030B51F23B0FBF3F35D1CEDB24FF0FF3445
S214004430C3EB4313AC40C01AE4430130E4B2C0B24D
S2140044401460086030BD00002DE9F7433A4E3B4F3C
S21400445096F8009015463A4AD2F8C820B9F1020FED
S2140044600446884607EA02071AD147EA006788F832
S2140044700000002372882B60B2F5E16F94BFC8225B
S2140044805A2227F47F57944227F008079ABF380A23
S21400449000F47F5043F6C870384303B0BDE8F0839D
S2140044A0284A1278904228BF144604EB83030B7008
S2140044B0F4B1013CE4B24FF030632B606A4601A9C8
S2140044C02046FFF7ADFFDDE9002347EA03671E4BF2
S2140044D098F800101B7847EA823747F47F5747F072
S2140044E008073BB90029194B18BF4FF07F43C1E7B7
S2140044F0164BE2E7164B1748B9F1060F08BF0346FE
S2140045002AB90029114B18BF4FF07F43B2E7B2FA21
S21400451082F2C2F11F02D2B29B5CDBB239B15A1EE4
S214004520D2B2FD2A05D81B0643F00403A2E7074BC8
S214004530A0E74FF07F439DE73A0000203F00C0E031
S214004540001F002132000020571700200400000B37
S214004550B883E00FB083E00F2DE9F3410446C8208E
S214004560FFF7D4FE2B4B2C4E18780E2801D0FF2CCC
S21400457005D1FF243470204602B0BDE8F081022841
S2140045802DD1072C204628BF072001284FF0000316
S21400459001AA0DF1030138BF0120FFF755FF0546BC
S2140045A01E4B1F4FDDF80480C3F85881C7F8C8506B
S2140045B09DF8034034702046FFF7A8FE194A4FEADC
S2140045C0082303F4E063127843EA1863A7F8D030B0
S2140045D0002AD0D1C7F8CC50A7F8D230CBE7A0B984
S2140045E0052C32BF002701270420201A3B4601AACB
S2140045F00DF10301C0B2FFF727FF4FF48003054615
S21400460037B1094AC2F80831CAE700273846ECE74E
S214004610064AF7E73A00002038000020004008402D
S214004620001F00215617002000400846004008449E
S21400463008B501F037F8094B094A002818BF1A4692
S214004640136823F47F115B0803F4FE130B43136017
S214004650044B4FF00072DA6108BD00BF004108400D
S214004660184108400040084008B501F01BF8064B0A
S2140046704FF4001228B1C3F800214FF000621A620E
S21400468008BDC3F81821F8E700400844014B186835
S214004690704700BF5C17002070B505460E46C0B2D6
S2140046A001F00F01FFF7D5FDC6F303110446C5F36D
S2140046B00720FFF7CEFDC6F303210444C5F30740E9
S2140046C0FFF7C7FD204470BD436C012B38BF0123A4
S2140046D02DE9F0479A46464B464F9B69464E474D56
S2140046E003F4E073A3F5C072804645485142514139
S2140046F002685245434A0FD114788C420CD198F880
S214004700D0C03C78A44507D198F815C03478A445A5
S21400471002D1A888BDE8F087B3F5C07FC0F800A036
S21400472011704AD1D8F8944024B12368082B58D980
S21400473094F838400F212046FFF78BFDBAFA8AF32B
S214004740002852D0B0FA80F29B1A002BC6BFD84081
S214004750C3F10F094FF00F09504501D909F1FF3990
S214004760234B2004C3F8BC0003F1806340F6FF72BD
S214004770C3F8B82003F100734FEA0921C3F8B81054
S214004780FFF78AFFA88000F0B5FC09F01F094FF478
S214004790FA7304FA09F45C4341F66A03B0FBF3F0DB
S2140047A00A23B4FBF0F45C43174B1C6098F8D03037
S2140047B03B7098F815303370ABE798F8D030062B7E
S2140047C006D1124B1B78002B0CBF9624C824B1E7E9
S2140047D0022B08D00D4B1B78002B0CBFB424F02402
S2140047E0A8E70024A6E73224A4E74FF00F09B7E7AE
S2140047F00060084031000020300000203A00002011
S21400480034000020591700205C170020571700209E
S214004810FF290DD00F4B1048C3F850010B040905B3
S21400482001F0F87103F4E0230B430C49C1F8503152
S214004830FF2A0DD0074B40F2F711C3F850111301B1
S21400484003F4F87302F007021343044AC2F8503127
S21400485000207047004008440000F701004008466A
S214004860F8B5134B134E1F68134D384600F0ECFE98
S2140048703378C4B2A34201D12B78A3B1092C14D843
S2140048800E4B012C195D05D10D4B1B78022B01D167
S21400489041F0400101F00F0238460909FFF7B8FF62
S2140048A0002334702B700020F8BD0024FA21F1E7B5
S2140048B06013002055170020541700204C96000067
S2140048C03A00002038B5044600F0BCFB1422002154
S2140048D02E4804F075FC2E4B25781A782D49521B6D
S2140048E018BF01220A7022681A60C820A2889A801F
S2140048F0FFF70CFD284BD3F8C820284BFF21197072
S214004900274B2849062D03EA0203274A1AD14FF4FB
S214004910EE40C2F824014FF48A42C1F82421012255
S21400492043F08043C1F820211B4AC2F8C8301E4B12
S2140049300322C3F85821FFF793FF1C4B01221A707D
S214004940002038BD022D4FF007000ED1C2F80C0132
S2140049500620C1F80C011649C2F808114FF4404170
S21400496043F00303C2F80411DEE7C2F80C01052089
S214004970C1F80C01C020C2F8080143F08043812230
S21400498043F00403C1F80821CEE700BFC81F00218A
S2140049903A00002054170020001F00213800002095
S2140049A02800C0A0004008460040084458170020D1
S2140049B0C10040002DE9F0472D4C2E4B236000F03F
S2140049C099FB4FF4FA7307464FF47A76B0FBF6F687
S2140049D029482A4A7343190E1B02181841F1000190
S2140049E0002303F043FEA0F580730546A36220B9BA
S2140049F066222B21FFF7A2F801254FF47A726A434C
S214004A004FF0000A53465008310203F02FFE1C4BAD
S214004A1019601C4BB7F57A7F4FEA0568894604464D
S214004A2018604FEA152505D276222B215046FFF74F
S214004A3085F801264FF47A73A8FB030103FB0511E2
S214004A407308C01841F100010023324603F00EFE41
S214004A500D4B023419600D4B49F10009A40818608B
S214004A6044EA8974024B013C1C63BDE8F08700BF32
S214004A70005008400211010020A1070040420F002C
S214004A80701700206C17002068170020641700209D
S214004A90044B4FF00052C3F880211A60024B0122EB
S214004AA05A60704700E100E00050084038B5020147
S214004AB00A4B01259D500A4A4FF480738340536683
S214004AC00446FCF7DDFF074A1378A54023EA0503F2
S214004AD01370BDE83840FDF71FBD00BF0051084405
S214004AE000500840601700202DE9F04715460446A0
S214004AF088461E46FCF7C4FF022D00F0B880074625
S214004B00FDF76AFD6C4B6D4AD3F8189092F815A025
S214004B10DA6D5FFA8AFA520744BFD3F818900AF1A2
S214004B20010AFDF75DFD664B664A1B6811684FEA91
S214004B308A7CA3FB093213F1004301FB09CCD8F8A9
S214004B4000304CEB020C012D04BF01336344ACEB88
S214004B50030C08BFC8F80030BCF1804F0AF0030A07
S214004B60C0F09880584AD2F800C0584AD2F800E000
S214004B70514A23F04041106B4FF000480022ECFBF6
S214004B8001820EFB012282424FEA937381BF0133FA
S214004B900130121A03F00303A3EB0A03914588BF02
S214004BA04549DFF848C184BF096B03F1FF3303F0C2
S214004BB003030CF80430A2EB0900A3B1F10742BFCF
S214004BC0434B41F61F71D966B30742BF404B41497C
S214004BD0D966710742BF384B00211967330742BFB9
S214004BE0354B00211965344B04F1100103EB041E0C
S214004BF00901CEF80C2111225A5037499A694FF014
S214004C00010EA2EB090A0EFA04F8D3F85C900A78B3
S214004C105FFA88F848EA020282450A7026D34FF403
S214004C208072A24019EA020F20D11CF80400002866
S214004C303FD10DB3F0071A6608D5254B274941F634
S214004C401F7240F20110DA66C866DA66B10706D54A
S214004C501F4B22491F4A2248DA66C866DA66720780
S214004C6042BF204B01229A60330719D43846FDF71D
S214004C7053FC0120BDE8F0871B48240140F804E0FF
S214004C805A66FCF7FDFE14490B7823EA08030B70FE
S214004C90FDF742FC3846FDF73FFC0020BDE8F087F4
S214004CA0212000F03FF9044B4FF480325A6038461A
S214004CB0DDE71A663846DAE700500840C0170020DD
S214004CC064170020681700206C170020701700205B
S214004CD00050084400001F1F6017002000500846C0
S214004CE000000101004008400051084474170020ED
S214004CF01030034B0001185800F00100704700BF49
S214004D00005008401030044B01F46001000141F0EF
S214004D1003011950704700BF0050084038B5FDF732
S214004D205BFC084B084A9D69547DDA6D520748BF04
S214004D309D69E4B248BF0134FDF752FC284604F0F2
S214004D40030138BD00500840C017002008B52220D7
S214004D5000F0E8F8024B4FF480225A6008BD00BF0E
S214004D6000500840064B1B68434303EB8171054B1C
S214004D701B68A3FB003013F1004341EB00007047B3
S214004D80681700206417002008B5FFF7C7FFBDE8C6
S214004D900840FFF7E7BF10B50446FFF7BFFF8442A1
S214004DA088BF01F1FF31204601F00301BDE8104045
S214004DB0FFF7D8BF0D4A10B5146820F040430146EF
S214004DC04FF000420020E4FB0320094A126802FB71
S214004DD00300084B1B6B98424FEA917104D90133CC
S214004DE00131C01A01F0030110BD00BF6C1700208E
S214004DF0701700200050084038B50446FFF7C4FF7F
S214004E000546FFF7C1FF431BA342FAD338BD000097
S214004E103B4B082270B501210546C3F8C820394827
S214004E20394CFCF71FFF394B1D702378013B012BD3
S214004E300CD8237CE07B01229A400C21302313FB04
S214004E40001303F1884303F520431A60304B002219
S214004E505A677DB92F4A4FF6FF71D16702F100728B
S214004E60F821D1675D672C4B4FF08042C3F8942041
S214004E70002070BD636853B300F03CF9626800EB35
S214004E805203B3FBF2F3013B1B0243F0F803267810
S214004E902049224A022E1CD0032E1D484FF6FF75CD
S214004EA021D0012E27D143F00203CD67D367072315
S214004EB04367237CE07B01229A400C21302313FBBE
S214004EC0001303F18C4303F520431A6011E0F82326
S214004ED0DDE743F001034FF6FF70C867D3670C4B5E
S214004EE005225A67E5E743F00503CD67D36701233C
S214004EF043670B4BB8E7CD67D3670023F8E700BFDF
S214004F0000400E4600350A007C1700207917002066
S214004F10000008400000084400400844000008461E
S214004F2000400846044BD3F89430002BBCBF034B1C
S214004F30C3F88000704700BF0040084000000840EB
S214004F404FF0006318B1034AC2F894307047024A23
S214004F50FAE700BF004008460040084400207047BB
S214004F6008B5064B06491A684FF00450920004F044
S214004F7019F9BDE8084000F04FBE00BF7896000063
S214004F807C96000007B501A8FEF748FA134B144AB2
S214004F90C3F8442148F2E672C3F838214FF4086299
S214004FA0C3F834210F4AC3F8A0200F4A4AF63F41FF
S214004FB0916002F580424FF0C07191620022C3F802
S214004FC0FC200A4AC3F89C20094B7F225A6203F150
S214004FD0007323225A6203B05DF804FB00400840C9
S214004FE0C0E653517A27000F00300840806D6303F7
S214004FF0003008440F4B002210B5C3F88820C3F8D1
S2140050008C20C3F890200C4A0121D1605A6812F017
S214005010706FFBD14FF00452DA67012402F5FD529F
S214005020C3F880401A66054B1B689847044BDC6043
S21400503010BD00BF00400840004008464000002069
S21400504000400844034BFD22C3F8C8200122C3F8E1
S214005050CC20704700400E4638B5FFF7F3FF1B4BD9
S2140050601B481C4C1C490222C3F8C8201B4B1A685C
S21400507042B102EA0005A54204BF5D681560083328
S2140050808B42F4D1164B0222C3F8C820154B164AA1
S214005090D3F83C111160154AC3F8942000F0A0FB29
S2140050A0FFF770FF124B0322C3F8D820A3F5005376
S2140050B00122C3F894204FF46072DA604FF0407219
S2140050C0C3F8F820C3F8102138BD00BF00400E46D4
S2140050D00000FFFF00000840B081E00F0080E00FF6
S2140050E000400E4400400840440000200048F00005
S2140050F00060084608B5FCF7CBFC044BD3F810312B
S214005100C3F308230133B0FBF3F008BD00400E40A4
S21400511070B5044618B1284D2268531C00D170BDE6
S214005120C2F30063110C35F8130011F0FE0F93B2B2
S21400513043EA0043606818D00434CAB2022A2168E1
S21400514008D9D4E90160033AC3E9001698600C3424
S2140051500C33F3E704D16268C3E900120834DBE7D6
S214005160012AD9D104341960D6E7120F072AF5D8D8
S214005170DFE802F00704090D1013181DC04303F101
S21400518080631860EAE71A6842401A60E6E703F1AF
S214005190C063F6E7FFF730FEE0E70122824003F146
S2140051A0C063F2E70122824003F18063EDE71A68EC
S2140051B030EA0202FBD1D1E756960000024B0122EC
S2140051C0C3F89420704700BF00400846024B0122F7
S2140051D0C3F89420704700BF00400844024B4022AA
S2140051E0C3F89420704700BF00400844024B40229A
S2140051F0C3F89420704700BF0040084608B50C4B23
S2140052001B68D3F8943023B11A68022A01D9186AA9
S21400521008BDFFF76FFF074B1B6D024698B20028CC
S214005220F6D0C3F30743D2085343B3FBF0F0EFE7DF
S2140052306013002000600840064B5B68C3F30363FE
S214005240984206D1044A936B23F0F00343EA011117
S2140052509163704700400840001F002110B50446C7
S214005260FFF7CCFFC4F30113022B05D0032B09D0A4
S214005270012B00D1400810BDC4F3C4240134B0FB98
S214005280F4F0F8E78008F6E700F03003202B10B5BE
S21400529013D110F4E02FC0F302440AD010F4C01F5C
S2140052A0C0F3C423B3FBF4F418BF6400052C0ED877
S2140052B06408FFF7D3FF604310BDC0F382136FF09E
S2140052C012041C4104F00104C4F10204F1E70424B2
S2140052D0EFE700002DE9F0470E46FFF755FDDFF833
S2140052E0B090DFF8B0A080460025FCF7C9FBD9F8DF
S2140052F00430C3F30363012B07460BD1711C1AD08D
S214005300FFF742FDA0EB08053846FDF705F9AE426B
S214005310EBD80DE0052BF1D00B2BEFD0023B012B89
S2140053200CD9013602D0FFF72FFD3846FDF7F4F80A
S2140053301648BDE8F087FDF7EFF8D6E7DAF808304C
S2140053401A04C3F389140FD4013602D0FFF71CFDEC
S2140053503846FDF7E1F824B2A4F1C8006FF4FF73F5
S2140053609842B8BF1846E4E7731C03D0FFF70CFD5D
S214005370A0EB08056FEA84546FEA94543846FDF7AC
S214005380CBF814F5007FC2D0E6E700BF00FEFFFFB3
S2140053900040084000700840024B012218619A60E5
S2140053A0704700BF00200840084910B5D1F870319A
S2140053B040B11C464A68D1F870319C42F9D1C2F31C
S2140053C00362027003F00F0010BD00BF00400840EB
S2140053D0094BD3F8883001F0800103F480030B43B7
S2140053E009D1064B4FF400129A61837F1BB1044B20
S2140053F00122C3F8F82070470040084000600844C7
S2140054000060084610B5FCF73BFB084B1B680446DB
S2140054103BB1984728B1002200204FF4806100F08D
S2140054202DFD2046BDE81040FDF776B89017002009
S2140054302DE9F0411F4CDFF89080069F0646A2FB40
S21400544003502C1960F1000E9C46A0454FF0000357
S21400545073EB0E0E07D24FF4B4720E211846FEF709
S2140054606DFB02201BE00029FBD0C6F3130601EB00
S2140054705C04B4FBFCF4A4FB0646E40C44EA4634A5
S2140054800D4E34600D4C22600D4A914209D10D4AF2
S214005490A5FB025302FB00339B093B600020BDE8DE
S2140054A0F081C4040A46E80444EA553103F0DEF805
S2140054B03860F3E700C9E876981700209C170020AC
S2140054C000F049020A3BB2DF0046C32338B5164D4A
S2140054D02B780C4623B9154B1B6D03F03F032B703E
S2140054E0134BD3F894305B051CD5124BB0FBF3F08E
S2140054F040F24D534343A3F546430C3B584300F557
S214005500C91000F5556028B940F21B322B21FEF772
S21400551015FB01202B78084A5343B3FBF0F3002019
S214005520236038BD0220FCE79717002000300840B3
S2140055300040084000366E018096980070B5374CE3
S214005540374B256B374C1B682468ED024CBF1B1984
S2140055501B1BB3F1804F04D8002B3AD1324E1C46A9
S2140055600AE0B3FA83F4314EC4F10204E340304D4E
S214005570AB4201D901345B0803EB5605B5FBF6F5E3
S2140055802C4EB34234BF002601262403013D44EAD4
S21400559086242C430C60D8B1B3FBF0F1642400FBE6
S2140055A011336343984288BF01F1FF314808013840
S2140055B001390728204D214C4FEA510311D900210B
S2140055C029700621C4F894101B0243EA00131360E6
S2140055D070BDB3FA83F4D4F10204134EC6D500248A
S2140055E0C5E71029EBD068B1012129700621C4F85F
S2140055F09410134909780029E6D012490224C1F80C
S2140056009440E1E7012914BF0121002129704FF0E1
S2140056100601C4F89410ECD1D6E700BF003008406D
S2140056209C17002098170020E0673500C0CF6A005E
S2140056303FBE4025401B5F139417002000400844DF
S2140056409517002000400846084B5B6B03F00700E8
S214005650C3F3C20213F0380F18BF5043C3F38212CD
S21400566013F4E07F18BF5043704700BF0030084077
S21400567010B5044651B10B6843B15B6833B11A6884
S214005680032A03D99C6A640E204610BDFCF7F8F97D
S21400569001462046FFF7D8FF04460846FCF73CFFC5
S2140056A0F2E70000034BD3F8380180F01000C0F397
S2140056B00010704700400840174B4FF4002210B50A
S2140056C0C3F89420154C164BB0F1804F88BF1C468B
S2140056D0144BDA6CD2071DD51B6F134A04F5F4245D
S2140056E004F59074B4FBF2F4033CE4B203F0070351
S2140056F0A34202D02046FCF775FF0C4B1B784BB13B
S2140057000B4B4FF47022C3F8942003F1007324046B
S214005710C3F8944010BD00BF00400846E06735005F
S214005720C0CF6A0000300E4040420F00961700209F
S214005730004008447FB50446FCF7A6F91C4B064615
S2140057402C3358680093A37922683146FFF770FE21
S214005750054648BBA379012B14BF164916491022EB
S214005760C1F83821206815495843FFF7AFFE03AA51
S21400577002A93046FFF7E2FE0F4A43F6FF53C2F88F
S214005780A4300C4B0299C3F8A4104FF4EE611163D9
S214005790039A1A632068FFF78FFF094BA2881A62E4
S2140057A003F5405300229A63284604B070BD00BF3C
S2140057B0003008400040084600400844503008408A
S2140057C00000084008B5044B01221A70034B186805
S2140057D0FFF772FF002008BD961700209C170020D8
S2140057E0024B4FF48062C3F894207047004008468E
S2140057F00D4BD3F80421D3F8B030D2B2FF2A03D031
S21400580043F30743591C01D190221923074903EBA0
S214005810D37302EB6302022381F84630232381F818
S214005820472081F8453070470081E00F001F0021B7
S21400583040B10368012B05D90069034B002808BF57
S21400584018467047004870475C96000038B5054615
S21400585014480C46FFF7AEFA2DB1C30103EB55030F
S214005860B3FBF5F32360104A5368D80217D40F4BE6
S2140058701B68D2F8A810C3F3810311F4806203F109
S2140058800103C9B218BFDA00FF2906D00649D1F8CD
S214005890AC10490501D502EBC302626038BD002298
S2140058A0FBE700BF40420F00000008400020084011
S2140058B0084B1A68C117A2FB000310F1807002FBA8
S2140058C0013343F10003400E40EAC310803820EA5B
S2140058D0E0707047A4170020174B072270B5C3F876
S2140058E08420FFF707FC154B154A164EC408010B1B
S2140058F00546E005C01841F10001002302F0B6FE9F
S214005900114B18604EF66020FFF7D2FF4042C6F8F3
S2140059109C000E48FFF74EFA024658B1E3015008C5
S21400592018184FEA15714FF0000341F1000102F01C
S2140059309DFE706770BD00BF00400840B2E60E00D6
S21400594065CD1D00001F0021A417002040420F0057
S21400595038B14FF47A735843A0F6AC50401AFFF7AC
S214005960A7BF4CF25030FAE72DE9F8430546084643
S2140059709846FFF75DFF16460746002D00F0A98003
S21400598018F0050F5DD02C69002C00F0A480FEF7FF
S2140059907DFE4FF47A735C43201A7B68A0F6AC5009
S2140059A0C01AFFF785FFAC8B3062002C00F09680A3
S2140059B0FEF76CFE4FF47A735C43201A7B68A0F601
S2140059C0AC50C01AFFF774FF70614A4BEC68D3F80E
S2140059D00090002C00F08580FEF758FE4FF47A7396
S2140059E05C43241A7B68A4F6AC54E41A3B68E41AB9
S2140059F0414B1A68E117A2FB044314F1807402FBC2
S214005A00013343F10003640E44EAC314803C3B4B6D
S214005A10B4613B4CD3F88430F36123684BB14846FD
S214005A2002F01AFD28B12368D9F8480032463946F4
S214005A309847AC69FEF72AFE01462046FFF788FF26
S214005A40F06218F0020F29D06B684FF47A70584352
S214005A505BB13B6803F51C5310331844AB7F002B37
S214005A6046F2A81308BF00231844FFF721FF6B690E
S214005A70B062002B38D078684FF47A7202FB0300CD
S214005A80AB7FA0F50350002BA0F1100046F2A81340
S214005A9008BF0023C01AFFF70BFF706218F0040F50
S214005AA017D0A86818B34FF47A735843A0F503507C
S214005AB01038FFF7FDFEF0602B684FF47A705843FD
S214005AC023B13B6803F51C5310331844FFF7F0FE70
S214005AD03061BDE8F8834CF2503062E74CF250304B
S214005AE070E74CF2503483E747F23050D3E747F282
S214005AF03050DEE760130020A4170020001F0021AE
S214005B00A0170020064BD86DDB69C0F3011203F026
S214005B101F03000C02FB000001331844704700BF4F
S214005B200060084038B505460C4621B38B7913B3A0
S214005B30052B0FD0062B0FD0032B01D10223A37108
S214005B40A379013B062B0ED8DFE803F00F08080FF9
S214005B500F2323000423F2E70723F0E7294600205B
S214005B60FFF7D0FF45B90023A3710020A37913B136
S214005B7023680344236038BDB0F5803FF3D86B0933
S214005B804FF2244202FB00302D09B0FBF5F04042F4
S214005B90ECE7A288002DE6D0B2F5005FE3D8044912
S214005BA06B0901FB02332D09B3FBF5F0DEE700BFFE
S214005BB020A1070010B508461C46FFF7ECF8094B75
S214005BC00246D3F8F800FFF733FE0368A018002B50
S214005BD0054AA8BF4FF4FA721A44044B92FBF3F23C
S214005BE0104410BD001F00210CFEFFFF18FCFFFF35
S214005BF0074BD3F8D8304FF604014FF605029BB298
S214005C008B4208BF1346034A01209365704700BFC6
S214005C100081E00F0050084070B5194C0FCC86B0DC
S214005C2001AD0FC5C822236816482B60002103F07B
S214005C30C7FA7C220021144803F0C2FA134B144A18
S214005C40C3F8F020FFF7D4FD124B1B782BB101AD43
S214005C500FCD0B4E0FC62B6823600F4B0F4AC3F8B1
S214005C60DC2F0F4AC3F8E02F0E4AC3F8E42F02F1E8
S214005C70957202F27112C3F8E82F06B070BD00BF2D
S214005C80C81F0021381F0021BC1E0021001F002154
S214005C903F00370058170020001000210200620263
S214005CA009C805780708DC060A4B197801F0FF02D8
S214005CB029B10021197008499202C1F8A02059782C
S214005CC001F0FF0229B1002159709302024AC2F87E
S214005CD0A4307047AC17002000000846074BD3F8E6
S214005CE0E40E074BD3F88C301A0103D4054B1B6E19
S214005CF01B0401D500F58070704700BF001000211E
S214005D00004008400000084008B5FBF7B9FE0F4BFE
S214005D101A78B2B90E4A126812F4843F11D10D4AAD
S214005D201021C2F894101B786BB9094B1B68DB0571
S214005D3009D4084B2022C3F89420BDE80840FCF79D
S214005D40EBBB054AECE7044BF4E700BFB0170020B6
S214005D50B8170020004008440040084610B5FBF77E
S214005D608FFE0E2104460320FFF766FA044B40F22E
S214005D70012220465A62BDE81040FCF7CDBB00BFAA
S214005D8000000840044B00221A70044B197811B129
S214005D901A70FFF7B9BF7047AF170020B017002082
S214005DA008B5FBF76DFE244B4FF08052C3F88020F9
S214005DB0BFF34F8FBFF36F8F4FF48072C3F880200E
S214005DC0BFF34F8FBFF36F8F0222C3F88020BFF35D
S214005DD04F8FBFF36F8F1022C3F88020BFF34F8F13
S214005DE0BFF36F8F2022C3F88020BFF34F8FBFF31F
S214005DF06F8F4FF00052C3F88020BFF34F8FBFF372
S214005E006F8F8022C3F88020BFF34F8FBFF36F8F52
S214005E104022C3F88020BFF34F8FBFF36F8F4FF041
S214005E200042C3F88020BFF34F8FBFF36F8FBDE8EB
S214005E300840FCF771BB00BF00E100E008B5FBF7C7
S214005E401FFE0D4B4FF080521A604FF480721A609E
S214005E5002221A60002283F8012310221A602022F0
S214005E601A604FF000521A6080221A6040221A60B0
S214005E70BDE80840FCF750BB00E100E070B5084CF8
S214005E8001232370074B1E68074BD3E900533240AB
S214005E901940284001F0F0F90023237070BD00BFC0
S214005EA0AE170020B4170020B81700202DE9F047E1
S214005EB0DDF820A003EA0108099B06460D4602EA23
S214005EC0000703EA0A09BAF1000F40F04981031FF0
S214005ED00B4300F00F81052871F1000380F0E3808A
S214005EE050EA010300F05C81431E0B4300F01D8165
S214005EF0FFF756FFAB4AD2E9004323EA050324EA3C
S214005F0006043C4343EA0807A74BA84D1E68DFF883
S214005F10EC8226EA0A0646EA09061E60C2E900473F
S214005F20FFF7F2FE14F02A4F14BF48F202034FF4B4
S214005F300043B0079E48C26E48BF43F4005383EA4E
S214005F40020122EA0302EA669A4A81660B40D36699
S214005F50C4F380421203210348BF42F48072E30672
S214005F6048BF42F40052A50648BF42F400726006DD
S214005F709148924DD0F80C3248BF42F48062210618
S214005F8048BF42F4006282EA030123EA0203C5F82E
S214005F900C328B4BC0F808120A40C7F34025AD04FC
S214005FA0C3F80C22E20448BF45F48035A30348BF7B
S214005FB045F48015A00748BF45F4001514F4001FEB
S214005FC006D0D8F8000002F03DFB08B945F40025DD
S214005FD0E1027C497C4848BF45F40035FA0648BFD4
S214005FE045F480050A6A730748BF45F0040585EA4C
S214005FF0020323F001031A4002621D40CB61734B7B
S21400600073481D62734B744A16F0010F18BF1A4688
S214006010836E7D0748BF42F40012704D82EA03018A
S21400602023EA0203AB666E4B41660A4000F5005059
S2140060309A66C16B04F0010305F5005581EA030278
S21400604021EA0301E96382631A40664BDA63D8F8F3
S2140060500020200248BF644B92F8E92058BF634BEB
S214006060610748BF43F4806322B114F4C06F18BFC1
S21400607043F480735E485F4CD0F8EC10320748BF9C
S21400608043F0004383EA010222F4A0221140C4F840
S214006090EC101340C0F8E820574ABDE8F047C2F8B5
S2140060A0EC30FFF7CBBEA0F580630B4306D020F4A0
S2140060B08063A3F500730B437FF41AAFFBF7E0FC95
S2140060C03849D1E9003223EA060322EA050242EA09
S2140060D008023B43C1E90032484A126892F8E920B8
S2140060E00AB313F4C06F1ED0434B4FF48072C3F84C
S2140060F0EC2014E0FBF7C4FC2A4AD2E9003123F076
S21400610004033B4341EA080157EA0807C2E90031A5
S21400611014BF394A374A4FF48063C2F8EC30BDE802
S214006120F047FCF7F9B9334BDFE7FBF7A9FC1D4A4C
S214006130D2E9003123F001033B4341EA0801C2E9FA
S21400614000312F4A57EA08074FF0010315BF936343
S2140061502C4902F1C062CB6314BFD3639363DEE7BE
S21400616050EA01037FF4C4AEBAF1010F7FF4C0AE6B
S214006170FBF786FC0C4A136823F0010343EA090385
S2140061801360134A4FF48063B9F1000F04D05366CE
S21400619002F1C0629366C2E710498B665366BEE79B
S2140061A0BDE8F087B8170020B417002000000844A8
S2140061B000000840000008460060084000600844F0
S2140061C0006008460040084000400844004008467A
S2140061D000500840041C50000418500000500844AA
S2140061E000500846007008460D0A0A09090A0A09FE
S2140061F000100840001008440010084660130020F5
S2140062000070084000700844024B5868C0F3C00095
S214006210704700BFB8170020024B186800F0010056
S214006220704700BFB8170020024B5868C0F3C03054
S214006230704700BFB817002010B50446FEF70CFFE5
S214006240FFF7AEFD04F14C00FDF726FEFEF7D2FE8A
S214006250FEF7B0FBFEF71CFCFFF73EFB1049114AA9
S214006260D1F8F810072304F1A400FFF77DFB4FF4E4
S21400627040010020FEF746FD4FF400110120FEF716
S21400628041FDFFF7B5FC20B940F2E7221421FDF7E7
S21400629055FCFFF797FABDE810400120FEF7B8BDA1
S2140062A0001F00216C1F0021084B8022C3F88820A5
S2140062B003F17E430822C3F88820054AD2F8BC3E84
S2140062C023F02003C2F8BC3E704700BF00400846DB
S2140062D000100021F0B583B00646144602F05CF8C4
S2140062E0002800F09B80514BDD6815F0060540F055
S2140062F09580FBF7C5FB23790095022B07463ED118
S214006300237B022B35D00320FEF7F2FC18B9484B4E
S2140063105B685B047FD5A37B257B4649A268019218
S214006320003B18BF0123012D0B705DD0424A434C41
S214006330002313702278002A61D13C4E0420FEF719
S214006340B5FBF36E23F0F85323F4F81343F05063D1
S21400635043F48033F3662A46022301A90420FEF79D
S214006360C3FB002852D0364B012130222170C3F8DF
S21400637094203846FCF7D0F8002003B0F0BD032088
S214006380FEF7B6FC002846D12279D6F8AC30012AB2
S214006390226838D0D51A254B2A4A0095DA6600229C
S2140063A01A67627B284B002A0CBF012200221A7053
S2140063B0264B264AD3F8BC3E0CBF43F0200323F0FE
S2140063C02003C2F8BC3E0320FEF770FB174B204AA2
S2140063D0DA662279012369460320FEF785FBF8B1C9
S2140063E01C4B01221A708BE72379022B9ED0009B50
S2140063F0D6F8AC100B4413440025019396E723709F
S214006400FFF782FC99E79A42C5D3C3E70320FEF75D
S2140064104DFB0C4BF3663846FCF77EF80320ACE7E2
S2140064203846FCF779F80120A7E700BF005008407F
S21400643000400840B2170020AF170020B017002019
S2140064400040084600000101B1170020001000219E
S214006450010C0100B31700202DE9F3410D46074655
S214006460FBF70EFB1B4BDFF8788000241C70FFF751
S2140064701BFF194BC8F86C30C8F8704006466879A0
S214006480431E5842584101F0AFFC40F60143C8F89D
S21400649070302A792968D7F8B430012A01D1994298
S2140064A000D3CC1A04230DEB030103200194FEF75E
S2140064B01BFB50B9094B88223046C3F88820FCF7EE
S2140064C02BF8012002B0BDE8F0813046FCF724F836
S2140064D00020F7E7B3170020000001010040084441
S2140064E000500840F8B5194C05462078B0FA80F000
S2140064F040F206423E214009FDF720FB55B9607880
S214006500B0FA80F0BDE8F84040F206423E2140096D
S214006510FDF714BB0E4F0F4DD7F8A0304FF4406672
S214006520C3F381232370C5F8A0606078B0FA80F0CA
S21400653040F206423E214009FDF700FBD7F8A430A2
S214006540C3F381236370C5F8A460F8BDAC170020C0
S2140065500000084000000844F8B50B4C0B4DD4F87A
S21400656088300B4F0423C5F88830D4F888305B0396
S21400657000D4F8BD0426C7F888600220FEF73CFC6D
S214006580C5F88860F1E700BF0040084000400846B4
S214006590004008441C4B70B5D3F888601B4D03F1CF
S2140065A08063A822C3F8882010221A60184A194B64
S2140065B093666B66FFF778FB174B1B7813B90320BF
S2140065C0FEF774FA00242C67FFF7C6FF134A144B35
S2140065D0D2F8E41E0B40C2F8E43E124B0422C3F885
S2140065E08820114BB206C3F8C44008D503F5807363
S2140065F09B6CB3F5817F22BF034B80229A60BDE877
S214006600704001F06DBD00BF0040084000500840DB
S2140066100050084410000002B317002000100021AC
S214006620DF0000FF00400844001E002110B549B9F5
S21400663018B3144A53681B0E13F00E0F1DD11368BF
S2140066409A061AD4FFF78AFB0E4C0020FEF7ACFE23
S214006650032801D0092806D1D4F88C30DB03F4D403
S214006660636F0C2BF1D9FFF777FF074B0122DA6037
S21400667003F17E430422C3F88820044B4FF4C06223
S2140066805A6210BD004008400040084600600844BA
S21400669008B503210920FEF7CFFD024B20229A60A1
S2140066A008BD00BF0040084038B50546FBF7E8F9CE
S2140066B00446FDF7ADFB35B1FFF764FB2046BDE8A9
S2140066C03840FBF729BF084B1B78002BF6D0074B4A
S2140066D01D78002DF2D1FFF755FB2A464FF4804077
S2140066E00021FFF7CBFBE9E7AF170020AE1700202D
S2140066F02DE9F84F524B0546D3F888300E4614461F
S214006700002A40F0998013F0A00F14BF4FF0010943
S2140067104FF00009DFF844814A4F01F0E1FCA02366
S214006720C8F888300320FEF7C1F90420FEF7BEF94A
S2140067304FF0000AFFF726FB434BFB66C7F870A036
S214006740FFF70AFF414BD3F8BC2E42F02002C3F8F5
S214006750BC2EFF22C8F80020394A4FF480719160A1
S214006760D3F8E42E3A494FF0040B1140C3F8E41E68
S214006770C8F888B0C3F8C4AEFB6813F0060F04D0A0
S214006780FEF7E4FA5846FEF791F9B9F1000F08D083
S214006790304B4FF40062C3F888202F4B4FF4004272
S2140067A05A6665B12C4B5B6C190701D4FFF7D6FA15
S2140067B0FFF76EFF0420FEF779F9FFF775FA204B16
S2140067C0DA68D20736D55A6812F0706FFBD1234DBF
S2140067D0234B244AC5F88830936B23F0F003936369
S2140067E016B12046FFF760FF0123EB6014B31A4B87
S2140067F0DA6E9A66124A136A23F00103D3611A4BC3
S214006800D3F80C22C3F80822A3F54053DA6F9A6730
S214006810A3F50053D3F8EC20C3F8E82003F5C043F3
S214006820DA6B9A63A3F50053104A5A664FF608438C
S214006830C5F88830BDE8F88F4FF000096AE700BF5A
S21400684000400840005008400000010100100021F0
S214006850DF0000FF004008460000084000400844F3
S21400686010003000001F0021006008405000F002B9
S2140068709A4B196EDA6E2DE9F04F01EA0209C3F859
S214006880689003F5805385B0D3F8E060D3F8EC2029
S2140068901640C3F8E86003F5A043D3F80012D3F817
S2140068A00C2201EA020AC3F808A2A3F500535969AC
S2140068B01A6A01EA02088A4A08EA0202DA61894B81
S2140068C0D3F80022910006D4D3F800319A00C3F31F
S2140068D0407740F1E180FBF7D3F8834BDA68DF6D51
S2140068E012F0060F9A6E07EA020727F4800222F4D7
S2140068F0006214BF4FF0010B4FF0000B5A667B0787
S21400690004D57A4A537D0133DBB25375FBF704FE98
S214006910B9F1000F00F0DF8019F4004427D0FBF730
S214006920AFF80146FFF7DAF96F4D0446AA69AB697E
S2140069309A42FCD0AA699342FCD0FFF7CFF9A04256
S21400694040F0AC800846FBF7E7FD694B1C60694BDE
S214006950D3F8885015F4E05240F0A28024F07F442B
S21400696024F0DF040CB9FFF715FE4FF0807419F021
S214006970020F4FF0000516D05E4B5F49D3F8883003
S21400698003F46042C1F88820002A00F09E801D04AF
S21400699000F19E8013F4005F0CBF4FF000534FF0E1
S2140069A000631C430025C9F340394FEA4909534B9D
S2140069B03340002B4AD016F4206F0AD040F60F0260
S2140069C006210020FDF7BAF80020FFF76DFE26F43A
S2140069D08026F00506D5484BFF221A6044F4C064B2
S2140069E0FFF7BCF916F0090F0AD040F6240208217A
S2140069F00020FDF7A3F8FFF74BFE414B01229A62F9
S214006A0016F0106F0CD040F62D0209210020FDF77D
S214006A1095F8FFF73DFE002211461046FDF7D0F927
S214006A2016F4202F0AD040F6350207210020FDF785
S214006A3085F80020FFF738FE26F48026F10301D5FE
S214006A40FDF70EFB002EB8BF49F0080972070DD5FA
S214006A502B4B5B6A13F4005F14BF2A4A2A4A4FF492
S214006A6000531ABF536244F400045362730548BFD0
S214006A7044F0040416F4802600F0AA80FDF7BAFA63
S214006A800138062842D8DFE810F021012401210150
S214006A9027012A012D012D01BB4639E7044645E7AB
S214006AA00192FFF777FD144B019AC3F8882015F47E
S214006AB0805307D115F4806F0CBF4FF080544FF011
S214006AC0806454E74FF0804451E74FF0007368E766
S214006AD04FF0004365E74C464D4668E70000084027
S214006AE00000F7FF00E100E000500840C01700205B
S214006AF0A81700200040084000400844090B0B89F6
S214006B0000100840001008440010084640F66602D0
S214006B1003210020FDF712F87C4A136ED2F880009D
S214006B2003F007030633012101FA03F3C0F30C0058
S214006B301B1A9BB2072B13D9754BD3F88830580213
S214006B400ED47448136B126DC06C58B103F0070373
S214006B5006339940C2F30C03C91A89B2072901D833
S214006B6044F400746C4B1B78002B31D0674BD3F881
S214006B70E03013F4A02F2BD1684B694A1B7893B9E9
S214006B80FB0410D4137873B1E308664943EA4573EF
S214006B9083F00103D1F8E41E03F001035B0021FA41
S214006BA003F3980714D10420FDF780FF5E4B5F497E
S214006BB0D966FFF7E7F85A4A13782BB95C4B5D4A5B
S214006BC01B682340134201D144F4804427F48057C5
S214006BD0BAF1000F1DD01AF4805F18BF44F4802469
S214006BE01AF4807F18BF44F400241AF4005F18BF1C
S214006BF044F010041AF4007F18BF44F020041AF47E
S214006C00806F18BF44F040041AF4006F18BF44F0B9
S214006C108004B8F1000F3BD018F4802F18BF45F45D
S214006C20007518F4803F18BF44F4805418F4801F91
S214006C3018BF44F4003418F4001F18BF44F00204D0
S214006C4018F4003F18BF44F4801418F4800F18BFDF
S214006C5045F0100518F4002F1AD0324BD3F8BC3E7E
S214006C6013F0C00F14D02A4B5A68C2F30362032AEB
S214006C7001D0072A07D1D3F88C20D10603D4D3F845
S214006C809020120731D54FF40022DA6128F400284C
S214006C90002F00F00D81380540F18180264ADFF88C
S214006CA088A0D378002B4DD0013B4FF40061DBB2B7
S214006CB0CAF86410D37033B9204B1B78C3B1204B8D
S214006CC040F60142DA660023002266E044F480348F
S214006CD022E744F400641FE744F480641CE744F4AD
S214006CE0807419E744F0080416E744F40014CFE76C
S214006CF0DAF8703013F4A05F15BF4FF4807340F6D7
S214006D000143CAF85030CAF87030DCE7001008407B
S214006D100040084000000840B0170020AF170020D1
S214006D20B1170020001000210050084000000101AB
S214006D30B8170020088D010074170020B317002034
S214006D40005008460320FDF7B1FEDAF80C30A848DC
S214006D50A84913F0060F02BFA74B41F61F72DA666A
S214006D604FF40063CAF86430DAF80C3013F0060308
S214006D7008BFCAF87030C38A13F4006260D023F4E8
S214006D800063C3820B7803F0FF0A002B5CD1FDF78B
S214006D90DDFFFFF7FFFB534620221C431543B901D6
S214006DA00BD52E20FEF7BEF8934A4FF0007393667D
S214006DB002F17C4245F008055366FA0608D52B20FA
S214006DC0FEF7B0F88C4A1023936602F17C425366B5
S214006DD017F4E00F05D1FB045ED5BBF1000F00F001
S214006DE0AC80B80210D52920FEF79CF8FFF70CFA05
S214006DF040B18249824A834B53668B668249496812
S214006E00490424D445F0040517F4800BDFF8F0A1FC
S214006E1029D00420FDF74AFE2720FEF783F8FFF767
S214006E20B9FB4FF48003CAF86430784BD3F8E42EED
S214006E3050067CD4764B02221A6045F0020528E004
S214006E400B784FF40053A8E74FF400433CE76A4939
S214006E5020208B665366FEF765F82D2045F00C055E
S214006E60FEF760F8D0E7FA024CD50420FDF71EFEC8
S214006E702820FEF757F8DAF87030002B3FD1FFF7DE
S214006E8089FB5D4A5F4B936602F17C4245F0010543
S214006E9053665B4B00221A657B0509D55D4A9378DD
S214006EA0002B00F09880013B9370002349EA030909
S214006EB04A4620462946FEF7E1FF0EB1FDF7C2F826
S214006EC018F4002F00F08C804F4B4FF40022DA614C
S214006ED018F0206F00F0888018F0007F01D0FDF7D2
S214006EE0A7FB18F0006F01D0FDF7BEFB00220020C4
S214006EF04FF4006105B0BDE8F04FFEF7BFBFCAF81B
S214006F0070B0BEE7FB04C4D50420FDF7CFFD424BAE
S214006F10CAF86C30FDF71AFFDAF85C3013F4A00FED
S214006F20B7D12A20FDF7FEFFFFF734FB7DE7D3F845
S214006F30BC3E990681D4394B7DE7364A13794BB16E
S214006F40013BDBB2137113B92C4B354ADA660023CA
S214006F501C43A1E70420FDF7A9FD0320FDF7A6FDCD
S214006F60274B2D4ADA66FAF78BFD82460DF10F00A5
S214006F70FEF71AFA2B4B1B7883460BB1FEF7EEFE94
S214006F80BBF1030F0ED1DFF880B00020FEF70CFA3D
S214006F90032807D1DBF88C30DA03F6D4DBF874303C
S214006FA00C2BF2D99DF80F30032B06D11E4B012275
S214006FB050461A70FBF7B0FAC9E71C4BD3F8E0301E
S214006FC013F4A02FF2D1FEF7DDFE5046FBF7A4FA2D
S214006FD04FF48043BCE70220FDF768FD012365E718
S214006FE0B8F1000F7FF474AF05B0BDE8F08F00BFB6
S214006FF0C0170020B3170020005008440050084671
S2140070000050084010000002004008400010002118
S21400701000400844741700200000010100400846A4
S2140070200000010DB2170020AF1700200010084026
S214007030014B1B68184700BF54000020FFF718BC20
S214007040FFF716BCFFF714BC0B4B10B55C691A6A49
S2140070501440A2B2DA61E20704D55868C0F30360B0
S214007060FAF785FD630706D5BDE810400422002028
S2140070700021FEF703BF10BD00400840FFF7F8BB35
S2140070800C4A08B5136BD16B0B409363DB070FD527
S214007090094B187840F6AC22122100F00100FCF7EC
S2140070A04DFDBDE80840002201200021FEF7E6BEA7
S2140070B008BD00BF00700840B8170020044BDA6F08
S2140070C0D207FCD41A6FD96F0A409A67704700BF80
S2140070D00030084070B50D461446FAF7D1FC064B52
S2140070E0D3F8BC6E74402C407440C3F8BC4EFBF71B
S2140070F013FA06EA050070BD00100021034BD3F812
S214007100BC3E99430CBF01200020704700100021B0
S2140071107047436B03F06003402B0DD0602B03D009
S214007120203B58425841704749B10B68012B06D99D
S214007130486940F00100704740F201107047002097
S2140071407047000009490A4AD1F8EC0010B504233C
S2140071500124C2F8EC308C624FF4005151624107B2
S21400716044BF02F10072C2F8EC3010BD00100840B7
S2140071700010084437B5204D0C4641B90A46072191
S214007180FFF7A8FF1D4B2C635C6003B030BD0722E1
S2140071901146FFF79FFF1A4B07225A60237985F89E
S2140071A0303063790193012101A801F04DFA019B6B
S2140071B0C2B2D34000F00F0040EA031085F8310059
S2140071C0A27985F83220E27985F833202068686352
S2140071D083B1028801218B4205D82379013B1344F1
S2140071E0084A9361D1E730F81150AA4228BF2A46D0
S2140071F00131F0E71A46F0E7001F0021301F00219A
S2140072000000084400000840431C07D0044B6FF001
S214007210FF029A6103F1007310409861704700BF47
S21400722000700844034670B10268022A0BD9426A0D
S21400723012F47F4FC2F3072006D01B6AD2B25A431D
S214007240B2FBF0F0704700207047000000F0180313
S214007250182B0AD003070AD410F0100040F20113CE
S21400726018BF1846034BD86470470020FAE7012081
S214007270F8E700BF001F0021344B2DE9F7431E68D6
S21400728001F4007900F00103174653EA09020546A7
S2140072900C462ED04FF0000803B300230022012036
S2140072A00021CDE90088FEF701FE41463046FEF794
S2140072B011F8414670830120FCF7CCF9716B06F19A
S2140072C0A400FEF785F822490868FFF79DFF4FF0F7
S2140072D0FF330B60337C43F004033374B9F1000FC3
S2140072E007D001213046FCF7DBFB24F4007405438D
S2140072F00C43D6E93E232A40234052EA030103D03A
S2140073001449304609688847FB070FD51249134AC7
S2140073100868136800211160114A0121117003B139
S2140073209847104B00215B680220984717F00E0F15
S21400733008D040F2F3123B21002003B0BDE8F04332
S214007340FCF7FCBB03B0BDE8F08300BF6013002071
S2140073505C00002060000020E8170020EC170020EA
S214007360F017002028000020F7B50446D4E93EC7F1
S2140073701046DDE908268CEA020587EA0601054084
S214007380194085EA0C057940C4E93E5123F40041D2
S21400739006EA010320F00100002543F400730240D2
S2140073A043F00203CDE90055FEF780FD237C9A07E3
S2140073B017D5D4F8FC309B0513D54FF4881120461A
S2140073C0FCF76EFB237C65F341032374D4E93E236C
S2140073D002400B4052EA030103D0034920460968E5
S2140073E08847002003B0F0BD6000002038B1036875
S2140073F0044A002B08BF1346034A13607047014B2C
S214007400FAE700BF1171000060000020024B986B85
S21400741000F00F00704700BF001F00210F2938B58D
S21400742005460C460ED800F0BFFF01280CD1074ACF
S214007430936B23F00F0323439363284601F00FF862
S214007440002038BD0120FCE70220FAE7001F0021DB
S214007450014BD86B704700BF001F0021014B002076
S214007460D9637047001F002103282DE9F7434CD845
S214007470274B13F80080274B1E5C274B13F8009011
S214007480FAF7FEFA0746FEF7C7FE054640B10023A8
S214007490CDE900330022002301200021FEF706FD7F
S2140074A0FEF7C2FE48B10023CDE9003300220023D8
S2140074B000204FF40041FEF7F9FC26B3174B5C6C36
S2140074C004F00804164B31465C644046FFF7AEF8FD
S2140074D04A4631464046FFF70BF9124B5C6465B1ED
S2140074E0114B1868416BA430FDF772FF0F4908680E
S2140074F0FFF78AFE4FF0FF330B60384603B0BDE857
S214007500F043FBF709B83446DCE703B0BDE8F08388
S2140075106C96000068960000649600000000084024
S2140075200000084400000846601300205C000020AD
S214007530104AD2F8883013F0A00F16D1D2F88C007B
S21400754010F0040013D10C4BD3F8E43E23F07F4335
S21400755023F0FF035BB15368C3F30362092A07D025
S214007560B2F10C0018BF01207047002070470120C0
S214007570704700BF004008400010002170B50D465F
S214007580064620B9194B1B68A3B1032011E000F092
S2140075900BFF012828D1164B93F90040C4F11C04B8
S2140075A0641BC4F11C03002BB8BF5B42232B0CDD0D
S2140075B0012070BD81EAE173A3EBE173DBB2232BFC
S2140075C0F6D80B4B19700020F3E7B574FAF758FAA3
S2140075D0084A5369E40223F4FF2304F4FF241C43FF
S2140075E05461FAF799FFEEE70220E2E76013002005
S2140075F0E01700200070084090F8C23053B9074BDF
S214007600DA69920208D49B6F13F4706F14BF0120DE
S2140076100020704700207047012070470060084037
S214007620F8B5436B02EA010523EA01032B434363E3
S214007630344A01F00B030C4623EA0501516402F1BB
S21400764000722B4061070646536411D50121FFF7EF
S214007650D3FF68B1FEF780FF15F0040F14BF2A4A67
S2140076602A4A4FF40073D361294B0422C3F88820BA
S214007670E20606D515F0100F264B14BF00221B227B
S214007680DA6423061DD52F0616D51F4B4FF40012BD
S2140076909A6103F17E430122C3F8F820FAF7F0F965
S2140076A00E2107460320FDF7C7FD1A4B40F20122C4
S2140076B05A623846FAF730FF294606F1A400FDF76D
S2140076C087FEE00503D5E90516D5FDF77FFDA20583
S2140076D003D5AB0513D5FDF789FD14F0600F09D06F
S2140076E0D6F894103046FFF714FD0B4B98640B4BFE
S2140076F080229A600020F8BDFDF760FDE7E7FDF701
S2140077006DFDEAE700000844006008460060084493
S2140077100040084400000840001F002100400840C8
S214007720014B9869FDF79ABD00600840D0F8943088
S2140077304BB11A68022A06D993F8250028B11B6AAD
S214007740B3FBF0F07047FBF797BF7047014B9869A3
S214007750FDF79ABD0060084008B50146D0F89400D1
S214007760FFF760FD20B9BDE808400846FBF786BF76
S21400777008BD000070B50E46FAF782F9054600F01F
S21400778037FE044620B12846FAF7C6FE204670BDEE
S214007790FEF7E2FE114B3278D3F8E43E022A23F0DD
S2140077A0F00316D0101F42424241520043EA021331
S2140077B07278022A0FD0111F4A424A41520043EA09
S2140077C08213064AC2F8E43E054B0422C3F888201A
S2140077D0D9E70122EAE70122F1E700BF0010002105
S2140077E00040084470B50E46FAF74AF9054600F020
S2140077F017FE044620B12846FAF78EFE204670BDD6
S214007800FEF7AAFE104B3278D3F8E43E022A23F0A5
S2140078100F0315D0101F42424241520013437278A4
S214007820022A0FD0111F4A424A41520043EA8203FD
S214007830054AC2F8E43E054B0422C3F88820DAE77E
S2140078400122EBE70122F1E7001000210040084486
S214007850F8B50E7890F8D070044630460D46FCF722
S21400786013FD002844D094F8D030B34208D1AA883B
S214007870636C9A4204D16A88B4F8D2309A4235D002
S21400788084F8D060AB88A4F8D4306B88A4F8D230E3
S214007890AB886364FF2363753046FCF7B3FD04F1E1
S2140078A0D00520752846FDF70DF810BB2846FCF7D6
S2140078B0E1FCF0B9D4F8903053B194F8D010B94246
S2140078C006D0B3F912202046FAF752F984F8D90008
S2140078D02046FCF7F9FE0949A4F8D400084AD1F876
S2140078E0F810012304F1A400FEF73EF80020F8BDCE
S2140078F001200E2384F8D030F9E700BF001F0021D6
S2140079006C1F002170B5054690F8D0000E280C4676
S2140079101DD0FF291DD01AB10F4B4FF0FF321A6051
S214007920FCF770FD064695F8D000FCF757FD84423C
S21400793028BF0446E4B2B44238BF3446E0B26875A5
S214007940FCF70AFEA0F1FF035842584170BD022022
S214007950FCE70120FAE700BF3400002010B590F8DD
S214007960D0300E2B04462BD00175D0F8900020B3F3
S214007970D4F8A0304BB994F8D9308B420BD32046BC
S2140079800022BDE81040FFF7BDBFB4F92420B0F9CF
S21400799012309A42F3DD94F8D91000222046FFF701
S2140079A0B1FF60B9C4F890002046FCF700F8014625
S2140079B02046BDE81040FBF7A7BFFF23637510BD48
S2140079C00220FCE70346D0F8D0000860B3F8D430B5
S2140079D08B80002070470000C36B012B01D1002074
S2140079E0704770B5364BD0F89060D3F8F830C0F8D2
S2140079F0943086B03146058B0446FDF739FEB389D0
S214007A008DF80600D6E90121EB1A9BB201FB032292
S214007A1068460021ADF804300092FDF78BFE38B9B9
S214007A20284B228BDA63FCF71BFF20B106B070BD33
S214007A30022006B070BD227C60F341022274FDF77E
S214007A408DFAD4F890305969431EDBB2096802916A
S214007A50FD2B02460BD9CD1C09D91B4B01311B68E7
S214007A600CD0D81C07D802A92046029301E002A930
S214007A702046FCF7CFFB002006B070BDD91C04D80A
S214007A8002A920460293FCF7C5FBD4F8FC309B0500
S214007A9004D4237C43F002032374ECE74FF48031D4
S214007AA02046FBF7FDFFD4E93E2302400B4052EA96
S214007AB00301E0D00549204609688847DBE700BF98
S214007AC0001F002100300840440000206000002015
S214007AD04FF48071FFF712BB38B590F8DC400546CE
S214007AE0ACB1F9F7CDFF0A4B1F22DA61013C03F176
S214007AF000731440DC6103F17A43D5F8E0201A667F
S214007B00D5F8E4205A66BDE83840FAF705BD38BD1A
S214007B10006008442DE9F74F06461546084619B991
S214007B20012003B0BDE8F08F002AF9D0032904D85D
S214007B300021FCF7A9FA0028F2D08278048803799D
S214007B4090F805B0C788B0F90000002802F00701D9
S214007B50C0F2D180A1F1070CDCF1000040EB0C0074
S214007B60052928738CBFC2F300100020C2F3801CC6
S214007B706873900985F810C000F00200C2F3C00CCC
S214007B8040EA0C00C2F340126874AA74AF820BB9C4
S214007B9096F8CA30013BDBB2EB74736BD80600F183
S214007BA096800639012900F29280544BDB6C544BC8
S214007BB05A6B1B6B03F0070306334FF0010909FAF3
S214007BC003F909F1FF39083C42F0005804EA0904B9
S214007BD0002318F804A0AB60013404EA0904631D0E
S214007BE003EA09035A1C02EA090218F8037018F897
S214007BF00220BAF1800F47EA0227727C18BFAAF16A
S214007C00320A3BB214BF4FFA8AFA6FF07F0AC7F304
S214007C100B079AB30020D6F89C300BB15146984714
S214007C20631C03EA0903E87385F80EA018F803102E
S214007C30013303EA090318F80320013303EA0903B2
S214007C4041EA022118F80320013303EA090341EA56
S214007C50024118F803006A7C002341EA00613046BE
S214007C60FDF7A8FF2860737C042B03D1022FDCBF2E
S214007C70013028600423AB71002052E7D90422D5D6
S214007C80D6F894209AB11368022B10D992F82400E3
S214007C90FB0008B1B3FBF0F39B45BBD8002BB9D073
S214007CA0CBEB0B20B0FBF3F0C043C0B2B3E73046DB
S214007CB0FFF752FD01903046FFF738FD019BB3FBFE
S214007CC0F0F0C0B2E4E718F804004000EDE7002347
S214007CD0EB730C4BDA68C2F30723120448BF63F059
S214007CE0FF035AB212F1800F1CBF323B5AB2002378
S214007CF0AA732B60BFE7022013E700BF000008400E
S214007D000010084000700840F8B5977906461446FB
S214007D10FFF700FF054640B9A37933B1A771304697
S214007D20FFF71AFD2146FDF7FDFE2846F8BD3F2B5E
S214007D30084610B5114619D9B3FA83F3C3F11902F0
S214007D40D2B2062A01D8192B0ED0062A28BF062240
S214007D50931DDBB201249C40A4B2A14228BF214659
S214007D60FBF7A0FF204610BD0022F1E70024F9E74C
S214007D7013883F2B10B5084616D9B3FA83F3C3F120
S214007D801901C9B2062901D8192B0BD0062928BF1C
S214007D9006218C1DE4B20123A3401380FBF7A0FF4D
S214007DA0002010BD0021F4E70120FAE7FFF7CAB96A
S214007DB070B50A4B0A4DD3F8EC604FF48064C5F8F2
S214007DC0EC400020FEF770FC4FF400536B65730523
S214007DD044BF044BC3F8EC4070BD00BF0010084021
S214007DE00010084400100846082318B1024AC2F8DA
S214007DF088307047014AFAE70040084600400844C9
S214007E0010B5084614460121FDF782F920460121E7
S214007E10BDE81040FDF77CB9F8B504460E4641B9FA
S214007E20037C5A0641BF4FF6FF7261F386138283C6
S214007E3003743C4BD4F894701B680BB120469847EB
S214007E40394BA18BD3F8842012F4E05F04BF2022C4
S214007E50C3F810224FF6FF73994204D0334B1B68C9
S214007E600BB120469847324DD4F894102A689142B8
S214007E7007D02046FFF74DF92E4B98642E4B8020F6
S214007E809860974245D02D4B1B684BB11FB13A689E
S214007E90002A40D0BF68394620469847D4F8941048
S214007EA00846FFF7BFF930B32549FDF7CFFC072793
S214007EB02046FCF709FC16B3224B94F9122093F9DE
S214007EC000302149D4F89400C3F11C039B1A4A6978
S214007ED0DB0222F4FF2203F4FF2313431B4A4B6109
S214007EE01B4B286006211167204601221A7000F0FD
S214007EF0B6FA0020F8BD2046FBF7C0FBD4E70D4BD2
S214007F000F4AD3F8F81004F1A4003B46FDF72CFD09
S214007F10D2E70127CCE71746394620469847D4F8DB
S214007F209410BDE7F417002000600840E417002016
S214007F30D8170020001F002100400840DC17002052
S214007F406C1F0021E0170020007008400000084465
S214007F50E117002002484822002101F031B900BF95
S214007F60E81E0021002373B583746423C0E92C3314
S214007F70C0E92E334FF0FF35C0F8AC30A0F8C03063
S214007F800E264FF6FF73C0E9075580F8D0604564AB
S214007F908582837504461120FAF78EF9042834D1B9
S214007FA01B4B5B6813F4403F2FD12046FEF744F985
S214007FB02046FFF7CFFF94F912102046FFF7DEFAAF
S214007FC0144A6023536402F5805240F6FF715162F2
S214007FD05165114A5364114B4022C3F88820626BE6
S214007FE029462046FFF71CFB002240F202231046DB
S214007FF01946CDE90066FDF759FFFCF7D9F920468A
S21400800002B0BDE87040FBF761BD022002B070BD53
S21400801000300E40000008400000084600400844BB
S21400802070B50C68B0F8D4208D680346013404BFE0
S214008030D3F8AC400C604C68013404BFD3F8B840A9
S2140080404C606E1C00F1A40038D1D3F8B440CE6862
S2140080508C60751C38D1D3F8B0500E69CD600136EF
S21400806004BFD3F8A4600E614E69013604BFD3F88E
S214008070A8604E618E69013604BFD3F8BC608E617D
S2140080808E693EB34132B24238BF32460E688A61CC
S214008090C3F8B4404C68C3E92E420A69C3F8A4206A
S2140080A04A690D49C3F8A820C3E92B650B4AD1F8E5
S2140080B0F8100723FDF758FC002070BD02F14104BC
S2140080C0AC4238BF2C46C2E702F16405B54238BF61
S2140080D03546C2E76422D9E7001F00216C1F002145
S2140080E038B5F9F7CDFC0B4A13884FF6FF718B4273
S2140080F003D1FAF711FA032038BD074C074DE565A2
S21400810004F100741B04E3651180FAF705FA0020F9
S214008110F2E700BF58000020006008440000FFFFA0
S2140081202DE9F34105460F461446FFF701FA80B1E4
S214008130DFF81882D8F80C30DE0740F1EA80F9F74D
S2140081409FFC06460320FCF7D3FD38B13046FAF70D
S214008150E3F90226304602B0BDE8F081D8F80C30CC
S21400816013F0060FF2D13046FAF7D6F96A4B4FF401
S21400817000612846D3F8E48ED3F8C46EFEF7BEFF3F
S21400818040B1664B4FF400720121C3F888200846C0
S214008190FBF760FA39462846FBF7B6FB5E4BC3F89A
S2140081A0C46EC3F8E48E06460028D3D12B7CD806CE
S2140081B001D4002C66D0C4F34000FEF793F914F403
S2140081C0807F14BF564A554A4FF002031BBFC2F8C1
S2140081D08830544AC2F8883000211CBFD1609362B0
S2140081E04D4BD3F8BC7EFEF7B7F94F4A14F0040F98
S2140081F007EA02034FF480616BD04C489342C1619A
S21400820006D14B4A92F8D03043F0020382F8D030C1
S214008210424B042214F0400FC3F8882014BF454A8E
S214008220454A40232046C2F88030FFF70FF828461C
S214008230FFF74EFC40B114F0010F14BF384A374A1E
S2140082404FF48073C2F88830A1064CD56B8C4FF67D
S214008250FF7293420FD0394A3949D26D100CC2F3DF
S2140082600112088001323749B3FBF2F32F4A364831
S214008270C8651B04D3652B7C003C18BF012464F33F
S21400828004132B74284600F0E7F8F0B12846FFF7F1
S2140082901FFCD0B14FF400312846FEF72FFF431CD9
S2140082A09BB203221F4801A9FBF780FD9DF804201E
S2140082B002F00703052B9DF805301DD1120715D4D3
S2140082C043F480731A4AC2F8CC300020FBF7B9FF9B
S2140082D040E71C489342C1619AD1154A92F8D030C3
S2140082E023F0020392E7FFF7FBFEC4E713F0040F48
S2140082F009D19DF80630E3E703F03002202A05D1C5
S21400830013F0010FF4E74FF48073DBE79DF80630B7
S214008310D8E703261EE700BF0010002100400844EF
S21400832000400846001008408000004000600846F4
S214008330001E0021007008460070084400600840D7
S21400834058000020006008440000FFFF005008406E
S21400835038B504461D46FFF7E3FE28B929462046F1
S214008360BDE83840FEF778B838BD7047054BD3F8FF
S214008370880003F180634FF40022C3F88820C0F31E
S214008380C040704700400840014B024A1A607047E0
S214008390DC17002075710000024BD86800F0010061
S2140083A0704700BF005008400F4B5B68C3F3036381
S2140083B0013B0B2B0FD8DFE803F006060C0606067B
S2140083C006080A080808022070470420704705209F
S2140083D0704703207047054BDB6813F0060F0CBF91
S2140083E001200420704700BF0040084000500840AD
S2140083F00A4A5368C3F303630B2B08D06FF49050FC
S214008400184100F0010080F0010040007047D2F8EB
S214008410880010F48030ECD1704700BF0040084060
S2140084200C4A5368C3F30363062B07D8042BD8B251
S2140084300CD8C31E5842584140007047072B07D13E
S214008440D2F8440110F00050EBD17047022070477C
S21400845000207047004008408021FEF74FBE38B528
S2140084600546FEF7F5FF04462846FEF7CFFF072829
S21400847011D1D5F89030DB6924F47F4121F0080152
S21400848003B15B7841EA032141F020012846BDE8AC
S2140084903840FEF7E3BF24F02001F7E708B5437C39
S2140084A0033BDBB2072B96BF044A0021D15CFEF7E4
S2140084B0D5FFBDE808400120FCF742BD70960000DD
S2140084C0012310B580F8C2302823C0F8A830042352
S2140084D04374054B04461968FBF734FA2046FFF749
S2140084E0DDFF002010BD00BF1CB10000012310B549
S2140084F080F8C2302823C0F8A83002234374054B06
S21400850004461968FBF71EFA2046FFF7C7FF00204F
S21400851010BD00BF20B1000010B50446FFF7E6FF0F
S2140085202046BDE81040FFF7B9BF0000F8B5D0F808
S214008530E0308B4204460D46164601F0010703D193
S21400854090F8DC30202B19D04FB3002E14BFAA238E
S214008550552393FAA3F31B0B03F4702395FAA5F2A5
S21400856043EA12432364202384F8DC300023C4F853
S214008570E050C4F8E4302046FFF7AEFA164A174932
S2140085800F23D365164BDFB15EB90120D865C2F85C
S214008590FC10226CC2F31302C3F8FC20F8BDAA2319
S2140085A0D7E70220D865C2F8FC10226CC2F313028B
S2140085B0C3F8FC200B4BE5640222C3F8B820EDE7B5
S2140085C00220D865C2F8FC10226CC2F31302C3F86E
S2140085D0FC20002EE2D0EDE700600844FFFF0F000D
S2140085E00060084600100840134A072310B553637E
S2140085F0124C134B89B14421E16240F04000012146
S214008600206359634FF48043C2F8A030C2F8A43008
S214008610C2F8A830C2F8AC3010BD4FF48042E16218
S21400862021635963C3F8A020C3F8A420C3F8A82088
S214008630C3F8AC20F0E700BF000008440000084084
S214008640000008460020704700228A4202D14FF000
S214008650FF30704750F8223093FAA3F30BB901327B
S214008660F3E7B3FA83F000EB4210704753B94AB908
S214008670002908BF00281CBF4FF0FF314FF0FF3025
S21400868000F06AB9ADF1080C6DE904CE00F006F80A
S214008690DDF804E0DDE9022304B070472DE9F04779
S2140086A0089D0C46002B4ED194468C458646B2FA61
S2140086B082F262D94AB1C2F12003914020FA03F354
S2140086C00CFA02FC194300FA02FE4FEA1C471FFA96
S2140086D08CF6B1FBF7F44FEA1E4307FB141143EA8E
S2140086E0014304FB06F199420AD91CEB030304F18B
S2140086F0FF3080F01381994240F21081023C6344BF
S214008700591A1FFA8EF3B1FBF7F007FB101143EA74
S214008710014300FB06F69E420AD91CEB030300F158
S214008720FF3180F0FD809E4240F2FA8063440238BA
S2140087309B1B40EA044000211DB1D3400022C5E93E
S2140087400032BDE8F0878B4205D90DB1C5E90001BE
S21400875000210846F5E7B3FA83F1002946D1A34283
S21400876002D39042C0F0F180861A64EB0303012026
S214008770002DE6D0C5E90063E3E7002A40F09180CB
S214008780A1EB0C044FEA1C481FFA8CF70121B4FB3E
S214008790F8F64FEA1E4308FB164443EA044307FB79
S2140087A006F0984208D91CEB030306F1FF3402D208
S2140087B0984200F2CE8026461C1A1FFA8EF3B4FBAF
S2140087C0F8F008FB104443EA044300FB07F79F4217
S2140087D008D91CEB030300F1FF3402D29F4200F2DB
S2140087E0B1802046DB1B40EA0640A5E7C1F1200623
S2140087F08B4022FA06F71F4320FA06FC04FA01F320
S21400880043EA0C03F44000FA01F8380C4FEA134927
S214008810B4FBF0FE1FFA87FC00FB1E4449EA044442
S2140088200EFB0CF9A14502FA01F20AD93C190EF129
S214008830FF3A80F08580A14540F28280AEF1020EBC
S2140088403C44A4EB09041FFA83F9B4FBF0F300FBE5
S214008850134449EA044403FB0CFCA44507D93C191D
S21400886003F1FF3068D2A44566D9023B3C4443EA94
S2140088700E40A0FB0293A4EB0C049C42CE469C4602
S21400888052D34FD055B1B8EB0E0364EB0C0404FA88
S21400889006F6CB40CC401E43C5E900640021BDE887
S2140088A0F087C2F1200320FA03F10CFA02FC24FA46
S2140088B003F394400C434FEA1C4800FA02FE1FFAEA
S2140088C08CF7B3FBF8F008FB1031230C43EA0143A6
S2140088D000FB07F1994208D91CEB030300F1FF36B1
S2140088E02CD299422AD9023863445B1AA4B2B3FB4D
S2140088F0F8F108FB113344EA034401FB07F3A342F3
S21400890008D91CEB040401F1FF3613D2A34211D997
S21400891002396444E41A41EA004138E70446EFE6C7
S214008920084605E7C845ADD2B9EB020E63EB070C67
S2140089300138A7E73146EDE7034698E73046D4E727
S214008940D6467EE7634402384CE70646234608468A
S2140089500EE7023E63442FE7704700BF81F00041F8
S21400896002E000BF83F0004330B54FEA41044FEA0F
S214008970430594EA050F08BF90EA020F1FBF54EAAA
S214008980000C55EA020C7FEA645C7FEA655C00F046
S214008990E2804FEA5454D4EB5555B8BF6D420CDD17
S2140089A02C4480EA020281EA030382EA000083EA9A
S2140089B0010180EA020281EA0303362D88BF30BD3A
S2140089C011F0004F4FEA01314FF4801C4CEA113190
S2140089D002D0404261EB410113F0004F4FEA0333EF
S2140089E04CEA133302D0524263EB430394EA050F7A
S2140089F000F0A780A4F10104D5F1200E0DDB02FAE9
S214008A000EFC22FA05F2801841F1000103FA0EF27C
S214008A10801843FA05F359410EE0A5F120050EF142
S214008A20200E012A03FA0EFC28BF4CF0020C43FA73
S214008A3005F3C01851EBE37101F0004507D54FF080
S214008A40000EDCF1000C7EEB00006EEB0101B1F5D0
S214008A50801F1BD3B1F5001F0CD349085FEA300016
S214008A604FEA3C0C04F101044FEA445212F5800F21
S214008A7080F09A80BCF1004F08BF5FEA500C50F1BE
S214008A80000041EB045141EA050130BD5FEA4C0CA1
S214008A90404141EB0101013C28BFB1F5801FE9D2FE
S214008AA091F0000F04BF01460020B1FA81F308BF21
S214008AB02033A3F10B03B3F120020CDA0C3208DDED
S214008AC002F1140CC2F10C0201FA0CF021FA02F1C8
S214008AD00CE002F11402D8BFC2F1200C01FA02F138
S214008AE020FA0CFCDCBF41EA0C019040E41AA2BF5D
S214008AF001EB0451294330BD6FEA04041F3C1CDA25
S214008B000C340EDC04F11404C4F1200220FA04F044
S214008B1001FA02F340EA030021FA04F345EA0301EE
S214008B2030BDC4F10C04C4F1200220FA02F001FAB0
S214008B3004F340EA0300294630BD21FA04F0294632
S214008B4030BD94F0000F83F4801306BF81F48011CB
S214008B500134013D4EE77FEA645C18BF7FEA655C3E
S214008B6029D094EA050F08BF90EA020F05D054EA10
S214008B70000C04BF1946104630BD91EA030F1EBF15
S214008B800021002030BD5FEA545C05D14000494119
S214008B9028BF41F0004130BD14F580043CBF01F50C
S214008BA0801130BD01F0004545F0FE4141F47001F2
S214008BB04FF0000030BD7FEA645C1ABF19461046CD
S214008BC07FEA655C1CBF0B46024650EA013406BFCE
S214008BD052EA033591EA030F41F4002130BD00BF8D
S214008BE090F0000F04BF0021704730B54FF480644A
S214008BF004F132044FF000054FF0000150E700BFCB
S214008C0090F0000F04BF0021704730B54FF4806429
S214008C1004F1320410F0004548BF40424FF0000116
S214008C203EE700BF42004FEAE2014FEA31014FEA59
S214008C3002701FBF12F07F4393F07F4F81F06051A8
S214008C40704732F07F4208BF704793F07F4F04BFF3
S214008C5041F40021704730B54FF4607401F00045D0
S214008C6021F000411CE700BF50EA010208BF704730
S214008C7030B54FF000050AE050EA010208BF704721
S214008C8030B511F0004502D5404261EB41014FF48A
S214008C90806404F132045FEA915C3FF4D8AE4FF092
S214008CA003025FEADC0C18BF03325FEADC0C18BF75
S214008CB0033202EBDC02C2F1200300FA03FC20FAC6
S214008CC002F001FA03FE40EA0E0021FA02F1144413
S214008CD0BDE600BF70B54FF0FF0C4CF4E06C1CEA2C
S214008CE011541DBF1CEA135594EA0C0F95EA0C0F9D
S214008CF000F0DEF82C4481EA030621EA4C5123EA10
S214008D004C5350EA013518BF52EA033541F480113E
S214008D1043F4801338D0A0FB02CE4FF00005E1FBF1
S214008D2002E506F00042E0FB03E54FF00006E1FB3B
S214008D3003569CF0000F18BF4EF0010EA4F1FF047E
S214008D40B6F5007F64F5407404D25FEA4E0E6D41BE
S214008D5046EB060642EAC62141EA55514FEAC520CF
S214008D6040EA5E504FEACE2EB4F1FD0C88BFBCF54B
S214008D70E06F1ED8BEF1004F08BF5FEA500E50F1FC
S214008D80000041EB045170BD06F0004646EA0101C2
S214008D9040EA020081EA0301B4EB5C04C2BFD4EBF4
S214008DA00C0541EA045170BD41F480114FF0000EED
S214008DB0013C00F3AB8014F1360FDEBF002001F05B
S214008DC0004170BDC4F10004203C35DA0C341BDCD5
S214008DD004F11404C4F1200500FA05F320FA04F0A7
S214008DE001FA05F240EA020001F0004221F00041DB
S214008DF010EBD37021FA04F642EB06015EEA430E4E
S214008E0008BF20EAD37070BDC4F10C04C4F120057D
S214008E1000FA04F320FA05F001FA04F240EA020030
S214008E2001F0004110EBD37041F100015EEA430E01
S214008E3008BF20EAD37070BDC4F1200500FA05F221
S214008E404EEA020E20FA04F301FA05F243EA0203A0
S214008E5021FA04F001F0004121FA04F220EA0200AF
S214008E6000EBD3705EEA430E08BF20EAD37070BDF5
S214008E7094F0000F0FD101F00046400041EB0101D5
S214008E8011F4801F08BF013CF7D041EA060195F0B7
S214008E90000F18BF704703F00046520043EB030371
S214008EA013F4801F08BF013DF7D043EA060370475E
S214008EB094EA0C0F0CEA135518BF95EA0C0F0CD069
S214008EC050EA410618BF52EA4306D1D181EA0301AF
S214008ED001F000414FF0000070BD50EA410606BFA9
S214008EE01046194652EA430619D094EA0C0F02D1EE
S214008EF050EA013613D195EA0C0F05D152EA033633
S214008F001CBF104619460AD181EA030101F0004150
S214008F1041F0FE4141F470014FF0000070BD41F099
S214008F20FE4141F4780170BD70B54FF0FF0C4CF473
S214008F30E06C1CEA11541DBF1CEA135594EA0C0F92
S214008F4095EA0C0F00F0A7F8A4EB050481EA030EDF
S214008F5052EA03354FEA013100F088804FEA0333C6
S214008F604FF0805545EA131343EA12634FEA022294
S214008F7045EA111545EA10654FEA00260EF0004155
S214008F809D4208BF964244F1FD0404F5407402D2A7
S214008F905B084FEA3202B61A65EB03055B084FEA38
S214008FA032024FF480104FF4002CB6EB020E75EB35
S214008FB0030E22BFB61A754640EA0C005B084FEA5D
S214008FC03202B6EB020E75EB030E22BFB61A7546DA
S214008FD040EA5C005B084FEA3202B6EB020E75EB25
S214008FE0030E22BFB61A754640EA9C005B084FEA9D
S214008FF03202B6EB020E75EB030E22BFB61A7546AA
S21400900040EADC0055EA060E18D04FEA051545EA98
S21400901016754FEA06164FEAC30343EA52734FEA41
S214009020C2025FEA1C1CC0D111F4801F0BD141EABA
S21400903000014FF000004FF0004CB6E711F4801F1F
S21400904004BF01430020B4F1FD0C88BFBCF5E06FFF
S2140090503FF6AFAEB5EB030C04BFB6EB020C5FEA0F
S214009060500C50F1000041EB045170BD0EF0004E64
S2140090704EEA113114EB5C04C2BFD4EB0C0541EA96
S214009080045170BD41F480114FF0000E013C90E693
S21400909045EA060E8DE60CEA135594EA0C0F08BF57
S2140090A095EA0C0F3FF43BAF94EA0C0F0AD150EA56
S2140090B001347FF434AF95EA0C0F7FF425AF1046E9
S2140090C019462CE795EA0C0F06D152EA03353FF411
S2140090D0FDAE1046194622E750EA410618BF52EA8E
S2140090E043067FF4C5AE50EA41047FF40DAF52EA62
S2140090F043057FF4EBAE12E74A0011D212F50012D8
S21400910011D20DD56FF47873B3EB62520ED44FEADA
S214009110C12343F0004343EA505323FA02F070475A
S2140091204FF00000704750EA013002D14FF0FF3098
S21400913070474FF00000704708B5064B044613B161
S2140091400021AFF30080044B1B6803B1984720460C
S21400915000F036F9000000003019002070B50D4D03
S2140091600D4C641BA4100026A64209D10B4D0C4CD6
S21400917000F028F9641BA4100026A64205D170BD95
S21400918055F8043B98470136EEE755F8043B9847F8
S2140091900136F2E7BC000020BC000020BC00002026
S2140091A0C00000200A44914200F1FF3300D170470E
S2140091B010B511F8014B03F8014F9142F9D110BDDB
S2140091C002440346934200D1704703F8011BF9E7B7
S2140091D07047704770B50F4E0C463168054611B99A
S2140091E000F09EF830602146284600F099F8431CAF
S2140091F003D14FF0FF34204670BDC41C24F0030496
S214009200A042F8D0211A284600F08AF80130F2D1A0
S214009210EFE700BF3C1900202DE9F041CD1C25F0FA
S214009220030508350C2D38BF0C25002D064601DB3E
S214009230A94204D90C2333600020BDE8F081314FE9
S21400924000F062F83B681C4644BB29463046FFF7F0
S214009250C1FF431C044650D13C682146002941D139
S214009260002C44D02368304604EB030800F058F87E
S21400927080453CD121686D1A29463046FFF7AAFF83
S214009280013034D023682B4423603B68002B36D053
S2140092905A68A24229D100225A600EE02268521B68
S2140092A01DD40B2A16D96119A342256018BF596030
S2140092B0636808BF396062514B60304600F02AF898
S2140092C004F10B00231D20F00700C21AB5D01B1AAC
S2140092D0A350B2E7A3426268DED13A60EDE72346C8
S2140092E06468B1E70C464968B8E71346CEE70C2336
S2140092F03360304600F00EF89EE70560DDE75B6001
S214009300FFDE00BF401900200148FFF761BF00BF25
S214009310341900200148FFF75CBF00BF3419002055
S21400932038B5064D0023044608462B6000F03AF890
S214009330431C02D12B6803B1236038BD38190020C6
S214009340024B01461868FFF767BF00BF6C0000209D
S21400935010B501390244904201D1002005E003789F
S21400936011F8014FA34201D0181B10BD0130F2E7DF
S214009370884210B501EB020402D98442234607D87E
S214009380431EA14208D011F8012B03F8012FF8E77D
S214009390024401468A4200D110BD13F8014D02F87E
S2140093A0014DF7E7044A05491368002B08BF0B4632
S2140093B018441060184670474419002048190020C9
S2140093C0FEE700BFF8B500BFF8BC08BC9E46704775
S2140093D0F8B500BFF8BC08BC9E467047B814B6F196
S2140093E0E0CFF3ADB7DD25C9FA79B7130002010661
S2140093F00409004F544100081B00011800052A000C
S214009400022900F01921B4478FA4BFA14F63FDEED7
S214009410D6141D00636032E0375EA488534E6DFBA1
S2140094206435BFF70053A1811F582CD0A54540FCDA
S21400943034F3274298009F3EE22E0ECFFFBF1E4514
S214009440CA8C68234A4F0016531EC44CBAAD9D32D0
S2140094504B6808CF7BC04C00FE5A24E12BAAA5B26D
S214009460E94617E90A5CF02500F8927AAC96CDA991
S214009470BFF249C14A11CC770D0000007D9500006F
S2140094800200000003280000849400000200000090
S21400949000028000080002002000000140000400D6
S2140094A00100100008060200040907030105000079
S2140094B040787D0100000000005A620200010000B2
S2140094C0C0CF6A0002000000809FD50002010000A5
S2140094D0002D310102020000000301030303020114
S2140094E002030405060708090A0B0D0E0F101112D9
S2140094F0131415161718191A1B1C1D1E1F202122BF
S21400950023242526000C270013B779FAC925DDB7D2
S214009510ADF3CFE0F1B614B8010200000000000081
S2140095200000000008000000000003070000000024
S2140095300000000000000000000000000000000026
S2140095400000000000000000000000000000000016
S21400955000000000000000000307000300000043B6
S21400956007000000839500000200000080950000C0
S214009570020000000101020A0000000000002800AE
S214009580002A000018000000000800FCFC950000FF
S21400959001000107A8950000000800F8B895000033
S2140095A0000000000000000083FFBFFFE2FFF1FFA5
S2140095B0F9FFFEFF000000009600FCFEF8006D2399
S2140095C0441FEEFFC700F20E8E37FAFF5C00A403BE
S2140095D024A7FFFF3200D601AD3400001F00300183
S2140095E0004D00001200C000CA4A00000B006E00CA
S2140095F0F73C000005001F002F2000008C00FCFE3A
S214009600FFFF000000000000FC00D2104C06FAFF2E
S21400961075009B05F132FFFF3E0062020B3500002D
S21400962025004B01885F00001700E0005E5D00002B
S2140096300E008C006A4F00000700250083280000FB
S214009640000000004801000078130020FA04FA0029
S2140096500033330A0A0A0840002100000000000018
S21400966000000000000000010000010100010101EF
S2140096700101020300000001A806000048704C0D1E
S2140096804470D80C307064123C70AE163870340DCE
S21400969034705A0D30700A0F2C700A0F2870DC10C8
S2140096A02470F41020703E0D1C7080111870F2119A
S2140096B014703A0DB110076001D80A7108B87F78A7
S2140096C0020C7E78641000C6A01F00218CB870784B
S2140096D001B007680F305CB30F330111C04806981D
S2140096E04A022FB006D80C7109DD087100B853A8DD
S2140096F009BB1110076801682148076004100112B1
S214009700FF322150076051480760008806984413CE
S21400971000C4401F002103DD087214BA281400A0FC
S21400972000BA03DF107109DF0672029860058CB874
S214009730507800A04413281441158110076002D801
S2140097401471108806982E1800C00C7008400698F1
S2140097507C1A0091069860020060B83020D8067126
S21400976090BC637C784D5412F03240DE0472404860
S21400977004DB08720DDD0C72044BEF3014480698BB
S214009780FC0600C4E0100840441207620132214083
S214009790084C287C811140D91C72B1123032CF4A55
S2140097A0013AB1DA107208D8067104D80871B04CC4
S2140097B0237C4070684C4412FF328722047580B8C0
S2140097C0D84C81D8327140D90472237C084B069855
S2140097D0FC0604BA88B9767900C118600840357965
S2140097E0E049007906B904A901D86E72227CBC4C07
S2140097F0307C0298320208D83C7100C14C00084008
S214009800141110D93071104C00C114000840141106
S2140098101814076100C5206008405415FF35047110
S21400982010491814A84C44120762013206710298B7
S2140098301201B84C08D80C7107BA24D8047106BABD
S214009840187004D80C7101BA40D80E7102BA0A70AA
S21400985005BA20D8047203BA227C604C4411404CEE
S21400986018140761181491113831114291110769C3
S21400987010D90472EF3200C1006008401411103194
S214009880016911422814A111076118140698621A7A
S214009890181400C10060084014110769FF3118143D
S2140098A000C13C30084014111814076118143088A1
S2140098B002480698C005009308DB047101F800A072
S2140098C05CB00F3000A01088B111076980D90A710A
S2140098D000C1800008400811009100A000C40001EB
S2140098E00840441000A000C020300E4004110410B0
S2140098F01050F47200A054155045127106980607D1
S2140099000698960618B8707800B84178069840030E
S21400991090BA5B7A5C7A5D7A00C2185008402412CE
S21400992000C1501F0021281106983818208800888A
S21400993000C5441F002154155112FF350762FF323F
S21400994006986A0201595129047511590090212977
S2140099502075069886040698A2040698FA020092D5
S21400996003D80C728111076102D90472FF0FBA7016
S21400997018B8727800F804D842710088308800C0A1
S214009980FC1F0021041000C1501F00211412012AE0
S214009990215A00C3185008403413312A1A7500C0E3
S2140099A00060084004100730FE200C76381108B816
S2140099B07F78020C7E780093009000A000C0F41F11
S2140099C00021041000BB1DB400A000C1DC1F002154
S2140099D014111088FF3100C5FFFF00003112076226
S2140099E00762513A513B0E720698720C11590112D9
S2140099F001131E703114008831100698720C11592C
S214009A00415C41280698740C513801130090012BD4
S214009A1000902088076001140760FF30215D411226
S214009A2007620762312D0876FF34415C4128015DEC
S214009A3031100698740CFF303088011300C0E01F08
S214009A4000210410512B0C76076801150768FF35B6
S214009A506070315BFF32212B0C75076001150760C3
S214009A60FF354E7000C5E41F0021541507650765D5
S214009A705112FF35FF30012B087521100760327038
S214009A8021100768FF30012B0A7521100760076058
S214009A90207000C2E81F0021241221100760076012
S214009AA0FF30012B0875211007680670211007602B
S214009AB0FF300093009200C10060084014142C4947
S214009AC00734FE242A761415F0BC076C513C076850
S214009AD003680154107100C4FF0FFFFF513C01449E
S214009AE04811311200C5E81F00215415FF350762E2
S214009AF007622143544914122155FF35515228114B
S214009B0000A001D81871008800C004700840041036
S214009B108020FF30067106984E03009000A002D801
S214009B20047200A00088069896061DB428B9112C69
S214009B30408800C3EC1F0021341440445A7144137B
S214009B4006982005411500C0006008400410073044
S214009B50FD20447500C20870084024100760FF30DE
S214009B6080DC34710698AE0C01591C4A241007603C
S214009B700260FF300698AE0C0158B220012954133B
S214009B8031100698AE0C11280A7504255415504558
S214009B90EE72069820050094009000A07FB906613A
S214009BA000C01C60084006984A1304155153113B28
S214009BB03155581002984413EBBD00C0401F0021D9
S214009BC00411113D10D91271FF33076B00C190408C
S214009BD00846381118B97479581000A00698600223
S214009BE08024E4240D300472044800C11C5108404F
S214009BF0141100C3DC1E0021911504351A721813C7
S214009C0088BB08D804716C7B04D804716A7B8CBB53
S214009C102F7C5B7B16703C4B181388BB08D80471EE
S214009C206F7B04D804716D7B217C0C300160069834
S214009C3082060698680B0698320700B8B1110769C5
S214009C4040D906720298660601BC00C20060084051
S214009C5000DC0A7124150165604A0A701C4A241546
S214009C6007657C4A043508D920712024512A24121D
S214009C7000C180000840320C2811076228110762D4
S214009C80281107622811500C00C1381F0021141239
S214009C9000DC1A7120D8067101B80C70F0DA0C726C
S214009CA00CDB087102B806988A0648240449141189
S214009CB000C380000840FFB801201141087101412F
S214009CC018130824014200C1200008401411014165
S214009CD0036D514191152035016D5141181328131C
S214009CE0481300C37C000840341003D80C710730BA
S214009CF005DC0671084B227B8CB8507800B800C192
S214009D00381F0021141203682150F0300152281128
S214009D1000A04024066400C0FFFF0100013C1DB007
S214009D2002200158402806751EAC01EC00A02088D1
S214009D3000C01850084004121DB4211304123052FB
S214009D40F871066C402400C3741F002134101411EF
S214009D500698C00C0669009211592129067600BBA8
S214009D6011590698960C80B80158013A0662313BA4
S214009D700472215A412A00A000C200010840317A2C
S214009D8000A0308880B9076900C30000C0FF31100A
S214009D90312800BC002D0C7511541EAC01EC312D81
S214009DA0F470066C51134155312C009300A000C08E
S214009DB028400E400413315107610C3107691153D6
S214009DC0381000A006984A0800C0F41F00210411AD
S214009DD006983207217A237A00C3000010000698FE
S214009DE0720700C0581F00211DB1181000A000C047
S214009DF0541F00211DB1181000C09C1F0021041024
S214009E00002D067500B826A80698060700C09C1FF9
S214009E1000210410012C06750698960628B010B985
S214009E20115911380EB9114028A880B800C1443025
S214009E300840081100C1F01F00211410303B0671C5
S214009E400760076000C40830084044111150FF3016
S214009E50015118146FB8076826A8217A050C21103E
S214009E602048267800C063EF0000314026A8050C85
S214009E7020ECB11140D90872247A20EC217A1848D7
S214009E8026A828B00AB901510F31115028A8050C90
S214009E90207A20EC0F0C98B84678417806986A022B
S214009EA000C2441F002124100151FF311150081236
S214009EB000A006984A0800B826A800C05C1F00212B
S214009EC01DB1181000A030B840780DB101D9FC7251
S214009ED0427800C074300E4004114CBA407A181014
S214009EE0144804115C7A1810A4BB707B4E7B4F7B21
S214009EF000C20430084000A006984A08217A227A58
S214009F0000BB0698720700C0681F00211DB118101C
S214009F10A4BB00C040300E40041103310149287232
S214009F20B112076207623048041121510F311872CE
S214009F306E7B6F7B104804114CBA7C7A181014485C
S214009F400411607A1810B11002D81071707B30B806
S214009F50627860780DB001D8FC7100C0F8600840E7
S214009F60041101D90C7100C01800084002B918107D
S214009F7008B86E780EB84EB110D90C723EA8140C04
S214009F800FB83EA8107044A8140C01B800C1B03039
S214009F900E40081100C077801F003DB201423DAA66
S214009FA000C0FFFFFFFC013A3DAA140C00C077E09A
S214009FB01F0001423DAAFFB845207D7808B87E788C
S214009FC000C124600840141107610631087100B909
S214009FD006985A1006984A13B11101D90E710698C0
S214009FE0881A02D906720698AE0B069844135114C6
S214009FF006989606F4B845780A0C00C0641F00213F
S21400A0001DB1181002983410FFB845205D7803B8CB
S21400A010076044A83EA800C1B0300E40081110B832
S21400A02007683DB101393DA908B86F7800A046A879
S21400A03000C0FFFF0000013B076356AB94BA437AAB
S21400A04001D91471013C47B300C0FE20FFFF013B5D
S21400A050314447AC637AFFB82120407802D90471B6
S21400A060607800A0C8BC066C415C512C067506984A
S21400A070960606986E0DB110076805D8347140BA7A
S21400A08006981A1308B86578911004D8187188B81D
S21400A0906E78577800C064000840217806988210D1
S21400A0A001400A728CB84278069856130298400B04
S21400A0B008B86C7820B859785B7800C0F44008403F
S21400A0C07878797800C1C81F0021141040A8184974
S21400A0D014130449408814140C4914118112076A99
S21400A0E0006A01DA187188B8577800C0CC1F0021C2
S21400A0F00410016107630763076407640698B209E2
S21400A10000944EB010D842724DB161B80158113863
S21400A11040B102D90A72604804BB41540870204816
S21400A12002BB02BC4DA8F8B87078190C3EB141418C
S21400A1303EA9F4B973797378717800C4F840084082
S21400A14000C200410840227000C20000010044AA7C
S21400A150230C00C200000B0044AA00C410410840B3
S21400A16000C21841084004BB587C050C597C0C24DE
S21400A1700F0C2FAB050CB11008D81471647A657AF1
S21400A1801CB879787B7820B879787B78607CF42462
S21400A19041130698FC065114404406750698960628
S21400A1A0727BFFB84D20050C687840EC00C0601F3D
S21400A1B000211DB11810911004D8147100C0BC1EE7
S21400A1C00021041080D806711CB8737800F818B8FF
S21400A1D000C1D81E002100C21850084024122811C1
S21400A1E0767800F800C0B86008400411076107617F
S21400A1F080D9047240EC00C4F84008404EB010D835
S21400A2000471182441130C23527C407B11512FA952
S21400A210050C797C0A0C00C0000001020814787C4A
S21400A220050C507C08B86D7800A000C02870084067
S21400A2300411108800C1001800401810444804118A
S21400A240108878480411108800884CBA757A18105F
S21400A2503DB11088F4B84278442072782848737864
S21400A260F8B873784FB200C4FFFF8080413A4FAA17
S21400A27001BC01644113076300C06C70084003B959
S21400A28018100110011001B918100110011001106A
S21400A290011068480411076101B80160003A0471B2
S21400A2A0044904D9047241520760003A047108490F
S21400A2B008D9047231520460003B0E7200630064D9
S21400A2C0314241424FAAB2704FAAF8B853781820CC
S21400A2D053782848527800913DA9009000911810B4
S21400A2E000917848181000914448181000A01159A1
S21400A2F010D906710760076008D90471076004D991
S21400A3000471036002D90471016001D90471006010
S21400A31000A000BA01D806710148112A0069006041
S21400A32001D8F6720138F67200A08020FF30FF4890
S21400A330812000A000C2185008402412115921297B
S21400A340127300210E7100C2305008402412012101
S21400A350212900A006984A0888B8577800C57C1FAF
S21400A36000215088044D88BC00C0C81E0021811101
S21400A37001D91E71407C00950115044D50881C4D76
S21400A380FFBB076B315B04110698B80C3129F875D2
S21400A3900698761954150698881A01D908720698F0
S21400A3A07C0806700698DE0888BB547B009500F88B
S21400A3B006988C090E700698680B06988C09069805
S21400A3C06011069836089112211900C024600840D2
S21400A3D00A78097800F810B901BA0698101306989A
S21400A3E0341000C57C1F002100F89112033288B992
S21400A3F000C3BC1E0021341300C4A81008408CB84B
S21400A4004278707903DE067144786E707179A11017
S21400A41020D806710298160F80DB507102D84C7255
S21400A42005B830880763076302DB2A7100C3AC00F7
S21400A43008403413066380DB0472804800C3102093
S21400A44008403413315B04724048312831280260DA
S21400A4500814076800930814A11010300248081466
S21400A46000B808149110076008148CB86278A11020
S21400A47000DC0676517900BA80DB587100C0000017
S21400A4800200003B4E7150884110344803DE0471D0
S21400A4909048041508200411F82058101C20217834
S21400A4A00698AE0E00C0A40008400E7810D91C71A5
S21400A4B051451A7100C53400084407B8081500C590
S21400A4C03400084604B8081504702E7806987416EA
S21400A4D00095911120310269911004D80E7200C1C6
S21400A4E04C1F0021141101D90A71208806985A10B1
S21400A4F0009200C1180008400533054B1872184C2E
S21400A50003DE0471904C441400C3FF1F0000413B5F
S21400A510FF233811B849076A0698A20E044908793D
S21400A520097914102140081100A000C55400084005
S21400A530541551455071108800C13400084407B8BE
S21400A540081101B83088076B40DB247100C0370C57
S21400A55000000811364800C5D01E0021541102D94B
S21400A5600E72104801D9087100C01104000000C125
S21400A57034000846081100C1340008401415303570
S21400A5800093009100A000BD0698440210B903DCB9
S21400A590047100B901BA0698101302D9067100407A
S21400A5A04E7201B107690F3106988210FFD82872E3
S21400A5B0811008D8187106DD0A710698440203DC7B
S21400A5C00C720698C810069856130C7006DD1071AB
S21400A5D00698CE10487020B802A806DD10720698BD
S21400A5E08C090698360801F840B802A800F800C0A2
S21400A5F0BC1E00210413076301DB227191100111B8
S21400A600076911388CB910D8087144790298160F6A
S21400A61002DBFA72A11328DBF47203BD0698281039
S21400A62006988C098CBA7F7A0698FC0600C5801FAF
S21400A63000210698440200BA03DC3272044DA110D1
S21400A64002D804710C4D00C01400084004100268C3
S21400A65000C3701F002134111128FC233411069802
S21400A660960C00C10C5108400698B2065415212DD0
S21400A67000C0F8600840041101D9227100C03C1FD8
S21400A68000210410033001DC147200C014000840DE
S21400A6900411FD21087602BA076A212D069848079C
S21400A6A00298E8099110015503355150011900A090
S21400A6B000C1481F0021141001D8427101480760EC
S21400A6C0FE200E75811020D8087100C14C1F002195
S21400A6D0141101D9287100C02460084004122151C9
S21400A6E007610F3107691152281000C0006008404A
S21400A6F004119112215120311152211900A0811309
S21400A70080DB067201B800A000C30C50084034106D
S21400A710063030727C4B34122C4B341007600760C6
S21400A72040302072811080D8DC713410014A0762F4
S21400A7300360803021508C480A717F2355233410E3
S21400A740013000A000BD0698281088B847784578E4
S21400A750437800B8447800A006988C090698C8107C
S21400A76000C58C1F00215415069848070298E80972
S21400A77000C374000840027B06984A1350BA069835
S21400A7801A1306988210FFD84A71911004D848729E
S21400A790811007601CD8407220D938721112FF321F
S21400A7A02151347180218021111400C0E41E002143
S21400A7B00413FFBA3151113A215111538CB9381094
S21400A7C07B7940440E7200B900C2C41E00211812E4
S21400A7D0067008B860780698441300F800B900C2FE
S21400A7E09C1008401812244A0AB9181288BA507ADF
S21400A7F0517A577A8CB942795F7900A0069844025C
S21400A80007DC1072911000200A75069860110298F5
S21400A810660D0698360801B9911004D8047100B97F
S21400A82010BA0698101300BA00402A7100C0BC1E69
S21400A83000210411076101D9127104D9E272811056
S21400A840076001D8DA718CB8647800C11C510840E2
S21400A8500698B2060698601100C5901F0021541590
S21400A860212D06987C0800C5941F002100F800BC26
S21400A870811108D9167280D9207201B910BA0698CB
S21400A880101300400E7101BC10700698C810069890
S21400A890561320B802A800F80698601181110231FC
S21400A8A0127100B900C20C1008401812244A02B9EE
S21400A8B018120698C81000C5981F0021541506984F
S21400A8C0001A0298E80904110121147188BA737AF3
S21400A8D0042004122811042004110121F47200A09F
S21400A8E00698FC0601F8911010D8347106984003BB
S21400A8F0069886040698A20400C51C510840541108
S21400A9000698B80C00C5D41E002154155129E275CE
S21400A91018B875788CB8447801B802A800F8B11059
S21400A920076810D82E7100C04810084000C3000009
S21400A93008403114884C44113411076101D9FA716A
S21400A9404412281007622810076228100762281091
S21400A950E87000C1BC1E0021141080D82C7100C104
S21400A9605400084014111141207100C1000002403B
S21400A9701038167100C03400084407B9181000C01B
S21400A9803400084601B9181002987A020698600248
S21400A99011380472016A00BB00C1E41E00211411C4
S21400A9A020390C72911210DA0672417B00A00698CC
S21400A9B04A1300C2BC1E0021241220DA0472617BF6
S21400A9C088BA527A00A088BA727A811204DAFC72C7
S21400A9D000A088B86B78577800C0640008402F78CD
S21400A9E000A006986E100763076390B9637900B9F4
S21400A9F002DB36713112076240DA2E7200C2540052
S21400AA00084024100140227202EC00C909B801D99E
S21400AA10507200C2AC0008400E7A10D904722E7A2A
S21400AA2006987416E031076102EC00CD114502EC81
S21400AA3000CC01DB087100BB0298CA1703B84111AD
S21400AA400731FA211C760621911210DA087102DD10
S21400AA5010721E7020B80698720C3038147208B83F
S21400AA600698820600C0240008402978207800F85E
S21400AA70046020D8067102982C1502EC00CA05B8AE
S21400AA8023DA187104DBDA7120DAD67110DAD272A2
S21400AA9090B8617800B801DA067202EC00C891112D
S21400AAA010D9267100C1CC1E002114111150FF30A0
S21400AAB00C720661A110115002300A7180DB0A7216
S21400AAC00AB89E708CB97C790768911111402111E3
S21400AAD0C0311140011990B8411108D90471667847
S21400AAE020D904726578A11002D80672C0DA1E71E9
S21400AAF090B8273123DD087210DB1072607825DDF0
S21400AB000A7121DD087208DB0471627803B841110E
S21400AB1007310872A1152035AA7102DD3272A11123
S21400AB2020D9A07102D92872CCDA9872411140D986
S21400AB30927206B802DB1071046500C1102008404E
S21400AB401411112D112D054D5C720298BA132111A6
S21400AB504049C0D94E71A03141154035016551417B
S21400AB600361076308DA1E7204DA38721049A11509
S21400AB700235067110DB0E7201340A7108DB24718F
S21400AB8090B86778CC3211101A300ADC0872CCDE26
S21400AB900471FD3100C00D0F0C0D0698740C01D821
S21400ABA0607207B80298E41300BA411108D90C7114
S21400ABB002EC00CA05B830DAEC720734F0310261F4
S21400ABC001DA0471014900C0F300A3E30698740C8F
S21400ABD001D8D07100C0981440680698740C4030B4
S21400ABE0014440DA0471204C04320162204A1110FC
S21400ABF006300068014218310269114202980214B8
S21400AC00204A00C0051708500698740C11300142FF
S21400AC102088FFBB0DDA507100C1DE1B250180BC09
S21400AC2004DA107208DA0A7200C120841000E024E8
S21400AC30A02407634143016401DA06711E49024BF2
S21400AC4000C02C1F002107633810BC2002DA1271E6
S21400AC5001B91159A11380DB087100C100FCFF0186
S21400AC6018100298561700C4BC1E0021441080D845
S21400AC707C710092D0DA06710DDA0C7190BD437DBE
S21400AC80EFBD06983E0503620DDA8672A11105D95E
S21400AC905C7100C23810084024120C24281401D914
S21400ACA0067202D9327140D91E7102EC00CA211018
S21400ACB018320471FA2220D804720822FE2208757F
S21400ACC002EC00C8F87001D90E7102EC00C802D977
S21400ACD0067204DC187200C0BC1E00210410026854
S21400ACE001D8067190B8647818B873780298CA17B5
S21400ACF000C50020084000C00417000008D90472F0
S21400AD000A480815104D00B808D90472FF20081527
S21400AD10084D00C00884000008D9087200C02083CF
S21400AD20B8ED0815104D207D00A000B8011A00C02F
S21400AD3074000840027891101030011905BA069880
S21400AD401A1302D9067101B802A800C0BC1E002161
S21400AD50041380DB0671029866138CBA7C7A01DBDA
S21400AD606C7100C2301F002124111114FF3402EC54
S21400AD7000C8FF24FA7607610698820C0361113832
S21400AD800F3003611114011141100698820C01D88E
S21400AD90087203B80298E413044A02DB24712410F4
S21400ADA0112811280412023006710762076200C0DB
S21400ADB0FFFF0000213800C218000840FF200812DC
S21400ADC0411007600698820C01D87C7120BC1033B5
S21400ADD0767100BB00C12C1F00211415C021112C58
S21400ADE05112076A0F320E71408851140698FA17EE
S21400ADF04143009451120765036A0F320E714111E8
S21400AE0051140698FA17036C41430765513B00C17D
S21400AE10E81E00211411111231100F30127100BA01
S21400AE20046101D80471114200600FD8F472311029
S21400AE3002601E30047201B8003A087204B8029824
S21400AE40E4130298EA1500C0381F002104110F31E0
S21400AE5003DD1A7200C000600840041007D80E72A6
S21400AE6000C01040084004B9181000F806986E108C
S21400AE7006983C0500F830885088FF34087102ECCC
S21400AE80FF24F87002EC00CD141001BB5150FFD81F
S21400AE90047131440760006B10DBF2710421FF225D
S21400AEA0E4720F4C0095009300A000C1C01E002164
S21400AEB0141100A030880698381A8111076102D94B
S21400AEC006720298141988BB557B076120D9067153
S21400AED0029804190088A110076806982E18082101
S21400AEE01415FC2590BB5C7B5D7B00C100600840B0
S21400AEF014110731FE21307608D82A725113FC232C
S21400AF00341304DB2071076BFF33315B00C108701C
S21400AF1008401411076180490C71FF3130295475BF
S21400AF2090BB7B7B10707B7B7C7B00DD04717D7B24
S21400AF3001BB3815EC25541300DF5471042505DFDA
S21400AF4054715415211120880698B80C0092512986
S21400AF503E7500C100600840141102DB0C71073119
S21400AF60315B31292A760C7004DF0872006180D9C3
S21400AF701E7206982E1800C00870084006987C1AA4
S21400AF8006982E181411FFD9607202985A1900906C
S21400AF90009300A05415A111076910D9A6720825C0
S21400AFA008D8A071082510D89A7120882111069813
S21400AFB0B80CFC255412112AF82554110C2520D85B
S21400AFC00871F025541110252029047621591815EA
S21400AFD000920298C61818B97179811010D80A71B3
S21400AFE088B8447800B8417888B9747908B9677920
S21400AFF000F88110A0D8087188B9497900A00760C8
S21400B00002D8FA7106982E18108806984A13076216
S21400B010076210DA087108211415F025541100C2D1
S21400B0200020FEFF202912750698881A01D90A7298
S21400B03006988C090698360800941CBB41100C2014
S21400B04006984A1241110821141006984A1231280F
S21400B050441111120761FF31FF32012210521072A3
S21400B0600769181404244413042438140C70076960
S21400B07021411814082408140298441340441471FB
S21400B08000C1C41E002114155113036B0FDB0C7294
S21400B090066D06980607411500A00698360806981D
S21400B0A04A1308BB51140698C0194415FC255415BC
S21400B0B00298480788B900C3BC1E002134130763F2
S21400B0C008DB1A718113A0DB067149791070697963
S21400B0D0076302DB087208B9677900F800A08111DF
S21400B0E0076102D9107188B9757906982E1814115F
S21400B0F0FF3100A0FFB900A0041008211411F421AC
S21400B100081100A081110761076110310E710698C1
S21400B1102E1808211411F821141100A024B10000E3
S21400B1203CB100008CB400000000000054B10000E8
S21400B1300600000000000000000000008CB40000C4
S21400B140000000002CB20000040000000000000018
S21400B15000000000BCB20000809C2B8F80841E0084
S21400B160000000002200FF7F6400002000000000B6
S21400B1700000000000000000BCB20000809C2B8F86
S21400B18080841E00000023002300B6006400002018
S21400B190000000000000000000000000BCB200003C
S21400B1A0809C2B8F80841E000000240024009D00BD
S21400B1B06400002000000000000000000000000006
S21400B1C0BCB20000809C2B8F80841E0000002500EF
S21400B1D025007D0064000020000000000000000044
S21400B1E000000000BCB20000809C2B8F80841E00F4
S21400B1F00000260026005300640000200000000027
S21400B2000000000000000000BCB20000809C2B8FF5
S21400B21080841E00000027002700FF7F64000020B7
S21400B220000000000000000000000000A4B30000C2
S21400B230809C2B8F80841E00000000002400FF7F6F
S21400B2406400002000000000000000000000000075
S21400B250A4B30000809C2B8F80841E000000250075
S21400B2602500B4006400002000000000000000007C
S21400B27000000000A4B30000809C2B8F80841E007A
S21400B2800000260026009900640000200000000050
S21400B2900000000000000000A4B30000809C2B8F7C
S21400B2A080841E00000027002700FF7F6400002027
S21400B2B0000000000000000000000000F81F010170
S21400B2C0D4B50000380002000000000000000000B6
S21400B2D03030010011491000B840010000C0E30002
S21400B2E040410100EA00880018600400000000C623
S21400B2F01FC000000050000000D032005060040064
S21400B300FC006900410C000000000000110008006D
S21400B310786003000804000000000000BE031A0066
S21400B3208C60070001040C1A2F4653616862584966
S21400B33035201407C491A063564433232252922426
S21400B340E46007008108A1CB00000000198407050F
S21400B3509411CB4899200600016120008294EA8768
S21400B3600461030065B611001E37000089BB0000AB
S21400B37020610100FFDF00001470011000F80700D4
S21400B38014700130F802000018700200000300007C
S21400B3906000278470700200C30000000F9C03004A
S21400B3A0FFFFFFFFF81F010120B600003800020073
S21400B3B0000000000000000030300100E3381000FC
S21400B3C0B840010000C08300404101006D008800C5
S21400B3D018600400000000C61FC0010000500000F6
S21400B3E0008000005060040018000500410C0000BA
S21400B3F00800000091000400786003008C000C0038
S21400B4000000000014001A008C60070001040B19ED
S21400B4102C404C59605B534736251B114AF338962F
S21400B4206745231211090000E46007008F0846CB29
S21400B4300000000023086404D007CB4891200600D3
S21400B440F9541C008294EA870461030051551100E8
S21400B450B01B000089BB000020610100FFDF000078
S21400B4601470011000F8070014700130F800000096
S21400B47018700200000300006000A58370700200D0
S21400B480054100000F9C0300FFFFFFFFDC1F0401C7
S21400B49000000000000000000000000000000000A7
S21400B4A0F01F02013F00370000000000FC1F0101F2
S21400B4B000000000040002000181010000010000FD
S21400B4C01800020000000000010000002800040030
S21400B4D00000000000000000000000000000000067
S21400B4E040000100A0070000480001000000000026
S21400B4F0540002000000000000000000A00004004D
S21400B500FF4C0000FF4C0000FF4D0000FF4D000008
S21400B510002001000807000010200100AAAAAA00C7
S21400B520182001000060DA000830010013AC0001AA
S21400B530343001000100000040300100000000002F
S21400B540A04001007A27000FF44001002010000000
S21400B5503441020080080000E687000044410100F4
S21400B560C0E6524D604104000000000000000000EC
S21400B5700600000006000000146001001000000035
S21400B5802860030000000003000000000000000028
S21400B59060600200294176710000000084600200AD
S21400B5A00000000000000000207004000000000002
S21400B5B08200000000008001D500000048700200F4
S21400B5C03C3D0000BC1900007870010006E0490010
S21400B5D0FFFFFFFF0D000000388EE30000000000B4
S21400B5E07CB600006CB6000000000000E070720040
S21400B5F080DE800280841E000101000011490002E6
S21400B6000000000000000000000000000000000035
S21400B6100000000041841E00000000000000000042
S21400B6200D0000001CC77100000000007CB6000082
S21400B63074B600000000000018CC660080DE8002B1
S21400B64040420F0001010000E33800020000000045
S21400B65000000000000000000000000000000000E5
S21400B6605B420F00000000000000000008520000CF
S21400B670B20C0000A5A00000C4090000193F010696
S21400B680041001000001010600102700000C000055
S21400B690000000000000000000000000FC4AFF7FE1
S21400B6A001000000B0B60000100000202D000000D1
S21400B6B0FF000000E40C0A0005050000413500000C
S21400B6C040960000FFFFFFFFF93B0000F53B00003F
S21400B6D0FF0EFE01FFFFFFFFFF000E000000000050
S21400B6E0614F0000FFFFFFFFFFFFFFFFFFFFFFFFB1
S21400B6F0FFFFFFFF71680000FFFF0000FFFFFFFF76
S21400B70011710000FFFFFFFF000000007000002026
S21400B71000000000F817002060180020C81800205D
S21400B7200000000000000000000000000000000014
S21400B7300000000000000000000000000000000004
S21400B74000000000000000000000000000000000F4
S21400B750000000000000000000000000750100006E
S21400B7604D010000FFFFFFFFFFFFFFFFFFFFFFFF92
S21400B770FFFFFFFFFFFFFFFFFFFFFFFFFFFFFFFFD4
S21400B780FFFFFFFFFFFFFFFFFFFFFFFFFFFFFFFFC4
S21400B790FFFFFFFFFFFFFFFFFFFFFFFFFFFFFFFFB4
S21400B7A0FFFFFFFFFFFFFFFFFFFFFFFFFFFFFFFFA4
S21400B7B0FFFFFFFFFFFFFFFFFFFFFFFFFFFFFFFF94
S21400B800C00A00208DCE0000DB850200DB8502002A
S21400B8104B960200DB850200DB850200DB8502001A
S21400B820DB850200DB850200DB850200DB8502008B
S21400B830DB850200F04303008F820200DB850200F6
S21400B840DB850200454B0200DB850200DB8502003B
S21400B85085430200572A0300532A0300654B020063
S21400B8604B2A030081D60000DB850200DB85020040
S21400B87039C600003F830200DB850200DB8502003C
S21400B880DB850200DB850200DB850200DB8502002B
S21400B890DB850200DB850200DB850200DB8502001B
S21400B8A0DB850200DB850200DB850200DB8502000B
S21400B8B0994B02004F2A030011200100D54B0200CD
S21400B8C0DB850200C52F0200DB850200DB85020057
S21400B8D0DB850200DB850200DB850200DB850200DB
S21400B8E0DB850200DB850200DB850200DB850200CB
S21400B8F0DB850200DB850200DB850200DB850200BB
S21400B900DB850200DB850200DB850200000000000C
S21400B910013800D0FCE7704700000000000000007F
S21400B92001F0FF01102A2BDB10F0070F08D010F8EB
S21400B930013B013A8B422DD010F0070F42B3F6D1EF
S21400B940F0B441EA012141EA014122F007047FF008
S21400B95000070023F0E80256083C85EA010586EA5F
S21400B960010685FA47F5A3FA87F586FA47F6A5FA9B
S21400B97087F68EB9EED1F0BC01F0FF0102F00702A7
S21400B98032B110F8013B013A83EA010313B1F8D152
S21400B9900020704701387047002D06BF3546033833
S21400B9A0073815F0010F07D1013015F4807F02BF6C
S21400B9B0013015F4C03F0130F0BC0138704700BFBD
S21400B9C070B5414C00238AB0E363054618B1008881
S21400B9D023600DF039F83D4E3D4826F00BFD3D4BFB
S21400B9E0336030463C4B736021F093FF00213046B5
S21400B9F015F0CAF832A3D3E90023A062C4E90623EF
S21400BA0021F092FFD4E9062319431043C4E9060146
S21400BA10CDE900014FF0FF334FF0FF32A06A26F069
S21400BA2065FD02224FF0FF31A06A26F061FD01207D
S21400BA300CF0A4FC2949A06A4FF40073002226F0FB
S21400BA40A8FDB0F5007F38D10023CDE90733099370
S21400BA5094223C23CDE903320593A06A962303A9DA
S21400BA60069315F0AFF935B3287C0DF08DF8054632
S21400BA70F0B9A06A26F06AFE0DF034F80CF060FC0F
S21400BA8020B14FF48070002109F0D6FB0CF068FC62
S21400BA9020B14FF40060002109F0CEFB22F00FF831
S21400BAA0012015F0C5F80E4A0E49A06A21F02FFFB6
S21400BAB028460AB070BDFF20D7E70725F8E700BF85
S21400BAC00DD5015520000000500D00206417002001
S21400BAD0690345EC018201007417002064150020FC
S21400BAE0B7D80200F7D802000348044B834202D0BE
S21400BAF0034B03B1184770472C0D00202C0D002077
S21400BB00000000000548064B1B1AD90F01EBA301E5
S21400BB10491002D0034B03B1184770472C0D002084
S21400BB202C0D00200000000010B5064C237843B909
S21400BB30FFF7DAFF044B13B10448AFF3008001238C
S21400BB40237010BD0A1F002000000000446F030091
S21400BB5008B5054B1BB105490548AFF30080BDE8A5
S21400BB600840FFF7CFBF00BF00000000700F0020A6
S21400BB70446F0300A3F5803A704700BF174B002BB5
S21400BB8008BF134B9D46FFF7F5FF00218B460F4677
S21400BB901348144A121A27F08FF90E4B002B00D0C8
S21400BBA098470D4B002B00D098470020002104003A
S21400BBB00D000D48002802D00C48AFF300801BF0A3
S21400BBC053FA2000290000F00FFB1AF0CDFF00BF4B
S21400BBD0000008000000000000000000C00A00206E
S21400BBE02C0D00204820002000000000000000006F
S21400BBF038B50B7801330B7003200C4600F0C0FEFE
S21400BC0070B10A4D0A4928681DF04BFB1CF0E2FB98
S21400BC101CF0E1FB2378074A074928681DF041FB22
S21400BC20BDE8384001200FF0C5BD00BF6010002001
S21400BC30403D0300013F0300453D030010B50320CF
S21400BC4000F09EFE78B1084C084920681DF029FBDC
S21400BC501CF0C0FB1CF0BFFB2068054A0549BDE888
S21400BC6010401DF01EBB10BD60100020403D0300BC
S21400BC70103F0300583D0300F0B50368AD4A23F4B7
S21400BC807F4323F00703934285B0044600F0F0811B
S21400BC900ED8A2F18272934200F01F8102F18072E8
S21400BCA0934200F07B81A44A93426DD005B0F0BD6C
S21400BCB0A24A934200F0498202F510229342F5D13F
S21400BCC09F4D2B78032083F001032B7000F058FE65
S21400BCD060B19C4E9C4930681DF0E3FA1CF07AFB7C
S21400BCE01CF079FB994930681DF0DBFAB4F8053092
S21400BCF01B2B4FF0030040F01082E379012B40F03D
S21400BD000C8200F03DFE60B18E4E8F4930681DF00B
S21400BD10C8FA1CF05FFB1CF05EFB8D4930681DF016
S21400BD20C0FA032000F02CFE68B1864E86493068C3
S21400BD301DF0B7FA1CF04EFB1CF04DFBE27985496E
S21400BD4030681DF0AEFA032000F01AFE68B17D4C94
S21400BD507D4920681DF0A5FA1CF03CFB1CF03BFB5F
S21400BD602A787D4920681DF09CFA2B78002B00F07D
S21400BD70CE810023CDE90033784A794B79484FF4D9
S21400BD807A7105F07FFF91E7774E30460FF036FD6B
S21400BD90054610B36B4C754920681DF082FA74494D
S21400BDA020681DF07EFA1CF015FB1CF014FB714B8E
S21400BDB00093714A714920686B231DF072FA70492E
S21400BDC0704A20682B461DF06CFA284600F01EFECE
S21400BDD06D4920681DF065FAFEE7307802210FF005
S21400BDE047FD044610B3574D604928681DF059FAC0
S21400BDF05F4928681DF055FA1CF0ECFA1CF0EBFAC7
S21400BE005C4B00935C4A5D49286870231DF049FA34
S21400BE105B495C4A286823461DF043FA204600F03A
S21400BE20F5FD594928681DF03CFAFEE70090A0226F
S21400BE300346114630780FF0F9FC054610B3414C26
S21400BE404A4920681DF02DFA494920681DF029FA54
S21400BE501CF0C0FA1CF0BFFA464B0093464A47490E
S21400BE60206879231DF01DFA4549464A20682B466E
S21400BE701DF017FA284600F0C9FD434920681DF05A
S21400BE8010FAFEE7307802210FF006FD054600287E
S21400BE903FF40CAF2B4C354920681DF002FA3449AC
S21400BEA020681DF0FEF91CF095FA1CF094FA314B50
S21400BEB00093314A314920687D231DF0F2F930495C
S21400BEC0304A20682B461DF0ECF9284600F09EFD0F
S21400BED02D4920681DF0E5F9FEE72C4D037B2B70FD
S21400BEE0032000F04DFD68B1164C174920681DF080
S21400BEF0D8F91CF06FFA1CF06EFA254A254920681E
S21400BF001DF0CFF9032000F03BFD00283FF4CEAE35
S21400BF100C4C0D4920681DF0C4F91CF05BFA1CF0AF
S21400BF205AFA2A781C49206805B0BDE8F0401DF092
S21400BF30B8B900BFA0000A01A0000100A0000103DC
S21400BF400C1F002060100020403D0300393E030017
S21400BF504B3E0300623E0300773E0300F1BB000049
S21400BF600B1F0020880F0020E90C0020DE3D030098
S21400BF705D3D0300F23E0300623D03006B3D03009F
S21400BF807A3D0300773D03008F3D0300E80C002058
S21400BF90E33E0300A03D0300B73D0300032000F08E
S21400BFA0EFFC68B17C4C7D4920681DF07AF91CF0E6
S21400BFB011FA1CF010FA7A4A7A4920681DF071F9D5
S21400BFC0794C022120780FF053FC054610B3724CD2
S21400BFD0764920681DF065F9754920681DF061F9FD
S21400BFE01CF0F8F91CF0F7F9724B0093724A73498B
S21400BFF020688F231DF055F97149724A20682B4638
S21400C0001DF04FF9284600F001FD6F4920681DF02D
S21400C01048F9FEE76D4B2078FF2202211A700FF0D8
S21400C0203BFC054600283FF441AE5B4C5F49206868
S21400C0301DF037F95E4920681DF033F91CF0CAF987
S21400C0401CF0C9F95B4B00935B4A5C49206895235A
S21400C0501DF027F95A495B4A20682B461DF021F946
S21400C060284600F0D3FC584920681DF01AF9FEE770
S21400C070B0F8053005791B2B7FF418AE032000F0CE
S21400C0807FFC68B1444C454920681DF00AF91CF055
S21400C090A1F91CF0A0F9424A4D4920681DF001F9AB
S21400C0A003AE30461CF0E5F80446032000F068FCBA
S21400C0B078B1394F394938681DF0F3F81CF08AF921
S21400C0C01CF089F90094039B354A424938681DF0F4
S21400C0D0E8F8032000F054FC70B12F4C2F4920687C
S21400C0E01DF0DFF81CF076F91CF075F92C4A3A4979
S21400C0F020682B461DF0D5F80DF10A03CDE9006344
S21400C100002204231B2128460FF002FCCEE533480C
S21400C11005B0BDE8F04005F0D1BC00F031FC0028C9
S21400C1203FF4C4AD1C4D1D4928681DF0BAF81CF03C
S21400C13051F91CF050F9E379B4F80520284928682D
S21400C14005B0BDE8F0401DF0ACB803A81CF091F8AF
S21400C1506368012B7FF4AAAD1C4803AB0078042269
S21400C1601B210FF017FC00287FF4A0AD032000F081
S21400C17007FC00283FF49AAD074C084920681DF0DC
S21400C18090F81CF027F91CF026F9039A1549206848
S21400C1901DF087F88AE500BF60100020403D0300D0
S21400C1A0E33E0300C73D0300E90C0020DE3D03002C
S21400C1B05D3D0300F23E0300623D03006B3D03005D
S21400C1C07A3D0300773D03008F3D0300E80C002016
S21400C1D0E03D0300FB3D0300253E0300880F0020E2
S21400C1E08A3E0300BF3E030008B51DF0DDFAFFF7E8
S21400C1F025FD00F04FFB032000F0C2FB68B10A4C9F
S21400C2000A4920681DF04DF81CF0E4F81CF0E3F82D
S21400C210074A084920681DF044F81DF0D2FA1CF0C1
S21400C22027F805F00DF9F8E760100020403D030000
S21400C2302C3F0300193F030030B503687C4A23F403
S21400C2407F4323F00703934289B040F0EE80794B9A
S21400C2500822002112200FF045FB044610B3764D4D
S21400C260764928681DF01DF8754928681DF019F8EC
S21400C2701CF0B0F81CF0AFF8724B0093724A73498A
S21400C28028683D231DF00DF87149724A2868234638
S21400C2901DF007F8204600F0B9FB6F4928681DF02E
S21400C2A000F8FEE701466D4B032214200FF01AFB40
S21400C2B0044610B3604D614928681CF0F2FF6049DF
S21400C2C028681CF0EEFF1CF085F81CF084F85D4B27
S21400C2D000935D4A5D4928684B231CF0E2FF5C49E9
S21400C2E05C4A286823461CF0DCFF204600F08EFBE4
S21400C2F0594928681CF0D5FFFEE70146584B052231
S21400C30016200FF0EFFA054610B34B4C4B49206849
S21400C3101CF0C7FF4A4920681CF0C3FF1CF05AF8FF
S21400C3201CF059F8474B0093474A48492068592360
S21400C3301CF0B7FF4649474A20682B461CF0B1FF61
S21400C340284600F063FB444920681CF0AAFFFEE77D
S21400C3500DF10F0104A80FF033FB044610B3364D61
S21400C360364928681CF09DFF354928681CF099FF5F
S21400C3701CF030F81CF02FF8324B0093324A334949
S21400C380286864231CF08DFF3149324A286823460A
S21400C3901CF087FF204600F039FB2F4928681CF068
S21400C3A080FFFEE7BDF814305BBAADF818309DF894
S21400C3B013308DF81A30FF238DF81B30FE238DF8CE
S21400C3C01C309DF812308DF81D30BDF810305BBA69
S21400C3D0ADF81E30014606AB082218200FF082FA90
S21400C3E0054610B3144C154920681CF05AFF144932
S21400C3F020681CF056FF1BF0EDFF1BF0ECFF114B06
S21400C4000093114A1149206874231CF04AFF104912
S21400C410104A20682B461CF044FF284600F0F6FA27
S21400C4200D4920681CF03DFFFEE709B030BD00BF97
S21400C430A0000100313F030060100020DE3D030035
S21400C4405D3D03006C3F03003A3F03006B3D030075
S21400C4507A3D0300773D03008F3D0300623F0300F3
S21400C460663F030038B501F051FD0E480E4C012121
S21400C47001F0CAF901221146002001F0ABFC0225AA
S21400C48001221146C4F88050002001F0A3FC0122CE
S21400C490C4F884501146002001F09CFCC4F8885073
S21400C4A0002038BD30253E0000400E4008B5234B26
S21400C4B001225A6402F07EFE214B90B94AF6E852F9
S21400C4C0C3F89021D3F8982142F00402C3F89821CB
S21400C4D0C3F89001D3F8642142F40052C3F86421F3
S21400C4E001E00128F6D0174A136A23F4441343F4F4
S21400C4F088131362A2F58042136843F480731360B6
S21400C50002F54052D2F8A43143F4F843C2F8A431FD
S21400C51004F0AAFA00F016FC04F044FA04F090FACC
S21400C52004F056FAFFF79EFF1CF062FE00F0FCFBDC
S21400C53000F046FDBDE8084004F0B2BE00000E4024
S21400C54000300E4000400E4008B50448012101F0BE
S21400C5505BF9BDE80840024800F0F0BD00350A006F
S21400C560C00A002030B5204D0FCD97B00FAC0FC4D9
S21400C57095E807001D4B84E807001D4ACDE9032314
S21400C5804FF08073059303F1022306934FF0F051AA
S21400C5901E23CDE907130E2200210DF12E0026F0F2
S21400C5A08BFC144B4FF44020CDE909030C238DF887
S21400C5B02C300D238DF82D300F4B0C9320230D932C
S21400C5C001238DF839300D4B00930FAA03AB09A950
S21400C5D00B4804F079FC002104464FF4E1301BF0D0
S21400C5E064FF204617B030BD4042030000420400FE
S21400C5F0000001401C0001400D1F0020A80F002075
S21400C600FC0F0020012905D8034B1B68186808B1E9
S21400C610436A1847704700BFDC0A002008B5044983
S21400C620044804F0EBFEBDE80840FFF79BBF00BFE0
S21400C630E00A00202010002001481CF09EBF00BF2A
S21400C640FC0F0020014B1A6A18681047FC0F0020E8
S21400C65001481BF0E7BF00BF5C420300184B834253
S21400C66037B52AD1174B1B783BB3C8B20FF028F961
S21400C670054610B3144C154920681CF012FE1449E8
S21400C68020681CF00EFE1BF0A5FE1BF0A4FE114B4E
S21400C6900093114A1149206885231CF002FE1049B8
S21400C6A0104A20682B461CF0FCFD284600F0AEF928
S21400C6B00D4920681CF0F5FDFEE703B030BD00BF55
S21400C6C0281000202D1F002060100020DE3D0300F3
S21400C6D05D3D0300E2420300744203006B3D03002D
S21400C6E07A3D0300773D03008F3D030030B50368B5
S21400C6F05A4A23F47F4385B023F00703002593426C
S21400C70004460295ADF80C507DD002F58022934287
S21400C7100ED0A2F18272934240F09D80504B1B785F
S21400C720002B00F0988005B0BDE8304005F0CCBC8A
S21400C730B0F80530222B40F08E80FF2304A91A465D
S21400C74011E903001BF03FFE01280ABF444B41F2EB
S21400C750FC15187005F0FC02207922210FF002F972
S21400C760054610B33F4C404920681CF09AFD3F49EF
S21400C77020681CF096FD1BF02DFE1BF02CFE3C4B9B
S21400C78000933C4A3C49206859231CF08AFD3B49EB
S21400C7903B4A20682B461CF084FD284600F036F9FC
S21400C7A0384920681CF07DFDFEE737490090237964
S21400C7B0364A0968364800F083F9054600284AD00C
S21400C7C0284C294920681CF06CFD284920681CF07C
S21400C7D068FD1BF0FFFD1BF0FEFD254B0093254A70
S21400C7E02549206862231CF05CFD2449244A206801
S21400C7F02B461CF056FD284600F008F92149206813
S21400C8001CF04FFDFEE7B0F8053007EE903AB0F8A2
S21400C8100730F8EE677A0133B7EE047A67EE877A68
S21400C82007EE103AB8EEC77A67EE877AB1EE047A6A
S21400C83067EE877A17EE900A1AF040FF07EE900A26
S21400C840FCEEE77A104A17EE903AB3F57A7F38BFD7
S21400C8504FF47A73136005B030BD00BFA000060227
S21400C8602D1F002060100020DE3D03005D3D03000C
S21400C870F1420300744203006B3D03007A3D03005F
S21400C880773D03008F3D0300E80A00205DC60000E8
S21400C8902810002013B5012000F058F804460120A7
S21400C8A01BF09CFDF4B9154C154920681CF0F9FCEA
S21400C8B0144920681CF0F5FC1BF08CFD1BF08BFD6A
S21400C8C0114B0093114A1249206838231CF0E9FCEA
S21400C8D01049114A20681CF0E4FC104920681CF03E
S21400C8E0E0FCFEE7402120461BF060FE0C4AB0FA52
S21400C8F080F35B09137002B010BD00BF601000200B
S21400C900DE3D03005D3D0300B84303001143030012
S21400C9106B3D030083430300704303009B43030007
S21400C9202E1F0020084B1B7870B504460D464BB1F1
S21400C930012000F00BF82B4622464021BDE870404F
S21400C9401BF0EABD112070BD2E1F00200B4B0428E3
S21400C95010B51C680BD004DC0138012807D9002468
S21400C96008E0082808D01028F9D1022000E00120AD
S21400C97000F08CF9204610BD0420F9E7D80A002004
S21400C9800B4B1B78024683B10A4B1B78834234BF9D
S21400C99000200120084B1B7833B1084B1B7813414D
S21400C9A013F0010F08BF002070470120F2E700BF18
S21400C9B0EF0C0020EE0C00202F1F0020ED0C0020B6
S21400C9C008B5084B01221A70074B00221A70074B55
S21400C9D004221A70064B1F221A7004F06FF8054BDB
S21400C9E0186008BDEF0C00202F1F0020EE0C002062
S21400C9F0ED0C002060100020024B034918681CF064
S21400CA0050BC00BF60100020CB43030070B50C4C38
S21400CA100C49064620681CF044FC04F04FF8054616
S21400CA20206804F03FF83046FFF7E6FF284604F09B
S21400CA3039F820680449BDE870401CF032BC00BFDD
S21400CA4060100020CD430300CF43030038B50546F1
S21400CA501BF05FFE0B4A146800235CB1AC4206D1A3
S21400CA60A96A6BB199621BF05AFE012007E02346C3
S21400CA70A46AF2E7002DF3D01BF051FE204638BD25
S21400CA801160F0E76410002010B5044698B105F078
S21400CA9015F82046FFF7DAFF10B194F82C300BB9E2
S21400CAA0002010BD1BF035FE044A1368013B1360DE
S21400CAB01BF035FEF4E72220F3E700BF68100020E5
S21400CAC02DE9F04385B005469DF8307091469846AE
S21400CAD00E4609B9002F5CD12846FFF7D5FF04465D
S21400CAE0002836D185F82C00686305F00DF98642DB
S21400CAF033D905F075F82146844640F2E7304FF406
S21400CB007A720023E6FB0C0119F0AEFE4FF0FF32FE
S21400CB10002319F0A9FE2B46E8861146CDE900440D
S21400CB201D4A28461CF00DFE044690B9C5E9089833
S21400CB3085F82D702E631BF0ECFD184A136833B38E
S21400CB401A469B6A002BFBD195620023AB621BF052
S21400CB50E6FD204605B0BDE8F08347B1CDE90044C8
S21400CB600D4A2B463146284605F08CF8DCE703A92B
S21400CB70304605F069F804460028EAD1CDE900778A
S21400CB80054A03992B4628461CF0B7FDCCE71560EE
S21400CB90DBE72124DDE700BFA1CB00006410002006
S21400CBA091F82C3013B50C4683B98B8ECA8E9342FF
S21400CBB00ED243B9CDE90033114A0B4620464FF05A
S21400CBC0FF311CF07EFDA38E0133A38602B010BD9C
S21400CBD052B191F82D307BB101230093D1E908239F
S21400CBE02046096BFFF76CFF064A012384F82C30B9
S21400CBF0136801331360E9E7084604F05FFFF3E7C4
S21400CC00A1CB0000681000202DE9F041144E3368D7
S21400CC1023B3144F4FF000081BF07BFD3C6805461D
S21400CC2024B92846BDE8F0411BF079BD94F82C30B5
S21400CC3093B1336884F82C80013B336094F82D3030
S21400CC4013B92046FFF702FF28461BF068FDD4E91B
S21400CC50083120469847DFE7A46AE1E7BDE8F0819F
S21400CC606810002064100020034B1B68002B14BFC4
S21400CC7004200120704700BF68100020024B18688F
S21400CC80B0FA80F0400970476810002038B5244D8F
S21400CC902B7804462BBB01230A220521022001F033
S21400CCA0A3FE01230A220421022001F09DFE012397
S21400CCB018460A22092101F097FE012318460A2287
S21400CCC0082101F091FE012318460A22072101F0EF
S21400CCD08BFE012318460A22062101F085FE012359
S21400CCE02B70022C0DD0042C11D0012C15D10D4B1D
S21400CCF000225A6441F211129A6403225A640020F8
S21400CD0038BD084B00225A6440F20662F4E7054B31
S21400CD1000225A6440F60802EEE72120F0E700BF42
S21400CD20301F002000C4004008B50548012100F06F
S21400CD306BFD1BF0D6FABDE8084000F01DB800BF3A
S21400CD4000350A000148012100F05EBD00350A00EA
S21400CD5007B508201BF04FFC02238DF8003068460C
S21400CD60044B01931BF065FB082003B05DF804EB51
S21400CD701BF04CBC006A18102DE9F0433B4D3C4FAD
S21400CD80DFF80091DFF800810FCD89B001AC0FC449
S21400CD9095E80700374D84E807003748012100F082
S21400CDA033FD38460121012400F02EFD334B03935A
S21400CDB001A928468DF812401BF064FE2346042283
S21400CDC000210A2001F010FE2246002302210A203C
S21400CDD001F00AFE234604220721052001F004FE86
S21400CDE00422214623460A2001F0FEFD244BAB67B1
S21400CDF00B236B6702264FF4487005F045F9C9F817
S21400CE00EC61142005F040F9C8F8EC61232005F029
S21400CE103BF9C9F8EC61B92128461BF072FE0023E5
S21400CE201A461946C8F8EC610A2001F0DDFD002319
S21400CE301A4631460A2001F0D7FD23460022072174
S21400CE40052001F0D1FD2346002221460A2001F0EC
S21400CE50CBFD284602F002FA0021A967384669672A
S21400CE6000F0D2FC09B0BDE8F08300BFD443030055
S21400CE70006204000008014000350A0000127A0033
S21400CE801E1D001200A0004400A0004608B500F0D9
S21400CE9083F8124B12498B4212D3124B12490020D0
S21400CEA08B4218D3FEF76AFE186850F8224058687E
S21400CEB040F82240013298688242F5D30C33EAE704
S21400CEC00022F8E71C6844F8220001325C68A2429F
S21400CED0F8D30833E4E70022F8E700BF4C6F0300FE
S21400CEE0586F0300586F0300586F030000487047E0
S21400CEF000F04902104AD2F8943003F00703023BD0
S21400CF00032B13D8DFE803F00C14020E0B4B1B6840
S21400CF10D2F80001C0F304200130B3FBF0F07047F4
S21400CF20074BF4E7074B1B685B08F1E7054BEEE79A
S21400CF304FF40043ECE700BF00400E40F40A002028
S21400CF40F80A0020EC0A002008B5FFF7D3FF054BCF
S21400CF50D3F80831C3F308230133B0FBF3F0024BD8
S21400CF60186008BD00400E40F00A0020014B18680B
S21400CF70704700BFF80A0020054B1860054BD3F831
S21400CF80943003F00703022B01D1FFF7DDBF704793
S21400CF90F80A002000400E40044B054A9A60D3F879
S21400CFA0882042F47002C3F88820704700ED00E045
S21400CFB000B80000014B1868704700BFF40A002054
S21400CFC00F4BD3F82838A3F17E62A2F58432B2F56F
S21400CFD0104F10B511D219680A4A91420DD10A4C69
S21400CFE0227812F0FD0F01D0002010BDDB699847B3
S21400CFF00028FAD101232370F6E74FF48170F4E796
S21400D0000000E10F07B0CD5E311F0020054A06493B
S21400D0100346106803448B4294BF13604FF0FF3002
S21400D020704700BFFC0A00200000042008B529480D
S21400D030012100F0E9FB012304220221052001F072
S21400D040D3FC002001F0C4FC234B0122C3F81028B7
S21400D0501146042000F0BEFE204800F027FD204BBD
S21400D060D3F8F02042F00102C3F8F020D3F8FC20F9
S21400D07042F08072C3F8FC20A3F55D43194A1A609B
S21400D08000F5D520184B00F2FC40B0FBF3F0174B30
S21400D090013802221861C3F8F0204FF48072C3F8FA
S21400D0A004234FF06043124AC3F8B02F114AC3F866
S21400D0B0802ED3F8002E42F48072C3F8002EFF2292
S21400D0C083F82020D3F8002E22F48072C3F8002EB6
S21400D0D0002008BD00350A000080144206000E003D
S21400D0E000ED00E0FF030040F8590D00000004E0EA
S21400D0F055CEACC5090001004FF0604330B5D3F8FB
S21400D100802ED20715D501240B4D8440D5F8FC207F
S21400D11042F08072C5F8FC20D3F8002E2243C3F8F4
S21400D120002E53F82020002AF0D003F8201000200C
S21400D13030BD1120FCE700BF00ED00E02DE9FF4107
S21400D140044601212B4800F05FFB23682A4A9342DD
S21400D1504ED002F58062934247D12848012100F064
S21400D16053FB6179207901230A2201F03DFCE17925
S21400D170A07901230A2201F037FC0A270126302570
S21400D180237962794FF00C0815FB038303F188437B
S21400D19003F5204306FA02F21A60642004F074FFD6
S21400D1A02379627915FB038303F18C4303F520434F
S21400D1B006FA02F21A60642004F066FF013FDFD12F
S21400D1C020680323436423895BBA9BB2836440F2DE
S21400D1D00113ADF8003023690293E36801936946B2
S21400D1E0237D8DF80C3001F07BFC04B0BDE8F081A7
S21400D1F00348B3E74041050000C000400092040029
S21400D2000082040038B5054601F082FD044C012872
S21400D21001D1013C00D138BD284601F07DFCF6E77F
S21400D220E193040010B501210446094800F0ECFA29
S21400D2300848012100F0E8FAA37820786178B3FA6C
S21400D24083F35B09042201F0CFFB002010BD00BF72
S21400D2504041050000350A002DE9F04F9A46554B2F
S21400D26085B01B78DDF83C909DF844B0DDF8508022
S21400D27006460F461546002B00F09680072A00F259
S21400D28095800E9B002B00F09180B9F1000F00F006
S21400D2908D80129BB3F5006F00F38880012803D1C0
S21400D2A0109B002B00F08280434B03EB05131B7B87
S21400D2B0002B7DD0414C10220021684625F0FCFD55
S21400D2C004EB451410229FBB3946204625F0F4FD9A
S21400D2D043F210036380BBF1000F03D1E37843F001
S21400D2E00303E370354A0E9BCDF800A002EB451C05
S21400D2F0CCE90193129B581E9DF84C30690103F04F
S21400D3000303C0F30A009B0643EA001E53582C484A
S21400D31018404EEA0003012E535017D0B8F1000F04
S21400D3202ED19CF8023068F304138CF8023027E004
S21400D3300021204625F0C0FD4FF444736380BBF106
S21400D340000FCFD1E37843F03003CAE71323CCF8BD
S21400D3500C309CE80F000CF1100E8EE80F00DCF885
S21400D3601C20109BCCF814306FF0030161F39F0271
S21400D370012FCCF81C2003D1CCF81890CCF8043040
S21400D3800D4A290102EB051342F80180159A5A60EE
S21400D39000272846224669469F605E7301F042FDDC
S21400D3A0384605B0BDE8F08F0648FAE70648F8E7C5
S21400D3B00648F6E7321F00206C1100206C10002093
S21400D3C00F80FFF3028000F0018000F0078000F07D
S21400D3D038B5124B1B780546DBB1E0B11BF099F966
S21400D3E00F4A00231146147B54B92B601A0101EB37
S21400D3F0031301258C501D731BF091F9204638BD90
S21400D4000133082B02F11002EDD11BF088F9054814
S21400D410F5E70548F3E70548F1E700BF321F0020AF
S21400D4206C110020048000F0028000F0018000F003
S21400D43038B51BF06EF90C4A05460023147B6CB910
S21400D4400133082B02F11002F8D101F0A1FC074BC2
S21400D45028461C701BF063F9204603E028461BF0A4
S21400D4605EF9034838BD00BF6C110020321F002053
S21400D470058000F00D4B1B7810B5044693B10728C5
S21400D48012D81BF046F90A4B03EB04131A7B2AB199
S21400D49000241C731BF043F9204610BD1BF03FF917
S21400D4A00448FAE70448F8E70448F6E7321F002085
S21400D4B06C110020068000F0028000F0018000F071
S21400D4C013B5164B1868019000238DF804301BF036
S21400D4D020F9134B1C7824B11BF021F9114802B037
S21400D4E010BD01221A701BF01AF90F4B1C731C7723
S21400D4F083F82C4083F83C4083F84C4083F85C402B
S21400D50083F86C4083F87C4004230DEB03008DF811
S21400D510073001F05DFC2046E1E700BF4044030011
S21400D520321F0020038000F06C1100200A4A127897
S21400D53008B55AB107280BD8084A02EB00131B7B24
S21400D54043B1002101F03AFC002008BD0448FCE786
S21400D5500448FAE70448F8E7321F00206C11002060
S21400D560028000F0018000F0078000F00A4A12787E
S21400D57008B55AB107280BD8084A02EB00131B7BE4
S21400D58043B1012101F01AFC002008BD0448FCE765
S21400D5900448FAE70448F8E7321F00206C11002020
S21400D5A0028000F0018000F0078000F00A4A12783E
S21400D5B008B552B107280AD8084A02EB00131B7BAD
S21400D5C03BB101F07FFC002008BD0548FCE705489C
S21400D5D0FAE70548F8E700BF321F00206C1100206C
S21400D5E0028000F0018000F0078000F00D4B1B78F1
S21400D5F093B1072812D889B10B4B03EB00131B7BA2
S21400D60073B10A4B1A6E01238340134214BF0123E1
S21400D61000230B7000207047054870470548704788
S21400D62005487047321F00206C11002000200E4075
S21400D630028000F0018000F0078000F00B4A1278AC
S21400D64010B50C4662B107280CD859B1084A02EB4F
S21400D65000131B7B43B101F04BFC2070002010BD73
S21400D6600448FCE70448FAE70448F8E7321F0020BD
S21400D6706C110020028000F0018000F0078000F0AE
S21400D6802DE9F041DFF86480D8F86070D8F86C3087
S21400D6901F4000D5FEE7134C01260025374218D060
S21400D6A02368C8F86860A3B1A16862680131A16008
S21400D6B028469847637B012B0BD150B90A4B03EBE6
S21400D6C045131A7B60F341021A731A7F60F3410216
S21400D6D01A770135082D4FEA460604F11004DDD10D
S21400D6E0BDE8F0816C1100206C10002000200E4078
S21400D6F00C4B984205D90C4B984210D801220123B6
S21400D70001E00022134609490B640949D1F80031AB
S21400D71023F0807343EA0263C1F8003170470222A7
S21400D720EDE700BF0048E8010090D0030000C843C2
S21400D73000400E400F4B5B680F4B30B500221C4676
S21400D740C9B21D798D4202D11D6885420DD20132C3
S21400D750052A03F10803F4D10321064A536823F08F
S21400D760407343EA0163536030BD04EBC204617941
S21400D770F3E700BF00000E406444030038B5074CD2
S21400D78041F67133256C2364FFF7B0FBADB2002180
S21400D790FFF7D0FF0DB10023236438BD00000E4014
S21400D7A0044BDB6B5B0604D4034AD2F8C830002B6C
S21400D7B0FBD1704700300E400000C64308B5FFF7A7
S21400D7C0EFFF024B5868C0F3014008BD00300E4022
S21400D7D0044BD3F84421D20703D4D3F84021104297
S21400D7E0FBD1704700400E4038B5064C256C41F61C
S21400D7F071332364ADB2FFF79DFF0DB100232364A0
S21400D80038BD00BF00000E4038B5C0F30323013B0F
S21400D810092B11D8DFE803F0052710102B221D1066
S21400D8201511154DC0F3043405F1424505F5801574
S21400D83004EBC5008000016038BD104DC0F3043411
S21400D840F2E70F4DC0F304344FF48030FFF7C0FF0B
S21400D850EAE7C0F304340B4D1020F7E7C0F30434B6
S21400D860094D0120F2E7094DC0F30434DCE7084D0A
S21400D870C0F30434D8E700BF00400E4050410E40CD
S21400D880F0400E40E8400E40E0400E40C0400E40E3
S21400D890B0400E40C0F30313013B092B2AD8DFE843
S21400D8A003F0050B0F1929291F23374B274BD3F8F5
S21400D8B00001C0F304207047244BD3F81401F8E7A6
S21400D8C0224BD3F80031C3F30063013301209840A4
S21400D8D0013870471D4BD3F80C01C0F30820704781
S21400D8E01A4BD3F80801F8E7194B984204D0194BA5
S21400D8F0984207D000207047144BD3F8203103F02D
S21400D9000F03E3E7114BD3F82031C3F30113DDE730
S21400D910114B98420CD003F5B01303F58053984290
S21400D920E8D10A4BD3F82831C3F301230433CDE7FB
S21400D930064BD3F82831E8E7084B9842DAD1034B78
S21400D940D3F8300100F00300704700BF00400E40DF
S21400D9508006160080162E0090171A00A0091400E4
S21400D96000F00F000138072850D8DFE800F0041553
S21400D970244F34384F402B4BD3F8943003F0070332
S21400D980023B052B06D8DFE803F049243F03054396
S21400D9900B20704705207047224BD3F8800000F01C
S21400D9A0070002283DD0042836D0012808BF0320EF
S21400D9B018BF012070471B4BD3F8843003F00703D1
S21400D9C0013B032B03D8DFE803F0041F25270120C3
S21400D9D0704703207047134BD3F88800DFE7114BDE
S21400D9E01B6F13F0010F0CBF0720092070470D4B6B
S21400D9F0D3F85C3103F03003202B0FD0302B0FD040
S21400DA00102B08BF0720D3E702207047002070477E
S21400DA100C207047062070470A2070470420704785
S21400DA200820704700400E4008B50146FFF798FFF3
S21400DA301A4B994211D01A4B994212D0194B99425F
S21400DA4004D1194BD3F8800000F0070001380328F2
S21400DA5021D8DFE800F00A0E1612134BD3F8840024
S21400DA60F2E7114BD3F88800EEE7BDE808401AF05D
S21400DA70B5BDBDE80840FFF79DBABDE808401AF0FE
S21400DA80B0BDFFF737FA084BD3F80031C3F3006395
S21400DA900133D84008BD0020FCE700BF030020008B
S21400DAA00500240002001E0000400E4000F478131B
S21400DAB0B3F5B01F10B5044674D025D8B3F5402F83
S21400DAC05ED010D8B3F5802F49D005D83BB1B3F55A
S21400DAD0003F4FD0002010BDB3F5202FFAD1BDE88F
S21400DAE01040FFF707BAB3F5801F00F08480B3F547
S21400DAF0A01F4DD0B3F5602FECD14A48FFF730FF9A
S21400DB00072878D00928E9E7B3F5381F53D013D88B
S21400DB10B3F5001F58D00AD8B3F5D01F56D0B3F5CA
S21400DB20F01FD7D14048BDE81040FFF77DBFB3F5E2
S21400DB30101FCFD13D48F6E7B3F5481F4DD0B3F5DB
S21400DB40781F65D0B3F5401FC4D13948FFF76CFF86
S21400DB50384BD3F82831C3F30123043320E0FFF712
S21400DB60C9F9344BD3F80C31C3F308230133B0FBA7
S21400DB70F3F0B0E7FFF7BEF92E4BD3F80831F3E722
S21400DB80FFF7B8F92B4BD3F81431C3F30423EDE7B2
S21400DB902648FFF749FF274BD3F8303103F003033D
S21400DBA0D84098E72048FFF73FFF224BD3F82031B4
S21400DBB003F00F03F4E71C48FFF736FF1D4BD3F8BE
S21400DBC02031C3F30113EBE71948ACE71848FFF719
S21400DBD02BFF184BD3F82831F3E71748FFF7C0FEA2
S21400DBE0072808D0082809D004287FF473AFBDE8BA
S21400DBF01040FFF7BBB9114B18686CE7FFF77AF9CE
S21400DC000C4BD3F80031C3F3042303FB000062E798
S21400DC10FFF770F9014620461AF06FFDB1FBF0F0F1
S21400DC2059E700BF06000E0002001E000500240093
S21400DC300300200000400E40B8003200000B002019
S21400DC4010B5FFF79BFD094B07225A67FFF752F9FD
S21400DC50FFF74EFDFFF778F90446FFF7AFFD0146E4
S21400DC602046BDE81040FFF7BFBD00BF00400E4095
S21400DC7008B5FFF775FE02280ABF024B4FF6FF7085
S21400DC80188808BDD60C0020014B1880704700BFCE
S21400DC90D60C0020014B1880704700BFD40C002023
S21400DCA010B5042813D8DFE800F047032F1321002F
S21400DCB0294AC1F30801D2F86838002BFBD1274A5D
S21400DCC0136A23F4FF7323F001030B43136210BDA2
S21400DCD0214A01F07F01D2F86038002BFBD11F4AA1
S21400DCE0136923F07F030B431361F0E71A4A01F030
S21400DCF07F01D2F86438002BFBD1184A936923F0D1
S21400DD007F030B439361E2E7144AD2F89030536ADC
S21400DD1023F0300343F010035362146B104BC1F32F
S21400DD20C31003300F2803EA040328BF0F200B4359
S21400DD3043EA00731363CAE74F29074A28BF4F21F7
S21400DD40D2F87438002BFBD1044A936B23F07F0380
S21400DD500B439363BBE700BF0020C84300400E4060
S21400DD6000F8FF0F104A536A13F0300F18D020291E
S21400DD7013D0302914D000290C4B08BF4FF44003B1
S21400DD80D2F8901033EA0101FAD15B0246BFD2F80E
S21400DD90A000C0F38020012070474FF40003EFE797
S21400DDA04FF44003ECE700BF00400E40FF33E107AE
S21400DDB002280AD129B1064B4FF48060C3F8A800A8
S21400DDC0596612B10220FFF7CDBF0120704700BF91
S21400DDD000400E400428F8B548D8304B13F800C071
S21400DDE02F4B1D5C2F4B33F810702F4B33F8104021
S21400DDF02E4B002940D0022839D15C6A14F0300F2F
S21400DE0035D12B4CE46B5C6AE40705D55E6A26F0D8
S21400DE10300646F010065E62264C244B25441F66EC
S21400DE20AD002B68002BFCD002B36444A40023682A
S21400DE30002BFCD0022819D1C1B11C4D696A11F023
S21400DE40010116D001222021FFF7B2FFD5F89C6011
S21400DE50012200210220FFF7BDFFC6F30A010220BF
S21400DE60FFF71EFF2F662368002BFCD0F8BD0021AD
S21400DE70D2E7FFF777FFE9E701211C66A940D3F850
S21400DE8090000842FBD1002AF0D00123074903FA8C
S21400DE900CF3D1F890201A42FBD1E7E75D4403006B
S21400DEA0584403004E4403004444030000400E4020
S21400DEB000300E408004F21010B50246B8B90122B8
S21400DEC01146FFF787FFFFF759FC0F4B04225A67EE
S21400DED0FFF710F8FFF70CFCFFF736F80446FFF7DD
S21400DEE06DFC01462046BDE81040FFF77DBC0128CA
S21400DEF007D10146FFF76EFFFFF740FC024B0322F7
S21400DF00E5E7FFF73BFCE3E700400E4038B5FFF7D8
S21400DF102DF80021044600F003FB1248FFF7E8FB4B
S21400DF20012211460220FFF755FFFFF727FC0CB130
S21400DF30FFF736FC0C4B02225A67FEF7DBFFFFF7B3
S21400DF40D7FBFFF701F80546FFF738FC01462846E1
S21400DF50FFF74AFC2CB920460121BDE8384000F006
S21400DF60DFBA38BD0148E80100400E401C4B70B5D2
S21400DF701C681C4B9C4221D81B48FFF7B9FB0122AA
S21400DF8011460320FFF726FFFFF7F8FB0024174B88
S21400DF9001265E67FEF7AEFFFFF7AAFBFEF7D4FF8B
S21400DFA00546FFF70BFC01462846FFF71DFCB4B9F3
S21400DFB031462046BDE8704000F0B2BA0021204647
S21400DFC000F0AEFA0848FFF793FB01221146032043
S21400DFD0FFF700FFFFF7D2FBFFF7E2FBD7E770BDC6
S21400DFE0EC0A0020002D31010148E80100400E40F7
S21400DFF0012210B511460320FFF7ECFEFFF7BEFB2B
S21400E000084B05225A67FEF775FFFFF771FBFEF710
S21400E0109BFF0446FFF7D2FB01462046BDE81040B2
S21400E020FFF7E2BB00400E4010B504461120FFF794
S21400E03097FC002101220220FFF7CCFE184A217C23
S21400E040536A23F00103022908BF43F00103536219
S21400E050144B2178C3F8A014637AA18843EAC1233D
S21400E060D362136BA07A217A03F07F630343E088C0
S21400E07043EAC02343EAC11303310F2928BF0F2107
S21400E08043EA01731363A37B617B1B0143EA0133FD
S21400E090E17B0B43217B43EA0143536310BD00BF82
S21400E0A000400E400000C84338B50E4D0E4C0146E9
S21400E0B01120FFF755FCAA6B4B7814400A781443DE
S21400E0C044EAC3248B7844EA0364CB7844EA032406
S21400E0D0AB6BA34205D0002101220846FFF77AFE6B
S21400E0E0AC6338BD00400E4080E4FFF8034B586830
S21400E0F0C0F30800003818BF0120704700ED00E0AC
S21400E100034BD86B80F04000C0F38010704700BF10
S21400E11000300E4042EA0322B2F5007F10B5194CDB
S21400E12029D00AD8B2F5807F22D040F201139A4255
S21400E13015D062B9D4F81C320BE0B2F5407F1DD082
S21400E14040F201339A4210D0D4F8283201E0D4F8D5
S21400E1502432C3F30722DBB203600A6010BDD4F892
S21400E16024321A0EC3F30743F6E7D4F82832F8E74A
S21400E170D4F81C32F5E7D4F82032EAE7D4F8203297
S21400E180EFE700BF0081E00F08B5FFF7B9FF20B149
S21400E190024AD2F8C830002BFBD108BD0000C643A7
S21400E1A008B5FFF7ADFF80B1FFF7EEFF074B196824
S21400E1B05A68C1F30121C2F3014291421A688CBF2A
S21400E1C042F0100222F010021A6008BD00300E4025
S21400E1D0064B1B68DB0608D5054B1B69C3F30443D7
S21400E1E0082B02BF034B044A1A60704700300E40EB
S21400E1F000400E40EC0A0020C0EA210170B5FFF78F
S21400E2007FFF38B12D4B1A781023C2F102029340DB
S21400E2102B4A13612B492C4DD1F8804145F60E034D
S21400E220C1F880312B6823F0AA03DB05DB0D0B66F3
S21400E230FFF7AAFF224B1B68D80604F0010415D589
S21400E240D1F84031DA01FBD4204B1B680B61204B20
S21400E2501B78052B0AD11F4B1E68FFF795FF184B3E
S21400E26059683046C1F30141FFF7BEFA184B1B78D8
S21400E270023B0A2B0AD8DFE803F00615170909093E
S21400E2800909091A1D000020FFF716FE2B68DB0798
S21400E2905EBF0C4B02221A661CB10A4B0022C3F862
S21400E2A0802170BD0120EFE7FFF730FEEEE7FFF7B5
S21400E2B09FFEEBE7FFF7C4FCE8E700BF331F002034
S21400E2C000300E4000400E40F0110020EC110020FF
S21400E2D0341F0020EC0A002010B50B4C0B4BD4F872
S21400E2E090201A601120FFF73BFB094B1870FFF7D0
S21400E2F04BFF084B084A5B68C3F301431370074B98
S21400E30022691A6010BD00BF00400E40F0110020C8
S21400E310341F002000300E40331F0020EC11002078
S21400E320064942780B6823F4407343EA0223022A24
S21400E3300B6004BF024B5B6A704700BF00300E40A4
S21400E34000400E4038B5054608B1FFF7C5FFFFF799
S21400E35027FF1A4A136943F0040313611AF02EFBD1
S21400E3601AF02DFB164B174AC3F8242403F559233D
S21400E3701B68DB0614D51AF0C5F925F0CDFC1AF09B
S21400E380C5F91AF01DFB104C03F004FA55B1FFF75F
S21400E39035FFD4F84C3123F00043C4F84C3138BD77
S21400E3A030BFEEE7FFF714FFD4F84C3123F00043FC
S21400E3B0C4F84C31BDE83840FEF7C6BD00ED00E0BD
S21400E3C000A000400000FFFF00300E4038B50546B4
S21400E3D008B1FFF781FFFFF7E3FE1F4B1F4CD3F892
S21400E3E0802145F60E01D207C3F8801148BF0022EF
S21400E3F04FF42071196648BFC3F88021184A136984
S21400E40043F004031361174B174AC3F824241AF089
S21400E410D5FA2368DB0611D51AF074F925F07CFCD2
S21400E4201AF074F903F0B6F955B1FFF7E7FED4F821
S21400E4304C3123F00043C4F84C3138BD30BFF1E70F
S21400E440FFF7C6FED4F84C3123F00043C4F84C3135
S21400E450BDE83840FEF778BD00400E4000300E4064
S21400E46000ED00E000A000400000FFFF0E4A037928
S21400E470916921F03F010B43017843EA810341781B
S21400E48043EA4103817843EAC103C178012908BF02
S21400E49043F0010393611368417923F4403343EA60
S21400E4A001431360704700BF00300E402DE9F04175
S21400E4B004460D46FFF724FE60B3DFF86080FFF7E2
S21400E4C063FED8F80430C3F301439C4222D0124BBB
S21400E4D0D3F80031FEF70EFD022C07464FF010066B
S21400E4E009D12146FFF780F9C8F8106095B1BDE85C
S21400E4F0F041FFF749BEC4F102039E40C8F8106021
S21400E5000DB1FFF741FE2CB921463846BDE8F04173
S21400E510FFF76AB9BDE8F08100400E4000300E40BB
S21400E52038B505460C46FFF7EBFDB8B145B90C4BC0
S21400E530D3F80051FEF7DEFCC5F3042505FB000505
S21400E540084B1B7821463BB1074B9D4204D802205E
S21400E550BDE83840FFF7AABF0020F9E738BD00BF86
S21400E56000400E40351F0020002D3101034B02787D
S21400E5701A7001210020FFF7D3BF00BF351F00200F
S21400E580234B4AF6E85210B5596B5A639A6FD20776
S21400E590FCD41B6C13F0030306D01E4A01249842D9
S21400E5A0C2F8B44A1AD110BDA0B1431E012B17D829
S21400E5B0174A4FF40023D362936FDB07FCD4136C27
S21400E5C023F0030343F001031364114A536A1C0348
S21400E5D0FCD505E00F4BC3F8B40AE4E7032BE4D000
S21400E5E00B4B9A6FD207FCD41A6C22F0030202433C
S21400E5F01A649A6F12F00102FBD10038054C18BF5E
S21400E60001200129C4F8B40A08BF5A63CBE700BF4B
S21400E61000300E400000C6432DE9F04F00238BB0BB
S21400E620CDE90433CDE90633CDE90833A0F5E1633F
S21400E630B3F5966F05460191934603D900200BB0BB
S21400E640BDE8F08F624BDFF88C81D3F81842B0F546
S21400E650E16F15BF4FEA146AC4F3072AC4F30744F0
S21400E660E4B20694CDF824A0D8F84C60C6F3017640
S21400E6708CBF01220022334607A904A815BF4FF419
S21400E680E1674FF496674FF496694FF41679039254
S21400E690FFF740FDD8F8EC30039AC3F3012308A92E
S21400E6A005A80293FFF736FDA5EB070CAAEB0402BC
S21400E6B00CFB02F2B2FBF9F214445445079F04988F
S21400E6C0089A0599BAD8A2EB010E0CFB0EFEBEFB0B
S21400E6D0F9FE11EB0E012CBF4FF0010E4FF0000EAD
S21400E6E08A42ABD3BEF1000FA8D13A1A0CFB02F255
S21400E6F0B2FBF9F280182CBF0122002287429DD37C
S21400E700002A9BD1029BBBF1000F0FD0D8F85C20EB
S21400E710B5F5E16722F4FE4218BF012722F0020297
S21400E72042EA470242EA0422C8F85C20019A0AB983
S21400E730012084E7264A022ED2F830223ED0032E4D
S21400E7403FD0012E14BFD2B2C2F30722120312F436
S21400E750702F7FF473AF1F4EF46E24F47044224380
S21400E760F2661B4A022BD2F830222CD0032B2DD077
S21400E770012B14BFD2B2C2F30722120312F4702F79
S21400E7807FF45CAF134CD4F8EC3023F4704313439F
S21400E790C4F8EC30636E884238BF084623F4FF7333
S21400E7A0E72823F0010328BFE720B5F5E16F18BF7F
S21400E7B043F0010343EA40036366B9E7C2F3074246
S21400E7C0C4E7120EC2E7C2F30742D6E7120ED4E73A
S21400E7D00081E00F00300E402F4B1A6FD96C11F0FD
S21400E7E0010F02F0060242D0002A40D013284FD96B
S21400E7F0143813288CBF102308232749013BCA6C02
S21400E800180322F47F4240EA03231343CB64234BCE
S21400E810CA6C1B88C2F303222833013202EB820043
S21400E82003EB5303B3FBF0F3C86C013B072B28BF85
S21400E830072320F0EE6040EA036343F48013CB64C2
S21400E840174BB3F90030002B10DB2833500800EBD1
S21400E850420203EB5303B3FBF2F30A6D072B28BF08
S21400E860072322F0700242EA03130B657047D96C47
S21400E87001F00101114304D1092809D90A380928F1
S21400E880B8E7DB6C13F00103B7D01AB92728B1E755
S21400E8900423B2E70023B0E700300E40CC1E002071
S21400E8A0C81E0020064A074BD3F88039136F23F0A2
S21400E8B0070303431367044B1888FFF78DBF00BF99
S21400E8C000300E400000C643CA1E0020394B02220C
S21400E8D02DE9F0419A639B6B03F00F0393420446C5
S21400E8E003D000252846BDE8F081C288B0F808802D
S21400E8F08588B0F90C6047784A2A4ED9B2F5FA7F77
S21400E9004DD340F6C3139A428CBF4FF040524FF09F
S21400E91000522849CB6C23F0405323F00103002E0D
S21400E920A8BF43F001031343CB64D1F8EC3043F4A3
S21400E9304073C1F8EC30204B1D80CB6E43F08073E3
S21400E940CB661E4BD3F8800900B10420FFF7AAFF60
S21400E9501B4BA3F800801B4B28461E80FFF73CFF8E
S21400E960A37BFBB1012B21D0012260881146FFF763
S21400E97053FE05460028B4D00E4AD36B43F480639A
S21400E980D3633846FFF7FCFDA37AA3F12002534277
S21400E99053410A4AC2F89437A4E70022B9E74FF079
S21400E9A08052B6E7034B084A9A65DDE7014B074AF3
S21400E9B0FAE700BF00300E40CA1E00200000C64323
S21400E9C0CC1E0020C81E002077402057372110B7E5
S21400E9D0044AD2F8443423F003030343C2F8443411
S21400E9E0704700BF00A0004000EB4000F8B50D46A1
S21400E9F01F46040116463AB1154801238B402044B1
S21400EA00C7B100F1C0600360072D4FF00F0114D8A6
S21400EA10AB00104806FA03F29940204419F0D5FFDF
S21400EA203EB90B4A0123AB40224477B102F1C062E3
S21400EA301360F8BD00F18060E5E7A5F108039B00D0
S21400EA40054806FA03F29940E7E702F18062EFE72D
S21400EA500CA0004004A0004008A00040F8B5054601
S21400EA600E46144662B303F00307036823F44073AC
S21400EA70036019F047FE2A6882EA072303F440730E
S21400EA8053402B6019F042FE36B9104B9D4218D108
S21400EA900F48FFF70BF806462B680E4BDA5D62430D
S21400EAA00ED0A2EBC403013B3344B3FBF2F32A6857
S21400EAB0920703F1FF3302D5002B08BF01232B6119
S21400EAC0F8BD054B9D42E7D10448E2E700C0004090
S21400EAD0008204008C44030000C40040009204003E
S21400EAE038B5002303640B4BC3634A78430103F134
S21400EAF0844382F001020C465A600B7B0546D1E93E
S21400EB000112FFF7ABFF21782846BDE8384019F020
S21400EB106BBF00BFFFFF07007A4B984270B51AD054
S21400EB2003F58063984240F0EA80774B9968426B21
S21400EB3012F4C06F15D091050FD5FD225A70092228
S21400EB401A700022026493F90110012900D15A704C
S21400EB5093F9010070BD6D4BE8E75605EFD5FE2230
S21400EB60ECE71C78082C00F2C680DFE814F00900F9
S21400EB701F0041004D006A00760094009D00BD0015
S21400EB804C880A88E5060AD5120A02F0060242F008
S21400EB90F00201211970C26241600120DAE702F03A
S21400EBA0FE02A10748BF42F00102F2E7160606D5AC
S21400EBB08022C2634FF608721A80022316E05506BA
S21400EBC0EBD54022C2634A88D40604D502221A70C6
S21400EBD00B78C362E1E7960764D507221A701B79A3
S21400EBE001EBC3031B89012BD7D108234360D4E76D
S21400EBF01506DDD45406D0D54022C2634A88920753
S21400EC0050D503221A7092E74C880A88E60643BF5E
S21400EC10120A02F0060242F0F00202F0FE02650757
S21400EC2009D51C7901EBC40142F0010209890129CA
S21400EC3004BF082141600421197001234360C262A9
S21400EC40ABE71406B4D45206A7D54022C2634A885E
S21400EC50560727D507221A709FE71A795D8801EBB9
S21400EC60C2042689AE420FD80132D2B200241A71ED
S21400EC705C804C886507C4D4E40702D4012A7FF67A
S21400EC8056AF08221A7098E76268691C5980525D70
S21400EC90C2620622DFE716068AD455067FF57DAFE8
S21400ECA04022C2630522ADE794067FF576AF1A7957
S21400ECB05C88C56901EBC2010A89A24281BF496826
S21400ECC0661C5E800D5559888A42DAD90424012ACA
S21400ECD0446004D0013A914201D1082242601A7879
S21400ECE0092A3FF42EAF58E7D2057FF556AF4FF40A
S21400ECF08072C26323E74FF609321A8021E76FF06D
S21400ED00030027E700C0004000120020F411002096
S21400ED101B4B984210B408D003F5806398422AD063
S21400ED206FF003005DF8044B7047164B8268D207FD
S21400ED3044BF202242604A88940702D50C89002CE2
S21400ED40EED0520702D50A8A002AE9D04FF4807224
S21400ED501A6000221A719960C0234360C368DB05FD
S21400ED600BD4094BC363036C5DF8044B43F4FC639C
S21400ED700364FFF7D1BE054BD8E7C369EEE700BFD3
S21400ED8000C00040F4110020FFFF07000012002022
S21400ED90084B4FF40072C3F88020BFF34F8FBFF3C9
S21400EDA06F8F054B0021D9664FF4AA401962FEF713
S21400EDB02BBD00BF00E100E000200E40034B0344E3
S21400EDC09B0081F001011960704700BFA001F1109F
S21400EDD010B5044601214FF4AA40FEF715FDB4F81D
S21400EDE0013022785BBA9BB243EA02630B4A136097
S21400EDF000231362D36253634FF00043D3664FF091
S21400EE00FF339366064A4FF40071C2F88011E37828
S21400EE105B01DBB282F80933116010BD00200E40A2
S21400EE2000E100E0F8B5254D8F7AD1F800C0C3B2F6
S21400EE3001269E404FF0300ECB7A0EFB00500C465B
S21400EE401B05097BAE6643EA0743C0F880C094F80A
S21400EE500DC0C0F888C043EA415322F00302C0F850
S21400EE608430C0F8982019F054FCEB6E3343EB6600
S21400EE70237A13B16B6B33436B63637A13B1EB6A1C
S21400EE803343EB6223792A6823B1DB431B0263F426
S21400EE907F431A4063790BB142EA0322A3790BB190
S21400EEA022EA0302E3791343044A1360044B9E628A
S21400EEB0D663BDE8F84019F032BC00BF00200E4013
S21400EEC000200E4410B5C0B20124844019F021FC85
S21400EED0054AD36E23EA0403D366044B1C62BDE8DE
S21400EEE0104019F01CBC00BF00200E4000200E444D
S21400EEF010B5C0B20124844019F00BFC074B1A6A07
S21400EF00224208D19B6A9C430CBF0124002419F0BE
S21400EF1006FC204610BD0024F9E700BF00200E4086
S21400EF20054B5A685B68054B41F671321A649A685D
S21400EF3022F001029A60704700300E4000000E403A
S21400EF40034B9A6822F001029A6000221A64704706
S21400EF5000000E40094A0A4BD969C90705D512B9FF
S21400EF606FF002007047013AF6E7002AF8D0012257
S21400EF701861DA60D86940F3800070478096980080
S21400EF8000000E4070B509B9002070BD0E4A00237F
S21400EF90082550F8234094610C4CD5600133D6699F
S21400EFA0F60705D514B96FF00200EEE7013CF6E768
S21400EFB0002CF8D0D469A40702D49942E9D1E3E73B
S21400EFC06FF00100E1E700BF00000E408096980059
S21400EFD02DE9F8431C4B0D4641F671311E6C196441
S21400EFE01A49804648684968996841F00101B6B2F6
S21400EFF0996097084FF00009B94501D3002005E055
S21400F00008EB89042046FFF7A5FF48B10E4B9A6827
S21400F01022F001029A600EB100221A64BDE8F8835D
S21400F020C4F30A01C1F500618908A7EB09039942F8
S21400F03028BF19462846FFF7A5FF0028E6D18944D1
S21400F04005EB8105D8E700BF00000E4000300E40FB
S21400F050234B41F671311A6C10B5196421494C687E
S21400F0604968996841F00101996001211861D960E9
S21400F070D9694C0792B209D5996821F001019960C7
S21400F0800AB100221A644FF0FF3010BD0221D96089
S21400F0901549D869C00700D569B9D86910F00200CB
S21400F0A00BD0996821F0010199600AB100221A6418
S21400F0B06FF00100E9E70139EBE741B9986820F005
S21400F0C00100986002B119646FF00200DDE79968EC
S21400F0D021F0010199600AB90020D6E71864FBE721
S21400F0E000000E4000300E40809698008B784A78DC
S21400F0F09B0143EA82030A781343CA7843EA021361
S21400F1000A7943EAC2234A7943EA02338A79043009
S21400F11043EA42430001014A13507047002004406E
S21400F120014B1860704700BF000084424378827825
S21400F1309B0043EA021302781343C27843EA421361
S21400F140027943EA0223427943EA0233827943EAA8
S21400F150C233C27943EA0243027A43EA4243014A8F
S21400F16013607047002004400D4AD2F8E430D2F80D
S21400F170E0109B0003F03C03C1F381110B43837046
S21400F180D2F8E03003F03F034370D2F8E830D2F80C
S21400F190EC2003F0F003C2F303121343037070472E
S21400F1A000FF0FE0024BD3F8F000D3F8F4107047DE
S21400F1B00081E00F024BD3F8FC00000E704700BF42
S21400F1C00081E00F024BD3F8F80080B2704700BF12
S21400F1D00081E00F70B5054616461C4619B914485E
S21400F1E0FEF764FC0146402C1BD003D8DCB1202C73
S21400F1F01BD070BD602CFCD1042303FB06F2530821
S21400F20003EB4113B3FBF2F30A4A203B02EAC303C3
S21400F2102A6822F060022A602A6814432C606B6118
S21400F220E7E70623E9E71023E7E70823E5E700BF5B
S21400F23040410500F8FF7F0038B50546144619B969
S21400F2400548FEF733FC014601396400B1FBF4F1D2
S21400F2500902696138BD00BF4041050040F6AA6357
S21400F260C36041F20502002303604260104A8360D7
S21400F2704361C36482640F4A0366904243678367B0
S21400F280C3670DD002F5806290420BD002F5806213
S21400F290904205D002F58062904203D083657047A5
S21400F2A00365FBE7036583650023C365704700BFFE
S21400F2B0F9FF01000000014038B5044623F04DF97F
S21400F2C00FCC044D0FC594E80F0085E80F00002012
S21400F2D038BD00BF0C12002047F6FF739A42F0B507
S21400F2E072D0062972D83A4B5B5C022B6ED8394D29
S21400F2F005EBC304DF00A17815F83330012938BFC9
S21400F3000121012B13D1E0780025401AA84202D82B
S21400F3100844C0B2F0BD431BA0EB5303666836F941
S21400F32013609642CCBF03F1FF301D46EEE76068DF
S21400F3300028EFD0B0F90040944204DBB0F9024058
S21400F3409442B8BF14468388FF2B04BFB0F906204A
S21400F350B0F908C03D440FBF01260026C8224FF072
S21400F360280C131B93FBFCF333446E781BB29E42AF
S21400F37001DD002B01DA731E1BB201339BB24FF482
S21400F3807A7C071D5D1E2DB24FEAC50E00EBC50543
S21400F3909E42EA88AD6814FB025222EAE27202F14B
S21400F3A05C02B2FBFCF205DD37F83350954203F100
S21400F3B00103E7D200EB0E039888904228BF104660
S21400F3C0884238BF0846A4E7FF20A3E70020A1E74D
S21400F3D0904403000C1200200629F0B561D8324B89
S21400F3E0595C02295DD8314B13F83100012816D13B
S21400F3F003EBC1039C78D8785B68012C214638BFA4
S21400F4000121904294BFC1EB0001C1EB0201CAB2D8
S21400F410001B8242C8BF002233F91200F0BD002A4A
S21400F4203DD003EBC103596800293AD09878904242
S21400F43002D3B1F90200F1E7DC78B1F9000094429A
S21400F440ECD95C788B88A3F1FF06013C734201F18E
S21400F4500405E4B2734101F10C07DEB2B44216D8DB
S21400F46005EBC3034FF47A75B3F902405B686A4351
S21400F470D21A04EBD47302EB630292FBF4F29042CE
S21400F480CCDBB1F902009042C8DC10B2C6E737F810
S21400F49033C0944503F10106E2D33346DDE7044862
S21400F4A0BCE70448BAE700BF904403000C120020F3
S21400F4B00CFEFFFF0080FFFF08B50448FFF7FCFEC8
S21400F4C0BDE80840012023F04CB800BF9844030074
S21400F4D000487047D80C00207FB5094B0949022226
S21400F4E0CDE901234FF08373CDE903134FF0FF30CE
S21400F4F00D2301A9059323F065F807B05DF804FB1A
S21400F500006A180006010C0000230C4A0360032959
S21400F51010B50263044643630ED1052119F0F9F9CC
S21400F520636823F4407343F400736360636823F4F2
S21400F530406343F40063636010BD00BF200010000A
S21400F5402DE9F04F1E460446894692461F460FCECA
S21400F5508BB001AD0FC596E80F0085E80F000025BB
S21400F560099519F0CFF85146064604F5827019F051
S21400F5705BF9494604F5847019F056F9394604F5E6
S21400F580867019F051F9304619F0C0F85F4E604B9E
S21400F590DFF8BC91DFF8BCA12365DFF8BCB119F039
S21400F5A0B1F8C4F850B0D4F8148019F0AFF818F0D9
S21400F5B0807F19D0574B236519F0A4F8C4F850B0D3
S21400F5C0656919F0A3F8EB0140F1888019F09AF804
S21400F5D01499054604F5887019F02EF9284619F096
S21400F5E095F80BB0BDE8F08F18F4807F1CD14A4B1D
S21400F5F02365013D9023A360636913F4807F474B26
S21400F60023650ED019F07EF83946834604F58070DF
S21400F61019F00AF9584619F079F8414B2365414B21
S21400F62063658823A360B8E7002D13DA3E4BC4F861
S21400F63050A0636519F066F801A9834604F580704A
S21400F64019F0FAF863695846C3F30343099319F0AF
S21400F6505DF86D42354B23656369DFF800C113F42E
S21400F660407F4FF08803A3604FF001016269266572
S21400F67061656369C4F850C00ABF01204FF0FF30CF
S21400F68005F1FF358842C3F30723C2F300220BD1EE
S21400F69032B1D90704D5264B2365264B6365A9E707
S21400F6A0254B2365254BF9E79AB9DA0711D5244B84
S21400F6B02365244B6365A16501A904F5807019F0E4
S21400F6C0B3F8099B03F00F03C4F848318323A36003
S21400F6D090E71D4BC4F850906365EDE719F012F8FB
S21400F6E004F5807639460546304619F09DF82846DA
S21400F6F019F00CF8154B236519F004F81499044614
S21400F700304619F099F8204669E700BFC93E81984F
S21400F7103084880198390100C93E8101D23E8201B9
S21400F720C024D0340982010099830100D908010061
S21400F730C8340981E20C8201C80881E20C8201000B
S21400F74083D9341181E21482E2148201E0100100B0
S21400F75083D9108190A2848835393801DB3E0100B8
S21400F7602DE9F04F89B081460D461646002120222D
S21400F77068461F4623F0A0FB4FF00A0A99F80030AF
S21400F780022B40D0032B07D0012B44D06FF0710B17
S21400F790584609B0BDE8F08F202269463846B04783
S21400F7A08346BBF1000FF3D100F08CFC99F80010F3
S21400F7B00446FFF7A9FE18F0A5FF6946804604F543
S21400F7C0827019F031F8404618F0A0FF374B2365D9
S21400F7D0204619F066FA18F095FF04F580788346FF
S21400F7E06946404619F028F8584618F08FFF009BE7
S21400F7F0012B18D8204600F06FFCBAF1010ABDD1E3
S21400F800DFF8BCB0C4E71C2269463846B047002380
S21400F81083460793C5E7182269463846B047002353
S21400F82083460693F5E718F06DFF05F108070646D0
S21400F830294604F5847019F038FA05F1100939469E
S21400F84004F5867019F031FA494604F5887019F007
S21400F8502CFA304618F05AFF154B2365204619F04F
S21400F86020FA4946404619F05AFA8346C8B9114B61
S21400F8702365114B6365204619F013FA2946404666
S21400F88019F04DFA834660B90C4B23654FF48E731E
S21400F8906365204619F005FA3946404619F03FFAE6
S21400F8A08346204600F018FC72E700BF30C80C0103
S21400F8B081E11C018CE11C81D11C0100E11C81D975
S21400F8C000B3FFFF2DE9F843064610460F46904664
S21400F8D01D461BF0BAF828B129463846BDE8F8435D
S21400F8E01BF09DB82B69002B40F0AD8000F0EAFBC2
S21400F8F031780446FFF708FE18F004FF04F580761A
S21400F90008F110018146304619F0CFF9484618F044
S21400F910FDFE574B236540F281136365204619F0C0
S21400F920C0F918F0EFFE29468146304619F0BDF9B9
S21400F930484618F0EBFE4F4B2365012320466365CF
S21400F94019F0AFF94C4B236519F0ABF918F0DAFE55
S21400F95005F108018146304619F0A7F9484618F027
S21400F960D5FE464B2365204619F09BF918F0CAFED3
S21400F97008F108094946054604F5827019F095F91C
S21400F980284618F0C3FE3E4B2365204619F089F939
S21400F99018F0B8FE41460546304619F086F9284666
S21400F9A018F0B4FE374B2365374B6365204619F0D5
S21400F9B078F907F11001304619F0B1F9054600282C
S21400F9C03BD1324B2365204619F06BF9304B23654B
S21400F9D019F067F92F4B236519F063F92E4B236551
S21400F9E04FF48A73636519F05CF92C4B236519F0A4
S21400F9F058F93946304619F092F90546E8B9284BC9
S21400FA002365284B6365204619F04BF918F07AFEFB
S21400FA1049460546304619F048F9284618F076FE5D
S21400FA20214B2365214B6365204619F03AF907F10F
S21400FA300801304619F073F90546204600F04CFBE5
S21400FA402846BDE8F88328461AF0FFFF08B141466D
S21400FA5043E72B69002B3FF449AF012105F1100065
S21400FA601AF068F800283FF441AF114DE8E700BFF0
S21400FA708184E11C83D91C83E11C810182D11C0195
S21400FA80C81482019983D91481E11C018CE11C0100
S21400FA90811C8401D91C830191D11CE0D814140167
S21400FAA081CB1481D11C820181E11C84E214010007
S21400FAB080B0FFFF2DE9F04788B0904605460F4618
S21400FAC000F000FB2978DFF854910446FFF71CFD90
S21400FAD018F018FE04F5807608F110010546304649
S21400FAE019F0E3F8284618F011FE40F28313C4F824
S21400FAF050902046636519F0D4F818F003FE08F11C
S21400FB0008010546304619F0D0F8284618F0FEFDE4
S21400FB104FF0010A354B23652046C4F854A019F06F
S21400FB20C0F807F11001304619F0F9F8054600282C
S21400FB3054D12F4B23654FF486736365204619F026
S21400FB40B0F818F0DFFD4146054604F5887019F058
S21400FB50ACF86946304618F06FFE284618F0D6FD19
S21400FB60244B2365244B6365244BA365204619F07C
S21400FB7098F8234B2365234B636519F092F8224BC4
S21400FB802365224B6365C4F858A019F08AF83946F5
S21400FB90304619F0C4F8054600BB1D4B23651D4BC7
S21400FBA06365204619F07DF818F0ACFD69460546F9
S21400FBB0304618F039FE284618F0A8FD164BC4F853
S21400FBC0509063654FF48A73A365204619F069F870
S21400FBD007F10801304619F0A2F80546204600F065
S21400FBE07BFA284608B0BDE8F08700BF821CC00C30
S21400FBF091D11CC0C00C81E11C82DC0C81148401F4
S21400FC00E11C81C80C0C8101D20C848BD91CE01439
S21400FC1084E21482D11C8301C00C82D38182D11C61
S21400FC202DE9F047A2B00E46054600F04BFA15F84F
S21400FC30041B044606F11007FFF766FC1C22002191
S21400FC4003A823F039F94FF0010839460AA80DF148
S21400FC506809CDF8088019F0AFF8294612A819F0FF
S21400FC60ABF812AB0AAA02A9CDF800902046FFF71F
S21400FC7067FC18F047FD4946054604F5867904F505
S21400FC80827018F0D1FD06F1080A3146484619F090
S21400FC900CF8514604F5887019F007F8284618F055
S21400FCA035FD134B2365204618F0FBFF114B2365EB
S21400FCB018F0F7FF104B236518F0F3FF0F4B236582
S21400FCC018F0EFFF514604F5807019F028F858B97F
S21400FCD03146484619F023F830B9204600F0FCF9C2
S21400FCE04146384619F03DFE22B0BDE8F08700BF19
S21400FCF08AD11C0181D91C0183D11C0181E11C0120
S21400FD0010F1860F06D038B19330044808BF6FF064
S21400FD106F0070476FF07100704700BF009FFFFFD5
S21400FD2070B58CB004460D461646002122220DF111
S21400FD300E0023F0C1F84FF41053ADF80C302CB37E
S21400FD4023681BB315B39B79022B1AD0042B20D142
S21400FD504FF48073206CADF80E304C2198B901201A
S21400FD6019F05BFDC0B120640C4B0093206CF308C7
S21400FD702A4603A900F03AFD0CB0BDE87040FFF734
S21400FD80BFBF8023E6E703F0E1F8EDE704480CB0D8
S21400FD9070BD6FF07100FAE70248F8E70002C00392
S21400FDA0009FFFFF809EFFFF10B550B1046844B16E
S21400FDB039B1006C28B100F057FDBDE81040FFF7E0
S21400FDC09FBF014810BD00BF009FFFFF07B578B179
S21400FDD002686AB1006C58B151B100230193102239
S21400FDE001AB00F0ABFD03B05DF804EBFFF788BF96
S21400FDF0014803B05DF804FB009FFFFF2DE9F041CA
S21400FE0090B0DDE916870D4614461E4680B379B3DA
S21400FE1073B36FB38379022B06D0042B25D06FF013
S21400FE20710010B0BDE8F081802A21D12022002187
S21400FE300DEB0200069123F03FF84FF41053ADF897
S21400FE401C3006AB04931023CDE90273CDE900689D
S21400FE50084BADF81E40E208294607A800F076FCDD
S21400FE6010B0BDE8F041FFF74BBFB2F5807FDCE78E
S21400FE700148D6E70002C003009FFFFF012908B52E
S21400FE800BDC074B074A00290CBF1146194600F049
S21400FE90B3FABDE8084018F0B5BF6FF0730008BDB0
S21400FEA008000002090000022DE9F74F0F9D01909F
S21400FEB0F520164695F800B0DDF834900F469A46C1
S21400FEC000F024F9002304460360082243600E99DC
S21400FED004F1800818F0E1FC2946404618F066FC5C
S21400FEE00BF0070B2A780BF1010B002302F0070238
S21400FEF0CBF1100019462A7028445A4622F0DCFF3F
S21400FF00294604F1840018F051FC0523A360109BD9
S21400FF10F34200F08780102B11D086B1C3F1100297
S21400FF20B24228BF32460F3339462B44D01911F857
S21400FF3001CB03F801CF8142F9D11744B61A05F177
S21400FF40100104F18C0018F031FC5923A36005233E
S21400FF50A3604623A360B6B1002326636363514BB8
S21400FF602365012363650F2E53D80023C5E90033AC
S21400FF70C5E90233FA5CEA5401339E42FAD82946B0
S21400FF80404618F013FC0023C4F830906363019BCE
S21400FF90002B4AD0444B2365444B6365444BA36512
S21400FFA0444BE365012323660026B9F1000F1ED0FB
S21400FFB0B9F10F0F4BD8C5E90066C5E90266002304
S21400FFC01AF80320EA5401339945F9D129464046E8
S21400FFD018F0ECFB2946404618F007FC0C9B33B1A2
S21400FFE000230C99EA5CCA5401339945F9D1294695
S21400FFF0404618F0FAFB204600F092F8019B002BD2
S21401000047D11A4612998B4245D1002A3DD02C2061
S2140100103CE03946404618F0CBFB103E07F110078E
S214010020A1D1B0E74623A360ADE7234B236503F1D7
S214010030BC4303F5262303F64D43636503F12243D0
S214010040A3F5C053A3651D4BE3651D4BABE75146B6
S214010050404618F0ADFB0C9BA9F110090AF1100AF5
S2140100603BB11946404618F0C2FB0C9B10330C936B
S2140100709BE72946404618F0B8FB96E71199EA5CDB
S214010080CA540133129A9342F8D1002003B0BDE856
S214010090F08F0023F6E71198E95CC05C41400A4303
S2140100A00133AFE770590546F870455905460348D0
S2140100B0055163FB04480559F803480546FB044807
S2140100C005590100024B03480122C3F80026704778
S2140100D00010C84300000F40094B98420ED003F5AC
S2140100E08063984209D10122064B03EBC2035A688A
S2140100F0054B13449B0000221A6070470022F3E769
S21401010000000F40504503008005F210024B0348E3
S2140101100122C3F8002670470010C84300000F40B4
S214010120044B984203D003F58063984201D1FFF750
S214010130D3BF704700000F4070B5114C114E0A2511
S214010140236843F4807223F4807322603046236070
S214010150FDF7ACFC0023800A62680AB983420AD123
S214010160636853B9013DEBD1236823F00103236093
S2140101706FF0920070BD0133EEE70020FAE700BF92
S21401018000D00140700002002DE9F04F85B0634DAC
S2140101900092634AD2F8C03043F40033C2F8C0304C
S2140101A02B68DC0781468A4616D500245B4D4E46F1
S2140101B0D04627464FF00A0BB8F1000F2BD144B1B9
S2140101C014F1940F05D042460021484622F074FEF1
S2140101D00027009B1F601AE040F271632B60FFF757
S2140101E0ABFF044698B96B68032BFCD9D5F80031F0
S2140101F02B61D5F800316B61D5F80031AB61D5F8CC
S2140102000031EB61FFF798FF04460028CDD0204669
S21401021005B0BDE8F08F6C68A40005D02B6B13F415
S2140102205C7F12D1002437E03E48FDF73FFCC00A50
S214010230844205D16B68002BF0D16FF09304C8E7B8
S2140102406B68002BF6D10134F2E7D80514D523F4F8
S21401025080732B636B6853B9BBF10107EDD04E4633
S214010260D0466FF093040022BB461746A4E7D5F8A4
S21401027000310393039BEDE70193FFF75DFF04460F
S21401028020B9019B13F41C7FCCD0E5E710F1930F46
S21401029099D010F1940FDFD06B686A689B004345D4
S2140102A028BF4346B107324634D123F00301314417
S2140102B0914212D103F0030149B11848D0F8000168
S2140102C0114402F8010B8A424FEA1020F9D1FA18BC
S2140102D01E44A8EB03085F46C6E7D5F8000142F8BE
S2140102E0040BE5E7DCF8001102F8041C4FEA112EB6
S2140102F002F803EC4FEA114E090E02F802EC02F87E
S214010300011C0438032802F10402EBD823F003028F
S2140103103244CFE7DFF804C01846F3E700D00140C7
S21401032000400E40700002002DE9F04788B00746F5
S214010330884615461E46FFF7C5FE044607F17E4071
S2140103400838012850D80423236000236360E3643F
S214010350626822F4406262606A4623639146636380
S214010360A8F1040308F11C0853F8041F09BA434511
S21401037042F8041BF8D118F0C5F94946074604F5BA
S214010380827018F051FA384618F0C0F9184B2365F8
S214010390109BDFF8609005EB831704F5D27A18F00E
S2140103A0B1F929468046504618F04EFA4035404687
S2140103B018F0ACF9BD42C4F85090F0D118F0A2F98B
S2140103C03146054604F5807018F036FA284618F0CE
S2140103D09DF92046FFF780FE331F1C3653F8042F85
S2140103E012BAB3421A60F9D108B0BDE8F08700BF6F
S2140103F0888AC801070D810138B50D46044630B319
S2140104006C22002122F058FD124B9D4205D001338B
S2140104109D4210D06FF0850038BD0F4B04F10C02E1
S21401042003F1200153F8040B42F8040B8B42F9D177
S21401043025600020F0E7094B04F10C0203F12001CE
S21401044053F8040B42F8040B8B42F9D1F0E76FF036
S2140104508600E1E7080000026045030081450300CD
S2140104602DE9F3410E461F46054600285FD083B9A5
S214010470002A5CD12B68324A93425ED00132934205
S2140104800CBF6FF089046FF08804204602B0BDE807
S214010490F0810029ECD0036829498B4244D0013110
S2140104A08B4247D14FF02008904546D86A68D30062
S2140104B08DF8073053098DF80630530B8DF805304B
S2140104C0530D8DF80430AB68D90001EB52718DF8ED
S2140104D0031002F03F025909372A8DF802104FEA3D
S2140104E053318DF801104FEA535316498DF80030F9
S2140104F094BFC2F13802C2F17802284618F08EFD88
S21401050004460028C1D108226946284618F086FD0F
S21401051004460028B9D1C7F80080424605F10C010F
S214010520304622F0D4FCB0E74FF01C08BCE76FF071
S2140105308604AAE76FF08804A7E76FF08904A4E7AA
S21401054008000002A24503002DE9F04F91B00546D0
S214010550BDF870909DF8747092469B460E46002931
S21401056000F0BB8001F1FF384FEA1818FFF7AAFD2B
S21401057009F1FF330F2B044600F2D880BAF1000FC1
S21401058000F0D480BBF1100F03D0BBF1200F40F078
S214010590CD8018F0B7F80023236023636363654BAF
S2140105A023656549029004F1840018F0FFF8BBF159
S2140105B0100F14BF102308231A46514620460193F4
S2140105C018F06BF95D4B23655D4B63655D4BA36569
S2140105D05D4BE3654FF4C173236623699A07FCD12B
S2140105E006F00F03C3F110035FFA83FBBBF1100F94
S2140105F004A901D1002E72D104F1800018F0F5F89B
S214010600029818F083F81022002108A822F054FC62
S2140106104FEA0813A6EB081205EB081108A8029387
S21401062022F055FCBBF1100F5CD010ABA3EB0B0214
S2140106308021BBF1010F02F8101C08D0CBF111008C
S21401064008AB0BF1FF320021184422F035FC08AA52
S21401065004A80423116850F8046B013B81EA0601E3
S21401066042F8041BF6D118F04DF8236B019A03905B
S21401067043F0100323635146204604F1800818F026
S2140106800CF91A99404618F093F8029B2B449A46A7
S21401069004F1A00B40F20516AA452ED108A958462A
S2140106A018F084F840F20513236523699B07FCD1F3
S2140106B00CA9404618F099F837B31B984A460CA97E
S2140106C022F005FC0025039818F020F82046FFF7D5
S2140106D003FD284611B0BDE8F08F884646E704F1D1
S2140106E088008BE7002EB2D15A46314608A822F080
S2140106F0E3FB80238DF82030A9E72946584618F0F9
S21401070057F810352665C7E71B9B0CAA994413F8C2
S214010710011B12F8010B994581EA000147EA01071E
S214010720F5D1002FCED06FF09405CCE76FF086059B
S214010730CFE700BF30820100E4450300F50536F03F
S21401074024FC31FE36833624FC31FE362DE9F04397
S21401075089B00E46DDF84080149FDDE9129100282D
S21401076039D0002E37D0B8F1000F34D0B9F1000FD0
S21401077031D081B37FB30488B4F5105F2ED144889D
S214010780E408182C2AD0202C01D0102C23D1944216
S21401079021D1154A23F47E1090421FD113F47C1FF9
S2140107A0C3F3054508BF10258D421AD804AB1022A5
S2140107B00021184622F080FB0122CDE90252CDE944
S2140107C000091199234632464046FFF7BDFE3D60BB
S2140107D009B0BDE8F0836FF08600F9E76FF0850099
S2140107E0F6E76FF08900F3E70002C0032DE9F04158
S2140107F0DDF818800C4617461E46054630B329B369
S21401080002B91BBB4C220021284622F055FB238847
S214010810B3F5105F09D108F0FE43B3F1407F15D15F
S214010820104B28F47E129A4203D06FF08500BDE883
S214010830F0816488C5F80080E208B2426A6205D891
S214010840182AF2D0202A04D0102A02D06FF086008F
S214010850EDE7B242FAD13946281D22F038FB0020D6
S214010860E5E700BF0002C0032DE9F74F0D46164627
S214010870044600285DD051B9002A5AD103682E4A91
S21401088023F47E13934244D06FF088001DE0036882
S214010890294A23F47E139342F6D1002E39D0806C78
S2140108A0E8B1C0F11002B24219D23830204422F029
S2140108B00EFB04F128020092616A04F13803201D40
S2140108C018F035FC20B16FF0920003B0BDE8F08F50
S2140108D0A36CA064C3F11002103E15441E4406F139
S2140108E00F084FEA18182F464FF0010904F1280A9D
S2140108F004F1040BC1450ED33544ED1B09D0A06CA1
S21401090038302A463946204422F0E1FAA36C2B44BB
S214010910A3640020D9E7CDF800A0616A3B465246A1
S214010920584618F004FC0028CDD1103709F101090A
S214010930E0E76FF08600C8E70002C0037FB51D46FA
S21401094008B301B3FAB1F3B10368154C23F47E166C
S214010950A6421BD113F47C1FC3F3054408BF102421
S214010960944216D80123CDE9024300F128030191F0
S2140109700093436A816C021D3830FFF7E5FD58B9D4
S2140109802C6004B070BD6FF08600FAE76FF0880047
S214010990F7E76FF08900F4E76FF09200F1E700BF28
S2140109A00002C0037FB5094B6A4603F110061546DF
S2140109B018685968144603C40833B3422246F7D16F
S2140109C02846FDF783FF002004B070BDF445030000
S2140109D070B5184B86B001AA03F1100615461868C3
S2140109E05968144603C40833B3422246F7D11B881C
S2140109F02380114BD3F8B420120316D5A3F5004378
S214010A004FF6FF721B88934208BF4FF4A6730B483C
S214010A10ADF80A30FCF7B0FA2846FDF705FB3220A0
S214010A20FDF738F9002006B070BDD3F8B830C3F32F
S214010A300803ECE7044603000081E00F00F04902DA
S214010A4007B5084B18680190202301A88DF80430DB
S214010A50FDF72AFB3220FDF717F9002003B05DF8F9
S214010A6004FB00BF1646030010B50C480C4C6FF093
S214010A700403A02113F0800F03F1010207D12344E0
S214010A80332A83F800131346F4D1002010BD03F077
S214010A900F03043B034419761346EBE700ED00E031
S214010AA000E100E010B5044617F02CFE024B1C6076
S214010AB017F02CFE002010BD2C12002010B517F0E8
S214010AC021FE034B1C6817F021FE204610BD00BF17
S214010AD02C120020034B1868002380680222194656
S214010AE016F0AEB9140C002030B5144687B0054692
S214010AF0104618F020FC636983423CBFD4E90331F9
S214010B005B181B1A02467BB10F4903910021CDE900
S214010B100131012304940093D4E90013284617F009
S214010B20D2FD002007B030BD0122627694F82D2058
S214010B30002AF6D084F835301321E3692046984719
S214010B40636A20469847ECE7E90A01002DE9F04779
S214010B5088B004460F461646984617F0DAFD8146D9
S214010B60002E7BD0237E03F0FF02002B00F0A38033
S214010B70204618F0E0FB6569A84205D1637ED4E9FA
S214010B80033213445D1B01E0F9D9451BB54228BF6A
S214010B90354617F0BEFD94F82D308246002B6ED1F7
S214010BA061692A46384622F092F963692B446361EB
S214010BB02E4621E0037803F0FD0111295CD1216B5B
S214010BC0814205D1A3F111014B424B4184F83430E7
S214010BD0013E6369216B8B4203F1010308BF236366
S214010BE06361013295426069E4D1D4E90323216B44
S214010BF01344994200D12263D4E903236169207A20
S214010C00134499424FF0000508BF62616576FCF710
S214010C108DFC204618F08FFB6369834232D194F82D
S214010C202D302576E568656103B12563636A204644
S214010C309847224B0393002304940293236901935C
S214010C400123009363682168207A2A4617F03BFD4A
S214010C50207AFCF78BFC504617F061FD4846C8F831
S214010C60006017F05CFDD8F80030002B0CBF1B208D
S214010C70002008B0BDE8F08707F8013BA9E72E463B
S214010C800022AFE701232376207A0DF11E01FCF73F
S214010C90D5FC9DF81E30002BDAD00DF11F01207A0D
S214010CA0FCF7A4FC9DF81F100029D1D1207A22461A
S214010CB0FFF71AFFCCE71646D0E700BFE90A0100A6
S214010CC0002807DB044A4109012300F01F00834086
S214010CD042F82130704700BF00E100E0002808DB41
S214010CE04309044900F01F0001226033824041F8A5
S214010CF02320704700E100E070B504460568FFF761
S214010D00DDFE844202D10020FFF7CCFE95F9366065
S214010D103046FFF7E3FF002E0CDB7309194906F096
S214010D201F0620330122B24041F82320BFF34F8F24
S214010D30BFF36F8F95F937603046FFF7CFFF002E70
S214010D400CDB73090F4906F01F0620330122B2405F
S214010D5041F82320BFF34F8FBFF36F8F287AFCF73C
S214010D6025FC287AFCF786FBFCF762FB0023C4E926
S214010D700033C4E90433A3602846AB6ABDE870407B
S214010D80184700BF00E100E02DE9F0430C46154688
S214010D90064687B04022002120461F4622F08CF8E6
S214010DA0002395E803002A692376EB68E360C4E92B
S214010DB004232A7D84F82C20AA7D2363012384F84A
S214010DC0343084F835300E9B236284E803000F9B91
S214010DD06362109B84F82D20E761A3622B7A84F866
S214010DE036306B7A84F837302D4B73602D4BB360F9
S214010DF02D4B33612D4B346073612D4BF360FCF743
S214010E005FFB38B12B4B984204D01024204607B024
S214010E10BDE8F083002104F10800FCF7D9FA074683
S214010E200028F2D1244B33624FF00108234B84F89B
S214010E303C80B361224BF3619DF8483084F83B3027
S214010E409DF8443084F83A30697D84F8390084F896
S214010E503880204618F080FA95F909904846FFF741
S214010E603DFF4846FFF72CFF164B0494CDE902736D
S214010E702369CDE900836368E2682168207A17F068
S214010E8022FC04460028C0D195F908502846FFF7F1
S214010E9025FF2846FFF714FF3046FFF703FEB5E7A8
S214010EA0A99302004D0B0100259302002B9302002B
S214010EB0F90C0100038000F0FF9202005993020032
S214010EC031930200E90A01002DE9F04186B01C4683
S214010ED0524B0C9D0293524B01930126514B0093AA
S214010EE0CDE90366504B90460A462946FFF74CFF6C
S214010EF00746002856D123682B6463686B64637ABF
S214010F0085F84930237A85F84830E37A85F84B30FE
S214010F10A37A85F84A30637B85F84D30237B85F8C4
S214010F204C30E37B85F84F30A37B85F84E303F4845
S214010F303146FCF769FC3E483146FCF765FC617AB0
S214010F40207A33460422FDF74FFD33460222E17A2A
S214010F50A07AFDF749FD60683146FCF755FC88F834
S214010F6000704146206817F04FFD2268536F43F02A
S214010F7003035367936F617C23F4F85323F01F0335
S214010F8043EA0123A17C0B4393670323536785F848
S214010F90507098F81920202A28D007D8E2B1102AD4
S214010FA038D02327384606B0BDE8F081302AF8D17C
S214010FB085F8503002220023617B207BFDF714FD6B
S214010FC02368E27CDA675A6E42F004025A665A6F68
S214010FD042F010025A6766B92A6C2068D36C43F057
S214010FE00403D364052117F008FDDBE7022385F827
S214010FF05030E17BA07B00230422FDF7F5FC23683B
S214011000217DDA6F42EA0122DA675A6F42F0200246
S2140110105A67E1E733463E46CAE700BFD594020069
S214011020C9940200619502005595020040410500F1
S21401103000350A00BFF35F8F074B5A6A22F48032ED
S2140110405A62D3F8942022F00102C3F89420BFF329
S2140110504F8FBFF36F8F704700ED00E0F0B5374D4F
S21401106037493848002387B0CDE90333FFF7E2FF5D
S2140110702C68354B4FF00052C3F89840661CC3F8F5
S2140110809C208142314AC3F8A0202E6041D005AB96
S214011090019304AB0A1A009303AB18F0B7FADDE923
S2140110A00372059BDFF8A8E0072BA2EB01024FF0C5
S2140110B001018CBF4FEAD30C4FF0200CB2FBFCF2BF
S2140110C001FA02F2013AD2B2AEEB070EC01BB3FA36
S2140110D083F3BEFBFCFEB0FBFCF08E44814002FABB
S2140110E00EF20139C3F11E0311435B0001F0FF014B
S2140110F003F03E0343EA0123134A43F0407343F0EF
S21401110001130234C2F89860C2F89C70C2F8A0308D
S2140111102C60BFF35F8F0C4B0522C3F894205A6AEC
S21401112042F480325A62BFF34F8FBFF36F8FBFF323
S2140111304F8FBFF36F8F07B0F0BD00BF3012002096
S214011140240D00200C0D002000ED00E039000113F5
S214011150230D0020BFF34F8F0549064BCA6802F4E2
S214011160E0621343CB60BFF34F8F00BFFDE700BFC4
S21401117000ED00E00400FA05054B1A782AB95B7801
S214011180002B0CBF0320022070470120704700BFD0
S2140111903F1F00200329F8B598BF134B054698BF9B
S2140111A05C5C0E4688BF0024032805D8DFE800F003
S2140111B002080B0E44F002040C4B1F684FB9F8BD31
S2140111C044F00804F8E744F02004F5E744F080040E
S2140111D0F2E77B681A68144203D05B6831462846FA
S2140111E098473F68EAE700BF1A46030060120020EE
S2140111F038B5104D2B78ABB10F4C23781BB118F0D6
S21401120037FA00232370002018F033FA0B4C50B144
S21401121000F0DEFA002320782B700121FFF7BAFFD9
S2140112200123237038BD064B01221A70054B227824
S2140112301A70F7E73B1F0020391F0020411F0020CE
S2140112403C1F00203D1F002010B517F05BFA064B2F
S2140112501B7804461BB1BDE8104017F057BAFFF7DC
S214011260C7FF2046F7E700BF381F0020094A13785A
S21401127030B101331370084B1B78012B03D870472C
S214011280013B13707047054B1B780BB9FFF7B0BFD6
S214011290704700BF3F1F0020411F00203C1F002059
S2140112A070B5144E17F02EFA33780546ABB900F038
S2140112B0CBFB044620B1284617F028FA204670BD1D
S2140112C0AFF300800C4817F08FF900F0C5FE0B4B0A
S2140112D01C6000F085FC0A4B186000F0EFF918F06E
S2140112E0CAF9084B1860012328463370002417F00A
S2140112F00DFAE3E7421F002060120020341200209E
S2140113005C120020381200202DE9F843284A0138E3
S214011310135C39B1274F397801330129135404D8A6
S214011320BDE8F883013B1354FAE7FFF725FF0128D0
S214011330044635D8DFF8888017F0E4F998F80030CD
S214011340054613B31C4E33781BB9012232701B4A73
S2140113501370DFF8709099F8003023B118F088F90F
S214011360002389F80030284617F0D0F9012018F03C
S21401137080F917F0C7F9337805461BB100F028FA53
S21401138000233370002388F80030284617F0BEF992
S21401139038788442C4D02146FFF7FCFE3C70BFE794
S2140113A00329F5D10228F3D100F05EFAF0E700BF79
S2140113B03F1F0020411F0020381F00203C1F002037
S2140113C03B1F0020391F002038B517F09BF9094B49
S2140113D01B78012B054604D817F098F900242046FF
S2140113E038BD054B1C6800F031FA0444284617F056
S2140113F08DF9F4E7411F00203412002038B5416012
S214011400044617F07FF921460546044817F0EFF821
S2140114102846BDE8384017F079B900BF60120020B1
S214011420054B1B68584300F57420044B00F23F201F
S214011430B0FBF3F0704700BF5C12002040420F0083
S2140114402DE9FF47EFF3108772B6AFF3008016F071
S2140114507CFF002871D0714EDFF8E481337823B128
S2140114600020FFF703FF00233370FFF785FE0446D5
S214011470002869D0841EE4B2012C6CD9FFF77CFEEB
S2140114800128674CDFF8BC91054600F28E80207873
S214011490A84205D099F80030002B00F0B2802570E4
S2140114A0207800F0BDF999F8003013B15D4B1B7838
S2140114B02370AFF3008007B962B6EFF3108772B6F8
S2140114C0594B1A7852B100221A70564B20781B7865
S2140114D0984203D101212170FFF75CFE534800F0CA
S2140114E0EDFA16F041FF05460028B7D1DFF858811E
S2140114F098F80030A3B189F80000DFF8409199F818
S21401150000301BB118F0B4F889F80050002018F02C
S214011510B0F8002879D000F05BF9002388F8003095
S214011520337823B10020FFF7A1FE00233370207823
S2140115300021FFF72FFE00232370AFF3008007B9C9
S21401154062B604B0BDE8F0873378002B96D0FFF77B
S2140115508DFE347092E703A9002000F0FDFA0446E0
S21401156000288BD1D8F80030039A9A4205D801207A
S214011570FFF77CFE0123337080E72D4B1D6800F0DA
S21401158065F9039B05449D42F1D200F083F9820080
S2140115900399264842F0020292B2CDE90042234660
S2140115A0244A491B18F06EF868E7DFF89CA09AF801
S2140115B00030CBB918F059F82078854203D099F855
S2140115C00030D3B125709AF80030002B7FF468AF55
S2140115D0194B1B7823B918F04AF8184B01221A70D8
S2140115E001238AF800305BE7207885423FF458AF44
S2140115F099F80030002B7FF452AF2946FFF7CAFD59
S214011600E0E72946FFF7C6FD49E7012000F008F9A3
S21401161007B962B6EFF3108772B677E73A1F002074
S214011620411F00203D1F0020361F00203C120020D5
S21401163034120020491201003E1F0020391F0020ED
S214011640381200203C1F00203B1F002010B517F069
S21401165059F8054B00221C781A7017F057F800F05D
S21401166015FC2043C0B210BD371F002073B5114EC4
S2140116703378834204460ED000230F4DADF8043074
S21401168058B101A8FCF74CFE1E20FFF7C9FE2B68D7
S2140116901B1A2B60347002B070BD022301A88DF8AE
S2140116A00530FCF73DFE1E20FFF7BAFE2B6803440B
S2140116B0EFE700BFF00C00206812002073B52D4C38
S2140116C0002501A8636A636A8DF80450FCF74EFF93
S2140116D02846FFF7CBFFD4F8903003F00403AB4263
S2140116E0254B14BF01222A461A70D4F89030234C99
S2140116F0C3F30033237005D04FF41670FFF790FE46
S2140117001F4B186023781F4DEBB11120FCF7CEF963
S2140117101849D1F80031C3F3042303FB000292B148
S2140117204C6C194EC4F30B44002301341946501E69
S21401173004EB8404E4FB060115F096F8FFF770FE4F
S2140117402B6803442B60114B1B680120C3F3032352
S2140117509840C0F1010000EB80006430FFF760FEA6
S2140117602B6803442B60034BD3F89020084B1A6078
S21401177002B070BD00400E40451F0020431F0020F0
S214011780701200206812002040420F000020044022
S2140117906412002008B50B4B1B7893B1022000F0B1
S2140117A027FC70B100F008FA58B10022012102208E
S2140117B0FCF710FB17F0EAFF034B1860034B0122FE
S2140117C01A7008BD451F00206C120020441F00201F
S2140117D038B50E4C0E4D23782BB92B781BB117F06C
S2140117E0D5FF0C4B186017F0EEF82B786BB10A4A50
S2140117F0D2F890301B07FBD517F0C8FF054B1B68C6
S214011800C01A064B18600023237038BD441F002001
S214011810451F00206C12002000400E407012002070
S21401182002280AD003280BD001280CD1064A1369D6
S21401183023F00403136130BF70470020FCF782BD1C
S2140118400020FCF7C3BD704700ED00E0044B1B68A9
S2140118500BB103EBD303034A10681844704700BF6B
S2140118607012002068120020084B45F60E02D3F8CD
S2140118708011C3F88021064A126802F4A0721A6623
S214011880CA0744BF0022C3F88021704700400E40BB
S21401189064120020014B1878704700BF451F0020D6
S2140118A038B500F043FB094C094B1A68236800253C
S2140118B0C31A2AB123B15169994203D3C91A516196
S2140118C0206038BD55615B1A9268F2E778120020F5
S2140118D07C120020C38870B504460D463BB9FFF75D
S2140118E073FD8542064602D217F0B3FE35460E4911
S2140118F065610B688BB90C60A3600DE0AD1A9A6840
S214011900656118466AB113465A69AA42F6D930B1DA
S2140119108460521BA3605A6170BD0020F4E70C601E
S214011920F7E79C60A260F7E77C12002038B5134DFC
S2140119302B685B6993B1124A146802201C4400F0BC
S21401194029FB204600F0F8FA0E492A6800230B709E
S214011950D088800709D501230B7038BD022000F01E
S21401196019FB022000F03CFBEEE79268002AF4D057
S21401197050690344012BEBD9EFE700BF7C1200202E
S21401198078120020471F002070B516469DF81420D7
S2140119900271049A0260C0E903360022BDF81830CD
S2140119A0826004460D46C380EEB900F0BFFA2844B3
S2140119B0A0619DB12E4616F0A5FE0546FFF770FF05
S2140119C031462046FFF786FF104B1B68A34201D124
S2140119D0FFF7ACFF284616F099FE02E0E368656162
S2140119E07BB9002070BD00F0A1FA3044A061002D43
S2140119F0E0D1E3686561002BDDD021682046984779
S214011A00D9E7216820469847EBE700BF7C12002003
S214011A100C490B6800227BB183420AD183687AB1F4
S214011A20936083681BB15A6941690A445A61002070
S214011A3070471A469B68EEE70028EFD002207047F1
S214011A400B60EEE77C12002070B5154E16F061FEB5
S214011A5034780546FCB9134B1C60134B1C60134BC2
S214011A601C8000F01FFA012000F094FA00F0E8FA5A
S214011A700F4B0246186020B9284616F050FE232068
S214011A8070BD23460B4840F2E73114F0EDFE0A4BD9
S214011A90186001233370284616F041FE0020EFE758
S214011AA0481F00207C12002078120020CE1E002045
S214011AB08012002018FCFFFF7412002070B5044647
S214011AC040B316F01FFE144E0546FFF7E9FE3068D8
S214011AD0A04209D02046FFF79BFF0446B0B1284636
S214011AE016F014FE204670BDFFF792FF044600284C
S214011AF0F5D133683BB9022000F05AFA284616F0B1
S214011B0005FE0024EEE7FFF711FFF7E73368002B29
S214011B10F4D1F0E72224E5E77C12002038B50C4624
S214011B200546A8B1A1B100230B7016F0F2FD094BD2
S214011B301B68012133B916F0F2FD002038BD9D4225
S214011B4004D121702278002AF9D0F4E79B68F1E7E6
S214011B502220F3E77C120020F8B506460F4616F061
S214011B60D8FD134B1B680446002523B9204616F002
S214011B70D6FD1B2011E05A691544DA88B2420DD110
S214011B800C4E00F0D3F93368C01AA8420AD30023DA
S214011B9020463B6016F0C3FD0020F8BDFF2EEFD0B7
S214011BA09B68E2E700F0C2F933682B441B1AEFE7A3
S214011BB07C1200207812002008B5074B187848B12F
S214011BC017F0E4FD054B1B689B69C01A02288CBF01
S214011BD00020012008BD00BF471F00207C12002006
S214011BE0014B1868704700BF8012002038B5074BBC
S214011BF01D680446002140F2E7304FF47A72002354
S214011C00E5FB040114F030FE38BD00BF8012002051
S214011C1000B58DB001238DF80F30FFF7E7FF0023E5
S214011C20CDE900330146074A0DF10F0304A817F06A
S214011C3064FD18B99DF80F30002BFBD10DB05DF88F
S214011C4004FB00BF7F960200F8B50C4B1B6883426D
S214011C5005460E460FD30A4B00241F6840F2E730B4
S214011C6021464FF47A720023E5FB070114F0FCFDD0
S214011C7030602046F8BD2120FCE700BF741200202A
S214011C80801200202DE9F04186B0984600230D46CB
S214011C9017468DF81330064680B30DF11301FFF792
S214011CA03DFF9DF813305BBB05A92846FFF7CCFF27
S214011CB00446F8B9134B18684FF47A720023A5FB53
S214011CC0000114F0D1FDC2F57A7189B2B1F57A7FBF
S214011CD0BDF83430F48308BF0021B183059A02931E
S214011CE09DF830301146CDE9008330463B46FFF77C
S214011CF04BFE0446204606B0BDE8F0812224F9E7F3
S214011D000224F7E780120020014B1868704700BFD5
S214011D10741200200F4B1A6810B59AB1531E4FF477
S214011D207A711342A0FB01010ED1B2FA82F2C2F11E
S214011D301F04531CE040D24301FA03F3184321FA6F
S214011D4002F20243104610BD002314F08DFD024638
S214011D50F8E700BF80120020C2072DE9F8430446C9
S214011D600BD5474A138801339BB21380FFF798FDC2
S214011D70444B1B680BB1FFF7D9FDA3077DD516F0C1
S214011D80C8FC0546FFF78CFD4FF000083D4F464660
S214011D903C680CB163698BB13B4B0022012E1A7073
S214011DA003D118F0020F18BF1E70002C61D0FFF788
S214011DB0BDFD2846BDE8F84316F0B1BC23465A6976
S214011DC03AB91A792179914288BF1C469B68002B43
S214011DD0F5D1284616F0A3FC2569DDB100F0A6F87A
S214011DE0A269A0EB02084FEAE873A84573F1000365
S214011DF011DB23691344A361E368B4F80680013656
S214011E0013B121682046984716F083FC0546FFF774
S214011E1047FDBDE7A84616F07CFC81462046FFF745
S214011E20F7FD484616F07BFC2369002BE4D0A38B14
S214011E30B5EB080533B1E28B13449BB2B3F57A7F59
S214011E400FD2E38316F065FC294680462046FFF74D
S214011E5041FDA36922691344A361404616F05FFC65
S214011E60CAE7A3F57A73E383A369013B013DA36146
S214011E70E8E7022000F09CF89BE7BDE8F88300BF86
S214011E80CE1E00207C120020461F002010B516F042
S214011E9040FC034B1C7816F042FC204610BD00BFE8
S214011EA0461F002010B51D4B86B01868596803AA56
S214011EB003C2197AD3F8090011700190B3F80D2006
S214011EC01748DB7BADF8082001218DF80A30002485
S214011ED0FBF79AFC03A88DF80C408DF81040FDF72F
S214011EE025F901A901208DF80440FDF7FFF80D4AF8
S214011EF0536A23F4FF6323F00703536240F2FF7330
S214011F00136201209460FDF70BF9074B4FF08042F6
S214011F10C3F880211A6006B010BD00BF1E4603003C
S214011F20A00914000020044000E100E0014B98687D
S214011F30704700BF0020044010B5044616F0E2FBCF
S214011F40124A9368516D9269520704D4CA1A032A39
S214011F5001D899420DD1E21A022A98BFDC1C0B4B1C
S214011F60B4F1FF3F38BF013C5C655A6A42F0040297
S214011F705A6216F0CBFB064A137833B103490B6D50
S214011F8043F002030B650023137010BD00200440CC
S214011F90F10C00208207054A00F00103516A48BF90
S214011FA043F004030B435362704700BF0020044014
S214011FB0820700F0010309D5074A0121117007497C
S214011FC00A6D22F0030243F004030A6503494A6AD4
S214011FD022EA03034B627047F10C00200020044004
S214011FE0830742BF014B0422DA6170470020044098
S214011FF0064B01289B6904D0022805D1C3F3800053
S214012000704703F00100704700207047002004402D
S21401201010B516F07EFB094A93690446590703F08A
S214012020010003F0070348BF40F002001362FFF708
S21401203093FE2046BDE8104016F071BB0020044018
S2140120400148FBF733BD00BFA00914000148FBF7A8
S2140120500FBE00BF050024000A4BD3F8883003F0FA
S2140120600703013B012B10B50BD816F04BFB0121E2
S21401207004460220FFF748F92046BDE8104016F056
S21401208045BB10BD00400E4010B50446FAF75CFF94
S2140120900B4BA0F57A729A4210D84FF47A735C43D0
S2140120A0B0FBF3F0074BB3FBF0F3B4FBF3F00328FC
S2140120B004D9BDE810408008F9F72ABC10BD00BF5E
S2140120C0FFC99A3B40420F004FF0005302221A60AC
S2140120D0BFF34F8F0549064BCA6802F4E06213430B
S2140120E0CB60BFF34F8F00BFFDE700BF00ED00E000
S2140120F00400FA05024A0349034807F051B800BF35
S2140121003046030054460300AC460300044B1B68EC
S214012110584043085B4240421843C017704700BF0F
S21401212084120020F8B50E46C9880546144617F0F5
S214012130A4FB0746D0B92046FFF7E8FF104B3168ED
S2140121401A68B5F90430424023EA0203B6F90420BE
S214012150024013430446AB80F2880346286800F029
S2140121600DFAF388E888E443834201D33846F8BD84
S214012170296851F82320224041F823200133F3E750
S214012180841200202DE9F04F99B083460F46184679
S21401219000211646049317F0CDFC002800F0878135
S2140121A0784B14930024012515AB049913933046FC
S2140121B0CDE90B45CDE90D45CDE90F45CDE91145F5
S2140121C017F041FCA04228DABBF1000F05D1E7B9B0
S2140121D00024204619B0BDE8F08F2146584617F076
S2140121E0C0FB04460028F2D00BA817F038FB0DA858
S2140121F017F035FB0FA817F032FB11A817F02FFBCD
S2140122000C2115A800F0A2FEE3E73146384617F088
S21401221073FB04460028E7D1DAE731460BA817F02E
S2140122206BFB04460028DFD104990DA817F064FB68
S21401223004460028D8D1F188ADF8385002310FA8ED
S214012240ADF8305017F019FB04460028CCD10146F2
S2140122500FA817F086FB04460028C5D1F18811A8FF
S214012260023117F00AFB04460028BDD10DA817F06D
S214012270A4FB00F01F001F2873D0C0F11F031946EE
S2140122800BA8019317F0B9FB04460028ACD10199BD
S2140122900DA817F0B2FB04460028A5D1BDF83250B0
S2140122A0BDF83A80A5EB080A4FEA4A1949460DA837
S2140122B017F0A3FB0446002896D14FEA8A0A0DA917
S2140122C00BA817F0EFFB00284DDA49460DA817F0CA
S2140122D0B1FB0446002887D108F1FF3302939B0027
S2140122E005F1FF3A069305F1804508F18043023B6C
S2140122F0013D9B00A5EB08050993AB000393029BE8
S2140123009A4541D8BBF1000F0DD00FA9584617F0DA
S214012310F3FA002840F0C780049AB388928813FB2A
S21401232002F3ABF80430002F3FF45EAF01990BA81F
S21401233017F080FB002840F0B680B388ADF8303047
S2140123400BA9384617F0D8FA0146002840F0AD80B0
S214012350384617F0EFFB00287FF446AF0123BB8019
S21401236042E701949AE70F9A52F80A300BA9013313
S21401237042F80A3008460DAA17F0C2FC04460028A7
S2140123809DD031E7010003000D9B069A0593134487
S214012390DDF82C900893059B59F82A109A580F9D42
S2140123A04FEA8A08A8F104030793039B91421D4450
S2140123B074D20798002359F8000014F055FA002942
S2140123C014BF4FF0FF330346BAF1010F2B6016BF5F
S2140123D009EB0803002353F8083C1593079B099A59
S2140123E059F80330169359F8083017932B680133C0
S2140123F02B60059B134498462B68013B2B600021FC
S21401240011A817F0AEFA00284DD1029B002B48D038
S214012410D8F80020119B1A60089A12685A6011A910
S2140124202A68084617F0F5FC00283CD113A911A824
S21401243017F038FB0028DFDC2A680DA911A817F071
S214012440E8FC80BB039B4FEAC308414611A817F07E
S214012450D4FA40BB0BA9084611AA17F051FC014655
S21401246018BB0BA817F066FB002812DA0DA911A8F5
S21401247017F042FAB8B9414611A817F0BEFA90B95A
S2140124800BA911AA084617F038FC60B92B68013B66
S2140124902B60039B0AF1FF3A043B2FE74FF0FF3313
S2140124A092E7029AB6E704469EE60C469CE66FF073
S2140124B00B048EE6044B1B68584043085B424042BF
S2140124C01843C017704700BF8412002010B50B4C8C
S2140124D0226823684240594081EA0200C00FFFF794
S2140124E0E9FF2368521A434022EA030208401043D8
S2140124F0BDE81040C00FFFF7DDBF00BF841200200B
S214012500F8B50D46014628681746FFF7DFFF084B6A
S2140125101E68C1430124BC4202D346EA0100F8BD4D
S21401252055F82400FFF7C6FF01340643F3E700BF62
S21401253084120020104B2DE9F0471E688846196862
S2140125401D680746541E631C02D13046BDE8F0875D
S21401255058F824A057F8249050464946FFF7B6FF8E
S214012560514605434846FFF7B1FF20EA05031E43DF
S2140125700543013CE7E700BF841200208842F0B51E
S21401258004D0094F04380025AA4200D1F0BD3E68A8
S21401259050F8044F5E4024EA060451F825601E40B8
S2140125A0344304600135EFE7841200202DE9F04F33
S2140125B085B0DFF8889003911C46064621461046F2
S2140125C0D9F80030D9F8003017F0A4FCC51D272D26
S2140125D04FEAD50325F00705904602938CBF4FF0CE
S2140125E01E0A4FF0FA0A2D1A0F9B0093029A0E9BB1
S2140125F02146304617F08BFE0746C0B92A462146CB
S214012600304617F000FDBAF1010A14D022463146D1
S2140126100398FFF775FF2246834641463046FFF78B
S21401262089FFD9F800200BEA00039A42DCD038462D
S21401263005B0BDE8F08F6FF00D07F8E784120020B3
S214012640044B0246586800B9704719789142FBD08E
S2140126500833F7E7DC46030010B50446A8B1006C62
S21401266010B14C2118F055FBE06B40B12368074AC6
S214012670DB79C3F3840352F823305B69984720461D
S2140126804821BDE8104000F061BC10BD040B0020DD
S21401269038B505460C4681B14822002120F00CFCD5
S2140126A0E379084AC3F3840352F823301B69984739
S2140126B0E86320B12C60002038BD0348FCE70348DE
S2140126C0FAE700BF040B0020009FFFFF809EFFFF7C
S2140126D0F0B58BB0044604A817461E460D4618F002
S2140126E03BF900230293119B0193109B0093204614
S2140126F03B46324604A900F01BFB044640B904A839
S21401270018F0A3F950B904A9284617F0F5F80446BD
S21401271004A818F050F920460BB0F0BD004CF7E7BE
S21401272080B0FFFF70B50C460646114620461A4695
S21401273017F002FB0546A0B9B36C33B9321D21462A
S2140127402046BDE8704017F095BBB4F90430002B65
S21401275009DB204617F031F9F36BB0EB430F09D9CB
S214012760184D284670BD0146204617F0E3F90028AB
S214012770EFD0F5E7B36C2046984705460028F0D120
S2140127800436B4F90430002B04DA0021204617F091
S214012790D1F968B93146204617F084F90028E0DB04
S2140127A032462146204617F026FA0028F2D006E0E7
S2140127B032462146204617F0A0FA0028E1D0054609
S2140127C0CFE700BF80B0FFFF38B50D4604460021B5
S2140127D005F1100017F0AEF950B1204616F00AFBCD
S2140127E028B129462046BDE83840FDF719BA014808
S2140127F038BD00BF80B1FFFF2DE9FF410E460546FB
S214012800012106F1100017F095F9044650B9284643
S21401281018F099F801287AD12146304617F08AF93E
S214012820002801DA3B4C6EE006F1080821464046D6
S21401283017F080F90028F5DB2F1D3946304617F0D2
S21401284031F90028EEDA3946404617F02BF9002810
S214012850E8DA684616F0FEFF02A816F0FBFF4346CC
S214012860424669462846FFF75DFF0446002844D1E4
S2140128703346324602A92846FFF754FF044600288D
S2140128803BD1EB687BBB02A90322084617F03CFA52
S214012890044690BBBDF90C30002B04DA002102A8D7
S2140128A017F048F9C8B902AA334611462846FFF779
S2140128B039FF044608BB02AA05F11403114628464F
S2140128C017F0D6FF0446C0B902A9684617F0EAF821
S2140128D0104B041E18BF1C460FE002A93A460846D4
S2140128E017F00BFAD4E702AA05F10C0311462846A5
S2140128F017F0BEFF04460028D5D0684616F0AFFF95
S21401290002A816F0ACFF204604B0BDE8F081024CE8
S214012910F9E700BF80B3FFFF80B0FFFF38B505467B
S21401292018F011F801280C4601460DD1204617F083
S21401293001F9002806DB05F13401204617F0B2F84C
S214012940002803DB024838BD0248FCE70020FAE70E
S21401295080B3FFFF80B0FFFF2DE9F04FB5B005460D
S21401296001919246994616F045FA0290A0B1284682
S21401297016F045FA044658B951462846FFF7CEFFE9
S214012980044628B949462846FFF736FF044698B15B
S214012990284616F036FA81E151462846FFF7BEFF73
S2140129A00446002840F07A8149462846FFF724FF6E
S2140129B00446002840F07281284617F0C4FF01281B
S2140129C040F0AD812B6C1821013302204FEA5308E9
S2140129D016F023FF0646002800F09F8106F118072F
S2140129E017F0BAFF384617F0B7FF002413AB1819D3
S2140129F0083416F02FFF202CF8D14946304618F03F
S214012A000EF80446002841D18346D84520D13946E0
S214012A102846FFF7D9FE0446C0BB284616F0EAF959
S214012A2030B33B46324639462846FCF74BFF044650
S214012A3060BB39462846FFF7C7FE044630BB06F1A1
S214012A40100016F00CFF06F1280016F008FF1DE036
S214012A500123BBFBF8F103FA01F2D2B2182308FBFB
S214012A6011B103FB026929B1284616F0C3F950BB20
S214012A70AC4C0BE002F0FE0101EB520106EBC1018A
S214012A80484617F0CCFF04460028EDD04FF0000969
S214012A9013AB03EB090009F1080916F0E0FEB9F1E2
S214012AA0200FF5D1D4B1AB6D9E4208D0304617F059
S214012AB082FF384617F07FFF304616F0BEFE0198BB
S214012AC017F079FFE6E04A4649462846FCF7F2FF4A
S214012AD004460028DAD10BF1010B96E705A816F09B
S214012AE0B9FE05F1340B0BA816F0B4FE2146584684
S214012AF016F053FF012840F0D8802146504616F0C4
S214012B004CFF5146814605A816F0F6FE044630B144
S214012B100BA816F0A4FE05A816F0A1FEC3E75246C0
S214012B2059460BA817F0ECF804460028F0D1B9FA7C
S214012B3089F94FEA59194A460BA905A8FFF7F2FA8F
S214012B4004460028E4D1014608F1010213A80DF15C
S214012B504C0B20F0B1F9A2465B46D045039300F03A
S214012B60A180514605A816F018FF039B1C7808EBB8
S214012B700A01044305A816F010FFE4B2039B44EAD9
S214012B80400403F8014B0AF1010AE6E79BF801004D
S214012B909BF8003080EA020C6FEA0C0101F001019B
S214012BA013FB01F3104003EA0C0283EA0C030BF853
S214012BB0013F1BF8013C43EAC11302430BF8013CF9
S214012BC00134A245E2D20BA816F049FE05A816F07C
S214012BD046FE05A817F0C0FE00240BAB18190834F2
S214012BE016F038FE202CF8D10AF1D0036B44019977
S214012BF013F8843C3246284617F064FE044648B96A
S214012C003E9B002B00F08480284616F0F3F800283F
S214012C104DD1444C05A817F047FE4FF000080BAB0A
S214012C2003EB080008F1080816F019FEB8F1200FAA
S214012C30F5D1002C7FF437AF01994A46284617F0A4
S214012C40F3FD044600287FF42EAF3E9B73B1284661
S214012C5016F0D0F800285ED0DDE93E23019928461B
S214012C60FCF77EFD044600287FF41DAF0199284637
S214012C70FFF7AAFDAB6D9E42044608D0304617F01A
S214012C809AFE384617F097FE304616F0D6FD002C11
S214012C907FF415AF029B002B7FF47AAE204635B049
S214012CA0BDE8F08F002201248BE71F4CFBE6DDE92F
S214012CB03E2301992846FCF753FD48B30446A9E78D
S214012CC028460AF1FF3A16F095F80028A1D0019A95
S214012CD028461146FCF7EEFE0028EFD118F80A3018
S214012CE0324605A9284617F0EDFD0028E6D128460C
S214012CF016F080F800288CD0019A05AB11462846BC
S214012D00FCF7E0FD0028D9D1BAF1000FD8D181E750
S214012D100DF14C08F8E7034CC5E6044CCFE6024C2F
S214012D20B8E700BF80B1FFFF80B0FFFF80B2FFFFB2
S214012D3030B4DDE9024524B1CDE9024530BCFFF7E8
S214012D400BBE014830BC704780B0FFFF73B5054627
S214012D501E4617F0F8FD01280C4601460ED1134613
S214012D60009605F13402204617F0B6F8044B10F130
S214012D700E0F18BF0346184602B070BD014BFAE7A6
S214012D8000B3FFFF80B0FFFF38B504460D4617F0CD
S214012D9016FE204617F0EEFD032D257023D1144BA9
S214012DA0144AA3606260A361134AA3632362A36209
S214012DB0124B62616362124A62634FF00113114A59
S214012DC02363114BE362E261201D16F0F6FDE0631A
S214012DD004F1340016F0F1FD20640020C4E9160069
S214012DE00123636438BD002308482370FAE700BF57
S214012DF001000800D0470300B047030070470300F6
S214012E0050470300904703000C0B002080B1FFFFE2
S214012E1037B504460025294645612822183020F09A
S214012E204BF82046256117F03CFF01230093044927
S214012E3020232A46204617F09FFE03B030BD00BF70
S214012E406B8E0200082804D00928034818BF00200A
S214012E5070470248704700BFF0470300F34703007E
S214012E6070B50D461646044600B109B9104870BD46
S214012E700023C0E9023301600B78082B01D0092B2F
S214012E80F4D16C21012016F0C8FCA06070B115F0D9
S214012E90D5FF0EB90020EAE7A978022016F0BDFC9E
S214012EA0E0600028F6D1204617F0FFFE0148DEE775
S214012EB000AFFFFF80AEFFFF30B1036823B11B7880
S214012EC0082B03D0092B05D00348704701218068E1
S214012ED0FCF7D4BF0021FAE700AFFFFF30B103686B
S214012EE023B11B78082B03D0092B01D00248704769
S214012EF0806815F0A7BF00BF00AFFFFF30B10368C1
S214012F0023B11B78082B03D0092B01D00248704748
S214012F10806815F09EBF00BF00AFFFFF10B40446E7
S214012F20084611461A4624B12378082B05D0092BEA
S214012F3008D005485DF8044B704701235DF8044B43
S214012F4017F0F1BE0023F9E700AFFFFF10B50A4600
S214012F50044619B1024B00211B68984710BD00BFFB
S214012F60100B0020F7B51646174A05460C461068A2
S214012F7051686B4603C395F82A3008336B4413F83F
S214012F80087CAB8DDA0609D43346224639462846F4
S214012F9017F027FF00F5FA7003B0F0BD204620F0C9
S214012FA069FBAB8D00F10A049B074FEAC40405D008
S214012FB0304620F05FFB04F50C740444781EE823C9
S214012FC0584304FB0700E5E7F6470300174B10B527
S214012FD01C68902202FB0044002120461FF06CFF73
S214012FE0134B1B68DB78637604F10800002118F0A8
S214012FF0CEFF4FF40063E3842385072384F82A3049
S2140130001323A385236AFF2243F0130384F82420A5
S214013010236284F85420074B074A2046C4E91C3231
S214013020C4E92032BDE8104017F006BF8812002020
S2140130305C140020D6BE898E55555500F0B5104B50
S2140130401E6893F804C0024635464FF0FF3400234D
S2140130509C4508DC91B1631C10D0902303FB0460EF
S21401306080F82420F0BD95F8247097422846F9D0C0
S214013070FF2F08BF1C4690350133E9E70020F1E732
S2140130808812002070B5244D0446002842D008302E
S21401309001F016FD0026FF2384F8243004F14000D9
S2140130A0E66120F062FA04F1440020F05EFA04F1D1
S2140130B0480020F05AFA04F14C0020F056FA04F1C8
S2140130C0500020F052FA2868144B201A0011584379
S2140130D0C0B217F07DFE0146304617F074FEE06E72
S2140130E010B100F039FEE666606E18B117F083FE87
S2140130F000236366A06E17F07AFE0023A36670BDF8
S214013100286806FB0400FFF7BDFF01342B79A342B4
S214013110F6DCF4E79026F9E788120020398EE338CA
S214013120F7B504461AF0C7FBC0F30F23542B3ED95C
S214013130AA2B34BF01230223C0B27E288CBF0222F1
S214013140012203218DF804301344B3FBF1F000EBA8
S21401315040001B1A8DF805301344B3FBF1F202EB65
S21401316042029B1A13498DF8063000234B7501AFB6
S21401317018461D461A4617F8016B44FA06FC1CF061
S214013180010F06D053009E4030430132C0B2D2B286
S21401319001230135EDB2032DEDD103B148754B7D09
S2140131A043EA82134B75FF230B7503B0F0BD002372
S2140131B0C2E700BF88120020064B1B68D97ADA786E
S2140131C0437E5B1A9342A8BFDAB24276002117F01B
S2140131D06FBE00BF5C140020B0F862302BB9836864
S2140131E013F4601F08BFA0F8623011B1012911D095
S2140131F070474369417E23F010034361064B1A680A
S214013200D37A92780B449342D8BFDAB24276012140
S21401321017F04EBEFFF7D0BF5C1400202DE9F04139
S214013220344E8AB000253379AB4203DC01200AB064
S214013230BDE8F0813468902303FB054494F82430FC
S214013240FF2B0DD0236A980106D504F1500840469D
S21401325020F008FA074628B9226A12F0A06F1ED19C
S2140132600135E0E7BB790C333B4408A99A7AD86864
S2140132701B8AADF82430C2F3801200238DF81F207C
S21401328008901A460DF11F0017F0BCFD9DF81F208F
S21401329094F8241008AB384618F00CFFD7E7A38D36
S2140132A01D2B18D13C23FF210020CDE90431CDE9A7
S2140132B00200CDE9000004F12E03C2F380220121B1
S2140132C019F0D3F90028B2D04FF0A06104F1200024
S2140132D017F057FDC4E712F0807F94F8393094F860
S2140132E024004FF000020CBF3C21432119F063F883
S2140132F0E8E700BF881200202DE9F0411F46C369A8
S21401330004460D4616468BB169B915F002FA2946F0
S2140133100646A06E17F067FD2046294617F0B1FD58
S214013320304615F0FCF90020BDE8F0810029FAD0FE
S214013330036A03F01203022B00F0BA80236ADD074A
S21401334000F1BE8094F82430FE2B0CD104F1550018
S21401335001F0D6FE01F0CCFE28B14FF4800104F155
S214013360200017F006FD256A614B2B40B3F5807FE0
S21401337000F0B980A8052FD5C5F3802504F12E08E5
S21401338000224146284617F043FD002184F85400E8
S21401339017F04FFD41460022284617F03EFDA18D4D
S2140133A020B194F95400002880F296804FF4007101
S2140133B004F1200017F0E5FCA28D02F00302012AB9
S2140133C00AD14146284617F028FD28B14FF400617E
S2140133D004F1200017F0CDFC236AD90600F18180A4
S2140133E0D4E910122046FFF7BDFD012F0ED0E28C66
S2140133F040F271235A43904208D9228D5A43904293
S21401340073D800F51C70B0FBF3F0E084394BE36130
S214013410002384F83930236AB4F86250E16884F8EE
S214013420387023F48032226221613DB913F0100F07
S2140134300CBFC8253C25257605F2B3154EB1238D64
S21401344040F27121C3EB06134B4342F48032E3632F
S2140134502262236A43F400232362274B1B68DB782E
S214013460637615F056F9636943F010030746636106
S21401347004F10800294618F08AFD012003F09CFBA0
S21401348028B963691A075CBF43F00403636126B178
S2140134901AF04DFAE36B0344E363204603F096FB10
S2140134A0384615F03CF9A06E012117F09CFC3AE76E
S2140134B0406C20F0DFF800287FF440AF0C2033E7A3
S2140134C0E36E002B7FF43EAF00F0F0FBE0660028D1
S2140134D07FF438AF092027E701F0010117F0A9FCB6
S2140134E06AE7064B93E712201EE745201CE700BF5C
S2140134F000014000ABAD02005C140020353601002F
S21401350070B50A4D002490262B79A34200DC70BDCD
S214013510286806FB040090F82430FF2B04D0002313
S2140135201A461946FFF7E8FE0134EDE78812002037
S2140135302DE9F04F91F806B08DB00BF10C0B044657
S2140135400E4601EB0B0501220AA90DF1270017F023
S2140135506AFC824668B19DF827100AAF384600F02B
S21401356023FC60B1304614F04FFC00200DB0BDE8DE
S214013570F08FA97A05F10C07C1F38011EEE7E36E2F
S214013580E06695F807900793236A298956F80BB0E9
S214013590484603F0100804F085FD8344B8F1000F97
S2140135A039D1A9F10303012B94BF032302235B0046
S2140135B040F2712202FB03B21D4B1B685B796376F6
S2140135C005F11803BAF1000F27D09DF8271094F8DB
S2140135D024E0B8F1000F24D0A87A4FF0010CC0F314
S2140135E0401095F90550CDE902E0CDE90071CDE92D
S2140135F004C50798012100F04DFCB8F1000F05D075
S2140136001AF03CF90121204617F03BFC304614F035
S214013610FBFB0120AAE70123C9E7A97AC1F38011C0
S214013620D5E794F88FC001200CF00F0CD9E700BF46
S2140136305C140020012810B50C461CD0022822D0AC
S21401364030BB084617F051FEE38C228D94F82A0011
S214013650D21AE36803F59C5340F27121083301FB4B
S21401366002332361FFF75CFD0A4B20469968BDE8EB
S214013670104003F001BD03F00FFC844208D1BDE801
S21401368010401AF0FBB8BDE810400846FFF794BD9D
S21401369010BD00BF8812002038B50A4D0020FFF784
S2140136A0F1FCAB6813B100221A60DA8018F084FDD1
S2140136B000242B79A34200DC38BD2046FFF786FCA8
S2140136C00134F6E78812002070B52A4C0546A0683A
S2140136D018B114F099FB0023A360FFF7DDFF00206B
S2140136E017F07AFB55B9032025712560E58214F0A1
S2140136F0D7FA207917F070FB28B970BD022020F0A8
S214013700F9F8A06048B9A06800252571256060BB5E
S214013710002017F061FB0720EFE700260320257144
S2140137202660E68214F0BCFAB542E2DD05EBC5017F
S2140137300901334689B20122032014F063FA0646D2
S2140137400028E0D1032014F0DBFA20600028DAD04C
S21401375090226A4331461FF0AFFB2379B342C8DD9E
S2140137603046FFF733FC0136F7E714F04DFBA56052
S214013770CEE700BF8812002030B5174B826A1B685F
S2140137801206597925D51C79028F436B1203B2FBB9
S214013790F3F2631AB2FBF3F2B0F89C3003B1013BCB
S2140137A0D0F8A05005B15B101B02B3FBF2F35B1817
S2140137B00BD090F895200F2A07D91209B3EB820F88
S2140137C04FEA8201ACBF5B1A00239C42A8BF1C468D
S2140137D0E1B2417630BD00BF5C140020084B9A7EF2
S2140137E082420AD91B684FF4A47202FB0030836A36
S2140137F013F0100F08BF002070470020704700BF6D
S214013800A0120020084A09491368C31AD810002BD1
S21401381001FB00F005DB937E8342D8BF4FF0FF30FB
S21401382070474FF0FF307047A0120020199C8FC1DF
S21401383070B504460E4614F06CFF3146054604F199
S214013840300017F096FD2046FFF7DCFF012181408E
S214013850054817F08EFD4FF4807005F0A7FE284648
S214013860BDE8704014F05BBFC4120020F329F8B520
S214013870744E04460D4626D1338D6BB9A36813F4F6
S214013880601F00F0BB80238F626BF32D4FEA03139A
S214013890B3FBF2F39FB22DD1204617F00CFEB4F81D
S2140138A09C70002F40F0B380A36A13F0800F0CBF0A
S2140138B03E23082384F877302046FFF75DFFF32D7B
S2140138C036D1012057E07369590640F18F80836A2B
S2140138D01A0740F18B803369436000F1400119F00B
S2140138E0A0F8338D002BC9D0238F626B1B01B3FB6D
S2140138F0F2F39FB2618FB4F89C209BB25B1A9A4296
S2140139007EDC736994F836019B074CBF00210221C7
S2140139101AF08BF8726940F202239343BCD1A4F8E3
S2140139209C70204617F0C8FD2046FFF725FF0127AB
S214013930A36A1807C5D5628F002AC2D013F4C05FE8
S214013940BFD1726912F00C0FBBD140F20223934330
S214013950B7D1D4F8A430002BB3D1A18F204619F0EB
S2140139600FFA002855DD638F0133984251DC012898
S214013970A7D0013880B2236BA4F87C00590409D57E
S2140139804FF4804104F1300017F0FBFC0021204683
S214013990FFF74EFFB4F87C20A38F94F87010134401
S2140139A0A387B4F89C309B1AA4F89C3094F86F3027
S2140139B002FB01332522B3FBF2F102FB113384F83B
S2140139C06F304FBBA36A1A0702D41F4B1B68984778
S2140139D02046082119F08EF820460221FFF728FF1D
S2140139E020460121BDE8F84003F040B9318D238F10
S2140139F0626B00293FF442AF1B0178E7338542E74B
S214013A00737F002B86D094F83601032180E70127C7
S214013A1052E7608F0130ADE7204617F0CDF9A18F50
S214013A20204619F037F8A36A1B07054602D4064B51
S214013A301B689847002DCBD02046BDE8F84017F00C
S214013A40E1BD00BFA0120020D4120020074B0022C7
S214013A5010B55A77202204465A6117F0D6FC84F82E
S214013A603601204617F032FE10BD00BFA01200201E
S214013A70012810B50C462AD0022830D000283DD1A6
S214013A8091F8953060F3071381F895300846FFF7F3
S214013A90DDFFA36A1B07204616D503F081FD04202F
S214013AA001F0C4FB50B3164A937F3BB3D37F013377
S214013AB0DBB2D37792F821209A421FD8BDE8104096
S214013AC04FF0806005F072BD03F03EFFE7E703F0BC
S214013AD0E3F9844212D1BDE8104003F055BD91F8D8
S214013AE09530C3F30312013262F3071381F8953060
S214013AF02046F321BDE81040FFF7B8BE10BD00BF59
S214013B00A012002010B501F0F1FB124BFB2210F0C1
S214013B10020F1A770CBF012203224107197E48BF04
S214013B2042F0040262F3030119761A7EC2F303011E
S214013B3061F307121A764FF441710022DA76DA83BE
S214013B4019845A621A611A85034BBDE810401B6836
S214013B50184700BFA0120020CC1200202DE9F84320
S214013B604B4C0546A06818B114F04EF90023A3602B
S214013B70022014F095F85FFA85F8002017F02AF96C
S214013B80404617F05EFC0646002867D1404617F00F
S214013B9063FC0746002861D1002D74D005EB850132
S214013BA005EBC101C90089B233460122022014F097
S214013BB029F800284FD102204FF4A47984F81A80FE
S214013BC014F09EF809FB05F73A46314620601FF0CF
S214013BD073F92368324603EB0901681E824232DB21
S214013BE0002DA7F5A472D8BF0022002199502846BF
S214013BF0636017F0EFF888BB404617F014FC68BB0B
S214013C00404617F016FC074640BB002D16DD022085
S214013C101FF070FE0223A060C3718379C3F1020214
S214013C200C33D2B2394618441FF046F9A3689A7984
S214013C30134401211A7B61F301021A73FFF762FF35
S214013C403046BDE8F88309FB02FC013243F80C104C
S214013C5001F5A471C2E7C4E90077A7760020002524
S214013C6017F0EFFB002017F0F7FB2846C4E90055D4
S214013C70A57617F0D8FB284617F0ACF8022014F00A
S214013C800FF80726DCE7A57625602B46AFE700BFD1
S214013C90A0120020014B987E704700BFA0120020A2
S214013CA0014BD87E704700BFA0120020F8B5284D02
S214013CB014F02FFD6C681CB914F031FD2046F8BDD8
S214013CC023686B60EB7E4FF4A4760133EB76012715
S214013CD014F025FD3246002120461FF0EDF804F1D0
S214013CE028006761402117F044FB2B8BA4F8443170
S214013CF094F83731A4F8866067F3030384F8373104
S214013D004FF6FF73A4F87A302B7F84F8423144F2E1
S214013D109023A4F8403194F88530072262F3030318
S214013D2084F885300B4BC4F8883003F1CE5303F585
S214013D309813C4F88C3041F61B33A4F890301B233B
S214013D4084F89230002104F1080018F020F9B5E754
S214013D50A01200204801480170B5044617F02EFC59
S214013D6004F1080000F0ACFE0D4B20461B6800264F
S214013D709847C4E90A6614F0CCFC4FF4A4720546D1
S214013D80314620461FF098F8064B5A682260DA7EC4
S214013D905C60013ADA762846BDE8704014F0BFBC94
S214013DA0D0120020A01200202DE9F04106464FF463
S214013DB080400F4601F03AFA044630B90E4B1D68B2
S214013DC093F81A807135A04502D80020BDE8F0812D
S214013DD055F8493CDA0609D5C3F38003BB4205D141
S214013DE00622294630461FF03DF818B1013405F584
S214013DF0A475E8E70B20E9E7A012002008B5B0F8A3
S214013E0094305A1C62F30B03A0F89430042001F09E
S214013E100DFA70B1074A937F0133DBB2937792F8BC
S214013E2020209A4205D8BDE808404FF0806005F092
S214013E30BDBB08BDA012002038B58B790B440546E2
S214013E409B7D03F00303032B0C4609D101212C3083
S214013E5017F08FFA4FF4006105F1280017F089FA80
S214013E600548A56021461FF067FCBDE838404FF0C5
S214013E70005005F09BBB00BFAC120020014B187729
S214013E80704700BFA0120020014B187F704700BF8B
S214013E90A01200202DE9F74F1D4616469DF8383032
S214013EA080F89B302A469DF83C8052F8103BC0F8BB
S214013EB0283104460F4600F14401B8F1000018BF4E
S214013EC00120DDF830A09DF840909DF834B005F053
S214013ED06BF8204618F007FE204617F0BFFA19F0D7
S214013EE0AAFD49460246204617F0B2FAC8230DF14C
S214013EF006012046ADF8063017F09DFA47F6FF7327
S214013F00A4F83031AB88A4F82C31AB7984F82E3183
S214013F10DAF80030C4F87130BAF80430A4F8753015
S214013F2004F1280ABBF1000F03D00421504617F014
S214013F3020FAB8F1000F04D04FF40051504617F0A4
S214013F4018FA4FF4607001F071F9C0F3C018C30598
S214013F504FEA881848BF48F08008810548BF48F4F2
S214013F60807814F0D6FB4FF482618346504617F0F2
S214013F7000FA414604F12C0017F0FBF9584614F0FC
S214013F80CEFBBB1E012B7AD84FF40021504617F00A
S214013F90F0F901212046FFF74BFC0421204618F0DA
S214013FA0A9FD6B7DC3F3040384F870306A8952005F
S214013FB06263697B2A7B42EA01226287E97BAA7BEC
S214013FC042EA012222876A7D84F86F30C2F34212E8
S214013FD084F83E2000220523A2870122A4F87C2033
S214013FE0A4F89C309DF94410204617F03CFA01F0E5
S214013FF077F920F40060C4E908012046FFF7BCFB0E
S2140140003B4A3C4BB2F8288007F0FD07B8F1000F99
S21401401068D1002F38D16660E36140F2C7182046A8
S214014020166117F0B7F9B9F1010FE0600AD094F8FC
S214014030373169F3030384F8373109F00F0120465D
S21401404017F0BCFB04F10800414617F0A0FF012061
S21401405002F0B2FD28B963691A075CBF43F0040396
S21401406063616B8940F27121013B5943204617F089
S214014070B0F9204602F0AAFD03B0BDE8F08F012F8B
S21401408087D140F2014185E7E3614FF4D7782B8968
S21401409040F271275B0007FB0366666040F6080185
S2140140A004F14006504617F064F93146204618F0F0
S2140140B0B8FC2B8901335B0031467B4304F13402A3
S2140140C0204601F021F9EB795B0031467B43012262
S2140140D0204618F0ACFC236C20469E0817F05AF9CF
S2140140E03044A0E76660E361002FD0D197E700BFB8
S2140140F0A0120020713A010070B51D46C36A1B0765
S2140141000446164613D408212C3025F4105517F012
S21401411030F925F01005064B2D0433402D0CC4E96B
S214014120083520464021BDE87040FFF781BB70BDD1
S2140141302FCF87F72DE9F04F85B004460191084649
S21401414089B34B799A071FD41FF094FA019D70B971
S2140141506B79DB0705D54FF4803104F1280017F0A1
S21401416008F901A81FF001FA05B0BDE8F08FA36AAF
S214014170DF0309D54FF4803104F1280017F001F967
S2140141806B7943F001036B71019E14F0C2FA7379E7
S21401419031469E0705461ED504F1AC001FF0DBFA3A
S2140141A0284614F0BCFADFF8909114F0B2FAA36A2C
S2140141B0DD05074614D5D4F8AC3043B19A791344DB
S2140141C01B7B392B03D829FA03F3D80711D43846B9
S2140141D014F0A5FAC8E704F1A8001FF0ADFADFE76E
S2140141E094F94631022BF2DCD4E92A2372B9002B6A
S2140141F0EDD004F1AC001FF0D6F90546384614F0B0
S2140142008EFA2946204617F087FCCEE7002BF0D120
S21401421094F89280039304F1A80BD4F8A86096F85A
S21401422007A0B379AAEB030A5FFA8AFAC24527DC2C
S21401423058461FF017FAA8EB0A0805466B796FF384
S214014240C3036B71294603A81FF076FAD4F8A83089
S2140142502BB15B79990702D1B8F1000FDDD1039B31
S214014260002BB4D09B79022B40D800201FF042FBD4
S214014270014670BB039904F1A8001FF06CFAA6E78B
S21401428000201FF037FB054630B9039904F1A8005A
S2140142901FF061FA03959AE78079B1790C300C31F9
S2140142A04246314428441EF012FEEB7953FA88F355
S2140142B0EB71B379727953FA88F3B3716B7962F360
S2140142C000036B7173796FF3000373714FF000088D
S2140142D0B4E7039B4A79587960F300024A715A7928
S2140142E06FF300025A7103A81FF030FAE36A9A05C9
S2140142F012D50398034600680028FBD1DB79C3F189
S2140143004503DBB2032B07D81FF0F4FA0146002859
S214014310B0D003A81FF010FAD4F8A83013B15B7917
S214014320DB0704D5039A537943F0080353713846E3
S21401433014F0F5F9039965E77C2C020070B5036B60
S214014340990786B0044601D517F038F9236BDA07CA
S21401435033D5A66A330723D516F4002F14BF0325D9
S21401436001252046FFF74EFA94F89B30059300236B
S214014370049394F83E300393238F0293638F019343
S214014380636BC3F34F030093C6F3800204F171031A
S214014390294680B218F069F930B9002006B070BD20
S2140143A0B50C05F00205DCE7012104F1300016F03A
S2140143B0E8FF4FF4005116F0DCFF236B980410D58C
S2140143C02046FFF71FFAA16AC0B2C1F3403117F0C9
S2140143D08AFE0028E1D04FF4005104F1300016F0B7
S2140143E0D0FF236BD90409D500212046FFF7A2FE92
S2140143F04FF4805104F1300016F0C3FF236B5A05C9
S21401440012D52046FFF7FEF994F89B500023C2B25E
S2140144101946284617F0CFFF0028BED04FF480611A
S21401442004F1300016F0ADFF236B5B0711D5204673
S214014430FFF7E8F9616B238F628FC1F34F0180B2FA
S21401444018F0F3F80028A8D0042104F1300016F083
S21401445098FF236B1E0709D5204618F0D7FE0028C3
S2140144609BD0082104F1300016F08BFF236BDD068C
S21401447018D52046FFF7C6F9E16A11F4805180B2DB
S21401448000F0C580002118F065F9002885D04FF4AA
S214014490805104F12C0016F074FF102104F1300055
S2140144A016F06FFF236B580615D52046FFF7AAF9BD
S2140144B094F877300093D4E9082380B218F02DF9E8
S2140144C000283FF46AAF002384F87730402104F1D6
S2140144D0300016F056FF236B190516D52046FFF758
S2140144E091F900230093B4F89830B4F8962094F824
S2140144F09A1080B217F0AAFD00283FF44EAF4FF491
S214014500006104F1300016F03CFF236B13F4804584
S21401451032D19A0516D52046FFF774F994F837116B
S21401452094F8772001F00F0180B200F03FFD0028DB
S2140145303FF433AF84F877504FF4007104F1300044
S21401454016F01FFF236B1B0616D52046FFF75AF9F8
S214014550B4F88C30009394F89130B4F88A2094F82B
S214014560901080B218F028F900283FF416AF802189
S21401457004F1300016F005FF236B9E0612D5204687
S214014580FFF740F994F8771080B218F0FAF800288F
S2140145903FF403AF002384F87730202104F1300084
S2140145A016F0EFFE236BDD0508D504F130004FF45D
S2140145B0807116F0E6FE204618F065FC236B1804A1
S2140145C008D504F130004FF4004116F0DAFE20461B
S2140145D017F0F0F8236BD90308D504F130004FF437
S2140145E0803116F0CEFE204616F02DFF236B9A037F
S2140145F008D504F130004FF4003116F0C2FE204613
S21401460016F02FFF236B9B0704D40120C6E618F093
S214014610B8F83AE700221146204616F020FF204659
S21401462016F01FFF2046FFF7EDF894F8771080B2DA
S21401463018F05DF900283FF4B0AE022104F1300015
S21401464016F09FFE2046FFF787FB024B1B68984734
S214014650DBE700BFCC120020134AF8B5002302F1B5
S214014660240151E8004F41E80035002DF7D101271C
S21401467034B9BDB10D48294616F07BFE2046F8BD7B
S21401468094FAA4F0B0FA80F007FA00F624EA0604D9
S214014690FFF7A4F80028EBD0FFF750FE0028E7D17B
S2140146A03543E5E70120EAE7A0120020C412002006
S2140146B02DE9F74F04460190002860D0C579314FA7
S2140146C00C35054414F025F84FF0000800904646D6
S2140146D040464FF4A47ABA7E5FFA88F94A4517D95C
S2140146E03A680AFB09FB5A44916ACB0644D5B2F8EC
S2140146F09420C2F30B02002A3ED0E279C2F14502B1
S214014700D2B2032A15D802201FF0F4F8044640B9A5
S21401471000230098FB8314F002F8304603B0BDE88E
S214014720F08F014601A81FF007F8E5790C352544FE
S21401473000200422012312FB0033002105F82090FB
S214014740E9543B685B4402FB005CB3F894308CF898
S2140147500230032312FB00320136A9543B685B4446
S2140147600130B3F8942061F30B02A3F89420E379A7
S2140147700433E371C0B2F6B208F10108ABE70646AE
S214014780CBE700BFA0120020F7B5684604F000FC96
S214014790134E00254FF4A477B37EAB4201DC03B081
S2140147A0F0BD346807FB0544A36A03F01803102B19
S2140147B013D10522694604F145001EF053FB60B192
S2140147C00121204618F080FB38B901201FF092F82D
S2140147D0014610B1204601F067F90135DCE700BF5C
S2140147E0A01200202DE9F74F13F093FF424BDA6831
S2140147F000920022DA6013F092FF009B13B903B017
S214014800BDE8F08F68461EF0CEFE8279876801907B
S21401481002F10C0404440146A07A10F0200F14BFE4
S214014820032002200A3202448A71FA6A52050FD521
S214014830E07AA27A42EA0022384617F05BFB38B9E2
S21401484001A81EF092FE3D21384617F045FAD4E73E
S214014850BA6A94F80AB0019912F400720BF00300D8
S21401486013D003288A79EBD10A44127B392AE7D878
S214014870224B23FA02F2D307E2D54A7942F002022A
S2140148804A71384600F018FEB7E70328F5D0487994
S21401489062F341004871084694F8069094F905A021
S2140148A01EF0E8FE019DAC79063CE4B20646AC710A
S2140148B03846FEF7A7FF0C3405EB04080BF0030B94
S2140148C0C0F3032343EA0B13F6B288F8033088F8E3
S2140148D00200A8F804602B4605F804A088F80190A9
S2140148E05A796FF341025A711B68002BF8D128469A
S2140148F017F010FC81E700BFA01200207C2C0200FC
S21401490030B5D368C4688BB01BBA0D46C178029324
S214014910002361F30703817861F30F23417861F384
S2140149201743916809BA0391816809BA07915168DA
S214014930126809BA12BA049105920178426861F3C5
S2140149401F6312BACDE9082324BA069406AC009474
S2140149502346802202A9012014F0E4FA0028F6D1A9
S214014960DDE90810DDE9063200BA09BA12BA1BBA47
S21401497028606960AA60EB600BB030BDF8B5094FDE
S214014980044600260CB90748F8BDA179E5796D1AE9
S214014990EDB20C312144B8192A461EF098FA2E447D
S2140149A02468EFE7DC120020F8B5094F044600261C
S2140149B004B9F8BDA079E5792D1AEDB20C30B91914
S2140149C020442A461EF083FA2E442468F0E700BFEE
S2140149D0DC120020104B1A7842F0F0021A701A7C92
S2140149E042F0F0021A7493F8202042F0F00283F8A5
S2140149F0202093F8302042F0F00283F8302093F81C
S214014A00402042F0F00283F8402093F8502042F014
S214014A10F00283F850207047EC1300200368054A23
S214014A2023F07F6323F4002302EAC14213430360A9
S214014A30704700BF0000F80FF8B544881E4E04F01A
S214014A400704072C054628D113F063FE0022110146
S214014A5006EB0217735C1B090F2B0AD00132062ADC
S214014A60F5D1164A13880133138013F058FE192026
S214014A70F8BD2B687B801123735494B213F04FFE5C
S214014A8018F055FF06EB0413D8602B6823F4E023D7
S214014A9043EA04432B600020EAE72301F15CC1F3FB
S214014AA00312013202F00F02052A28BF002262F328
S214014AB00711F154E4E700BFEC130020D01E0020DC
S214014AC038B5448804F00704072C05460FD013F0C8
S214014AD020FE2401064A135D43F0F00313552B68AC
S214014AE043F4E0232B60BDE8384013F018BE38BD10
S214014AF0EC1300202DE9F047458805F00705072D42
S214014B000746894637D01D4C4FEA051804EB051AAF
S214014B1014F8086018F00BFF3609DAF80C3006EBCB
S214014B20C50604EB4606C01A708014F8083003F078
S214014B300F02042A9EBF013262F3030304F8083011
S214014B40B9F1030F14D114F8081004EB0514A01CD6
S214014B5001F00F0118F098FD044613F0DAFD3A68EB
S214014B60074B134023433B60BDE8F04713F0D7BD26
S214014B704FF6FF74F1E7BDE8F08700BFEC130020A5
S214014B800000FF7F064A9268824208B507D0427944
S214014B9022F0030242F00302427104F06FFD08BDE9
S214014BA04C14002010B5064C20461EF0DEFC201DDD
S214014BB01EF0DBFC04F10800BDE810401EF0D5BC79
S214014BC04C14002010B502201EF094FE034C6060C9
S214014BD002201EF08FFEA06010BD00BF4C14002006
S214014BE008B5FFF7DFFF034B0022DA60BDE8084097
S214014BF0FFF7E8BF4C140020014B5868704700BF10
S214014C004C140020014B9868704700BF4C140020DC
S214014C1038B50C4CE3681BB1E36898470023E360A2
S214014C2023686BB107481EF0BEFC054640B12368F9
S214014C301BB14FF0004004F0B9FC284617F070FE97
S214014C4038BD00BF4C14002010B5064CE0604FF094
S214014C50004004F0ABFCE3681BB1E368984700230F
S214014C60E36010BD4C14002038B583790344044634
S214014C705B7B13F0300F437923F0030308BF43F047
S214014C800103437113F045FD2146054605481EF014
S214014C9053FD4FF0004004F089FC2846BDE838403B
S214014CA013F03DBD4C140020F7B5144F7C68A37972
S214014CB00C331C4400F01AFB6679E6B116F00205C7
S214014CC019D136EA000016D1E378B4F80920B4F811
S214014CD00710A07901962479009401F031FB002891
S214014CE008BF0C25B8682A4642F2410103B0BDE868
S214014CF0F04017F0A3B91125F4E700BF4C140020CB
S214014D0010B50D4C626893790C331A441179D0783A
S214014D10B2F80730B2F80520003918BF0121003873
S214014D2018BF012001F074FC42F242010246A0685D
S214014D30BDE8104017F082B94C14002010B5084C9D
S214014D406068837918440F3000F09EF90023A0684C
S214014D501A46BDE810404FF6284117F02DB900BF9E
S214014D604C140020242816D80F2805D802280CD861
S214014D70B0FA80F040097047084B103880B2C34043
S214014D8003F0010383F0010070470538012894BF42
S214014D900020012070470120704700BF2D20110020
S214014DA02DE9F04F95B0FFF727FF86790C3642F2D2
S214014DB0360330F806809845054600EB06040ED10A
S214014DC0FFF71AFF02211EF0A7FBA3787F2202330A
S214014DD0A370AA5500232022627023776377E078B8
S214014DE00121FEF72BF900230646002800F0D780A4
S214014DF0CDE91233237A8DF84A30E37A8DF84E30B6
S214014E00A388E288ADF8482013F01000B4F8092012
S214014E10ADF84C2003F0050306D093B1E37D012BDA
S214014E2051D00025122614E07BB3E37D657E012B6D
S214014E3037D16B1EDBB2022B09D800F057FA0123DB
S214014E4038E04FF48043DDE91212914220D9002563
S214014E501126FFF7D7FE012332464146ACB217F0C2
S214014E60ABF8002DCCBF0534053C24B2002E40F033
S214014E7099800A2394FBF3F4E4B2FFF7C3FEC379E7
S214014E801844C47215B0BDE8F08F4FF6FF73DAE729
S214014E901F29DCD99A42DAD8E37D657E0028BED187
S214014EA0C5E7032BD3D16B1EDBB2022BCFD800F0A4
S214014EB01DFA04230342CAD0032D08BF0425284047
S214014EC0C0B20028C3D0E07815F089FF20B1A088D1
S214014ED0FFF748FF0028A4D0334A237F1278002A20
S214014EE054D0042B9DD8637F042B9AD8A388DB0665
S214014EF053D418F0A0FD0121C822084003F0BEFEDD
S214014F0094F91630B4F804E0677EE18894F80C90C2
S214014F1094F815A094F818B003EB8303B0EB430F95
S214014F204FEA4302637B0F93A37B109304F10F03B5
S214014F301193637F0546E07DC8BF15B2B4F809201A
S214014F400C93237F0B93E37E032808BF0420032FD3
S214014F5008BF0427003B18BF01230A93A37ECDF8A0
S214014F600C90CDE90873119B02931FFA85FC109BE8
S214014F700193CDE9060BCDE904AC0F9B00933046B7
S214014F805FFA8EF315F0E7FF064662E7002B7FF423
S214014F905EAF637F002BA9D059E70020ABE705463B
S214014FA0072656E7002468E7491F0020F8B507469C
S214014FB001200D4616461EF09DFC0446C0B1062291
S214014FC00C2117F00CF8691EA379C9B2032998BF02
S214014FD0084A03F10C03234498BF525C9F8088BFA4
S214014FE000222046DE70DA719A71FFF7CBFD0120B0
S214014FF0F8BD00BFFE470300F8B5FFF7FDFD837956
S2140150001844B0F80F60B0B2FEF7E8FB0446C0B132
S21401501016F03CFD0138C0B2032814D80B4B1C5CBB
S2140150200027FFF7EFFD054604233A4642F230011A
S21401503016F0C2FFAB790C33E818C68004724472CE
S214015040F8BD0227EDE700242746EAE7FE470300FE
S2140150500B4610B50649074C0622002808BF214614
S21401506018461DF0FFFEB0FA80F0400910BD00BFE3
S2140150704B1F0020511F0020024B1A6802609B88BC
S21401508083807047511F002013B50D4C28B103686B
S21401509023608388A38002B010BDFAF783F8CDE9B8
S2140150A000019DF80230A370BDF80530BDF8002060
S2140150B0A4F803309DF8073022806371EBE700BF48
S2140150C0511F002010B5044613F023FB064B22683F
S2140150D01A60A2889A80054A137843F00103137078
S2140150E013F01DFB012010BD4B1F00204A1F00209E
S2140150F0024B1878003818BF012070474A1F00205D
S214015100024B1A6802609B88838070474B1F002001
S214015110024B186908B104F049BA7047300D0020F7
S21401512010B53D4A002302F1100151E8001F02F1BB
S214015130100C4CE80034002CF5D140EA0104A10221
S21401514001D501F0AFFD220101D503F0D9FA002CFB
S21401515001DAFFF75DFD630001D501F0C9FCA0008F
S21401516001D5FFF73FFBE10007D5FEF757F820B959
S2140151702A484FF0805117F027FC620107D516F038
S21401518050FD20B925484FF0806117F01DFCA301A2
S21401519005D518F049FCFFF7F7FA15F025FEE001F2
S2140151A008D516F044F9072804D11C484FF0807141
S2140151B017F00AFC610201D515F010FE220201D596
S2140151C015F000FEE30207D516F02FF920B91348B3
S2140151D04FF4801117F0F8FBA00507D500F03AF957
S2140151E020B90E484FF4007117F0EEFBE10507D524
S2140151F0FFF732FA20B909484FF4807117F0E4FB43
S214015200620503D516F0D6FE16F0D5FE230501D5A8
S21401521017F0E2FB10BD00BF300D0020400D00204E
S2140152200146014817F0D0BB300D0020014B1B682A
S21401523018407047300D0020044B10B5D3E90642E4
S21401524004430A43C3E9064210BD00BF300D0020E7
S21401525070B51E4D2B68002B044603DAFFF7C0FC21
S214015260002031E01A4E4CF20C000021FFF7E4FF5B
S2140152700023336024B163682B60A36803B13360F5
S2140152804FF00040FFF7CCFF33680BB9114B33608A
S214015290114B1248AB6000232B7312F0F1FDFFF7A0
S2140152A099FB2046F6F78CFB70B92CB1B4F90E10B9
S2140152B0B4F90C0002F024FF18F0C1FB03F03AFE2B
S2140152C003F0C0FD0028C9D070BD00BF300D00201E
S2140152D05C140020F20C002011510100340D002056
S2140152E0014BD3E906017047300D0020054B9B6941
S2140152F0DA054CBF032001201B0548BF40F004001F
S214015300704700BF300D0020F8B517461C4606460C
S2140153100D4603F093FB1C4BBA7A53F8222053F840
S21401532020301A44194B9C4224D9194B9C4214D95B
S214015330184B93FBF2F3002BB8BF0333013C9A10D2
S21401534004EBA304B4FBF2F371682A68A1EB9301A2
S21401535002EB430271602A60F8BD0F4B0F49A3FBB5
S21401536004435B0902FB03F303F6C313A1FB031318
S214015370DB0AE9E702FB04F303F57433084A8F33CB
S214015380A2FB03231B0CDFE7544803004C6210000A
S2140153901366660640420F001F85EB515917B7D1B9
S2140153A083DE1B43024B1A6802601860704700BF19
S2140153B064140020024B00221A6000F0FBB900BF03
S2140153C0641400202DE9F843064616F095F80446C5
S2140153D0002835D045784DB913F09BF923786370D2
S2140153E01B4B1B686360257013F099F94FF0010899
S2140153F0677837B923781BB34FF4007004F0D6F8FA
S2140154001EE097FAA7F5B5FA85F508FA05F55FFAED
S21401541085F9636833B90E4B27EA050565701B6885
S2140154206360E5E79B681BB963681B686360F0E728
S214015430494630469847012805D163681B68636072
S2140154400120BDE8F8830228EED10020F9E700BF6D
S2140154506414002070B50E4E0025FEF71BFCA84212
S21401546001D8012012E03068FEF7B8F950B9346867
S214015470FEF710FC0134B4FBF0F303FB1044346078
S2140154800135EAE7FFF79EFF0028F0D170BD00BFA7
S2140154906014002010B58379034404461B7B392B26
S2140154A096BF044AFF21D15C1EF036F8A0790C3075
S2140154B0204410BD024803002DE9F34105460C4681
S2140154C0019116F009F8830605D501A81EF04DF8DE
S2140154D002B0BDE8F081019FBE790C36BB5D392B69
S2140154E018D8164A12F80380B8F1FF0F12D03846C2
S2140154F01EF0C0F8013840450CD1114B1E6896B914
S214015500A379234421461A7B284602B0BDE8F04120
S21401551017F052BB01981EF028F8BA5D019928468B
S21401552017F04AFBD4E773680BB93668E7E72146FC
S214015530284698470028F8D0CAE700BF024803006B
S2140155406414002037B504460D46202115F0C6FF29
S2140155502946204616F02FF82146012017F0D3FBE6
S2140155602146002017F0CFFB0120044A00900023BB
S214015570214617F059FB03B030BD00BF91CA0200A7
S21401558073B50C461646054617F02FFD80F0010050
S2140155902946C0B215F097FFC368012C9A7907D047
S2140155A032462146284602B0BDE8704017F023BDBA
S2140155B013441022DB8A00922946034A002017F082
S2140155C033FB204602B070BDF7CF020037B5044664
S2140155D017F04BFD0321204615F09EFF00250346DC
S2140155E0044A00952146012017F01EFB284603B009
S2140155F030BD00BFDDCE02002DE9F347074602208D
S2140156000E461EF077F90546002846D0B3790C33CE
S21401561033440021B3F80480B3F806A0B3F8089029
S21401562017F080FA2846FFF735FF02210446384670
S21401563015F072FFA4F804806081A4F806A0A4F80F
S214015640089018F038F908F10108B0FBF8F303FBED
S2140156501800022360806370AB79B371EA79F27146
S21401566003F10C00D21AD2B2291830441DF02FFCD7
S2140156703946012015F027FF1022C6606389009283
S2140156803946074A012017F0CFFA3846294617F05F
S21401569047FA002002B0BDE8F0870720FAE700BF0E
S2140156A0F7CF02002DE9F34104460D4601460120DD
S2140156B015F009FF01210746284617F033FA284658
S2140156C0FFF7E8FE064600F10108404603F060FCDD
S2140156D0D6F80130C7F812307379BB75022120461F
S2140156E015F01AFF29460746F080204617F018FAEB
S2140156F020230093044A3B462146012017F094FAE2
S214015700002002B0BDE8F081C3CF02007FB5044699
S2140157100D460146012015F0D6FE50E8003F43F441
S214015720806340E80036002EF7D1204617F05DFC76
S214015730D8B3204615F0D8FE430715D53346324672
S2140157400DF10F01204616F088F99DF80F30062B53
S2140157500AD8284612F058FB012200232046FEF7FD
S214015760CBFC002004B070BD0E21284617F0DAF9F4
S2140157702846FFF78FFE0646FFF7B2FDC6F805106E
S214015780FFF7AEFD2946C6F80100204617F0C8F916
S2140157900321204615F0C0FE002203460092214652
S2140157A0034A012017F040FADBE70821DDE700BFD6
S2140157B0E1CE020010B5054C054A0649204617F011
S2140157C07EFB2046BDE81040FFF7ECBD68140020C4
S2140157D0A9D0020041590100F7B58B790C33CE18D8
S2140157E0CB5C023B04460D460F2B00F2A080DFE89F
S2140157F003F0089E9E9E9E739E829E9E2C689E9E91
S2140158009E4F12F086FF71780746204615F0D3FEAC
S2140158102021204615F062FE2146012017F073FA7A
S2140158202146002017F06FFA012300930023184643
S214015830404A214617F0F8F9284612F0E5FA3846AC
S21401584012F06DFF012003B0F0BDB3887288717845
S21401585016F0E9F8204615F047FE830708D42946D6
S214015860204617F002FC0121204617F043F9E9E72C
S2140158702146012015F027FE2F4B82689A4203D15C
S2140158802146012017F00FFA284612F0BDFAEAE782
S2140158907778B678084612F0B7FA162F05D1324651
S2140158A00321204617F0F1FDCCE72146012015F033
S2140158B00AFE8368002BC5D032460321204698474E
S2140158C0C0E70146012015F0FEFD0746284676781A
S2140158D012F09AFABB68EDE70146012015F0F3FDD8
S2140158E007462846767812F08FFABB68002BA9D0B7
S2140158F032460421E2E70146012015F0E4FD0F4B94
S21401590082689A4203D0284612F07EFA9AE7D6F8C1
S2140159100120D6F805302046FEF7EEFB284612F0A9
S21401592073FA2146012017F0BEF902219CE70020F8
S21401593089E700BF5FD00200DDCE0200E1CE0200A3
S2140159402DE9F3410C46054617F04FFBA3790028D5
S2140159506BD00C33E61814F80380B8F1010F41D070
S214015960B8F1080F39D0B8F1000F51D17189284626
S21401597017F048F9B188738872788B4294BF07464E
S214015980002709290B4638BF0923013B9BB29A42DF
S2140159900FD8002A08BF0027F3883289084617F077
S2140159A050F840B9204612F02FFA012002B0BDE8A7
S2140159B0F0814746F0E7002FF4D02946002015F085
S2140159C082FDC46073891022013B00921B4A9BB280
S2140159D02946002017F028F9E7E72146284617F060
S2140159E0A2FAE2E7F188284617F00CF90746701C80
S2140159F018F033F80028D5D0002FD3D02946002040
S214015A0015F061FD2023C4600093F3880C4ADFE79C
S214015A102146284617F026FE0028C6D121462846EC
S214015A2002B0BDE8F041FFF7D7BE23441B7B0E2B27
S214015A30D3D02146284617F004FEEDE78155010034
S214015A407BCF020038B504460D4615F04DFD4207E2
S214015A500BD4204615F048FD830706D42946204678
S214015A60044ABDE8384017F0BFB9284612F0CCF911
S214015A70002038BDCD55010038B505460C4615F059
S214015A802BFD00F01800102806D121462846054AAD
S214015A90BDE8384017F0A8B9204612F0B5F90C2039
S214015AA038BD00BFF9550100014A17F09DB900BF86
S214015AB0A556010070B505460C460146012015F0B5
S214015AC002FD0646284615F00FFD020704D52046BE
S214015AD012F09AF9002070BD33685B05F7D42846AA
S214015AE017F083FA40B121462846FFF7ABFF18B9F5
S214015AF01DF000FF044630B121462846034ABDE8A2
S214015B00704017F071B90720E5E700BF0D57010097
S214015B1073B504460E4615F0DFFC00F03000102881
S214015B204FF0020031D11DF0E5FE054678B343790A
S214015B3043F002034371022116F0F4FF2846FFF7F3
S214015B40A9FC29464670204616F0EAFF1621204693
S214015B5015F031FD2021204615F0C0FC214601201C
S214015B6017F0D1F82146002017F0CDF8204617F09F
S214015B7070F90121204615F0CFFC03460120009064
S214015B80044A214617F050F8002002B070BD0720E5
S214015B90FBE700BF0BCF02002DE9F04387B00446B8
S214015BA00E4615F0A1FC00F4C060B0F5C06F06D13A
S214015BB002201DF09FFE054610B9072054E000257F
S214015BC02146012015F07FFC96F8068008F10C08A6
S214015BD0B044814608F10F0300F1120208F11F01DB
S214015BE053F8040B42F8040B8B42F9D103213046DB
S214015BF016F098FF3046FFF74DFC0A22074608F1DB
S214015C00050101301DF03EF90C210DEB010003F0FA
S214015C102DF903AB03CBC7F80B00C7F80F10059B94
S214015C20C7F8133007F10B020DB30A21284616F008
S214015C3079FF2846FFF72EFC2946204616F070FF0E
S214015C40C9F80C604FF48071204615F047FC03211B
S214015C50204615F061FC002503460D4A00950120FB
S214015C60214616F0E1FF284607B0BDE8F08307F1AC
S214015C7013032046012116F085F82046314616F01A
S214015C804FFFC9F80C50204616F098F8DFE700BF22
S214015C90EBD00200F0B589B00D46044617F01FFAA6
S214015CA0AB79002800F0A3800C33EA18EB5C033BC9
S214015CB0082B00F23881DFE813F0090036013601BF
S214015CC084003601360136015D007E00D2F80100FF
S214015CD0D2F80510B2F8097003AB03C302F113033F
S214015CE001210B32204616F04DF80421284616F005
S214015CF019FF2846FFF7CEFB0C21064605A803F040
S214015D00B5F805AB03CB3346C6F80100C6F8051057
S214015D10079A43F8092F0021721C204616F032F824
S214015D202146002015F0CFFB03AA0346478303CA8A
S214015D30C3F81200C3F8161020460821FDF778FDB7
S214015D404FF40071204615F0C9FB204616F036F8D0
S214015D502946204616F0E4FE0321204615F0DCFB1A
S214015D6003460020714A0090214616F05DFF01208F
S214015D7009B0F0BD0B21284616F0D4FE2846FFF7E1
S214015D8089FB2946204616F0CBFE12F0C2FC4FF4E2
S214015D9040710546204615F0A1FB4FF48051204680
S214015DA015F0A4FB284612F0BAFC4FF48061204699
S214015DB015F09FFBDBE7284612F026F84FF400713A
S214015DC0F5E70621284616F0ADFE2846FFF762FBEA
S214015DD0204615F053FE2946204616F0A1FE204621
S214015DE016F012F82146002016F05DFFBFE72B449F
S214015DF01B7B043B072BBBD801A252F823F000BF44
S214015E00215E0100475E0100A95E0100715D01008F
S214015E10715D0100715D0100715D0100BF5E0100F1
S214015E2020464FF4007115F059FBAA790C322A442A
S214015E3002F1090320460132002115F0A3FF28468E
S214015E4011F0E2FF93E74FF48060FFF7EFF9B0B18E
S214015E504FF40061204615F041FB00272046CDE9AE
S214015E600577FDF7CFFC0646204615F033FB009577
S214015E70034605AA3946B0B216F0E1FC77E721469B
S214015E80012015F020FB00F11201204615F0D1FF8C
S214015E900621284616F046FE2846FFF7FBFA294655
S214015EA0204616F03DFE62E7284611F0ADFF21467A
S214015EB0012016F028FF204615F0A6FF57E712F03E
S214015EC028FC4FF400710646204615F007FB4FF4F8
S214015ED08051204615F00AFB304612F020FC4FF4A4
S214015EE0C061204615F005FB2946204616F018FE2F
S214015EF02146012015F0E7FAC268054682B193797A
S214015F000C331A4402F1130301210B32204615F01B
S214015F1039FF204615F052FFE968204616F000FECC
S214015F200023EB6023E7002022E700BFEBD002004E
S214015F3010B5074C07492046002216F0C0FF204640
S214015F40FFF730FABDE8104001200021FFF774B9D1
S214015F5074140020955C010038B505460C4615F012
S214015F60BBFA00F01800102806D121462846054A3B
S214015F70BDE8384016F038BF204611F045FF0C202A
S214015F8038BD00BF995B010038B58B790C460C33E0
S214015F901944E35C142B054603D0152B0FD00020C3
S214015FA038BD013117F073F915212846224617F03E
S214015FB0B6F92146284616F0B3FD0120F0E7014662
S214015FC0012015F080FA0B4B82689A4203D02046D6
S214015FD011F01AFFF1E7A17921440D31284617F097
S214015FE056F9204611F010FF2946012016F05BFEF7
S214015FF0E3E700BF73D3020037B504460A460D46F1
S214016000142117F08CF92946204616F089FD032144
S214016010204615F081FA3022034600922146034AB3
S214016020012016F001FE002003B030BD73D302003C
S21401603010B5074C0749084A204616F040FF20468F
S214016040FFF7B0F9BDE8104020200021FFF7F4B8B3
S21401605080140020895F010077D3020073B5ADF884
S21401606000208DF802301E460446009B019301A8CD
S2140160700D46114617F0F5F89DF80630B34203D1E8
S214016080BDF804308B4205D0284611F0BDFE122023
S21401609002B070BD204615F08FFB9DF80230827A63
S2140160A09A4209D18288BDF800309A4204D1284626
S2140160B011F0AAFE0020EBE76946204615F038FEEF
S2140160C0024A2946204616F08FFEE1E7F95F0100F5
S2140160D02DE9F04116461A43BDF8188007460C46CE
S2140160E01D4605D120461146BDE8F04117F096B988
S2140160F04146204616F072FD78B12146384615F025
S214016100E2F940238674C574214606933846434611
S214016110034ABDE8F04116F087BDBDE8F08100BF37
S214016120D5D40200F7B505460E460146012015F006
S214016130CAF9036813F0F00F03D02946012016F0C0
S214016140E2FD284615F09FFCB3790C3333445F78A3
S2140161509B781F400378C3F3030000EA131038400E
S21401616017F036F9044668B9284617F03AF9384068
S21401617017F02EF9044628B9284615F087FC01F0D9
S214016180B5FF04462846002115F018FB17213046B6
S21401619016F0C8FC3046FFF77DF93146447084702E
S2140161A0284616F0BDFC0321284615F0B5F9402215
S2140161B0034600922946034A002016F035FD03B037
S2140161C0F0BD00BF8BD4020008B581B2074815F0B8
S2140161D0DEFE012000F0F0FC30B9054A53691907CC
S2140161E05CBF43F00403536108BD00BF9414002054
S2140161F08C140020012383400649DB4301F124026D
S21401620052E8002F1A4001F1240C4CE80020002827
S214016210F4D170478C1400200123074A03FA00F0DA
S21401622002F1240353E8003F034302F1240C4CE837
S21401623000310029F4D170478C140020044A536AB7
S2140162404FF0804043F40023536203F0AFB900BF20
S2140162508C14002038B50E4D044601F091FBE86B16
S21401626018B111F0D1FD0023EB6315F0A0FE09482B
S214016270FEF726FCAB6B0BB1FFF7E0FF04482146A7
S21401628000F0F4FCBDE8384003481DF06EB900BFCD
S2140162908C14002094140020AC140020034B586A80
S2140162A010F0050001D1FFF7D5BF70478C14002010
S2140162B038B51E4C4FF01013E3624FF4E0632386AB
S2140162C047F6FF73A4F8603094F86730012262F352
S2140162D0030384F86730164A164B0025C4E91632C4
S2140162E06562FFF703F84FF48073A4F84830124B49
S2140162F0E361124B84F856001A6865611378527888
S214016300A4F8BC5013445B10294604F108006376D8
S214016310A4F8B45015F03BFE294604F1940015F09C
S21401632036FEBDE8384017F0AABB00BF8C1400202B
S21401633055555500D6BE898E5BD702005C140020E9
S2140163402DE9F0411F4C9DF81C609846636A0F4684
S214016350D907154633D460B30120FFF75DFF626AA3
S2140163609DF8183084F8546022F4C07242EAC312D1
S214016370052E626207D101F0F9FF68B96D00ADB272
S214016380BD4228BF3D4694F854309A0715D413F001
S214016390040F14BF0326012694F86730A78566F319
S2140163A0030384F86730E58584F830800120BDE872
S2140163B0F0810120FFF71EFFD1E70226ECE700205F
S2140163C0F5E700BF8C140020024B586AC0F380002A
S2140163D0704700BF8C14002010B51D4CFFF7F4FF6A
S2140163E0636A13F0010313D1A8B994F8663094F8E0
S2140163F03110253BDBB20133DBB2032B28BF002370
S21401640041FA03F2D207F6D5253384F8663018E050
S21401641094F8543010B194F85520134303F0050353
S214016420052BE2D101F0A2FF0028DED194F86730F7
S21401643003F00F02012A05D1032262F3030384F855
S214016440673010BD012262F3030384F86730CCE79E
S2140164508C140020024B586A00F00100704700BF00
S2140164608C140020F8B52C4C18B1636943F0100366
S214016470636117F05CFAE28DE66C236DA78D151F3C
S21401648040F271214D43AE4218D2A3F5967301FB3B
S2140164900733181AE76823893B4483420EDA636997
S2140164A0514343F01003891B63618142D4BF2161CC
S2140164B02061BDE8F840184800F088BB40F271271B
S2140164C07A43A2F5AF722261FFF786FF236DA28D94
S2140164D007FB023363602365AE424FF00003E364BB
S2140164E00E4B0CD31A68616A137B4907617E4CBF59
S2140164F0927912780B4493420CDC6376D9E7626A90
S2140165001B685207197B4CBFDA795A78637E5B1A8F
S2140165109342F2DA6276CCE78C1400205C140020F9
S21401652038B51A4C636923F010036361054601F020
S21401653027FAB4F8BC302BB9A36813F4601F08BF60
S214016540A4F8BC301148012100F090FB104BE36128
S214016550636A5A0405D485F00100BDE83840FFF7A8
S21401656081BFA26A6168521A002AF4DA23F0010395
S21401657043F400436362FFF791FE4FF0804003F05F
S21401658015F8FFF721FF0028E5D138BD8C1400204F
S2140165905BD7020008B5FFF717FFB0B10B4B586A7F
S2140165A020F0040210F001005A6203D1BDE8084051
S2140165B0FFF750BE01F0E4F915F0F9FCFFF73EFED7
S2140165C0BDE808400020FFF7ABBF08BD8C140020D3
S2140165D038B50E4C054680B10320FFF70BFE0023AD
S2140165E084F845300123A4F846300420FFF702FE64
S2140165F0BDE838401020FFF7FDBD0520FFF7FAFD86
S2140166000123A4F8B83084F8B650EEE78C140020C5
S21401661070B53B4C636A164603F0010270B95AB175
S21401662012F077F8636A23F0010305466362FFF709
S21401663035FE284612F073F8002070BD002AFBD103
S2140166409B0704D5E36BBBB10120FFF7C1FF94F8AC
S214016650303003F0FD03012B16D012F05AF8054630
S214016660C6B10E20FFF7D8FD17F061F942F210739C
S21401667003FB0600A06210E002201DF03BF9E06378
S2140166800028E1D10720D8E7FEF732FD0028E4D143
S2140166901220D2E70E20FFF7ADFD0020FFF7BCFD6C
S2140166A0636A13F00403C4D1E364E38D40F27122FC
S2140166B0023B5343E260236117F0FDF80323B0FB6E
S2140166C0F3F303EB4303C31A253384F86630FFF76D
S2140166D083FE17F02CF960602065B4F8BC00002832
S2140166E008BFF520FFF770FD064B05481A681378BA
S2140166F0527813445B10637600F068FA99E700BF9E
S2140167008C1400205C140020274B70B55A6A0D4685
S21401671009B3160747D503F1450603F1460428B326
S214016720D1061FD52388012B1CD95B0823800420A2
S214016730FFF760FD1020FFF75DFD17F0BCF823881A
S214016740B0FBF3F202FB1300307055B30320BDE833
S2140167507040FFF74FBD940625D503F1B60603F149
S214016760B804DCE70420FFF757FDE3E7D20314D5AE
S214016770B3F84610B3F8482091420ED22288520050
S21401678092B22280B3F84830934228BF1346238042
S2140167901020FFF72FFD0420CDE71020FFF73CFD6A
S2140167A0F9E70520D3E770BD8C1400202DE9F04FE2
S2140167B0314CA56B636BAE7900278BB00C36C4E900
S2140167C00D7705EB0608079383468946D8F824A07B
S2140167D001F064FFAA5D08F10806C2F3C012314653
S2140167E00DF127008DF8272014F021FBCDE904B91F
S2140167F0636A0798C3F380230393FF2302939DF8EC
S214016800273052463946CDE9006308F10E03FDF7FD
S21401681041FB284611F0F8FA636A23F02402D907EF
S214016820626205D40120FFF715FD0BB0BDE8F08FBD
S214016830124B94F854501A681378527813445B102C
S214016840052D637602D101F091FD40B994F85430DC
S2140168509A070ED413F0040F14BF0325012594F8EC
S2140168606730012065F3030384F86730FFF758FEAD
S214016870DBE70225F3E700BF8C1400205C14002040
S21401688070B54A4A054651681068AC79127A8AB0E2
S2140168906B4603C30C3408201A702C44FEF7C6FC62
S2140168A020B10122A11D28461CF042FEA3798DF8D5
S2140168B00F30A37A03F00F0303F128026A44002184
S2140168C012F8282CADF81020CDF82110ADF82510BF
S2140168D08DF82010062B08D8DFE803F0044F0707D1
S2140168E05F074B000D20FFF797FCA37AC3F38013D5
S2140168F08DF81230E368CDF81330238AADF81730DF
S21401690000231A460DF113010DF1120014F07AFA64
S214016910E3798DF819304FF47F43ADF81A307F23B1
S2140169208DF81C3063798DF81D300023ADF81E30CC
S214016930AB791233AB711C2128461CF056FEAB799D
S2140169402B4403AC0C3309AE224603CAB24218608C
S2140169505960144603F10803F6D1106818602946F9
S21401696013481CF0E9FE4FF0804002F01FFE0AB00B
S21401697070BD0D20FFF73EFCB7E7D4F81230CDF816
S2140169802130E38AADF82530EB79063BEB71A37A2B
S214016990C3F3C0138DF82030A7E7064B5B6A9B0450
S2140169A044BF42F00102ADF810209EE73C480300C8
S2140169B0AC1400208C14002070B583790C33C418F5
S2140169C02379DA0702D44FF0FF3070BDA37AE27A5A
S2140169D003F00F05082DF6D8062D01D92846F4E751
S2140169E0911F1F29EFD8012D1FD10C2AEBD1244E60
S2140169F0736A13F0060F01D1DB05EFD414F00FFA1A
S214016A0020B914F003FA0028E8D1DCE7A37A96F857
S214016A103020B2EBD31FC3F3C010D4D104F112015E
S214016A2000F00100FEF714FBEDE7042DD6D1144962
S214016A30144A486A0240002AC5D0C96B0029CDD045
S214016A408A790C3288188A5CC3F38013B3EBD21FA1
S214016A5008D014F0E4F90028C0D114F0CEF90028CB
S214016A60BCDBB0E704F10C01062208301CF0FAF991
S214016A70044614F0D4F90028B0D1002CAED0ECE7CF
S214016A808C14002008000400F0B5184C606B87B029
S214016A9000B3A76BBE790C36FCF7B4FE0223FF21C8
S214016AA0BA5DCDE90431BD19D20995F823305B09E9
S214016AB00393AB8B02936B8B01932B8B009300217B
S214016AC005F1080380B215F0D0FD606BFDF744F9BF
S214016AD000236363A06B11F097F90023A363636A35
S214016AE023F00403636207B0F0BD00BF8C140020DE
S214016AF013B5154C11F00DFE236A01930023236292
S214016B0011F00DFE019BA3B9636A1A0406D515F0B0
S214016B10C4FAA0B1636A23F400436362636A1B0389
S214016B2005D5FFF7B1FF636A23F40023636202B061
S214016B3010BD01A81CF037FD15F01AFBE2E74FF077
S214016B40804002F033FDE9E78C14002010B5074CB5
S214016B502368DA0607D523F01003236018B9A16865
S214016B60012014F023F90023A36010BD4C1500206A
S214016B70014610B50446022014F018F9054B1B68AF
S214016B80D90305D463691A075CBF43F00403636144
S214016B9010BD00BF4C150020014BD868DC3870478B
S214016BA04C15002010B5034BDC6816F0C0FEDC3C2B
S214016BB0201A10BD4C150020034B1B6813EA004336
S214016BC014BF0120002070474C150020F8B50023A3
S214016BD003604369044658070DD5204650F8081F40
S214016BE0C90C01F4FC7141F00501FDF717FF63695B
S214016BF023F00403636163692589D90603D516F07A
S214016C0096FE28446060184E606831462D1A51F889
S214016C10043F8BB923600C60B3684BB1617E5A7E2A
S214016C20914219D26269D2060FD50020FFF78EFF76
S214016C30BDE8F84015F0EDBE5A681F892A44D21BFC
S214016C40002AE7DA19461B68E3E75A681B6913440A
S214016C501B1A002BECDBE8E71A895B68D31AE2689B
S214016C600344D342E4D5E0E74C15002038B50B4D7C
S214016C70AB680446A342084601D1FFF767FF6B687D
S214016C80074A1BB1A342196804D11160BDE8384018
S214016C9015F0BFBE1A460B46F3E700BF4C150020A1
S214016CA0501500202DE9F047754D2B685B0700F164
S214016CB0B080AB68002B40F0AC8055E8003F43F055
S214016CC0040345E80032002AF7D16C689CB116F03F
S214016CD02EFED4E9043717F0100FA268064619D025
S214016CE010FA82F262602068D4F8048038BBDC3384
S214016CF04344C5E9024355E8003F23F0040345E851
S214016D000037002FF7D1AC68002C75D1BDE8F047ED
S214016D1001F030BD606892B2811AFF07A1EB06014F
S214016D2009D40029DFDAE768DF1BCF4205D43244F5
S214016D301844831AD6E70029D5DA204650E041697F
S214016D400289D0F804E0CF0648BF06EB020E11F028
S214016D50010C08BFD0E90371AEEB020206BFC91BE6
S214016D608918114608EB03077F1A002F28DDBB425E
S214016D7005D9E768A1EB0801DC378F423AD9D4F888
S214016D8014A01AF0010F1DD12169D0F80C902789A3
S214016D904144A1EB0901C91BE768A1EB0E01DC37F1
S214016DA0B9420FDD971BBCF1000F03D10169A1EBBE
S214016DB009010F44002F05DBC0F804E04B460446EA
S214016DC0006891E7477E617E8F42F9D2921BBCF143
S214016DD0000F03D1D0E903135B1A1A44002A02DA22
S214016DE0FFF7C6FE71E71AF0100FA6D0C368C0F809
S214016DF004E0E4E70B46E3E7A36813F4601FC3F37C
S214016E00C24008D12B6843F010032B60214613F0D3
S214016E10CDFFBDE8F08704F108063046FDF70CFE0D
S214016E202B6843F010032B602146F8B913F0BEFF20
S214016E30A36813F4601F4FEAD341C3F3C24517D0CA
S214016E40013DEDB201F4FC7129433046FDF7E6FD44
S214016E5003213046FDF74EFE75B1A268237E13442A
S214016E60120C9BB212041343A360D2E73846CEE756
S214016E7003213046FDF73EFE3046FDF721FEECE7E6
S214016E804C15002008B5034B996809B113F08EFF25
S214016E9008BD00BF4C150020014B9868704700BF25
S214016EA04C1500200A4B70B59C6884420FD12146D0
S214016EB0012013F07BFF6668258916F038FDAD1BAF
S214016EC0C54221464CBF0020022013F06FFF70BD63
S214016ED04C150020054B1B681B6A13F0100003D0ED
S214016EE013F0030018BF0120704700BF5C15002097
S214016EF02DE9F341344B9C68A5790C356719635D20
S214016F0003F04F036355838D0622103B06468846E1
S214016F107A700D2B32D8DFE803F054315007310C6C
S214016F20313131313131310C635D6FF30303635518
S214016F3024E0625D006A012363F30302625510F4E4
S214016F40006F4FF00C027A7006F12E0107F108026D
S214016F500CD001924FF0FF320092C0F380201A4607
S214016F6013F059FF635D43F08003E0E7D6F82E3057
S214016F70BB608B889380336A5B05F3D4B28D635D07
S214016F8062F345136355B91C304616F024FD635D64
S214016F9060F386136355A3797A7802331344E37159
S214016FA0B38D03F01403142B04D0B8F1000FC4BF43
S214016FB042447A7002B0BDE8F081635D62F3030378
S214016FC0B5E7635D0222F9E78812002038B5294942
S214016FD00B7D4A7D0133DBB2B3EB921F04460B7582
S214016FE003D303230B75002038BD016AC90234D5CB
S214016FF090F87E200323243A92FBF3F303EB43033A
S214017000D21A2532D2B2A18D94F87F30B4F9340069
S21401701084F87E2011F0100103F00F0323D116F03F
S21401702005FD01F085F8B4F97820824204F1700577
S21401703004D0A4F8780001F023FD6881284601F009
S214017040E3FB00221146104613F0B2FE94F87E00D0
S214017050002116F0EAFC0120C6E75B001A4102F0A7
S21401706003022532CFE702461946002001F006FE4C
S214017070D7E700BF881200201F4B2DE9F0410446D8
S2140170801860006C1D4E1CF0F5FA01462046FFF70D
S2140170902FFFA38D03F01403142BB36814BF226CC7
S2140170A000221A602046FFF791FFFFF713FF144BEB
S2140170B0051E144808BF184601F0DCFC63696768C2
S2140170C003F0100816F033FC6D000346627EE8B24A
S2140170D0B8F1000F03D1FF1AB7F59B7F07D511460C
S2140170E001F072FCB068BDE8F04101F041BC616896
S2140170F016F023FCF6E700BF5C150020881200207E
S21401710095710100E173010070B50546FFF7E2FED7
S214017110104B114E041E114808BF184601F0AAFC78
S2140171202846FFF753FF054660B133686000597E75
S21401713000F0FE0001F048FC094BBDE8704098687D
S21401714001F016BC01F096FC30682946BDE8704097
S214017150FCF742B8957101005C150020E17301004F
S21401716088120020034610B5094C052B20680AD06A
S214017170062B0CD1002001F07DFC20680121BDE822
S2140171801040FCF729B8BDE81040FFF7BDBF10BDA1
S2140171905C150020032803D1024B1868FFF7B4BF23
S2140171A0FFF7E0BF5C1500200C4B032810B51C68E8
S2140171B00FD1206C1CF05EFA01462046FFF798FEC0
S2140171C0074B226C9B6820461A60BDE81040FFF70B
S2140171D09BBFBDE81040FFF7C5BF00BF5C15002090
S2140171E0881200202DE9F8438B790C33CC1806461B
S2140171F02379DA0703D44FF0FF30BDE8F883E77A46
S214017200252FF8D83C4B9A6893790C33D118D35C68
S214017210A27AC3F38013B3EBD21FECD1056AEB0657
S2140172204CBF02310431062204F112001BF01AFE93
S2140172300028E0D194F80A9013F0F1FD05F4C0455A
S21401724080F001032A1EC9F3801904F10C08414697
S214017250DBB218BF0122484616F079FB014658B149
S214017260A37A03F00F03032B16D1336A9807C2D50E
S2140172700C2FC0D10320C0E713F0D7FD0028BAD1E8
S214017280A37A03F00F03002DEDD0032B85F4C04540
S21401729013D1A904AFD5E8E7052BACD1306AC207F4
S2140172A0A9D500F01403142B0CD004F1180016F025
S2140172B0BCFA00289FD005209FE7052B9BD16B04C5
S2140172C0ECD498E706F12E052946C0F3802013F08A
S2140172D09BFD0028E9D1A27A336AC2F38012C3F378
S2140172E080239A4287D10622294640461BF0BAFDE2
S2140172F00028DAD07FE700BF881200202DE9F74F7B
S2140173004FF0FF310746002401A8019401F050F820
S214017310019949B13846FFF765FF032806D00528CD
S2140173204BD001A81CF021F901203FE0DFF8A8802E
S2140173302848DFF8A89001F09DFBD8F800302046D9
S214017340597E01F065FBD8F800B0D9F80860DBF883
S21401735044001CF08FF9B4790C3406EB040A335D53
S21401736003F0400343F00403054633550AF10201D6
S214017370584616F030FB335D60F386133355D8F864
S2140173800030D9F808005B6C002DA4BF06358AF8DA
S2140173900150036001F0ECFAD8F800301B6ADB04F8
S2140173A007D50199384613F0D8FF002003B0BDE891
S2140173B0F08F01A81CF0D9F8F7E7019801F0B0F8B2
S2140173C00199384613F072FF0028ADD0204601F02F
S2140173D051FBEAE7A97101005C1500208812002024
S2140173E00E4A032810B5146805D0042809D0BDE854
S2140173F01040FFF7B7BE617E0120BDE8104001F0E6
S2140174009FBA2046FFF77AFF30B101F047F92046D0
S214017410BDE81040FFF778BE10BD00BF5C15002028
S21401742038B50D460446002001F024FB01F036F97C
S21401743029462046FCF71AFA014B00221A6038BD8D
S214017440601500200123074A03FA00F002F1140335
S21401745053E8003F034302F1140C4CE800310029C5
S214017460F4D17047A0120020F8B5244F7B6913F4BD
S214017470C07F05460C4603D099063BD401200CE09C
S21401748039B15A0705D4D5F8A43013B90820FFF747
S214017490D9FF7B699B0601D50020F8BD7B7FAE6ACC
S2140174A0022B06F0080604D916B114B90220F4E737
S2140174B0E4B995F8921095F83701063100F00F00FF
S2140174C000F0F0FD85B20EB904B16D00FFF76AFB5E
S2140174D0A8420DDB7B6913F01C0FDDD11EB1002C19
S2140174E0DAD10520D9E7002CFBD1D5E70320D4E774
S2140174F00420D2E7002CCFD0C3E700BFA0120020A3
S21401750038B5124D6B69044643F400734FF480613D
S21401751028306B6116F0BAF90121204613F0E9FF15
S21401752000212046FFF7A0FF014620B12046BDE816
S2140175303840FFF775BF6869617E80F48070BDE8EA
S2140175403840C0F3002001F0FBB900BFA0120020B4
S21401755038B50C4B0446186000F5947001F054F9E8
S2140175602046FCF74FF9C4B2204613F02DFC054621
S214017570204613F02BFC29460246022013F018FC85
S21401758038BD00BF6015002008B5002001F072FA72
S21401759001F084F8014B00221A6008BD6015002036
S2140175A010B50446FFF7D4FF064801F063FA616898
S2140175B0226C637E01EB9202BDE81040112001F0BF
S2140175C081B900BF917801003F4B37B51C68A26AAC
S2140175D0002350050193D4F8A03012D504F1A4007D
S2140175E001931BF0E0FFC4F8A00050B194F84631B7
S2140175F0013B84F846314FF4806104F1280016F00F
S21401760045F9D4F8A0500DB9304B9D6894F9463130
S214017610022B0DDCD4F8A83013B1A36AD90502D524
S214017620D4F8AC3023B14FF480512046FCF700F972
S214017630D4F8A410A36AAA79002902F10C024FEA31
S214017640830314BF0121002103F00C0343EA011355
S214017650A95C21F01C0143EA0103AB540DD11B4A7E
S21401766002F1140353E8003F23F0080302F114006B
S21401767040E800310029F3D102E00320FFF7E2FEE3
S214017680284601F075F9019B53B15B7903F00A03B3
S214017690082B02D12046FCF7B1FB01A81BF065FFC1
S2140176A06B799A070ED5A36A1B040BD50820FFF742
S2140176B0C9FE4FF4004104F1280003B0BDE8304094
S2140176C016F0E4B803B030BD60150020A01200200B
S2140176D02DE9F04385B000230446032103A8039354
S2140176E000F066FE039D35B9F4212046FFF798FEAB
S2140176F005B0BDE8F083AB79644F0C331D447B695C
S2140177002A79D6074ED4DD064CBF07200420FFF7A2
S21401771099FE002601212046FFF7A6FE054650B930
S2140177207869617E80F48070C0F30020400001F02B
S2140177306FF9FFF749FF039800F0F2FEDDF80C80C1
S2140177407A6998F80630510603F10C0308EB030931
S21401775015D458F803303B610620FFF773FEA36A81
S2140177601A060CD404F1280252E8003F43F08003C5
S21401777042E800310029F7D10120FFF763FE4946B0
S214017780204613F0BCFE99F80430DB077BD5002EAB
S21401779052D11DB129462046FFF742FE03A800F04C
S2140177A0E1FCA5E723F0100301207B61FFF74AFE09
S2140177B0AE7AF0062FD50220FFF744FEA36AAA7A16
S2140177C083F00203C2F38002C3F340039A422FD12F
S2140177D004F128004FF4006116F058F850E8002F25
S2140177E042F4806240E80023002BF7D1A26A82F0BF
S2140177F00202A2627B77AA7AA36AC2F3C00203F0EE
S21401780001018A4285D183F0010316F00306A362C3
S21401781018BF01267EE707F1140353E8003F23F063
S214017820040307F1140141E80032002AF3D1C5E749
S2140178307B7F0133DBB2DDE72046FBF7E3FFC0B217
S21401784013F0C2FA06462046FBF7DCFFCDF80480AB
S214017850A38F009382B200233146022013F0B0FAC0
S2140178604FF0FF3103A800F0A3FD03998B790B4479
S214017870DB7D002B8DD02046FCF7DEFA002D3FF491
S21401788037AF294631E7002E83D0E9E7A012002062
S21401789008B5124A0346042B10680BD002D8032BF6
S2140178A018D008BD053B012BFBD8BDE80840F121E7
S2140178B0FFF7B6BDFFF70CFF094A02F1140353E8C0
S2140178C0003F23F0200302F1140040E800310029B4
S2140178D0F3D1E6E7BDE80840FFF712BE60150020C9
S2140178E0A0120020164B033810B51C68032818D8C0
S2140178F0DFE800F00702181E2046BDE81040FFF73B
S214017900E7BE2046FFF7FCFD0E4A02F1140353E8DA
S214017910003F23F0200302F1140040E80031002963
S214017920F3D110BDF1212046BDE81040FFF778BD28
S2140179304FF4806104F1280015F0A8FFF221F2E768
S21401794060150020A012002010B50446FFF700FEC7
S214017950054801F08FF8FFF737FE627E6168022066
S214017960BDE8104015F0E9BFE5780100034B5B6AFE
S21401797013F0060F0CBFE220F12070478C14002094
S21401798008B5FFF789FA054B834206D100F086FE5B
S214017990BDE80840002001F06DB808BD8C14002039
S2140179A070B5214C214801F065F894F8673094F8D9
S2140179B0662003F00F030021C82016F037F800F008
S2140179C0B7FBB4F96020824205D0A4F8600001F04C
S2140179D057F8A4F86200164800F016FF0022114678
S2140179E0104613F0E5F9666815F0A1FF0246FFF7A9
S2140179F0BDFFB61AB6F5FA6F054609DCFFF7CCF8F7
S214017A00627EA0F5AF712846BDE8704000F020BF49
S214017A106668FFF7C1F8637EA0F5AF723146284667
S214017A20BDE8704000F04EBF8C140020C97E0100F6
S214017A30E414002038B500F031FEFFF7B3F8B0F5D6
S214017A40967F0D4C0CDDFFF791FF0546FFF7A4F876
S214017A50627EA0F5AF712846BDE8384000F0F8BE5A
S214017A6015F065FFE36C62689B1A0344E36400202B
S214017A70BDE8384015F07EBE8C140020F7B5104CDA
S214017A8094F8455006460F462DB1013D84F8455001
S214017A90002003B0F0BD0B4B1B680220597800F0A4
S214017AA0B7FF94F83030CDE900533A46E06B032334
S214017AB0314615F090FEE06B00F05AFF0120E8E732
S214017AC08C1400205C140020094A02F1240353E8B8
S214017AD0003F43F0080302F1240040E8003100298A
S214017AE0F3D1044B1B680120597800F029BF00BF71
S214017AF08C1400205C140020438902895B0040F24C
S214017B00712043435B1AD0B24343120AB3FBF2F32C
S214017B10024A126811445818704700BF8C1700209B
S214017B2030B58C1AE41A002C08DA124C6468551A1F
S214017B301D44B5FBF4F505FB044421441344CB1A5C
S214017B4040F2E242B3FBF2F39BB242892BB95300F7
S214017B5040F2712404FB031113460132B3FBF2F425
S214017B6002FB143202819B1A40F2E24000FB131022
S214017B7030BD00BF8C1700202DE97043064618461D
S214017B809DF8183089461446E3B9C31E012B8CBFF5
S214017B9002250325222100F085FA164B5B686D004D
S214017BA040F2712808FB05F581446BB12146304649
S214017BB0FFF7A2FFABB201464A463046BDE8704326
S214017BC0FFF7AEBF0125E5E7738934890133B4FBBE
S214017BD0F3F203FB1244F37934815B00640008FB83
S214017BE003F308FB04F404EB530404EB09002844F4
S214017BF0BDE870838C1700202DE9F041134E736A9F
S214017C005B0780461BD58B790C33CF18C8B9FD7935
S214017C10CC583989284600F045FA0444B8F1000FDB
S214017C2011D1033D012D94BF032302235B0040F2D3
S214017C30712202FB034434647B7986F84430BDE844
S214017C40F0810125E4E70123F0E700BF8C14002052
S214017C502DE9F04F1F46984B9D6B5B6AAC798DB052
S214017C600C341646021E05922A5D069108BF0021B5
S214017C7061F345122A55314603F040023846C3F3F4
S214017C80801A039213F0CDF805EB04080790285DDF
S214017C9008F1080B5946C00913F0C3F8039B814647
S214017CA0002B44D1002844D113F0B9F880F0010329
S214017CB0DBB203F0010352463146384615F047FE63
S214017CC00490002800F08A80039B002B33D1B9F181
S214017CD0000F75D1079B002B72D013F091F8002886
S214017CE06ED001220AA90DF1270013F09CF8002896
S214017CF074D09DF827302A5D591E4B424B41B3EB99
S214017D00D21F6BD106220AA958461BF0ABF80028F1
S214017D1064D13368C8F80830B388ABF804302B5DFB
S214017D2067F3C7132B554FF00009CA4619E0012324
S214017D30BFE7039BBDE7604B5B6A13F400791CD178
S214017D4015F804A0CAF3801A484613F071F8336890
S214017D50C8F80830B388ABF804302B5D67F3C71357
S214017D602B55059B544E002B3ED196F8B630002B72
S214017D703AD0013B86F8B63030E013F03EF80028E2
S214017D8006DA15F804A04FF00009CAF3801ADBE7FB
S214017D9000221146104613F040F815F804A081465B
S214017DA0CAF3801A0028CFD0002302211A4608EB16
S214017DB0010015F0E8FC2B5D60F386132B55C3E735
S214017DC07A1E57422B5D5741B7EBD31F06D10622C9
S214017DD0314658461BF046F80028A4D000230493E9
S214017DE004980DB0BDE8F08F15F0A1FD074613F01D
S214017DF066FB059B0093024639469DF8583008F10C
S214017E000E00FFF7B9FE2D4B059A1B680746D97978
S214017E109AB9022000F0FCFDB06B00F0A9FDB36B2F
S214017E209A7913441F63FFF737F8254BC361069B06
S214017E30B3B9736A23F4806315E0002000F0E8FD0F
S214017E40B06B00F095FDB36B1E489A7913441F631F
S214017E5000F010FE069BC3B9736A23F4806317E033
S214017E60736A43F480637362039B9BB1B9F1000F9D
S214017E70B6D000231A46514608F1020015F083FCDD
S214017E802B5D60F386132B55AAE7736A43F4806370
S214017E907362EBE72B5D0022C3F3C01359460AA8B1
S214017EA08DF8283012F0BFFF2B5D9DF8282062F375
S214017EB0C7132B55DAE700BF8C1400205C14002092
S214017EC0ADBF02007980010004282DE9FF471ED0CE
S214017ED005D8032800F0C18004B0BDE8F087431F31
S214017EE0012BF9D805384FF0010118BF0120FEF724
S214017EF00BFC15F01CFD5E4AD36C51685B1A0344FB
S214017F000020D36404B0BDE8F04715F033BC03A8E5
S214017F1000244FF0FF31039400F04AFA039858B159
S214017F20FEF74AFD0828074603D8524B1E5C310768
S214017F300AD403A81BF019FB4D4B5B6A13F0060F1E
S214017F4012D0FFF777FD0FE00728039D13D14848AD
S214017F502246294614F021F80028EDD014F028F81E
S214017F6010B10120FEF77EFA0121084604B0BDE8F3
S214017F70F047FEF7C9BBDFF8F880D8F8244014F0C4
S214017F80040410D016F002040DD0AA790C322A444B
S214017F900120917A0090C1F380130C32C1F3401195
S214017FA0FFF756FE0446284600F0BAFA2946012095
S214017FB0FFF722FED8F82430DA072DD595F806907B
S214017FC003F0800A09F10C0912F029FFA94480F098
S214017FD0010399F80A00BAF1000218BF0122DBB2C8
S214017FE009F10C01C0F3801015F0B1FC60B134BB8F
S214017FF0D8F824309B07284634D5F40710D47307E5
S21401800032D5FEF73DFC97E7BAF1000F04D1514691
S21401801012F00BFF0028EAD028460FF0F5FE19E013
S21401802015F04EFD044650B1A8790C3028440C30AA
S21401803010F8021CC1F38011FFF720FD0446042F3F
S21401804003D1D8F824309907E6D57207E4D5284637
S214018050FEF716FC002C87D16EE704B0BDE8F047AA
S214018060FFF732BD042FCAD10FF0CEFE64E700BF82
S2140180708C14002046480300032808B50AD1074897
S21401808000F0F8FC064B012093F94410BDE80840C7
S214018090FEF78CBBBDE80840FFF716BFC97E01009E
S2140180A08C140020064B10B55B690C4610B101F02C
S2140180B03BF8034618795B8804FB003010BD00BF0F
S2140180C0500D0020084B10B55B690C4610B101F04D
S2140180D02BF803465A88A2423BBF1B79A41A0020FC
S2140180E0B4FBF3F010BD00BF500D00200138C0B244
S2140180F003289ABF014B185C002070474F480300C5
S2140181008BB20029054AB4BF053B05331BB20A21D1
S214018110108093FBF1F39370704700BFD81E0020C8
S214018120024B9B78C01A40B2704700BFD81E002091
S214018130024B1B88C01A00B2704700BFD81E002031
S214018140074B186840F20D1338B9002BC1BF4433F2
S2140181504522B3FBF2F0C0B270470068453BF3E737
S214018160500D00202DE9F041064610F0D2FA0746E0
S214018170FFF7E6FF35460446286818B16CB928466D
S2140181801BF0F3F931680A481BF0D6FA384610F0AE
S214018190C6FA00233360BDE8F081D0F800801BF0FA
S2140181A09DFB2B68013CC3F800802D68E4B2E3E731
S2140181B0500D0020024BDB6B03B11847FEF762BE81
S2140181C0500D002010B5064AC043131D53E8003F6A
S2140181D00340141D44E800310029F6D110BD00BF4C
S2140181E0500D002010B5054A131D53E8003F034308
S2140181F0141D44E800310029F6D110BD500D0020B1
S21401820070B519461546064610461C4615F084FB01
S2140182102A46454D2346304615F083FBD5E906230D
S21401822000EA020401EA030654EA060313D06301D6
S21401823004F0806010D56B68180623D43B4B2340AE
S21401824093BB3B4B06F020022340134356D12046F6
S214018250314615F05DFB70BDA4F1080333431CD114
S214018260EB7A012B42D16B68D90743D50323EB7216
S2140182706B8C013304206B84FFF79CFF012015F003
S2140182804CFBE4E72B1D53E8003F23F08003291D38
S21401829041E80032002AF5D1DDE7A4F10C033343AF
S2140182A017D115F03AFBDBE724F0011323F4A043C2
S2140182B03343C6D1EB7A012B18D16A6840F20143E9
S2140182C0934314BF002303230520EB72FFF772FFCD
S2140182D0BDE7231F334302D115F020FBB7E704F1B6
S2140182E07F433343AAD1EB7A022B0FD0042015F03B
S2140182F0F9FAACE713F40063BAD1B8E70420FFF744
S21401830071FF4FF0006001F051F9A0E76B689A0722
S21401831006D50423EB722B8C013303202B84ABE7A9
S21401832013F02003F7D1F5E7500D002001500100AE
S2140183300DD50155014B986A704700BF500D0020BE
S21401834010B5064CA06A1AF0C7F928B9A06A1AF047
S214018350C5F900F0010010BD0120FAE7500D00201C
S214018360014B986A1AF0BCB9500D0020024B5868B0
S214018370C0F34020704700BF500D002010B50446E2
S2140183804FF40070FFF71EFF084B986A1AF0AAF91F
S21401839038B10CB9002010BD4FF40070FFF722FF72
S2140183A0F8E7002CF6D00C20F5E700BF500D0020B2
S2140183B02DE9F04F0468594D89B006468846002CD1
S2140183C048D0A77920460C371BF054F927440A38C1
S2140183D03C89B8F1FF3FA4EB000402D04445A8BF96
S2140183E04446B5F83890B0EB090713D4002C0EDDDF
S2140183F06D6B36683D44FF2C224629463046A8BFA1
S214018400FF221BF095F8241A36680544F3D109B00B
S214018410BDE8F08FA9EB0009296BD6F800A0A145AD
S214018420A8BFA14601EB000BC846B9F1000F0DD05D
S2140184304246FF2A59465046A8BFFF221BF078F84D
S214018440B8EB0008DAF800A08344F1D1A4EB0904E4
S2140184504F44CBE7A86A03AA03211AF09EF8BDF899
S2140184600E700294A146E8620A3702AC09E0236066
S2140184701B682B602368C3F800902368002F1C46F6
S21401848011DD2B68453F002BF1D101201BF032FA9C
S214018490034620600028F1D1019002A81BF065F880
S2140184A0019B3360B3E72B1D53E8003F43F00803FD
S2140184B02A1D42E80034002CF5D14FF0006001F08F
S2140184C075F80298BDF81020437943F00103437113
S2140184D0069B30606B63059B2A872B638379BDF807
S2140184E00E200C3303441C711A819DF80C20297A46
S2140184F09971072ADC711FBFAB8C0133AB846B8C7F
S2140185000ABF012203F1FF331A714FF00A0118BFA7
S2140185106B841BF001F8346853E700BF500D002050
S2140185202DE9F04187790C37C41986B0237913F009
S214018530020805461BD1174E43F0020323716A4613
S214018540D6E90A011AF02DF82389B06A0333694681
S214018550ADF804301AF027F8009BEB519DF90E0098
S214018560FFF7DEFD6071B37A022B03D8E37106B024
S214018570BDE8F0819DF81130012B04D0022B04D008
S2140185802BB90423F2E70323F0E70123EEE784F88F
S2140185900780ECE7500D002037B5124B00F00F04B2
S2140185A01B88ADF80430012C15D0022C15D18DF89E
S2140185B004400D4D6B6842F222000340A3420ED0E8
S2140185C0FFF700FE2046FFF70DFEA86A01A919F085
S2140185D075FF03B030BD2024EBE70024E9E7002057
S2140185E0F7E700BF78480300500D00202DE9F0435F
S2140185F0124F85B002234FF0000881461046CDE9A0
S21401860002180E461546FB7215F084F90090797A29
S214018610B86A02AB424608F03FFB044650B94846EA
S214018620FFF7BAFF2B4604464246012130463D730A
S21401863015F06CF9204605B0BDE8F083500D00201A
S21401864037B5144B00F00F041B88ADF80430012C2D
S21401865014D0022C16D000240F4D6B6841F6010091
S2140186600340A34213D0FFF7ADFD2046FFF7BAFD46
S214018670A86A01A919F038FF03B030BD04238DF8AC
S2140186800430E9E78DF804404FF40064E4E7002085
S214018690F2E700BF78480300500D002038B5104CB3
S2140186A0E37A23B100221146104615F02EF9002573
S2140186B02846E57215F031F9A06A0122032119F066
S2140186C08BFEA06A2A46012119F06FFF8020FFF772
S2140186D079FDBDE838404FF44050FFF783BD00BF39
S2140186E0500D002008B5FFF7D9FF044AD38C01339B
S2140186F0D3840620BDE80840FFF75CBD500D00207E
S214018700F8B51B4D6B68590704D50420FFF75AFDD1
S214018710FFF7E8FF6B681A070FD50FF0FAFF06465A
S214018720FFF70EFD124F044624B101201BF0E2F8BC
S2140187300146A8B930460FF0F2FF6B68DB0615D587
S2140187401020FFF73FFD00F001FD78B10FF0E1FFCB
S2140187500446FFF7C7FF2046BDE8F8400FF0DFBF2D
S2140187603846013C1AF0F2FFE4B2DDE7F8BD00BF7F
S214018770500D002010B50022084C1046114615F089
S214018780C4F8A06A08F04CFA15F0CAF820461AF0A8
S214018790ECFEBDE810400820FFF714BD500D002088
S2140187A0014B986A19F0DABF500D002038B5154C08
S2140187B0A37A8342054610D0431E042B08D8DFE86F
S2140187C003F0030D11161800A06A08F087FE20B901
S2140187D02846A57200F0A8FC606138BDA06A15F0B5
S2140187E0A8F8F4E70121A06A15F0A5F8EFE7032140
S2140187F0F9E7FFF7BBFD0028EAD0A06AFFF7D0FF34
S214018800E5E700BF500D002073B504460F4D4089C3
S21401881000F094FAA07B287215F04FF86872E07B9E
S214018820002600F00F00FFF7C1FF0096D4E90021F3
S214018830A37BA86A19F0B1FF32463146304612F0E2
S214018840B7FA206815F06BF802B070BD500D002025
S2140188502DE9FF4100231A4E00938DF80C30C0F32A
S21401886040134FF001088DF80E30C0F30013044694
S214018870154686F80B808DF8048002918DF80D3030
S214018880FFF7DEFE28B1042015F02CF804B0BDE891
S214018890F081284615F03EF8717A03466A46B06ABA
S2140188A008F006FA2A460746C4F380114046357397
S2140188B015F02BF812F07DFA002FE4D1E6E700BFA1
S2140188C0500D00202DE9FF411C4E02921D4600234B
S2140188D00F46019301210393C3060446F1720097E4
S2140188E005D573691B888DF80D1013440293C4F3E4
S2140188F0401328468DF80E3015F00CF8717A0346B1
S2140189006A46B06A08F0D4F928B1042014F0EAFFE8
S21401891004B0BDE8F0812046FFF792FE2B46804664
S214018920C4F3801201213846357314F0EFFF12F0BC
S21401893040FAB8F1000FE8D1EAE700BF500D002079
S21401894038B50A4D01230C46EB72FFF779FE10B1DC
S214018950042014F0C7FF2B7BA34204D92246002132
S214018960012014F0D2FF12F024FA38BD500D002079
S214018970F8B5044612F01EFAA179E279114E521AA0
S2140189800C3107460123B06AD2B2214419F0FFFD2B
S214018990E579A379ED1A57FA85F524680CB935619E
S2140189A0F8BDA179E279B06A521A0C310023D2B22D
S2140189B0214419F0ECFDE379A2799B1A55FA83F567
S2140189C0EBE700BF500D0020F8B5104E02230D4610
S2140189D0F372FFF7E1FD044620B1BDE8F84004203C
S2140189E014F080BF284614F095FF2A460746214614
S2140189F00120357314F089FF717AB06A3B4622462E
S214018A0008F03CF90028E8D1F8BD00BF500D002061
S214018A1038B5094D02230C46EB72FFF7BDFD10B1C8
S214018A20042014F05FFF2B7BA34204D922460021C9
S214018A30012014F06AFF38BD500D0020014B587B11
S214018A40704700BF500D002068B1084B194653F817
S214018A50042F0AB18242FAD25B1A9B10013BDBB2A9
S214018A60034A537370470123FAE700BF54480300D3
S214018A70500D0020014BD863704700BF500D0020F9
S214018A8073B50F4B0F4E9B7DFF2B044615D1ADF8EA
S214018A9004000023B06A8DF803300DF1030201A92A
S214018AA008F0D6FC9DF80350B06A22462946F6F730
S214018AB013FC40EA052002B070BD034B1D78F3E7B6
S214018AC0D81E0020500D0020D21E0020044BC2B23A
S214018AD0C0F30721986A82B002B0F6F77DBC00BFEA
S214018AE0500D002010B50D4C0021A06A19F0CCFCE9
S214018AF00B49A06A19F020FDFE21A06A19F00BFDB2
S214018B00A06A08F0BDFA074BB3F910208242C8BF2D
S214018B1018821A8A9A805A8ADA8010BD500D00206F
S214018B20D21E0020D81E0020F0B5154C85B0B4F931
S214018B301070ADF80210ADF80420ADF806304FF015
S214018B40C8124FF082136946CDE90223ADF8000042
S214018B5002AD04200B46B1F9002035F9026BBA428A
S214018B60A8BF3A46B242A8BF3246013821F8022BC6
S214018B70F1D103CB034BA060596005B0F0BD00BF37
S214018B80D81E0020E01E002073B50546F6F7A0FCAF
S214018B90314E036833608388304CB3800023A37062
S214018BA0238033788DF80130FF2D18BF1D46A5753B
S214018BB02B4DA86A0DF103030DF102020DF101011F
S214018BC019F085FD9DF8013040B90133DBB20D2B5C
S214018BD08DF80130EDD9012002B070BDA27DFF2ACB
S214018BE000D0A3758DF8053033709DF802308DF8EE
S214018BF004300198FFF76AFFC828A8BFC8209DF86F
S214018C0003308DF8043020820198FFF75FFF154B83
S214018C109842B8BF18466082B4F91000FFF730FFDB
S214018C20ADF804000198FFF751FF2082B4F9120055
S214018C30FFF726FFADF804000198FFF747FF4FF650
S214018C40FF73A382642360821A4618461946FFF70B
S214018C506BFF0020C0E700BFD21E0020D81E0020F8
S214018C60500D00200CFEFFFF034A0346B2F9060032
S214018C700BB1FFF75DBA7047D81E0020084B10B540
S214018C80B3F9044030B903EB4103B3F906309C4213
S214018C90A8BF1C46A242A8BF2246104610BD00BF70
S214018CA0D81E0020014BB3F912007047D81E0020D1
S214018CB0014BB3F910007047D81E002073B5064665
S214018CC00FF027FD0C4D0446B5F91200B5F910302A
S214018CD0B042B8BF30469842A8BF1846FFF7D0FE4C
S214018CE0ADF804000198FFF7F1FEE880204602B0D7
S214018CF0BDE870400FF013BDD81E002073B50646C0
S214018D000FF007FD0C4D0446B5F91000B5F9123009
S214018D10B042A8BF30469842B8BF1846FFF7B0FE2B
S214018D20ADF804000198FFF7D1FEA880204602B0F6
S214018D30BDE870400FF0F3BCD81E0020F0B5C0F3BC
S214018D40072585B0FE2DADF8040027D0144C9DF8FC
S214018D5004700FF0DEFC637DAB4206460ED0114B6D
S214018D6018689B88ADF80C300F4B029002A9986AE0
S214018D708DF8085019F0E0FBFF232375237DBB42D5
S214018D8006D0094B3946986A19F0C5FB27756575F3
S214018D90304605B0BDE8F0400FF0C1BC05B0F0BDEF
S214018DA0D81E0020D21E0020500D00202DE9F047CD
S214018DB0DFF8449086B007460E4614460DF10808C3
S214018DC0A9F1100ACDE900980B4B3A46802150468E
S214018DD010F0DDF80028F5D1102C254628BF102507
S214018DE030462A4641461AF072F8641B2F442E4438
S214018DF0E8D106B0BDE8F087671F002030B589B01E
S214018E00202269460D4DFFF7D1FF6A4604AB144692
S214018E1003CC9C4228606960224605F10805F6D11C
S214018E20074C08AD1A4603CAAA4220606160134681
S214018E3004F10804F6D109B030BD00BF571F002069
S214018E40671F002010B588B0694620200FF0EEF9A4
S214018E50044630B96846FFF7D1FF034B012283F879
S214018E602020204608B010BD571F002070B5134BB8
S214018E7093F820308CB005460C460BB9FFF7E2FF9D
S214018E800023CDE90033CDE9023354B91C22214633
S214018E9005A804941AF010F804A8FFF7AFFF0CB069
S214018EA070BD102C264628BF102629463246684635
S214018EB0FFF77CFF3544A41BE7E700BF571F0020E0
S214018EC02DE9F84FDFF86890D9F800B08246884659
S214018ED01746BBF1000F28D099F804500026B5427A
S214018EE007D13D7099F80400A84214BF0120022062
S214018EF017E074196110C1EBC1015944C4F347046A
S214018F00887900F00100B8EB000003D10622504634
S214018F1019F0A8FF002806DB02D0661CF6B2DEE7D1
S214018F203C70BDE8F88F2546D9E70320F9E700BF76
S214018F3084170020014B00221A7170478417002005
S214018F40F8B5124C05460FF0E4FB637985F3070587
S214018F50AB42064605D1002430460FF0E0FB204622
S214018F60F8BD206865710027277110B10FF0DAF897
S214018F7027606379002BEED0C5EBC5000FF0B4F87F
S214018F8020600028E7D160710724E5E784170020F8
S214018F90044BD3F8012002605B7903F01F030371D1
S214018FA0704700BF781F0020F0B5244B002918BF7A
S214018FB00B4614461268C3F8012022795A71002123
S214018FC08BB019700125C1F3C402CFB2A65C01F0C3
S214018FD0070205FA02F2164207D01A7802F12806AD
S214018FE06E44013206F8287C1A7001312529EAD12F
S214018FF01A7828B16946981D19F069FF0BB0F0BDC3
S214019000002AFBD005330126C0F3C405C1B2675D53
S21401901000F0070506FA05F52F4208D1B1FBF2F577
S21401902002FB15110AAD55FA81F111F8281C03F857
S214019030011F01302528E7D1E0E700BF781F002097
S214019040034B002818BF03460B449879704700BFAE
S214019050781F002082EA12421FFA82FC8CEA010382
S21401906093FAA3F31BBA9BB203EB031363449BB2BD
S21401907093FAA3F31BBA9BB203EB031363449BB2AD
S21401908093FAA3F31BBA9BB203EB03136344154A8B
S2140190908CEA030C1FFA8CFCA2FB0C23ACEB03023C
S2140190A003EB52035B0903EBC30100B503EB81033A
S2140190B00D4AACEB0303002818BF0246C3F3C401F4
S2140190C0114403F0070ED8B24978012303FA0EF3D0
S2140190D0194201BF13780CFB03F302EB134290799C
S2140190E05DF804FB4D91CFBA781F0020064B074A66
S2140190F01A60074B074A1A60074B084A1A60084B62
S214019100084A1A6001207047D812002083DA02004C
S214019110D4120020BBDA0200D012002081DA02004D
S214019120CC120020BDDA02000528044B08BF03203C
S2140191300622013802FB0030704700BF7A48030060
S214019140014B986D80B27047005008400A4B586832
S21401915000F07060B0F1106F0CD008D8B0F1E06F7D
S21401916008D0B0F1006F14BF002001207047B0F1A5
S214019170406FF8E70120704700400840431C07B5E0
S214019180014606D00023CDE90033034A034810F018
S21401919079FA03B05DF804FB69DB0200B41800201D
S2140191A070B50E461546044610B302F06DFD08B3C1
S2140191B0236813F4807F114B1CBF01221A70104ADA
S2140191C01B7814600F4A16600F4A15601BB902F02F
S2140191D051FD02F039FD0EF07BFF02F01BFC0B4B3C
S2140191E00B48197802F022FCBDE8704002F088B9FD
S2140191F0212070BD40F20440FBE700BFA41F002001
S214019200A01700209C17002098170020422000205D
S214019210E98002002DE9F04186B00EF02DFF974B54
S214019220974D1A78974911200EF056FD2B685A680B
S2140192305423B2FBF3F2002392B2512118460EF0EA
S214019240E1FC0446002840F00A810EF09FFD10F074
S214019250C3FA044610F0C2FA844240F2CF8010F0FE
S214019260BBFA81B20023012210200EF0CBFC04468B
S214019270002840F0F480844B1968844B186807F086
S21401928087F900F05FF90446002840F0E8802B6873
S2140192901C7F002C00F0B580102C28BF10241AF07B
S2140192A0B0F8621C81B20023D2B208200EF0AAFCEC
S2140192B00446002840F0D380754A76490D200EF00A
S2140192C0D5FB0446002840F0CA800EF055FA04AAE1
S2140192D00221322000F00CFA28B9BDF810104FF028
S2140192E0FF3019F052F96E460023324606212C2033
S2140192F08DF8063000F0FCF958B9304615F01EFA24
S21401930008B130287FD13C2000F010FA2C2000F064
S2140193100DFA9DF80630190740F1868096E803009D
S214019320ADF80C10090C02908DF80E109DF8063061
S21401933013F0280F07D1DDE90201ADF80410090C7E
S21401934000908DF806102B681869002840F081807F
S2140193502B68586900F03CF92B6893F82220D20755
S21401936000F1818010F01EFA02A90246074628681D
S21401937014F0FEFB0446002871D108F023FA10F021
S21401938033FA044600286AD1012000F0D1FC424B92
S21401939018681AF012FC0446002860D115F095FEF4
S2140193A0044602F033FF804615F007FA41460246AE
S2140193B0204613F012FB0446002850D12B681B6888
S2140193C09B050CD4B7F5FA7F09D90FF09BF901215B
S2140193D007460846F7F798FF38460FF097F92B68C7
S2140193E09A692E4B1A6014F011FC2D4B186030460A
S2140193F000F036FD2B480EF033FB30E010F0EEF9AE
S2140194002FE704244BE704AA01213C2000F070F961
S21401941040B99DF81030012B14BF492372238DF8F3
S214019420063076E74923FAE7F5F7BCFECDE90401F5
S214019430030C8DF80A30BDF81530ADF80B309DF8E9
S21401944017308DF80D304923ADF808008DF80E3031
S2140194506CE715F0BCF8044600283FF479AF2046C7
S21401946006B0BDE8F08193F8230015F021FB002833
S2140194703FF478AF40F20C44F1E700BF42200020F1
S214019480A0170020E9800200041A0020081A002014
S21401949011DC02000DDC02009C170020D818002009
S2140194A0D41800207D91010002480022032119F002
S2140194B04DBF00BF6C190020F8B5114815F001FA30
S2140194C0E0B914F0A3FB0F4D0D4E286006F10C0712
S2140194D0286815F0E7F80EF08BF90446304615F0CB
S2140194E0ECF910B938461AF040F802F053FB08B907
S2140194F0002CEDD1BDE8F84015F05EB9F8BD00BF0F
S214019500140B0020D418002008B5054B1B782BB986
S21401951014F010FBB0FA80F0400908BD0020FCE70B
S214019520A31F002010B5054C01232370044B1B68B4
S21401953003B198470023237010BD00BFA31F00206E
S214019540D81800200D4B98420DD8023B984210D8EF
S21401955070B1023B98420ED020F0704020F460407B
S21401956000F590607047064B9842F5D140F21C40DA
S21401957070472120704740F21B4070470AE000F018
S2140195800BE000F0024B4FF080525A60704700BF6C
S21401959000ED00E0044A002352E8000F42E80031E3
S2140195A00029F9D1FBF7BCBDE0180020064A52E8B5
S2140195B0003F034342E800310029F8D1034B1B6802
S2140195C003B11847704700BFE0180020DC180020E0
S2140195D0034B002814BF02461A46024B1A60704716
S2140195E085950100DC18002037B51C68E10705D514
S2140195F015F04BF81649174819F0B0FEA20723D507
S21401960001F01EFBD0B9144D01900FF082F804460C
S214019610284619F0C8FF019020460FF080F80198FF
S21401962090B143799B070CD401A802211AF09DF84A
S214019630019801F0F5FA14F0D7FFE6E714F0D4FF2D
S214019640DEE701F0E1FAF6E7002003B030BD00BF27
S214019650280B00206C190020E418002008B50548E6
S2140196600EF096F8044B1870BDE8084001210EF084
S2140196709FB800BF380B0020A51F002038B5044650
S21401968048B10FF046F82146054608481AF054F846
S21401969028460FF044F8064B022193F900000EF01D
S2140196A087F8BDE83840FFF73DBF00BFE41800204B
S2140196B0A51F0020F8B50C4B0C4F04460E46386823
S2140196C01968154606F064FFFFF73CFF50B9386885
S2140196D033462A4644F4802107F070F9BDE8F84085
S2140196E0FFF730BFF8BD00BF041A0020081A00209B
S2140196F0F8B50C4B0C4F04460E46386819681546EB
S21401970006F046FFFFF71EFF50B9386833462A4673
S21401971044F4802107F062F9BDE8F840FFF712BF74
S214019720F8BD00BF041A0020081A002038B50A4BFD
S2140197300A4D19680446286806F02AFFFFF702FF5B
S21401974040B9286844F4802118F021FEBDE838406D
S214019750FFF7F8BE38BD00BF041A0020081A002023
S2140197602DE9F043134B0E461968134B8DB0054691
S2140197701868174606F00CFF80B9009733460A2290
S21401978002A9284607F04CF90DF1080904464FF0E6
S2140197900008444505D1002CEFD120460DB0BDE8A8
S2140197A0F08359F8041B284618F0F1FD08F101086A
S2140197B0EFE700BF041A0020081A0020F8B50C4B8A
S2140197C00C4F06460C463868196806F0E1FEFFF7AE
S2140197D0B9FE054648B9E24316FA82F2386842F401
S2140197E0802246F48021FFF7BBFF2846F8BD00BF64
S2140197F0041A0020081A0020034B00221A609A80DF
S214019800FF229A71704700BFC81F0020064A1379CD
S214019810834207D9126801238340134214BF0120F3
S2140198200020704700207047E8180020054A0346CC
S2140198301068002208B91A607047C10748BF013294
S2140198404008F7E7E8180020014B1879704700BF79
S214019850E8180020102A2DE9FF4706460F46154650
S21401986023D8DFF84C80DFF84CA000244FF0010924
S214019870D8F8002009FA04F3134213D046EA04206C
S21401988040EA0A006A46E9B280B2FFF731FF48B9FA
S2140198902A463946684619F0E5FA18B960B204B0A6
S2140198A0BDE8F0870134202CE2D14FF0FF30F6E717
S2140198B0E81800200080FFFF2DE9F3411D4E054604
S2140198C001460622304619F0CDFA20B996F906006F
S2140198D002B0BDE8F0810024EF1CA0462046FFF749
S2140198E095FFD8B13B88CDF800806946ADF80330C6
S2140198F0E0B2BB788DF8053016F0CEFF21280DD0EA
S214019900A8B903222946684619F0ACFA30B92B6883
S2140199103360AB88B38060B2B071D9E70134202CD4
S214019920DCD12B683360AB88B380FF23B3714FF073
S214019930FF30CDE7C81F0020034B93F906300133F3
S21401994001D1FFF759BF7047C81F0020F7B504467D
S21401995014F057FF631C39D114F0FDFE4FF400419B
S2140199600846FFF749FFFFF729FF4B4B4B480025F9
S214019970214620221D6019F09FFA284602F0ECF9D4
S214019980474D0446FF267CB93720FFF7CFFE424AF3
S2140199900C2143F6FF70FFF78DFE404A2021382048
S2140199A0FFF788FE002017E094F97530013305D0E3
S2140199B02B7843B91321204615F089FB204602F087
S2140199C0CBF90446DFE784F87560F7E72046FFF732
S2140199D01DFF18B940F2064003B0F0BD6B460622E3
S2140199E00021204614F046F900283CD04923684659
S2140199F08DF8063014F0B3FE2A484FF47F4140EA52
S214019A0004200840FFF7DAFE2349E3B201229A4018
S214019A100B6823EA02030B60234B93F90630A3423B
S214019A2001D1FFF7E9FE0B791C4A0020013B0546F0
S214019A30C1B2994221DBFF260020D65402F08CF9F0
S214019A40174F0546002DA2D095F97530A34205D1D2
S214019A503B78EBB91321284615F039FB284602F06E
S214019A607BF90546EEE76B4606220121204614F0F7
S214019A7001F90028C0D07223B9E75656A64200D095
S214019A8025B1551895F90150555401250130CFE7F8
S214019A9085F87560E2E700BFE8180020A81F0020DF
S214019AA0A61F00200080FFFFC81F00202DE9FF41F0
S214019AB0354C064601A8FFF7B9FE2379019A934271
S214019AC01ED86279012A40D100274FF0FF383D4663
S214019AD010E02368EB40D9070BD5082202AB1146EC
S214019AE068B214F0C7F820B1039B43453CBF2F462C
S214019AF09846013523799D42EBD378B2FFF726FFCE
S214019B00236813F0010529D0002501220135202DF7
S214019B1018D002FA05F71F42F8D13B432360A36829
S214019B20194A013373610C2143F6FF70A360FFF7F6
S214019B30C1FDA8B1236823EA07032360A368013B9C
S214019B40A36073614FF0FF3519E0022AFAD10F4A7C
S214019B50134413F9010D421CFBD0CFE70127DCE7C4
S214019B6022790A4C013AD2B22146601C19F08AF9D0
S214019B706DB22246202138202570FFF79BFD28462E
S214019B8004B0BDE8F08100BFE8180020A81F00203F
S214019B90F0B54A4C89B0002501AA04213F20257062
S214019BA0FFF7A6FD00B101952570454C019E2246A2
S214019BB00C2143F6FF70FFF79BFDC0B10D23A38078
S214019BC0019B2560032BA56011D803AD2A461421FD
S214019BD043F6FF70FFF78CFD48B995E8070084E867
S214019BE0070022460C2143F6FF70FFF763FD019B39
S214019BF0042B06D004210DEB01023F200191FFF753
S214019C0059FD304A20213820FFF772FD28B12D4832
S214019C1020224FF0FF3119F04FF9237903225B0020
S214019C20B3FBF2F3284A1370FFF7E6FD002523790C
S214019C309D420DD3012E06D83D20FFF777FD002566
S214019C4023799D4215D314F08CFD002009B0F0BD98
S214019C502368EB40DB070AD56FB2082203AB114637
S214019C60384614F007F810B93846FFF76FFE01358D
S214019C70DDE72846FFF7CAFDF0B16EB202AB04225B
S214019C800C21304613F0F6FF04280AD1029BC3F3D9
S214019C9000238DF80C30012203AB0C21304613F063
S214019CA0BBFF0023CDE90333CDE90533102203AB17
S214019CB00D21304613F0B0FF0135C1E7A61F002085
S214019CC0E8180020A81F0020A71F0020F8B5114B98
S214019CD004461879104B00221D46D1B2884205D998
S214019CE013F9017BA74202F1010604D10B4B1B7845
S214019CF08B4202D9F8BD3246EFE70749481C19F0F6
S214019D00C1F82C70BDE8F840034A20213820FFF73F
S214019D10D1BC00BFE8180020A81F0020A71F002004
S214019D200149024819F01ABB480B00206C190020A3
S214019D300A4B1022DA8228216422C3E906124FF662
S214019D40FF721A8402225A60002283F82B200F2207
S214019D5083F82D0083F82C20704700BFF4180020EC
S214019D6038B502F0B3FD40B9094B1A6893F82A10CA
S214019D70243203464824994200DC38BD04FB03F52F
S214019D805559ED0601D40133F5E70120F5E700BF8B
S214019D90F418002038B5104C94F82B30D3B1626813
S214019DA012F0010516D104F1080004F0E7F8FFF7F8
S214019DB0D7FF78B194F82C3008484EF6602253430A
S214019DC04FF482712A460DF075FE18B9636843F0A8
S214019DD00103636038BD00BFF41800206C19002031
S214019DE022F00042052A10B50DD0B2F5827F13D0BD
S214019DF0032A06D1114A536823F00203536002F086
S214019E006DFD002010BD0D4A1B88118D9942F8D1B9
S214019E10002313850120F5E7084B5A6893F82B4079
S214019E2022F00102012C5A60F4D102F09DFAFFF7EC
S214019E30B1FF204602F09CFDECE700BFF4180020BD
S214019E400048704703190020044890F82B1000F1D1
S214019E500F020830012918BF10467047F418002079
S214019E60F0B4827912F0280F034626D0144A01680E
S214019E70C2F80F108188A2F813108179517592F8F3
S214019E802A6011680025AE4207DC5368F0BC43F037
S214019E9004030320536002F06BBD4C6A14F4404F78
S214019EA008D1186808609F889879887144F008047A
S214019EB08F804C6201354831E5E72120F0BC7047C0
S214019EC0F41800204379024A9B09D05C704700BF12
S214019ED0AC4803000B6810B503608B888380FF2AAB
S214019EE0044602D10723A37109E0032A08D8054BCB
S214019EF09B5C8371072B02D1FFF7E4FFA07110BDB5
S214019F000023F0E7B04803008379024A03F0070311
S214019F10D05C7047A448030010B582798B79094C50
S214019F2002F0070203F00703A25CE35C9A4206D143
S214019F30062218F097FFB0FA80F0400910BD002005
S214019F40FCE700BF9C4803007FB5134B03930E4606
S214019F5005460446A0B115F0C2F978B9002231468B
S214019F60204615F0F1FA022807D10123009303AA2F
S214019F7004233146204613F054FF0DB104B070BDE2
S214019F80204615F07BF904460028F7D015F0A7F90E
S214019F900028F5D1E2E700BF0100FFFF2DE9F04FF1
S214019FA097B08346099115F0E0F8099883790C3348
S214019FB0C518C45C19F05EFB1E2C099F064624D802
S214019FC0012C26D9C54BE340DA0722D5384697F847
S214019FD0068019F04FFBBBF80A2083B29A4228D2BA
S214019FE014F0010240F0A18004F07F03522B00F030
S214019FF09C801E2C00F09980099B00932146042327
S21401A000584614F0FAFD21240CE004F07F03522B8D
S21401A010DCD02146009706230022584614F0EDFDB9
S21401A02041F20614584615F0A5F8204617B0BDE8CB
S21401A030F08F4744013B3A7B1E2A9BB242D8012A45
S21401A040CED9023A1C2ACBD801A151F822F000BF82
S21401A050E1A00100E19F0100E5A00100E19F0100F0
S21401A060DBA00100E19F0100D1A00100E19F0100FA
S21401A070E1A00100E19F0100E5A00100E19F0100D0
S21401A080E9A00100E19F0100D1A00100E19F0100CC
S21401A09017A10100E19F0100E19F0100E19F01007E
S21401A0A01BA10100E19F01001FA10100E19F01002A
S21401A0B0E19F0100E19F0100E19F0100E19F010096
S21401A0C023A10100522A26D0D22A89D10D2B05E0E0
S21401A0D0062B0FD0142B83D10CE0052B80D909E079
S21401A0E0022BF8E7042BF6E7032B7FF679AFDB07A5
S21401A0F03FF576AF022C00F0F380DBF800309B686A
S21401A1009F0516D40BF1440019F02FFA099BCBF8E2
S21401A1104430002486E7012BE0E7032BDEE7012B22
S21401A120D9E7002B7FF45CAFE4E709A819F01DFA24
S21401A13069E71E2C584600F0928315F0D0F80746C2
S21401A140002840F08280584615F0C4F800287CD0DC
S21401A15004F07F03522B00F0BC80082C68D1B6B205
S21401A160152E14BF02201020691D15F09EF8002838
S21401A1705ED0DBF81430D80749BF23F0010343F063
S21401A1800103CBF8143039465CBFCBF814300121FB
S21401A190584615F0BBF809980D9014F09CFCB0F8E1
S21401A1A00180B0F8039004460D9819F063FA15285B
S21401A1B014BF0225102505342146284603F0B4F8BD
S21401A1C021460390284615F070F80490B8F1000F68
S21401A1D000F04481C84500F241810D9A0221092010
S21401A1E014F09CFCBBF80A70023FBFB282463E46A2
S21401A1F040464FF0FF35039A494615F057FB044693
S21401A200002800F06D8115F024F9002800F0858102
S21401A21001222146584615F0C6F903468DF82E0050
S21401A220002800F020810D9A009222460821A4E021
S21401A230DBF8143013F001063CD023F00103CBF811
S21401A24014300021584615F061F81E2C63D8032CF3
S21401A25066D9231F142B63D801A252F823F000BF3E
S21401A26035A5010021A3010021A6010021A30100BB
S21401A27097A1010021A3010007A7010021A3010066
S21401A28025A7010021A301003BA7010021A301008E
S21401A2902DA3010021A301002FA8010021A3010085
S21401A2A021A3010021A301004BA8010021A3010065
S21401A2B055A8010043F00103CBF81430012158469C
S21401A2C015F024F80096122332462146584614F01B
S21401A2D094FC09A819F049F91BE700BF54554541FC
S21401A2E0099D934C284614F0F6FB2188B0F80160CE
S21401A2F02A46584614F096FC2388BBF80A10B34247
S21401A30028BF3346172BB8BF1723ABF80A30584679
S21401A31014F017FFFDE6522C00F09082D22CD8D014
S21401A320099B009300220623214626E0099F384612
S21401A33014F0D1FB0546B0F80180B0F803A038460A
S21401A34019F098F9152805F105010CBF20460220E1
S21401A35002F0EAFFB5F8053004900793B8F1000F54
S21401A36007D0D04505D815F0F8FB50B90097102353
S21401A37001E00097012342461021584614F03DFCA7
S21401A380C7E63A460221112014F0C8FBBBF80A3092
S21401A39003939E1E063B9BB20590B6B244464FF011
S21401A3A0FF350893049A5146204615F07FFA8146F8
S21401A3B068B3079A514615F0C6FA0446484615F0A2
S21401A3C048F840B94FF6FF739C4201D00134A4B25D
S21401A3D05445E7D91BE04FF00003ADF834300DAA21
S21401A3E00CAB4946584615F07BF9039ABDF8343054
S21401A3F00690053A9A42089AD8BF1346002DADF842
S21401A400343009DB9D4202D1EB1CB34208DB691CE8
S21401A4101CD100970A23AEE7351F9D42A8BF1D46F3
S21401A420042211A93846ADF84490ADF8464019F01B
S21401A4305FFB06992A46384619F05AFB043E4FF64A
S21401A440FF73761B9C42B6B2C0D1E0E7059B04358C
S21401A4505D703946584601F073FD5AE60D9B009330
S21401A46001234246E2E6049B13B1204614F0D5FFD1
S21401A470204615F006F8D8B1002D54DC0DA819F0C9
S21401A48074F8082358468BF81C3050F80C2B92F8B9
S21401A49070208DF844208DF8483011AA002340F230
S21401A4A00251ADF84640ADF84A3018F093FF30E659
S21401A4B0ADF844000DF12E0311AA2146584615F0B9
S21401A4C00FF9BDF844300590BB4228BF3B46002D2E
S21401A4D0ADF844300ADBAB4202D16B1CB34209DB58
S21401A4E06A1C0D9B1FD100930A23BAE7B51E9D4235
S21401A4F0A8BF1D4602220CA90D98ADF8304019F0F0
S21401A500F7FA05990D982A4619F0F2FA023E4FF627
S21401A510FF73761B9C42B6B2E2D0601C80B28145C6
S21401A520BFF469AEDCE702350D998AF8015091E770
S21401A530DE0C0020DDF82490484614F0CCFAB0F882
S21401A5400180B0F803300493B8F1000F41D098456C
S21401A5503FD84A460221052014F0E0FABBF80A402B
S21401A5600590023C4FF6FF77A4B24546BA46294607
S21401A570584615F076FA5045064649D04FF4006223
S21401A5802946584615F00FF800283CD1304615F0FC
S21401A59000FB00280CBF02231023574503931ED04F
S21401A5A0304615F0F6FA0690384615F0F2FA069B94
S21401A5B0834203D1039B0133A34211DB384615F0D6
S21401A5C0E8FA059B013058701946584614F0FEFA11
S21401A5D09FE5CDF80090012342460421CDE637469B
S21401A5E00DF146013046ADF8445002F0F3FE039BF0
S21401A5F011A99A1C484619F07BFA039B023CE41AFF
S21401A6005545A4B2DAD0049B0135ADB2AB42AED209
S21401A6104FF6FF739F42D1D1CDF800900A23DBE7B6
S21401A620DDF82490484614F056FAB0F803A0B0F8C6
S21401A6300530B0F8016003930746484619F01AF84A
S21401A640C51FADB20024102D0C9458D82A46F91D0A
S21401A6500DA818F03CFC002E53D0564551D84A465A
S21401A6600121072014F05AFAA046074633460A2469
S21401A6709A45049307D9BBF80A00394614F031FA13
S21401A6800328049B04D8B8F1000F1AD039469CE77A
S21401A690ADF84430039BADF848300DAB13930BAACD
S21401A6A00DF12E0311A95846ADF846A0ADF850504D
S21401A6B015F075F90A280446E5D0BDF82C3030B1FE
S21401A6C01E46CDF8009023463246062155E6ADF8E3
S21401A6D03030BDF82E30ADF832300CAA0423BBF86A
S21401A6E00A00394614F008FABDF82E304FF6FF720C
S21401A6F09342CBD001339BB24FF00108B8E7042454
S21401A700DFE70124DDE7099C0A238BF81C3020468D
S21401A71014F0E1F923460022B0F80110584613F070
S21401A72050FCF6E4099C204614F0D5F90C238BF86E
S21401A7301C30B0F803202346EEE7DDF824804046BF
S21401A74014F0C9F90546404618F094FF0023441E4C
S21401A750BBF80AA08DF8343061D014F001075ED141
S21401A76020460DF0C1FC064600285ED00AF1FF33F4
S21401A7702246691C039318F0AAFB424601210F20CA
S21401A78014F0CCF9B1460490002C04DC30460DF0F0
S21401A790C9FC049919E739F8025B01222946584693
S21401A7A014F001FF023C8DF8340068B9284614F015
S21401A7B072FD10B1284614F030FE284614F061FEF2
S21401A7C060B180238DF8343030460DF0ABFC9DF837
S21401A7D03430CDF800802A460E21CEE50DAB294651
S21401A7E011AA584614F07CFF9DF834300146002B20
S21401A7F0EAD1039BBDF84420DB1B9A42C2BF0AF193
S21401A800FF33DB1BADF84430BDF84420404619F059
S21401A8106FF9BDF844309842B8D31F44B4E7042317
S21401A82000258DF834302E46CEE71123F8E7099A35
S21401A830B5F80110584613F062FC6AE4099AB5F8B7
S21401A8400110584613F0B6FC63E40999584613F014
S21401A850F0FC5EE46978584613F056FD39E513F0CE
S21401A86073FD36E57FB5174A1368064623F00803DD
S21401A87042F60520136015F054F8054650B16846B7
S21401A88002F044FC002014F0F9FC044620B92946E5
S21401A890FFF75AFB04B070BD102204F1210168468F
S21401A8A018F0E0FA38B10121204614F02FFD636953
S21401A8B023F0010363611EB13146204615F002F90B
S21401A8C02046E0E7D819002007B5837801916A464B
S21401A8D0082104488DF8003018F07CFD03B05DF8BF
S21401A8E004FB00BF6C190020054B0022C3E90322BC
S21401A8F0C3E905221A70DA614FF6FF725A8470476F
S21401A90048190020014B1860704700BF4419002009
S21401A9100D4B827813B55A60B0F8032091B2102916
S21401A92010D040F60344A1420CD041795B8C8DF8DF
S21401A9300210ADF804200548ADF800306A4605213E
S21401A94018F048FD02B010BD481900206C1900200F
S21401A95073B5837901900C33C418C35C132B0ED8DE
S21401A960042B10D9053B0E2B0DD8DFE803F01E0C87
S21401A9700C1E0C0C0C0C0C161A0C0C0C2300302B99
S21401A98013D03E2B1BD0FAF73DF9019B834202D030
S21401A99001A818F0EAFD02B070BD2046FFF7B8FF27
S21401A9A0F1E70F4BE2785A60EDE701A9204602F085
S21401A9B0F7F8E8E701A9204613F002FFE3E7094E9E
S21401A9C00025019B3BB156F8043B01A92046013501
S21401A9D098470E2DF5D101A818F0C7FDD3E700BFA3
S21401A9E048190020B448030007B500F013F920B158
S21401A9F003B05DF804EBFFF7ABBF00F017F9019069
S21401AA0018B1054B1B681BB1984703B05DF804FBF2
S21401AA1001A818F0AAFDF8E744190020024610B173
S21401AA20022804D070470348032118F08FBCFFF7B3
S21401AA30DBBF00BF6C190020024B1A78024B53F89B
S21401AA402230184748190020EC48030010B5044688
S21401AA500120FFF7F1FF034B1C70BDE810400020FA
S21401AA60FFF7EABF4819002010B50621044642F256
S21401AA70050013F0BFFD2368C0F80330A388A0F8D3
S21401AA8007300648FAF7E0F813F0F8FD407920B1F0
S21401AA9013F0F4FD407940F4805010BD1BC2020053
S21401AAA010B5062104464FF6284013F0A3FD23688F
S21401AAB0C0F80330A388A0F807300648FAF7C4F8B0
S21401AAC013F0DCFD407920B113F0D8FD407940F455
S21401AAD0805010BD3D4D010038B505460C4669B99C
S21401AAE0022142F21B0013F085FDB5F86E30A0F886
S21401AAF003300D48BDE83840FAF7A6B8122142F2F5
S21401AB001A0013F077FDB5F86E30A0F80330214631
S21401AB10053004F1100351F8042B40F8042B994238
S21401AB20F9D10248E6E700BF65C40200A1C40200ED
S21401AB30014818F038BD00BF581900202DE9F3412F
S21401AB400D46B0F86E10019240F6FF73994205D19A
S21401AB5001A818F00AFD02B0BDE8F08111461346BF
S21401AB6001229BBB1E4818F0E7FDFFF7E1FF0446F4
S21401AB700028F0D018F07EFD6379A66803F001087E
S21401AB806FF30003074663710421204618F0B6FEF2
S21401AB9043798179B6F86E208660044668F300032F
S21401ABA00C314371DB436254084403F00103C2F3E2
S21401ABB0032242EA03124270478022463046294663
S21401ABC013F003FE2046FAF74FF8CEE75C7998605B
S21401ABD024F0030414435C7100221B68C1E700BF24
S21401ABE05819002070B5074C0546206800B970BD9D
S21401ABF08368AB4204D106680DF006F92660F4E7D7
S21401AC000446F2E7581900200146014818F094BDA1
S21401AC105C190020014818F0C6BC00BF5C19002072
S21401AC200146014818F088BD54190020034BD86826
S21401AC3018B103F10C0018F0B6BC70474819002093
S21401AC40044BDA6822B95869003818BF01207047EA
S21401AC5001207047481900200138C0B20A289ABF5F
S21401AC60014B185C00207047F448030007B50648FE
S21401AC7018F099FC042101900DEB010018F075FD08
S21401AC80019803B05DF804FB70190020F7B5186849
S21401AC9010F0020003D0164E316811B9012003B03E
S21401ACA0F0BD0024042223460DEB0200019418F0A7
S21401ACB052FCBDF80630DB0702D4FFF7D7FF044687
S21401ACC00C4F002557F8043B23B1BDF8040021467C
S21401ACD0984748B13368002BE0D0074B022193F91F
S21401ACE000000CF065FDD9E70135062DEAD1F1E744
S21401ACF07019002074190020CF1F002010B50948D4
S21401AD000CF046FD084B09491870002420200C6001
S21401AD100DF0C4F8064BC3E90044C3E90244C3E995
S21401AD20044410BD580B0020CF1F002070190020CE
S21401AD307419002070B5084E002596F82A30ECB23A
S21401AD40A34200D870BD204601F0A8F910B12046F4
S21401AD5001F0CAFC0135F0E7F418002013B5C37AF8
S21401AD600093B0F80930D0F80520D0F8011000782B
S21401AD7001F04CFC0446034800F01AFF848002B040
S21401AD8010BD00BF2002040337B5FF230DF10700F5
S21401AD908DF8073001F0C4FC044604489DF80750BE
S21401ADA000F006FF8480857103B030BD20030401E6
S21401ADB038B54B795B0705460C460CD41421204662
S21401ADC0054A13F003FD2179204613F0B0FD10B9B2
S21401ADD0A3791C44257438BD1C4903008378132BC2
S21401ADE010B50C4608D1054B1B6803B198472046A1
S21401ADF0BDE8104018F0B9BB10BD00BF8C1900208B
S21401AE0010B500210446007813F0B0FC48B1617813
S21401AE10207814F095F80446034800F0C9FE8480B3
S21401AE2010BD0224F8E700BF2002560110B5417894
S21401AE30007801F029FC0446024800F0B9FE84803F
S21401AE4010BD00BF20025602024B00201870024BB4
S21401AE5018707047D11F0020D01F00202DE9F04345
S21401AE6083780D2B91B00D464FD109AC821C00F1B1
S21401AE701A03264610685168274603C708329A42C5
S21401AE803C46F7D113883B801C21284618F06DFC00
S21401AE90BDF826402F6814F00C043ED1384618F051
S21401AEA0E9FBA0F10208A0450DDA4FF0FF340023BC
S21401AEB09C428DF81C301EDBA31C0122394607A8D4
S21401AEC018F049FB17E0631C0122394605A818F063
S21401AED042FB9DF81430012BE9D023460122394666
S21401AEE007A818F038FB9DF81C3013B101331C4439
S21401AEF0D9E78DF81C3001F0E3FC012808D00228C0
S21401AF0043D050B9284618F030FB11B0BDE8F083A5
S21401AF109DF81C3013F0010FF4D09DF82F0000F0BF
S21401AF2065FC07469DF8300000F060FC0DF11C0939
S21401AF309DF828200DF12901804605A8FEF7CAFFD5
S21401AF409DF836200DF137014846FEF7C3FF134B37
S21401AF501B78DB071ED405A812F085FE044605AB58
S21401AF60CDE90145CDF8009042463946304600F01D
S21401AF7017F82B68002BC5D0CDE9004505AB424636
S21401AF803946304617F071F8BCE79DF81C3013F0CF
S21401AF90030FC1E74FF0FF34E1E700BFD01F0020E9
S21401AFA02DE9F74FB0F802C00C9F9DF934A0DDF8EB
S21401AFB038B01CF0100F06461C4633D05FFA8CF5ED
S21401AFC01CF0080F184614BF05F0080505F00F051C
S21401AFD014F099F88146384614F095F896F90F3032
S21401AFE0019380465A4613487678042113F033FDC0
S21401AFF0019BA0B105712268C0F80520A288A0F8BF
S21401B000092080F80B9080F80CA0437386733B6888
S21401B010C0F80F30BB88A0F8133080F8158003B055
S21401B020BDE8F08FCDE90DAB0C9703B0BDE8F04F4E
S21401B03013F0B1BB5849030010B50021421D037936
S21401B0400446084618F081FD024648B1618820880A
S21401B05013F010F80446034800F0AAFD848010BDE2
S21401B0601A24F8E720020A0230B5044685B00078B3
S21401B07014F0FEF8A0B10DF10E030193E3780093EE
S21401B0802379B4F80110621D13F0ADF904460548A2
S21401B090BDF80E5000F08CFD8480C58005B030BD33
S21401B0A02524F4E720040A0313B50446007814F0B7
S21401B0B0DFF870B10023CDE90033E278B4F801106F
S21401B0C013F0CAF90446044800F072FD848002B009
S21401B0D010BD2524F7E700BF20020A0473B5B0F8B7
S21401B0E00140C678051D007814F0C2F860B121460B
S21401B0F000962B46002213F053F90446034800F04D
S21401B10057FD848002B070BD2524F7E720020A0FA0
S21401B11008B50649064818F021F90649064818F008
S21401B1201DF906480CF0AEFF002008BD700B00208C
S21401B13094190020800B002090190020680B002035
S21401B140014813F0BABB00BF140B002030B5114BF9
S21401B150994285B00D46144619D193000FD503A91F
S21401B16002A80CF03BFD0823E1B20193039B009378
S21401B1700022029B41F00051284618F0D2F80648FA
S21401B18013F033FC00B10471012005B030BD00207E
S21401B190FBE700BF90190020CC49030022F00042D3
S21401B1A0B2F1A04F08B504D1034813F01EFC0120EC
S21401B1B008BD0020FCE700BFD049030070B5FFF7CB
S21401B1C0BFFF90B1FEF73CFE002604462046FEF780
S21401B1D09BFE0546064800F0EBFC86802268C0F818
S21401B1E00620A2884281057370BD024C0226EDE757
S21401B1F020090115A849030008B501F0D3FBBDE8F5
S21401B20008400249024818F0CDB800BF900B002054
S21401B2106C190020F8B50E4E05460020307100F07E
S21401B2209BFD012704466CB16DB994F872306BB181
S21401B230377113F0BFFA2046132113F048FF6468F4
S21401B240002CF2D1F8BD204613F045FF6468EAE70A
S21401B250F01E002038B50A4C00232360A380036843
S21401B2602360207813F02FFF054630B905480649BC
S21401B27018F074F8608801F0ABFB284638BD00BFB3
S21401B280F01E00206C190020900B002022F00042D6
S21401B290B2F5887F2DE9F0471C4600F0E2800ED813
S21401B2A040F203139A423CD040F209139A4200F04E
S21401B2B0C2800E2A00F0B3800020BDE8F08740F27D
S21401B2C007239A424AD0B2F5037F59D040F20623AB
S21401B2D09A42F1D120684C30FEF716FE2568A48804
S21401B2E095F8736095F870A095F9759095F8768045
S21401B2F00746604813F079FB0028DDD0EB6C43600D
S21401B300B5F850300381731E5E425E418772C67285
S21401B31080F80CA080F80D9080F80E80A0F80F4001
S21401B320CAE7207800F00AFD0028C5D0524894F8F4
S21401B3300090B4F80280A788E688257A648913F01D
S21401B34054FB0028B8D080F80490A0F80580A0F837
S21401B3500770A0F80960C5728481ADE7207800F017
S21401B360EDFC0028A8D060782578FFF775FC044628
S21401B370424813F03AFB00289ED0057144719BE7C2
S21401B380A578012D1DD0022D2BD0C5B9E37894F8F0
S21401B390008094F904706679394894F90640023BB6
S21401B3A0DBB2022B9ABF374AD55C012513F01DFB91
S21401B3B028B180F8048045718771C6710472012036
S21401B3C07BE7E37894F8008094F9047066792E4858
S21401B3D094F90640023BDBB2022B9CBF294AD55C9E
S21401B3E0E4E7E378294894F80180277894F90490F3
S21401B3F0667994F90640023BDBB2022B96BF214ADE
S21401B4000125D55C13F0F1FA0028D8D0A0F8048005
S21401B4108771C57180F8089046728472CFE723461B
S21401B4201B4813F8014B0822002113F0EFFA0028FD
S21401B430C5D00471C3E7174894F800806788A688CA
S21401B440E588248913F0D1FA0028B8D080F8048062
S21401B450A0F80570A0F80760A0F80950A0F80B4006
S21401B460ADE70D481C7813F0C0FA00283FF424AF6E
S21401B470047121E7284A0300244A03001C4A0300FA
S21401B480144A0300D4490300104A0300184A030073
S21401B4900C4A0300084A0300204A030010B500784E
S21401B4A000F04CFC40B1132113F011FE0446034892
S21401B4B000F07EFB848010BD2524F8E720020605F7
S21401B4C070B5144606460C4A20460D46142113F064
S21401B4D07DF92179204613F02AFA58B9A3790C335D
S21401B4E01C44064BA6711B79A5801BB1BDE87040B4
S21401B4F013F061B970BD00BF044A0300F01E0020BE
S21401B500024B1A68024B00205A60704798170020B9
S21401B510140B002010B5FDF77DFE044630B9044833
S21401B52013F0A1F9044608B9FDF7BEFF204610BD89
S21401B530140B002073B51C4622F0004540F20A6346
S21401B5409D4208D8B5F5C06F08D8042D47D00D2DFB
S21401B5504DD0032D1ED0002002B070BD6FF4C06325
S21401B5601D44092DF7D801A353F825F053B6010061
S21401B57001B6010025B6010035B601004BB6010043
S21401B58057B501006BB6010081B60100A1B60100F6
S21401B590EFB6010001A8F3F7E7FD5648BDF80440F1
S21401B5A013F023FA0028D6D000234371C371037227
S21401B5B04372037343738373C373282383746FF0D7
S21401B5C00B03C3746FF066030722432103753E2302
S21401B5D0027185718172C27204824375BBE7464867
S21401B5E0246813F002FA0028B5D08480B3E7234616
S21401B5F0042253F8044B4148002113F007FAF2E7FE
S21401B600207800F09BFB0028A5D03D48267894F9C9
S21401B6100150A47813F0E9F900289CD00671457111
S21401B620847198E72478374813F0DFF9002892D020
S21401B630047190E725783448646813F0D6F9002839
S21401B64089D00571C0F8054085E725782F486468DC
S21401B650F3E72F482578646813F0C7F900283FF40C
S21401B6607AAF0571A0F8054075E72A482578646821
S21401B67013F0BBF900283FF46EAF057144716AE719
S21401B6806378254824780D2B96BF244A0125D55C7E
S21401B69013F0ABF900283FF45EAF047145715AE729
S21401B6A063781F4826780D2B98BF1C4A4FF000017F
S21401B6B098BFD55C6368A27888BF012513F0A6F908
S21401B6C008B1067145716378012B3FF644AF8DF8DA
S21401B6D004301348247801AB0122002113F096F9B7
S21401B6E000283FF438AF01230471437133E724780F
S21401B6F00C4899E7704A0300684A03006C4A030045
S21401B700504A0300584A03005C4A0300544A0300A7
S21401B7104C4A0300484A0300444A03002C4A0300EB
S21401B720404A03003C4A030002481422002117F055
S21401B730C3BB00BF9819002070B51C4C05460CF021
S21401B740E8FF63795B0706460ED414212046184AA3
S21401B75013F03CF82179204613F0E9F820B1304681
S21401B760BDE870400CF0DBBFA3790C3323442DB940
S21401B7701A79FF2AF3D001321A71F0E7012D05D1AB
S21401B7805A79FF2AEBD001325A71E8E7022D05D12A
S21401B7909A79FF2AE3D001329A71E0E7032DDED1D0
S21401B7A0DA79FF2A1CBF0132DA71D8E7981900202E
S21401B7B0644A030010B504460A4813F07EF860B1E7
S21401B7C00948002113F0FFF848B182790244146158
S21401B7D00179BDE8104013F0AAB8022010BD1A2066
S21401B7E0FCE700BF140B0020604A03000428024B4C
S21401B7F028BF0020185C7047744A030038B5054618
S21401B800084800F051F9044648B900F0A3F9044687
S21401B8101DB1054B1B689B792B7000F0B3F92046D0
S21401B82038BD00BF804A0300B41900202DE9F84353
S21401B83080460D489DF820900F4616461D4600F09E
S21401B84033F978B9094B1C6884F80480C4F805708C
S21401B850C4F80960A4F80D5084F80F90BDE8F843C9
S21401B86013F036B8BDE8F883784A0300B81900200B
S21401B87038B5054606480C4600F016F938B9054BAA
S21401B8801B681D715C71BDE8384013F021B838BDE6
S21401B890904A0300B819002038B5054606480C46FC
S21401B8A000F002F938B9054B1B681D715C71BDE8E3
S21401B8B0384013F00DB838BD884A0300B819002087
S21401B8C010B50446054800F0EFF830B9044B1B6884
S21401B8D01C71BDE8104012F0FBBF10BD984A030072
S21401B8E0B819002038B505460C460748012100F076
S21401B8F0EBF838B9054B1B689D80DC80BDE8384005
S21401B90012F0E6BF38BD00BFB84A0300B8190020E0
S21401B9102DE9F04107460E460F48154601211A4605
S21401B920DDE9063800F0D0F8044690B90B4B1B68E9
S21401B9301F71A3F80560DD7100F00CF90446B8F13B
S21401B940000F04D0064B1B68DB88A8F8003000F017
S21401B95019F92046BDE8F081B04A0300B819002065
S21401B960B419002070B5064608480D46144600F086
S21401B9709BF848B9064B1B681E71A3F80550DC718D
S21401B980BDE8704012F0A4BF70BD00BFA84A030016
S21401B990B819002038B505460C460748012100F0C5
S21401B9A093F840B9054B1B681D71A3F80540BDE827
S21401B9B0384012F08DBF38BDA04A0300B8190020E8
S21401B9C070B505460B480E4600F06EF8044678B989
S21401B9D000F0C0F8084B04461B6825B1D3F80620D2
S21401B9E02A605A89AA800EB11B7B337000F0CAF810
S21401B9F0204670BDC04A0300B4190020044A03461D
S21401BA00106810B102789A4200D170470069F8E7D1
S21401BA10B019002008B512F024FFFFF785FE024B8F
S21401BA2000221A6008BD00BFB019002038B5104DBD
S21401BA30104A0446284618F0E2F84FF48270A047F0
S21401BA400D4B01461860287818B14FF4827218F031
S21401BA50D9F84FF48270A047084B01461860287841
S21401BA6028B1BDE838404FF4827218F0CBB838BD23
S21401BA70D21F0020C84A0300B8190020B4190020BC
S21401BA80084A136833B94178036141F001014170F6
S21401BA9010607047197802789142FAD003F11002CB
S21401BAA01B69EFE7B019002010B5044616F0DEFA60
S21401BAB028B9034B22681C60024B1B681A6010BD34
S21401BAC0AC190020B81900202DE9F84F04684FEA98
S21401BAD0042A98460AF4E06AC4F307234AEA030AEA
S21401BAE00AEB0209B9F5807F83460F46154603D94E
S21401BAF01D263046BDE8F88F16F0B8FA064600282F
S21401BB00F7D1124B24F47F44C3F800B024F0C704E5
S21401BB100F4B44EA19244FEA09291B681FFA89F9D1
S21401BB2044EA090443F8044B53442A46414618465E
S21401BB3017F0CDF9012F04D1FF2DD9D800F8015CFB
S21401BB40D7E7022F08BF20F8025CD2E7AC19002025
S21401BB50B819002008B5074B1A68074B52F8040BB2
S21401BB601968064B49681B689847054B1B689888F7
S21401BB7008BD00BFB8190020AC190020A00B00209A
S21401BB80B4190020024B00221A6016F071BA00BFE9
S21401BB90AC190020054B186808B1C3681BB1003802
S21401BBA018BF012070470069F6E700BFB0190020F2
S21401BBB010B5034C23681860FDF7B4FC206810BD6F
S21401BBC0B4190020F8B504460D4601460020174674
S21401BBD012F048FEF2F78AFA194E78BB194B1B6829
S21401BBE01C603368187058709870D870204612F030
S21401BBF013FE18B165B94368220E2BB90F250DE067
S21401BC005979914204D008331D68002DF8D1F5E723
S21401BC103846A84733681B684BB9012524F47F4092
S21401BC2020F0C70040F40070FFF7C2FF858032683D
S21401BC30012052F8041B12F015FEF8BD1425EDE79D
S21401BC40B4190020B8190020094B802283F801237B
S21401BC5083F8042383F8052383F8062383F8072350
S21401BC6083F8082383F81D23A02283F8222C70472B
S21401BC7000E100E0034AD2F8B03043F05403C2F8C2
S21401BC80B030704700400E40054BD3F8E80010F482
S21401BC9080501CBFD3F8EC0000F00100704700BFD5
S21401BCA00081E00F1C4A136870B504460D466BB35D
S21401BCB093F87D10586811F0040129D110608C2288
S21401BCC0184693F8706017F0F7F880F870602268ED
S21401BCD0C0F85A20A288A0F85E20A27980F86020D9
S21401BCE003462868D864AA79A98883F85220FF22D7
S21401BCF083F8752083F8762040F6FF72A3F86E204D
S21401BD00064AA3F85010116859601360184670BDB2
S21401BD101A1D0346CBE700BFC0190020BC1900203E
S21401BD20054A0346106800B97047B0F86E209A427B
S21401BD30FAD04068F7E700BFBC190020054A034661
S21401BD40106800B9704790F870209A42FAD040689F
S21401BD50F7E700BFBC19002010B9024B18687047FE
S21401BD6040687047BC190020114A00232DE9F041B4
S21401BD708C2113608046024601200BF043FF0446E7
S21401BD8020B90C4E05463060A84502D82046BDE8CD
S21401BD90F08101200BF0B4FF07468C22002101350B
S21401BDA017F08AF887F8705037603E1DECE700BF41
S21401BDB0BC190020C019002010B501238B4090F853
S21401BDC0711021EA030149B2044680F87110002976
S21401BDD049D112F0F9FC204614F089FD102104F136
S21401BDE0180017F0D5FE2046FEF7FCFE04F13800D9
S21401BDF017F0BBFB204614F0DBFC214A13681BB18D
S21401BE009C42596830D11160A36859050BD51A05B3
S21401BE1009D443F40063A18994F87000A36004F187
S21401BE207802FFF74DFB00236360204617F0BEFA49
S21401BE3012F04BFE94F870304FF48072B2FBF0F2C1
S21401BE4042430344B3FBF2F102FB1133DBB2591E4A
S21401BE50C9B2FD29F5D884F8703000236360094B18
S21401BE601A6852B91C6010BD1A465B68002BCBD00D
S21401BE709C42F9D163685360C6E7131D5268F0E728
S21401BE80BC190020C019002010B5084C206830B934
S21401BE90074BBDE81040186001200BF001BF436856
S21401BEA090F871102360FFF787FFEFE7BC190020B9
S21401BEB0C019002090F8743003F00B03013BDBB28D
S21401BEC00A2B9ABF014AD05C00207047D64A03006D
S21401BED01FB5014690F870308DF80430FFF7EAFF81
S21401BEE0B1F86230ADF80630B1F86430ADF80A301A
S21401BEF0B1F866308DF80C00ADF8083001AAB1F83B
S21401BF006C300548ADF80E3040F2031117F062FAB6
S21401BF1005B05DF804FB00BF6C19002007B590F86A
S21401BF2070308DF8051001AA40F2072103488DF8FC
S21401BF30043017F04FFA03B05DF804FB6C190020CB
S21401BF4038B50A4B1B6804460D462BB143699B075F
S21401BF5002D513F014F930B120682A460421BDE851
S21401BF60384014F0D3BBA3699D6138BDC4190020C5
S21401BF70014B1860704700BFC4190020024B1868B7
S21401BF80003818BF01207047C419002013B50446B5
S21401BF90019120B901A817F0E8FA212012E008461D
S21401BFA00029FAD017F066FB80B20028F2D0094BC0
S21401BFB001991B6820464BB1984728B9019920463C
S21401BFC0FDF7ECFF02B010BD0020FBE701F0D2FA4E
S21401BFD0F3E700BFC419002038B5436A5904044684
S21401BFE015D4134A92F82B20012A03F400430FD1EB
S21401BFF0826A92040CD4002B01460CBF53201420F5
S21401C00011F06DFE18B9636A43F00803636238BD28
S21401C010002BFCD1074D20462946FDF77DFF002861
S21401C020F5D12868AA88AB792060A280A371EAE7D7
S21401C030F4180020031900202DE9F041164D85F86B
S21401C0402A0038B300EBC000C100002301220420FF
S21401C0500BF0D8FD044650B904200BF051FE4827DA
S21401C0602860A04695F82A30A34203DC0024204627
S21401C070BDE8F0812E6807FB046614220021C6F88D
S21401C080188006F1340016F017FF304612F09AFEBB
S21401C0900134E7E72860E9E7F4180020074B93F836
S21401C0A02A20824281BF1B6800EBC00003EBC0035D
S21401C0B0586A8CBF00F0010000207047F418002079
S21401C0C008B50146FFF7EAFF40B1054B1B6801EBD7
S21401C0D0C10103EBC103586AC0F3C02008BD00BF0D
S21401C0E0F41800202DE9F04F384A93B051680746FE
S21401C0F010680FAB03C39068354A1860146807EBE5
S21401C100C70304EBC30412AAE37B94F82E8094F8C9
S21401C1102F6002EB430333F80C1C636ADA0447D43E
S21401C120012641F01001B04694F80D9094F8315074
S21401C130C3F3404A5B0348BF4AF0020A8BB289F058
S21401C1400809B8F1010F0B9304F1070BD4E9072393
S21401C150C9F3C00994F9324009D0B8F1020F06D0EC
S21401C160B8F1040F14BF4FF000084FF00308012E7A
S21401C17005D0022E03D0042E14BF0026032638460F
S21401C180CDE90C23FFF79CFF0121CDE90760CDE93E
S21401C1900051CDE90548CDE903BADDE90C230B9939
S21401C1A0CDF80890384601F08DFB13B0BDE8F08F4E
S21401C1B0A26A950648BF41F02001500648BF41F0EB
S21401C1C04001DA0348BF41F00401ADE7E24A03004B
S21401C1D0F418002070B50C4B93F82A601C680021F7
S21401C1E08E4202DCFF25284670BDCDB22846FFF7F9
S21401C1F055FF28B1E37B012B02D1636ADB06F2D43B
S21401C20001314834ECE700BFF4180020014B93F8E5
S21401C2102A007047F418002070B504461546FFF74B
S21401C2203DFFB8B10E4A136804EBC40403EBC40324
S21401C230E6005B6A13F010040FD0C3F300330B70F3
S21401C24013683344DB7B5A1E042A04D8033B18BF09
S21401C25001232B7070BD0023FBE72046FAE700BFE1
S21401C260F41800203F4A70B5146800EBC00304EBD5
S21401C270C3040646636A5B0704D500231A461946BB
S21401C28001F002FC636A9D0706D53046FFF72AFFD8
S21401C290636A23F002036362636A18070CD5A27906
S21401C2A02146C2F3C002304601F08CFB0546E8B9D0
S21401C2B0636A23F008036362304612F02FFF0546D7
S21401C2C0A0B9626AD10611D5D30404D5304611F05F
S21401C2D004FD40B11BE01206E37B09D4E37B626AEE
S21401C2E0023B012B15D9616A48071FD4284670BD49
S21401C2F003F0FB03012BF6D02169304601F088FBE1
S21401C300636A256123F0800363620028E6D0054650
S21401C310ECE7D305E7D56169304601F097FB0023CA
S21401C3206361636A23F480736362D2E7E37BA28D61
S21401C330012B03D1A2B1802A28BF802211F0400F21
S21401C34094F830304FF0010118BF0123304601F058
S21401C3509BFB0028DBD1636A23F004036362C5E715
S21401C3604022EBE7F41800202DE9F041114D00249E
S21401C370482795F82A30A34201DCBDE8F081E6B2F1
S21401C3803046FFF78BFE98B1286807FB04F8404457
S21401C390436ADA060CD55B040AD4FFF71DFE2B6848
S21401C3A0434430465A6A42F006025A62FFF75AFF81
S21401C3B00134DEE7F41800202DE9F04FDFF848924B
S21401C3C0D9F8004000EBC00304EBC30404F1100AE3
S21401C3D089B0804650460E46174617F0C6F804F157
S21401C3E014031846029317F0C0F8002017F082FADB
S21401C3F00546002800F00381012F40F2726718BF3E
S21401C4001F27012EA6735CD0022E0CBF062604261B
S21401C4100221284612F0FAFC0121284612F0F6FC09
S21401C4203146284612F0F2FC284617F023F986B268
S21401C430B91B012300930A2242F6072389B2284634
S21401C44012F034FD0644B6B2B91B0423009312223F
S21401C45042F6042389B2284612F028FD0644B6B2F5
S21401C460BB1B012B069503932DDC002399F82B208B
S21401C470002A00F0A480504617F077F8636A256119
S21401C48043F080026262DB0400F1AB8099F82B0076
S21401C490002840F0A68017F02DFA0790002800F03B
S21401C4A0A080394612F0BDFC002800F0A480029856
S21401C4B0079D17F05AF8636A656143F480736362F7
S21401C4C08FE00526A4E7002017F014FA079000284D
S21401C4D0CBD0BB1E9B1B02211FFA83FB01F014F875
S21401C4E08345064611D22BF001018AB2411A07A8EC
S21401C4F0049217F061F9049A164602223EB907988B
S21401C500F0B907A817F031F8AFE70322F6E7711C78
S21401C51006980492C9B212F079FC049A069811465C
S21401C52012F074FC079906A817F0C0F9002017F05E
S21401C530E1F90790002836D0ABEB06031FFA83FB20
S21401C5405B46022B38BF02239A1E92B20F2A31D9BC
S21401C5501021049200F0D8FF049A824203461FD2AB
S21401C56022F00F018AB29346411A07A817F024F960
S21401C5705B460622591C06980493C9B2059212F02E
S21401C58045FC059A0698114612F040FC079906A844
S21401C59017F08CF9049BB21C13449BB23EB965E7B5
S21401C5A040B10722E6E707A816F0DFFF334602335D
S21401C5B09BB25BE707A816F0D8FF3346EEE7039A6F
S21401C5C0D11A89B2284612F02CFC0646504616F0BF
S21401C5D0CCFF636A256143F080026262002E3FF45D
S21401C5E052AF606A10F010000AD0404609B0BDE8AC
S21401C5F0F04FFFF737BE07A816F0B7FFF1E71A208E
S21401C60009B0BDE8F08F00BFF418002070B50546EC
S21401C61014461E46FFF742FD30B3144B186805EB6F
S21401C620C50500EBC500426A93050BD4A1F12005B0
S21401C6304FF6DF739D4217D8A4F120059D4213D80B
S21401C640A14211D8C3698B4202D1036AA34204D026
S21401C650C0E9071442F0020242629DF8103080F8E9
S21401C66030308685002070BD2120FCE7F4180020BC
S21401C670044A116800EBC00301EBC301CA7B12F048
S21401C6806EBC00BFF4180020F8B505460C46FFF74F
S21401C69005FD28B3052923D8124E336805EBC502DC
S21401C6A003EBC203D700186916F0E4FF1F2817D85A
S21401C6B033683B44586916F0DDFF1F2810D8012C5B
S21401C6C00ED0231F012B0BD93168394422464B6A01
S21401C6D023F482534B622846BDE8F84012F03FBC73
S21401C6E02120F8BDF418002010B50446FFF7D6FC4B
S21401C6F090B10A4A106804EBC40300EBC300436A16
S21401C70023F0500343F00403436212F051FB20462A
S21401C710BDE81040FFF7A6BD212010BDF41800208B
S21401C72070B50546114890F82A40036800229442E5
S21401C73001DC1A2016E0596ACE0714D493F8396042
S21401C740760710D40A4CD0F80F00A688186041F07E
S21401C7500901A0799871D4B29E8059622046FFF7EC
S21401C760C1FC2C7070BD01324833E0E7F41800209C
S21401C7700319002070B5FFF72DFDFF28044615D0DC
S21401C7800B4D03B2286803EBC30300EBC300DE00C6
S21401C790436A23F01003436212F00AFB296831440E
S21401C7A020463431BDE87040FEF702BB70BD00BFC5
S21401C7B0F41800208378122B2DE9F0410F463CD166
S21401C7C00B689A790C321344DD781E790DB145F465
S21401C7D080553046FFF762FCD0B1DFF86480D8F8A8
S21401C7E0004006EBC60304EBC304636A23F01003A0
S21401C7F0636295B9A0692246314608F12E0300F01E
S21401C80089F9A5612222294608F12E0016F054FB6B
S21401C8103846BDE8F04116F0A8BE204612F0C8FA28
S21401C820636A5A0603D523F040036362F0E704F116
S21401C83034013046FEF7BCFAEAE7BDE8F08100BFF6
S21401C840F418002073B5144D144C6A68236802F07E
S21401C850800103F002030B431BD0530654BFA67A94
S21401C8600126FDF7F1FA0196837983F00803C3F3F5
S21401C870C0030093E388A288217A607A00F0DEFF85
S21401C88040B9236823F0020323606B6823F080031A
S21401C8906B60002002B070BDF4180020C81900209B
S21401C8A0064B0121A3F108020020C3E9000043F86A
S21401C8B0081C4FF01013536051727047D0190020B6
S21401C8C0014B187B704700BFC8190020024BD87A6D
S21401C8D0003818BF01207047C819002070B5224ED5
S21401C8E0716811F002013AD1204D2B68580706D520
S21401C8F0084600F0C9FF2B6823F004032B602B6861
S21401C900726803F0080302F00402134310D0FDF727
S21401C9109BFA83791A071FD5FEF7C2F80446C8B9F1
S21401C9202B6823F008032B60736823F004037360FD
S21401C930FFF788FF044668B9EB7A5BB12B685B07A3
S21401C94008D40121084600F09FFF50B92B6843F038
S21401C95004032B60204670BDFEF786F8DEE711243F
S21401C960F8E70446F6E700BFF4180020C8190020CF
S21401C970032805D10A4A136843F00803136008E048
S21401C980012808D1064BDA7A42B11A6842F0080249
S21401C9901A60FFF7A3BF10F0FD0FEBD00020704721
S21401C9A0C8190020094B10B500205862FFF7D4F9CA
S21401C9B004461CB9BDE81040FFF766BA204641F2AE
S21401C9C0160112F006FB6468F3E700BFF4180020B6
S21401C9D0A0F11B03E02B10B5044618D8042142F23F
S21401C9E0240011F007FE6FF06F0343714223837139
S21401C9F0A0F803400748F8F727F911F03FFE407901
S21401CA0020B111F03BFE407940F4805010BD21204A
S21401CA10FCE700BF03C6020037B50D46044612F018
S21401CA20FFFA6988204612F045F86A7E2B7E43EAB3
S21401CA300223A4F862306A7F2B7F43EA0223A4F81C
S21401CA406430EA7EAB7E43EA0223A4F866301B23F9
S21401CA50A4F86C302D4BDA8B1B8CA4F86A300223B9
S21401CA6084F87230A4F86820204611F0ACFE204607
S21401CA7013F018FF94F87330022B15D101F056F914
S21401CA8070B194F9753001330AD1A368052143F4D6
S21401CA9080532046A36003B0BDE8304012F017BBB8
S21401CAA00021204612F009F80021204600F02CFA59
S21401CAB0288C4FF6FF73984225D000F0C5F90094F4
S21401CAC000F0B0F96A46ADF8040040F206211048BD
S21401CAD016F080FC002240F20221204616F036FCB9
S21401CAE02046FFF7F5F9204613F0E8FE204600F051
S21401CAF079FEA36823F48043A3600121204612F047
S21401CB00EEFA03B030BD0020D9E700BFF4180020CC
S21401CB106C190020F7B504460F461646991D5A793A
S21401CB2068461D46FDF7D6F92CB969463046FFF72B
S21401CB30B9F80446A0B140F20323A4F8723084F891
S21401CB4076703368C4F85A30B388A4F85E30B37987
S21401CB5084F8603029462046FFF75EFF03B0F0BD3B
S21401CB60032140F2064011F045FD6B88A0F8033022
S21401CB700D2343710148F8F767F8EFE7E7C40200B1
S21401CB8007B54FF4887190F8703004488DF804307A
S21401CB9001AA16F01FFC03B05DF804FB6C19002017
S21401CBA02DE9FF410378302B04460E4639D006D8CE
S21401CBB0052B25D0082B41D004B0BDE8F0813E2BD3
S21401CBC0FAD183780C2B4BD8022BF5D9033B092BD2
S21401CBD0F2D801A252F823F071CC0100ADCD0100CC
S21401CBE0B9CB0100B9CB010045CD0100B9CB01009D
S21401CBF0B9CB0100B9CB0100B9CB010099CD010039
S21401CC00B0F80300FFF78CF828B1617909B141F457
S21401CC10805112F0DEF9304604B0BDE8F04116F05E
S21401CC20A4BCB0F80300FFF77BF80028F3D0A17886
S21401CC3009B141F4805112F025FAECE7B0F803008F
S21401CC40FFF76EF80028E6D0627990F8743022B1CA
S21401CC5043F0010380F87430E9E703F0FE03F9E7D7
S21401CC60212B00F0B880292B1FD0202BD3D0A3E78F
S21401CC708088FFF755F80028CDD0E278002ACAD17F
S21401CC80E179A27942EA0122A0F86220E17AA27A49
S21401CC9042EA0122A0F86420227A617A42EA01225D
S21401CCA0A0F86620FFF714F9B5E7C7783C2F00F126
S21401CCB0020502D1FFF75EFDADE790F80680B8F1F8
S21401CCC0000F23D1544A546AC2F82480CFB147F4E6
S21401CCD080572946204612F0A3F9E76084F872804F
S21401CCE001AA40F201212046CDE9014716F072FB68
S21401CCF0A36843F48063A36041462046FFF75CF8CF
S21401CD0089E729462046FFF787FE84E7408C4FF6E1
S21401CD10FF7398420BD000F097F840B1FDF794F8F6
S21401CD202B460246FF210020FFF7F4FE73E73B4B3C
S21401CD30223455F8042B43F8042BA542F9D12A884E
S21401CD401A8068E7B0F80300FEF7EAFF00283FF410
S21401CD5062AFB4F8053090F87020A0F86C308DF80A
S21401CD600420ADF80630227AE37943EA0223ADF8CF
S21401CD700830A27A637A43EA0223ADF80A30227BAE
S21401CD80E37A43EA0223ADF80C3001AA40F2091116
S21401CD90234816F01FFB3EE78088FEF7C1FF0028F8
S21401CDA03FF439AFA179FFF7B9F834E78088FEF789
S21401CDB0B7FF00283FF42FAF90F870308DF804309D
S21401CDC0D4F80630CDF80530D4F80A30CDF809305D
S21401CDD001AA0E21DCE78088FEF7A2FF00283FF4B7
S21401CDE01AAF90F870308DF80430E3788DF805307E
S21401CDF0A3798DF80630E3798DF80730237A8DF81C
S21401CE000830637A8DF80930A37A8DF80A3001AAC2
S21401CE104FF40371BCE700BFF4180020221900206C
S21401CE206C19002050B1074B1B68C31A807A0C227C
S21401CE30B3FBF2F340EA032080B270474FF6FF706F
S21401CE40704700BFA40B002009490B7A0968024607
S21401CE50FF2B01D10020704703EB430301EB830056
S21401CE6031F82330C3F30B039342F4D0C37AEFE7D0
S21401CE70A40B002008B5054B054A1978054816F09D
S21401CE80BEFE054BF7221A8008BD00BF42200020D7
S21401CE90EE4A0300D41F0020DE0C002010B5044625
S21401CEA070B30068836CA34222D16368836415491A
S21401CEB0224616F057FA04F10C0016F077FA04F140
S21401CEC0440016F052FBFFF759F858B1A06948B173
S21401CED0143016F04AFBA069183016F046FBA0691C
S21401CEE00BF020F92046BDE810400BF01BB91346A5
S21401CEF0002BDCD05A68A242F9D162685A60D6E7A4
S21401CF0010BD00BF0FF20200F8B5054648200E46D8
S21401CF1016F07AFE2A4F0446387818B14822214680
S21401CF2016F070FE8CB1FFF729F898B11C2016F0A8
S21401CF306BFE0146A061387810B11C2216F062FE25
S21401CF40A3692BB920460BF0EDF800242046F8BD66
S21401CF5000221A700321284611F0AFFDAB6C636006
S21401CF60AC64172326810026638116492560224674
S21401CF702677666428460AF0B9FD03F0FFF93246C3
S21401CF80014604F10C000AF0B1FD02232374FEF7FA
S21401CF90F5FF18B90C4B1B78002BD7D00B4B198813
S21401CFA01729D3D9204611F017FE0028CED1122119
S21401CFB0204612F0F1F8636943F002036361C5E7A6
S21401CFC0D41F00200FF20200D31F0020DE0C002029
S21401CFD0F8B5054610B3002920DB114C2468247EE1
S21401CFE08C421BDD3F2919DC01F0030600EBA10191
S21401CFF0760091F831400327B74002F0030224EA95
S21401D0000704B240224381F8312013B1002112F007
S21401D0107DF92846BDE8F84012F0D5B9F8BD00BF45
S21401D020E019002070B5164600221A7032800A7A7E
S21401D0300D46072A4DD8DFE802F004090D111A1E25
S21401D040304AE86830F8023B338043E0EB68981DCD
S21401D0505B88F9E7EB68981D9B88F5E7697B1E4BB3
S21401D06012F0A1F9022218803280184632E002231B
S21401D0701A4833802EE01A4C2B7B23702B88E889C4
S21401D080013363702B8801331B12E11CA37000F07F
S21401D090A1F90330308020461CE0124CA889EB89A8
S21401D0A0A370020A1B0A20706270E37000F006FA91
S21401D0B058B1C3681A88022A07D19A782271DB7898
S21401D0C0637106230748338004E00423FAE78022CD
S21401D0D01A70002070BD00BFEE1F0020FE4A03003C
S21401D0E0DB1F0020D51F0020054A064B1860136879
S21401D0F043F001031360044B828B1A80704700BF14
S21401D100D8190020E0190020F61E00202DE9F04F66
S21401D110504E37688FB0002317F00807CDE9043367
S21401D120CDE9063305460DD04B4B014603F11002FF
S21401D13053F8040B41F8040B9342F9D100200FB0C9
S21401D140BDE8F08F10200AF0DBFD044600287ED0F3
S21401D1500DF01DF90220F5F773FA01462046F5F7A2
S21401D16097FA00286DD1802204A92046F2F7D8FD4F
S21401D170002866D1B946394B1B68D988BAB29142A4
S21401D18019D829462046F2F721FE2046F5F764FA1B
S21401D190214610200AF0D6FD2F4B294605F1100234
S21401D1A051F8040B43F8040B9142F9D1336843F06C
S21401D1B008033360C2E71A68ADF80E901FFA87FBC2
S21401D1C04FEA0B1802EB0B1B5846019212F0E3FCD8
S21401D1D08246584600F046F920B3AAF520539BB282
S21401D1E0032B019A02D9BAF5245F1DD132F8083013
S21401D1F0ADF820300DF10E0259460DF10D03002059
S21401D200ADF822A0FFF70EFFBDF80E20014609A8D3
S21401D21015F05DFEBDF80E2008A904322046F2F78F
S21401D220C3FD70B90137A6E70AF55643FF339BB233
S21401D230042BF7D832F80830ADF82030ADF822A02C
S21401D240E8E7014640F2074000F014FE9DE71A2089
S21401D25075E700BFD8190020F01F0020E019002054
S21401D260144B1B6813F0040370B5014606D0124B2D
S21401D2701C68E389002290B2834209D80F4A1468D9
S21401D280E589002290B285420AD84FF6FF7006E083
S21401D290A56835F812508D4202F10102EBD170BD3E
S21401D2A0A66836F812608E4202F10102EAD1034402
S21401D2B098B2F4E7D8190020DC190020E019002004
S21401D2C0094B1B685B070AD5084B1A68D38983424A
S21401D2D003D9936833F810007047C01A80B2044B24
S21401D2E01B689B68F6E700BFD8190020DC190020F0
S21401D2F0E019002038B50468094905460C22204685
S21401D30015F0B0FD50B90749022204F10E0015F0E0
S21401D310A9FD18B90C342C60022038BD1020FCE79A
S21401D320014B03000F4B03002DE9F7431028019131
S21401D3300BD0022804D04FF6FF7003B0BDE8F0838F
S21401D340019B1888FFF78CFFF7E701A8FFF7D2FFCC
S21401D3500228F5D01028EED11B4B019F1E6816F04F
S21401D360040608D0194BD3F80080B8F816600024DC
S21401D370A5B2AE421AD8164BD3F80080B8F816906C
S21401D3800025ACB24C45D6D2D8F81000102200EBDE
S21401D3900510394615F066FD01350028F1D1A019B2
S21401D3A06FEA40406FEA504080B2C6E7D8F81000F6
S21401D3B0102200EB0410394615F054FD0134002804
S21401D3C0D6D145F40040B8E7D8190020DC19002072
S21401D3D0E0190020020408B51DD5124B1B685B0737
S21401D3E0C0F30E0013D5104B1A68D38A98420CD29C
S21401D3F0136903EB001000F1100350F8042B41F8F9
S21401D400042B9842F9D1102008BDC01A80B2074BF0
S21401D4101B681B69EDE7FFF753FF0870000A4870A9
S21401D4200220F1E7D8190020DC190020E0190020BD
S21401D4300B4B1B6870B51D68044642F60306A542F1
S21401D4400AD2204629B912F0A6FBB04206D1103402
S21401D45002E012F0AAFB08B1204670BD103CEEE7D0
S21401D460E0190020437ADA0702D5C3F3800070473B
S21401D470034BC2881B881A4214BF01200020704744
S21401D480F61E00200A4B1B68DB0708D570B1094B56
S21401D4901B68DB88834234BF00200120704728B117
S21401D4A0054B1B88834294BF00200120704700BFB4
S21401D4B0D8190020E0190020F81E002070B5024699
S21401D4C0FFF7E0FFE8B10F4B1968CD88954209D305
S21401D4D002F1805001380B68040103EB00101B5B5E
S21401D4E093420ED0002398B2854201D8002008E06E
S21401D4F00E681C0106EB0310345B944203F1010332
S21401D500F1D170BDE01900202DE9F3410025184F37
S21401D51001900E46A8463A68D188ABB299421DD909
S21401D5201468ABB204EB0314B4F90430002B1CDA14
S21401D5302046FFF797FFC0B1E1680B889E4214D1E1
S21401D54032460198023116F0D3FAE3681B8882B29C
S21401D550934207D0114601A816F02EF9404602B0B4
S21401D560BDE8F08143441FFA83F80135D3E700BFD5
S21401D570E019002037B58B7901910C33CD180A4696
S21401D580C95C11F00103044629D01D290AD10121E5
S21401D5901E2011F0C3FA0146204611F017FB0120A8
S21401D5A003B030BD032916D10E4BB5F801201B88F8
S21401D5B04189934228BF1346172BB8BF17234381CF
S21401D5C011F0BFFD636923F00203636140F2094174
S21401D5D0204611F0DEFD01A815F0C7FFDFE718466B
S21401D5E0DEE700BFDE0C002038B5124B42891B88EF
S21401D5F08B4228BF0B46172B0446B8BF172343811F
S21401D600114611F09EFD636923F002036361A3696D
S21401D6109D693DB100229A6129462046BDE8384001
S21401D620FEF78EBC40F20941204611F0B2FDA36917
S21401D6301D7038BDDE0C00200148FEF799BC00BF06
S21401D6408503020008B5002142F20E0010F0D2FF59
S21401D650BDE808400148F7F7F7BA00BFD3C5020096
S21401D66038B590F87230032B0446154606D1FFF7FD
S21401D670E9FF012384F87230002019E0C9B9012BB3
S21401D6802DD9032140F2064010F0B4FFB4F86E30F5
S21401D690A0F8033045711348F7F7D6FA10F0EEFFFD
S21401D6A08378002BE5D010F0E9FF807840F48050B5
S21401D6B038BDA3B102214FF6044010F09BFFB4F829
S21401D6C06E30A0F803300848F7F7BEFA10F0D6FF20
S21401D6D04379002BCDD010F0D1FF4079E6E7022048
S21401D6E0E6E700BFE7C402001DC50200F8B507461D
S21401D6F00E4642F213000E2115461C4610F07AFF24
S21401D700B7F86E30A0F80330BDF81830A0F80B302B
S21401D710BDF81C30A0F80D30BDF82030A0F80F3051
S21401D720A0F80560A0F80750A0F809400648F7F7EA
S21401D7308BFA10F0A3FF807820B110F09FFF80785D
S21401D74040F48050F8BD00BF5FC50200F8B50D4635
S21401D75007461C2142F219001C46164610F04AFFE5
S21401D760B7F86E30A0F803302B68C0F805306B6848
S21401D770C0F80930A0F80D6023460F3004F11002FE
S21401D78053F8041B40F8041B9342F9D10648F7F7F7
S21401D7905BFA10F073FF807820B110F06FFF80788D
S21401D7A040F48050F8BD00BF0FC4020070B50646B5
S21401D7B00D4642F27A000421144610F01BFFA0F831
S21401D7C00360457184710648F7F73EFA10F056FF7C
S21401D7D0407920B110F052FF407940F4805070BD7E
S21401D7E061C9020010B50221044642F2300010F071
S21401D7F001FFB4F86E30A0F803300F48F7F724FAAB
S21401D80010F03CFF437963B910F038FFC088FEF78B
S21401D81087FA044628B110F031FF017A2046FEF758
S21401D8207DFB10F02BFF407920B110F027FF4079E7
S21401D83040F4805010BD00BFF94F0100F8B507460F
S21401D8400E4642F24100082115461C4610F0D2FE53
S21401D8509DF81830C3709DF81C30037147718671AE
S21401D860A0F80750A0F809400648F7F7EDF910F0C0
S21401D87005FF407920B110F001FF407940F4805057
S21401D880F8BD00BFA94C010038B505460C4642F26A
S21401D8904200062110F0AEFE002343718371C3716E
S21401D8A00372C57004710648F7F7CEF910F0E6FE6C
S21401D8B0407920B110F0E2FE407940F4805038BD46
S21401D8C0014D01002DE9F04106460F4642F23600B1
S21401D8D0192115461C46DDF8248010F08BFE2B0A14
S21401D8E0C371230A83729DF8183003739DF81C30A8
S21401D8F08571447243732D0C9DF82030C670240C3C
S21401D90087800572C4728373D8F80030C0F80F3070
S21401D910B8F80430A0F813309DF8283043759DF907
S21401D9202C3083759DF83030C375002303769DF83F
S21401D930343043769DF83830C37686760648F7F756
S21401D94083F910F09BFE407920B110F097FE4079E4
S21401D95040F48050BDE8F081A14D010038B5054680
S21401D9600C464FF61940052110F044FEC570446080
S21401D9700648F7F769F910F081FE407920B110F0FA
S21401D9807DFE407940F4805038BD00BFBBC1020027
S21401D99038B505460C464FF61A40052110F02AFE0A
S21401D9A0C57044600648F7F74FF910F067FE4079F6
S21401D9B020B110F063FE407940F4805038BD00BFBE
S21401D9C0EBC1020070B50D4606460121DAB1FFF73C
S21401D9D0C5FF0446A8B9072142F2350010F00AFE39
S21401D9E0C6702B684360AB8803810848F7F72CF9AB
S21401D9F010F044FE437923B110F040FE447944F41C
S21401DA008054204670BDFFF7C3FFE2E77BC30200E8
S21401DA1010B50A460446042142F2370010F0FFFD15
S21401DA2003230371002343718371C4700648F7F71B
S21401DA300BF910F023FE407920B110F01FFE40795B
S21401DA4040F4805010BD00BF6FC2020010B50A46F8
S21401DA500446042142F2380010F0E1FD032303716D
S21401DA60002343718371C4700648F7F7EDF810F090
S21401DA7005FE407920B110F001FE407940F4805057
S21401DA8010BD00BFBBC20200F8B506460F4642F203
S21401DA903900062114461D4610F0ACFD01238471A1
S21401DAA0240A0371C7704671C47105720648F7F7F8
S21401DAB0CBF810F0E3FD407920B110F0DFFD40799E
S21401DAC040F48050F8BD00BF07C302000148FCF7D0
S21401DAD019BF00BFD9DA01002DE9F04F867987B06A
S21401DAE00C3605900546805BC0F30B00FEF718F96F
S21401DAF0044618B905A815F038FD4EE090F87230C6
S21401DB00022BF7D1AB5B059AC3F30B0103F4405329
S21401DB10B3F5805F9060A95342D153796FF3000348
S21401DB205371836B002BE5D0042105A804F1380658
S21401DB3015F01BFE0599304615F0FEFDA06B00237F
S21401DB4001465A1CA9BBDBB2012B01D915F065FEB3
S21401DB50A06B15F08FFD03281FD9D4F8389099F8DB
S21401DB600670484615F086FD0C3709EB070539F8AF
S21401DB700770A0F10408474522D9524FD4F838A0BF
S21401DB8007F1100957F804BB53464246294620467A
S21401DB90D8474F4510D00028F4D007B0BDE8F08F25
S21401DBA0383015F0E2FC059A537943F001035371BE
S21401DBB0BAE709681346C4E70028EED130469AE76B
S21401DBC0A06B15F057FD04378742F7D36988A1F19A
S21401DBD040033F2B0BD80421304615F0C6FDA26B3F
S21401DBE06988204612F0DCFD0023A363D5E70529EA
S21401DBF00BD0062961D00429E0D1304615F0B5FDD9
S21401DC00A16BA06CFEF7C2F9EEE72946204612F09A
S21401DC10C5FD02460028D1D12B79122B06D0132B35
S21401DC2036D06979204612F091FDC7E794F8733033
S21401DC30022BF6D029898B1F9BB240F67A4083428D
S21401DC4024D86A89931F9BB283421FD891421DD85C
S21401DC50AB89B3F5FA7F19D2EF89A7F10A0080B232
S21401DC6040F6764C604511D8B4F86A000290B4F8D4
S21401DC706800CDE900702046FFF738FD021E18BF88
S21401DC8001226979204612F01DFD97E70122F8E787
S21401DC9094F87330012B03D16979204612F056FDB2
S21401DCA0A3681A048AD523F40043A3602B89012BA9
S21401DCB084D12046FEF764FF80E7A16B204612F070
S21401DCC0EFFD91E7144B03000C4B1A7801469AB905
S21401DCD05B689B0710D490F97520013218BF0122AA
S21401DCE091F8523013F0400005D091F8600010F022
S21401DCF0400018BFD0B270470122F1E7E4190020B6
S21401DD00024B586800F00200704700BFE41900207B
S21401DD10024B586800F00800704700BFE419002065
S21401DD20014B1B68184700BFB00B002008B50FF069
S21401DD3071FF02281BBF034B5868002000F010003B
S21401DD4008BD00BFE419002007B5024608460428AE
S21401DD5002F0010113D9B1B903200C4B5A6002F04D
S21401DD608003019302F04003009302F0200302F0C7
S21401DD70040200F0C1F9002003B05DF804FB00299D
S21401DD80EBD00328E9D12120F6E700BFE4190020F3
S21401DD9038B50D490D480AF0F3F90446054688B929
S21401DDA00B4B0C4A1A600C4A5A600C4A9A600C4A91
S21401DDB0DA6000F0F3F9032104462846FFF7C4FFB2
S21401DDC0084B1D70204638BDEFBEADDEBEBAFECA9A
S21401DDD0B00B0020EDE00100750D030039E10100F4
S21401DDE04DF60100E419002038B5044603200AF078
S21401DDF07BF90546D0B194F87030037094F875300D
S21401DE0043702046FEF756F82A46A87040F2026193
S21401DE10074815F09BFA074B2046DB680121984717
S21401DE2094F97500BDE83840FBF786BD38BD00BFE4
S21401DE306C190020B00B002070B5054608200E4670
S21401DE400AF052F9044680B195F870300370074B1A
S21401DE50466000212846DB68984722460448BDE80C
S21401DE60704040F2016115F071BA70BDB00B002030
S21401DE706C19002038B5054608200C460AF034F91E
S21401DE80024638B1C0E900540D21BDE838400248C9
S21401DE9015F05CBA38BD00BF6C19002038B50546D0
S21401DEA008200C460AF020F9024650B195F8703069
S21401DEB00370446040F20561BDE83840014815F042
S21401DEC045BA38BD6C19002013B5044601911146B8
S21401DED012B301A904200AF0A9F9019B104AB3FB69
S21401DEE0F2F102FB1133019345F2180201AB002156
S21401DEF0204612F0A2FE08200AF0F6F8024648B1C3
S21401DF0094F870300370019B436040F20461054849
S21401DF1015F01CFA02B010BD01AB45F21802E8E795
S21401DF2040420F006C19002010B5044601200AF08B
S21401DF30DBF8024648B194F870300370BDE8104033
S21401DF40024840F2036115F001BA10BD6C190020B9
S21401DF5038B5054608200C460AF0C6F8024650B108
S21401DF6095F870300370446040F20761BDE83840B0
S21401DF70014815F0EBB938BD6C190020014B5B6800
S21401DF80184700BFB00B002010B50F4C2068D0B169
S21401DF900023037780F83D3080F85E3020219F30E3
S21401DFA015F0F6FD206860215F3015F0F1FD206860
S21401DFB021211D3015F0ECFD20682121BDE810401F
S21401DFC03E3015F0E5BD10BDEC190020F0B50D464C
S21401DFD08FB00646144632492022284614F042FFE6
S21401DFE070B930492022204614F03CFF40B92E4B30
S21401DFF01B681B7D002B51D040F203400FB0F0BDD3
S21401E000366C202206F15101284614F02BFF38B950
S21401E010202206F17101204614F024FF0028EBD0DF
S21401E02068460CF099FC06AA2B4605F12007154612
S21401E03018685968164603C60833BB423246F7D1FC
S21401E0402021284615F096FD2022294668460BF029
S21401E050B8FC224602F120062C4610685168234679
S21401E06003C30832B2421C46F7D12021284615F0D8
S21401E07081FD2022294602A80BF0A3FC012104A859
S21401E0800BF06FFC084B18686946C030F4F7B4FB18
S21401E090044668460CF08FFC002CADD10020ADE79D
S21401E0A0584C0300384C0300EC19002000F0C00364
S21401E0B0402B07D1094B1B6873B100F03F0053F8A2
S21401E0C020007047802B01D1054BF4E7054A06482E
S21401E0D0C02B08BF1046704703487047F41900204C
S21401E0E0F0190020E50F03006DE30100014B1B68EA
S21401E0F0187A7047EC19002010B50E4C00392468C8
S21401E10018BF0121003B18BF0123A3749DF80830F6
S21401E1102070003A18BF0122003B18BF0123E374A8
S21401E1209DF80C302174003B18BF012362742375DF
S21401E13010BD00BFEC19002001280AD002280ED01D
S21401E14098B90B4B1A68936943F001039361002059
S21401E1507047074B1A68936943F00203F6E7044BCE
S21401E1601A68936943F00403F0E72120704700BF63
S21401E170EC190020024B034A1A600020704700BFCA
S21401E180F4190020F44B0300024B034A1A600020E6
S21401E190704700BFF0190020CC4B030070B51F4D2F
S21401E1A0286838B94FF4907015F02EFD286058B9DC
S21401E1B01A2431E0C0300CF002FCFFF7E5FE2868B7
S21401E1C04FF4907115F0E4FC2B6815484FF0FF31C1
S21401E1D00022D9600326102119721E7011491A7780
S21401E1E083F83D2083F85E201A829A749A6109F0BA
S21401E1F07DFC044680B92868C0300CF0BBFB28685B
S21401E2003146C030F4F7C0FD30B122460549044816
S21401E21015F0A8F840F20744204670BDEC1900201E
S21401E220F8190020AB0B03002DE9F043DFF8389115
S21401E2301F46D9F8003015461A7F022A8BB0804651
S21401E2400E461DD103F15F0403F17F0254F8041B4F
S21401E25046F8041B9442F9D103F19F0254F8041BBB
S21401E26045F8041B9442F9D1BF3354F8042B47F800
S21401E270042B9C42F9D1B8F1000F66D1002442E08C
S21401E2809C6914F001041BD0334B03F1200253F8B0
S21401E290041B46F8041B9342F9D1304B03F12002CC
S21401E2A053F8041B45F8041B9342F9D12C4B03F198
S21401E2B0200253F8041B47F8041B9342F9D1DAE70E
S21401E2C004A80CF049FB02A80BF0C4FAD9F8000028
S21401E2D0244B009404AA02A9C0300CF08BFA044621
S21401E2E0A8B104A80CF067FB02A80BF0B8FAB8F1C5
S21401E2F0000F03D00821404612F052FE214640F29C
S21401E3000740FFF7B7FD20460BB0BDE8F083314666
S21401E310202204A80BF06BFB2946202206A80BF04E
S21401E32066FB2022394602A80BF061FB04A80CF01C
S21401E33042FB02A80BF093FA3046202115F01AFC96
S21401E3402021284615F016FC95E7002245F2160115
S21401E350404612F062FC91E7244B0300454B030054
S21401E360664B0300FF090300EC19002045F2060383
S21401E370994210B504463CD00DD840F20323994289
S21401E3801AD045F20203994211D040F20123994274
S21401E39012D048202CE045F2170399423AD045F2B4
S21401E3A01A0399421CD045F20C039942F1D105217A
S21401E3B0204612F0F5FD1AE0174894F8701014F094
S21401E3C0A6FF94F87330012B14BF80204020FFF77E
S21401E3D06DFE4FF4A0410346002220469847D8E739
S21401E3E0C02112F0FFFB07212046FFF725FD002084
S21401E3F010BD93791A44517C41F49051FFF71CFDEE
S21401E40094F87330012B14BF80214021204612F06E
S21401E410E9FBECE70220EBE7F8190020B1F5A04F85
S21401E4202DE9FF410446154600F0E980A1F5A04319
S21401E430DE1F042E00F2EA809279066C0C32083B4D
S21401E44096F86C711544032B03D8DFE803F0307996
S21401E45087D5F9072ED56F1D6F481022394614F05F
S21401E46001FD002865D096F97A013B46102203216A
S21401E4700FF0D2FB06460FF0CDFB022811D194F81F
S21401E4807330012B0DD13B4604F11802153553F8B4
S21401E490041B42F8041BAB42F9D1A36843F4807312
S21401E4A0A3601021384615F073FB002737E017F0FC
S21401E4B001070ED10027226C92F86C3123EA07037C
S21401E4C082F86C31204612F029FE002004B0BDE827
S21401E4D0F0810FF09FFB02280DD0206C6B4690F95F
S21401E4E07A01102203210FF0C5FB0028E2D010218B
S21401E4F0684615F04DFB206C05F10508434690F97A
S21401E5007A010A2202210FF087FBD5F80530A362B3
S21401E510D5F80930E362B5F80D3023860646002E9D
S21401E520C9D000213046FFF7A5FC0821204612F08D
S21401E53037FD2046082112F033FD40F20340C5E7BF
S21401E540BA07B7D5053596F97A0106212B4610226A
S21401E5500FF062FB102106462846A4E7BB07A9D5A3
S21401E5600FF058FB02280DD0206C6B4690F97A010B
S21401E570102206210FF07EFB00289BD01021684652
S21401E58015F006FB697989B96B1D0A4613F8010F68
S21401E59060B90132062AF9D194F85210206C81F044
S21401E5A0080104F14C03C1F3C00107E00039206CF7
S21401E5B005F106034FF0060218BF012190F97A0112
S21401E5C00FF02AFB226CD2F8743143F04003C2F8F4
S21401E5D074316B89ADF804306B790646002BD5F89B
S21401E5E0060000900CBF4923722368468DF806305A
S21401E5F0022710F0B2F892E707F004075BE712F083
S21401E6001FFA236C002283F878215BE704B0BDE88B
S21401E610F041FFF7ABBE00BF284C0300F0B5B1F5E3
S21401E620A04F8DB0054608D045F21304A14244D050
S21401E6300DB0BDE8F040FFF799BE046C0023CDE9AC
S21401E6400833CDE90A3394F87931042B0DF1200C07
S21401E6502CD11F4B1B6893F85E205AB103F13E0282
S21401E66067464E33106851683E4603C608329A42E2
S21401E6703746F7D104F22113069305F153030593A8
S21401E68005F15A0304932379039363790293A379DB
S21401E69004F1E102CDE900C304F2111104F1D10342
S21401E6A0284612F090FF00200DB0F0BD013B022B72
S21401E6B09CBFD4F848310893DCE7016C01F22111C4
S21401E6C012F0DAF94A21284612F08CFAEBE700BF7D
S21401E6D0EC190020F0B545F20E06B1428DB00446A5
S21401E6E013460BD045F21303994260D0B1F5A04F03
S21401E6F076D112F0A5F900200DB0F0BD9979026C23
S21401E7000C310B44591D02F23112153351F8040B2A
S21401E71042F8040B9942F9D1256C102205F2311109
S21401E72005F2211014F09EFB20B90B21204612F0B1
S21401E73037FCE0E70023CDE90833CDE90A3395F845
S21401E7407931042B0DF1200C2AD1284B1B6893F844
S21401E7503D205AB103F11D0267462D3310685168FA
S21401E7603E4603C608329A423746F7D105F5AE73E0
S21401E770069304F15A03059304F153030493EB7AC9
S21401E78003932B7B02936B7B05F1D102CDE900C38A
S21401E79005F2111105F1E103204612F014FFAAE774
S21401E7A0013B022B9CBFD5F848310893DEE7056C88
S21401E7B0102205F5AE7105F2311014F053FB002856
S21401E7C0B3D1D5F874319B0742BF94F8743043F047
S21401E7D0020384F874304B21204612F003FA8AE7CC
S21401E7E00DB0BDE8F040FFF7C1BD00BFEC19002039
S21401E7F073B545F21406B14204461AD045F219061D
S21401E800B14221D0B1F5A04F28D112F019F9216CEF
S21401E81001F5A273019301F1D103009301F11102F5
S21401E82001F1E1032046513112F06EFF002002B0E3
S21401E83070BD036CD3F844210B4BB2FBF3F103FB21
S21401E8401121FFF72BFBF1E713781BB90C2112F00E
S21401E850A7FBEBE7492112F0C5F9E7E702B0BDE8EF
S21401E8607040FFF783BD00BF40420F002DE9F04F17
S21401E87097B01C46DDE92098544B229F154604AA02
S21401E88006468C4603F1100B924618685968964660
S21401E890AEE8030008335B457246F6D16B4620228C
S21401E8A06146504612F0B3F88346002871D1484BB2
S21401E8B0089365238DF824300DF1250305F1100228
S21401E8C0184655F8041B43F8041B9542F9D110214C
S21401E8D015F050F90DF1350304F11002184654F8FD
S21401E8E0041B43F8041B9442F9D1102115F042F998
S21401E8F099F8063083F00803C3F3C0038DF845305A
S21401E900D9F80030CDF846300621B9F80430ADF814
S21401E9104A300DF1460015F02DF998F8063083F0CF
S21401E9200803C3F3C0038DF84C30D8F80030CDF897
S21401E9304D300621B8F80430ADF851300DF14D00D8
S21401E94015F018F900238DF854300124239B8DF817
S21401E9505340352208A9684612F059F88346C0B9D3
S21401E9602398102115F006F93B46352208A968467A
S21401E9708DF8204012F04BF8834650B9B27C014620
S21401E980C2F11002384614F097FA1021384615F0F5
S21401E990F1F81021684615F0FBF8352108A815F0A6
S21401E9A0F7F81021504615F0F3F8BBF1000F06D02A
S21401E9B00821304612F0F4FA17B0BDE8F08F5A4637
S21401E9C045F21201304612F028F9F5E7874B0300AD
S21401E9D00062746C2DE9F04194B0074606A80C4617
S21401E9E0984615460BF0B8FF02A80AF033FF0CABA9
S21401E9F004F1200C1E46206861681A4603C20834DA
S21401EA0064451346F7D12021304615F0B3F820228D
S21401EA10314606A80AF0D5FF2A4633462035106847
S21401EA2051681C4603C40832AA422346F7D1202166
S21401EA30304615F09FF820220DEB020031460AF011
S21401EA40C0FF2021304615F0A3F801210AA80AF0DC
S21401EA5088FF2022414602A80AF0B3FF04A80AF064
S21401EA60F9FE002104A80AF07CFF1C4B186800235D
S21401EA7001931B4B009306AA02AB04A9C030F3F71F
S21401EA8027FE0446A0B104A80AF0E9FE06A80BF08A
S21401EA9092FF02A80AF0E3FE214640F20740FFF784
S21401EAA0E9F90821384612F07BFA14B0BDE8F08186
S21401EAB01A99202204A80AF09AFF04A80AF0CFFEA9
S21401EAC006A80BF078FF02A80AF0C9FE224645F216
S21401EAD01501384612F0A1F8E7E700BFEC1900204F
S21401EAE0FF09030045F20D039942F7B5044627D006
S21401EAF00DD8B1F5A04F1DD045F20403994200F0A0
S21401EB008F80204603B0BDE8F040FFF72FBC45F2EA
S21401EB101103994200F0A68045F215039942F0D1FF
S21401EB20006C90F87931052B06D8DFE803F0503AEF
S21401EB30423A555011F084FF0027384603B0F0BD25
S21401EB4093790C331A44561D02F125052A4631469F
S21401EB50FFF73CFA074620B10B21204612F020FAB7
S21401EB60EBE7236C3146113351F8042B43F8042BA1
S21401EB70A942F9D1236C01F12002313351F8040B7B
S21401EB8043F8040B9142F9D1216C01F1F103009392
S21401EB9001F1310201F1910320461131FFF71AFF0D
S21401EBA0CAE72046452112F01DF82046FFF7BCF9BA
S21401EBB0C2E72046452112F015F8364B1B68D96886
S21401EBC04B1C5A425A412046FFF77EF9B4E74621CC
S21401EBD0204612F007F8AFE72E4B1B6893F85E50FD
S21401EBE065B100F11102002100F5AE7001900091AF
S21401EBF03E331146204612F021FA9DE71021E130FE
S21401EC0012F026F800283DD00821204612F0C8F957
S21401EC10294640F20740FFF72DF940F207478CE7F7
S21401EC209179036C0C310A44511DC133153251F8E8
S21401EC30040B43F8040B9142F9D1256C102205F11F
S21401EC40C10105F1B10014F00DF920B904212046E7
S21401EC5012F0A6F970E7D5F8743143F00103C5F850
S21401EC60743169E70B4B056C196810224E3105F5B6
S21401EC70AE7014F0F7F80028E8D1102105F1E10094
S21401EC8011F0E6FF216C2046E13111F011FF47211A
S21401EC909EE700BFEC190020F8B545F2160399422D
S21401ECA0044600F062810BD8B1F5A04F0ED045F2B4
S21401ECB0030399420ED02046BDE8F840FFF756BB45
S21401ECC045F217039942F6D1022002E011F0B8FE90
S21401ECD00020F8BD9379056C0C33D618F379DF075D
S21401ECE008D4FFF70DF828B10521204612F058F98F
S21401ECF02120EEE79F4F327A3B681B7A9A4201D277
S21401ED000621F2E7D6F80530C5F80B30B6F809301B
S21401ED10A5F80F300223AB7294F9523094F85210D2
S21401ED20002BA6BF81F00803C3F3C0030123AB7019
S21401ED3094F8603083F00803C3F3C0036B70337A32
S21401ED40102B28BF1023A374F379D8072BD5AB79E2
S21401ED50DA0728D5737A2A7A134085F86D31B37AA3
S21401ED606A7A134085F86C3195F97A3101331ED0F1
S21401ED70206C90F86C319B0719D481F0080190F94A
S21401ED807A0104F14C030622C1F3C0010EF044FFE0
S21401ED9068B140F21B412046FFF74EF8A3685907B9
S21401EDA0A6D50821A1E7002385F86D31DAE73B688F
S21401EDB0F079597C00F0080229B112B1AA7912073C
S21401EDC003D4032191E7002A79D0AA79110776D5D1
S21401EDD0D5F8741141F00401C5F87411B5F86C1139
S21401EDE021F4807121F00101A5F86C1193F81CC083
S21401EDF0B179BCF1020F02D019B3022175E789B1CE
S21401EE00012283F83D20DA7CB2B9042285F8792103
S21401EE10A27C0F2A27D994F8742042F0080284F8BD
S21401EE20742020E093F85E20002AE6D0DA7C83F88E
S21401EE303D10002AE1D1E8E793F85E20002AE4D1EC
S21401EE40DBE7024312F004023FD072794A49187890
S21401EE50052A28BF032202EB82020A44125C85F8C7
S21401EE607921002AD4D1197C95F8792109B1002A93
S21401EE70A7D0206C042A00F5A6703AD103F11D0232
S21401EE802D3352F8041B40F8041B9A42F9D1D5F8E9
S21401EE90743195F8792103F004017ABB23F002035B
S21401EEA0C5F87431E27400295AD0216C204601F16C
S21401EEB0910301F171025131FFF7B6F908E71A7FA4
S21401EEC0012A05D1B2791AB1042285F87921CAE757
S21401EED0420703D4AA7912F00402F6D072792749C0
S21401EEE01878052A28BF032202EB82020A44125C24
S21401EEF0EBE71022002113F0DFFFC8E743F002031F
S21401EF00C5F8743149B90123013AE374032A3FF67F
S21401EF10DFAEDFE802F010181025A37C0F2B85BFAB
S21401EF2094F8743043F00803012384F8743088BFE2
S21401EF300223E374B9E72046452111F053FE20462B
S21401EF40FEF7F2FFC4E62046452111F04BFE3B6872
S21401EF50D9684B1C5A425A412046FEF7B5FFB7E620
S21401EF604321204611F03EFEB2E611F0D9FD4221C2
S21401EF70F7E700BFEC190020984B0300B14B0300E4
S21401EF80F8B50446FEF7A0FE266C054628B394F9AC
S21401EF9075305F1C0BD086F87A31FEF7B1FE07217B
S21401EFA0012011F05DFD024618BB1A2111E0204632
S21401EFB0FAF77CFD86F87A01236C93F97A310133EE
S21401EFC0EBD1FEF79DFE90B1A3685D0709D441F22F
S21401EFD005212046FEF730FF07E0FF2386F87A3149
S21401EFE0EFE70521204611F0DBFF0020F8BD0025E4
S21401EFF0D5E7867931490C360968831991F800C03E
S21401F00083F801C091F81CE0281E18BF0120BEF14C
S21401F010010F0DD183F802E0D870487C00B3D87890
S21401F02000071DD4A3685B07DBD441F20321D0E7B8
S21401F0308F69BEF1020F07F002070ED191F85EE06C
S21401F040BEF1000F09D04FF0010E83F802E0D87030
S21401F050002FE2D140F00800DEE74FF0000EF4E7A3
S21401F060BCF1030F07D0096911F0FF1F1EBFD97845
S21401F07041F00401D97094F874108F0708D5D97837
S21401F080480705D4BCF1030FCFD041F00401D97075
S21401F090002D18BF0325102119715D719D71216C1A
S21401F0A09059C1F803009888A1F807009B794B7224
S21401F0B02046062111F02AFB012097E7EC190020D3
S21401F0C0F0B545F20E06B1428DB0044615460ED097
S21401F0D045F21306B1425CD0B1F5A04F40F0BD80B9
S21401F0E011F0AEFC236CD3F87431190757D5236C95
S21401F0F0D3F8742112070CD4AA790C3215446A1D70
S21401F10003F22113153552F8041B43F8041BAA42D7
S21401F110F9D1256C0023CDE90833CDE90A3385F80A
S21401F120783195F87931042B0DF1200C2AD14D4B0D
S21401F1301B6893F83D205AB103F11D0267462D3333
S21401F140106851683E4603C608329A423746F7D1E0
S21401F15005F5AE73069304F15A03059304F15303C0
S21401F16004932B7903936B790293AB7905F1E10252
S21401F170CDE900C305F1D10305F21111204612F0C5
S21401F18022FA0CE0013B022B9CBFD5F848310893CC
S21401F190DEE7056C95F8783123B1012B54D00020B9
S21401F1A00DB0F0BD102205F5AE7105F2211013F079
S21401F1B059FE20B10B21204611F0F2FEEFE7D5F8FB
S21401F1C074319B0742BF94F8743043F0020384F80D
S21401F1D07430012385F878310023CDE90833CDE971
S21401F1E00A3395F87931042B0DF1200C25D11D4BEE
S21401F1F01B6893F85E205AB103F13E0267464E3310
S21401F200106851683E4603C608329A423746F7D11F
S21401F21005F23113069304F15303059304F15A03DF
S21401F2200493EB7A03932B7B02936B7B05F1D1025C
S21401F230CDE900C305F1E1039EE7013B022B9CBF2C
S21401F240D5F848310893E3E705F2311111F014FCC3
S21401F2508821204611F0C6FCA1E70DB0BDE8F040BC
S21401F260FFF784B8EC19002045F21403994213B550
S21401F27004462BD00CD8B1F5A04F13D045F20E039F
S21401F280994232D0204602B0BDE81040FFF76EB872
S21401F29045F219039942F5D1137813BB0C2111F0ED
S21401F2A07FFE10E011F0CCFB216C01F5A2730193F7
S21401F2B001F1D103009301F1510201F1E10320466E
S21401F2C0113112F021FA002002B010BD036CD3F800
S21401F2D04421114BB2FBF3F103FB1121FEF7DEFDD6
S21401F2E0F1E7872111F07EFCEDE79179036C0C3193
S21401F2F00A44511D03F22113153251F8040B43F849
S21401F300040B9142F9D1226CD2F8743143F0080310
S21401F310C2F87431D7E700BF40420F0030B545F25E
S21401F3201003994285B0044600F0A6800CD8B1F5CA
S21401F330A04F27D045F20503994228D0204605B0B4
S21401F340BDE83040FFF712B845F21103994200F0CC
S21401F350B08045F212039942F0D1016C91F87931EF
S21401F36013B1043B012B03D8D131204611F0A0FB89
S21401F370236C93F87931042B40F2DF80052B03D1FF
S21401F380862192E011F05CFB002005B030BD91793A
S21401F390036C0C310A44511DE133153251F8040B4C
S21401F3A043F8040B9142F9D1206CD0F8743113F074
S21401F3B0040354D090F87931042B22D1604B1B689A
S21401F3C093F85E5065B100F11102002100F5AE70B0
S21401F3D0009101903E331146204611F02FFED3E7EF
S21401F3E01021D13011F034FC58B10821204611F01B
S21401F3F0D7FD40F207402946FEF73CFD40F20740A4
S21401F400C3E7216C91F8793101F1E10213B1043BB4
S21401F410012B12D801F21113039301F5A67302937F
S21401F42004F15A03019304F15303009301F1D1034C
S21401F430F1312046FFF71AFAA6E701F5AE730193FC
S21401F44091F87801D1F84831C34003F0010343F045
S21401F45080030093134601F151021131BCE780F895
S21401F460783100F1E102009300F5A67100F5AE7364
S21401F470204612F0BDF987E7056C102205F1B101AF
S21401F48005F5AE7013F0EEFC20B10421204611F014
S21401F49087FD79E7D5F874319B0742BF94F874303D
S21401F4A043F0020384F874308821204611F09AFB59
S21401F4B06AE7056C95F87931042B05F5AE701ED117
S21401F4C01F4B196810224E3113F0CCFC0028DCD1FA
S21401F4D0102105F1D10011F0BBFB216C01F21113D3
S21401F4E0039301F5A673029304F15A03019304F101
S21401F4F05303009301F1E10201F1D10398E70146BC
S21401F500102205F1B10013F0ADFC0028BDD105F1C4
S21401F510D101204611F0CCFA216C91F878310133F3
S21401F520DBB2142B81F87831D8D0D1F8743123F0BE
S21401F5300103C1F874318421B7E78721B5E700BF1D
S21401F540EC19002045F215039942F7B5044651D04F
S21401F5500CD8B1F5A04F19D045F20D0399421BD036
S21401F560204603B0BDE8F040FEF700BF45F21603A3
S21401F5709942F5D1016C01F1F103009301F13102D9
S21401F58001F191031131FFF725FA01E011F058FA64
S21401F5900027384603B0F0BD93790C331A44551D45
S21401F5A002F1250632462946FEF710FD074620B130
S21401F5B00B21204611F0F4FCEBE7236C29461133AE
S21401F5C051F8042B43F8042BB142F9D1236C01F115
S21401F5D02002313351F8040B43F8040B9142F9D160
S21401F5E0216C204601F1910301F171025131FEF7C0
S21401F5F01BFECDE711F094FA236C93F87931052BB5
S21401F600C6D8DFE803F0190311111E19204682211E
S21401F61011F0E8FA0C4B1B68D9684B1C5A425A4148
S21401F6202046FEF751FCB3E72046822111F0DAFAB4
S21401F6302046FEF779FCABE78321204611F0D2FA8B
S21401F640A6E78521F9E700BFEC190020204B1B68CF
S21401F6509B6913F0040310B5044610D141B180F83C
S21401F660773090F870101B48BDE8104013F04FBE7D
S21401F67090F87330012B03D18368580705D410BD69
S21401F680022B02D183685907F9D494F9772094F8AC
S21401F6907730002AF3DBB3B9012384F8773094F886
S21401F6A077305B08EBD04FF47A72534394F87010BE
S21401F6B00848002208F0FEF994F8773063F07F03DB
S21401F6C084F87730DBE75A06E9D45B00E5E700BF4C
S21401F6D0EC190020F819002030B545F21E039942B6
S21401F6E089B00446154610D845F21603994213D838
S21401F6F045F20103994200F09F8145F20C039942BD
S21401F70022D0B1F5A04F00F09D812A46204609B0CF
S21401F710BDE83040FEF72ABEA1F5A043173B072BF4
S21401F720F3D801A252F823F011F801000BF70100FB
S21401F7300BF701000BF70100F5F901000BF70100CB
S21401F740C1F90100FBF7010090F97730002B02DBCD
S21401F7508268530707D52046092111F021FC41F2A2
S21401F760092009B030BDAB792B44A04D5B7C2D68D8
S21401F7706D7C03F00801D5B121B9032111F010FC0D
S21401F7802120EEE713F0040F03F0010308D042F046
S21401F7900802826093B9A36843F02003A36013E0D4
S21401F7A0002BF8D0836843F010038360F3E7580713
S21401F7B044BF42F00802A260DB0703D5A36843F00A
S21401F7C01003A3600029E6D1A368894943F0040326
S21401F7D0A3602246204608F089F9022120460FF050
S21401F7E06CF947F23053002245F21A01204608F020
S21401F7F061F9A3689D0540F18980A368580740F127
S21401F800858094F8700009B0BDE8304010F0DCBF88
S21401F81090F87430D9074DD590F97530013342D040
S21401F82094F9131001291DDCA26893060DD56F4BC0
S21401F83015071B6801D4187C38B1187F10B91878E1
S21401F840032802D09B69980734D501290AD0674B53
S21401F85011071B6801D41A7C22B11A7F52BB1B7890
S21401F860032B27D10023CDE90433CDE906330EF06F
S21401F870D1F9022801AB35D1A06AE16A228E03C311
S21401F8801A8094F97500BDF80450421C37D00EF06A
S21401F89009FA002833D1204641F20601FEF7CCFAD8
S21401F8A041F206005DE78368DA0616D4FEF728FA09
S21401F8B00028B5D04D4B1B68197F022932D1DA7C5E
S21401F8C082B393F85E306BBBA3685B0720D52046F6
S21401F8D011F066FB41F2022043E7FEF7F5F9002836
S21401F8E0E4D0E7E794F975000A2202210EF0C2F986
S21401F8F00028C6D1CDE90100ADF80C00C1E704AB84
S21401F9002A460DF106012046FDF720FF002028E7D4
S21401F910204641F20221FEF78FFA01212046FFF729
S21401F92095FED7E7204611F01FF9A56860B96D0767
S21401F93005D50821204611F033FB1A2011E71A21BC
S21401F9402046FEF779FAF8E715F0040508D0FEF729
S21401F950DFF9C8B194F975102046FEF7F9FAD5E734
S21401F96022462349204608F0C1F8022120460FF01E
S21401F970A4F847F230532A4645F21A01204608F009
S21401F98099F8A3685807E2D494F97530591C06D043
S21401F99048F2080040EA032080B2F9F7C7FE226C5D
S21401F9A0D2F8743143F02003C2F874312046FFF7D1
S21401F9B0E7FA0028AAD04121204611F013F9A5E75D
S21401F9C0FEF7A6F900285FD0236C002B5CD0A26856
S21401F9D0520759D5D3F87431980655D42B78002B95
S21401F9E0D2D10521204611F0DBFA8FE7EC19002071
S21401F9F03B0C030090F87430D90706D4402111F06F
S21401FA00F1F829462046FEF717FAA3685A077FF54C
S21401FA107DAF204645F21A0113F079FC20461B49BA
S21401FA20224613F09FFCA36823F03C03A360022147
S21401FA302046FCF7C1F969E702461449144808F064
S21401FA4055F863E745F21A0113F061FCA36823F049
S21401FA503E03A360236C2BB193F97A01431C01D0BA
S21401FA60F9F774FF22462046084913F07BFC22462C
S21401FA700649074813F076FC20460221FCF79CF95C
S21401FA80204611F0FCF841E702206AE63B0C030031
S21401FA906C19002045F21E0399422DE9F3410446F4
S21401FAA0154611D845F21603994214D845F20103BA
S21401FAB0994200F0188345F20203994200F09880BB
S21401FAC0B1F5A04F00F015832A46204602B0BDE8E6
S21401FAD0F041FEF74BBCA1F5A043173B072BF3D82B
S21401FAE001A252F823F000BF09FB0100C9FA010088
S21401FAF0C9FA0100C9FA0100A3000200C9FA01000F
S21401FB00ADFC010087FC0100914E33681A7F022A82
S21401FB1011D1DA7C7AB193F85E3063B941F20221F1
S21401FB20FEF78AF920460121FFF790FD41F20220F7
S21401FB3002B0BDE8F081A3685D0701D50220F7E7B2
S21401FB402046FEF7C1F833681A78051E18BF01254E
S21401FB50032A07D0196911F0FF1F6AB224D042F0B8
S21401FB60040503E094F87420900725D49A69920757
S21401FB701FD41A7F012A1CD045F0080502210B204C
S21401FB8010F06EFF0246E0B18379034406215D73EF
S21401FB9094F97530013302BFA36843F00203A360F2
S21401FBA0204610F0B3FD0CE094F874108907D6D403
S21401FBB0DCE75B7C002BE1D041F203212046FEF717
S21401FBC03BF9A368634943F00403A3602246204639
S21401FBD007F08CFF022120460EF06FFF47F23053EC
S21401FBE0002245F21A01204607F064FF00209FE735
S21401FBF083685F0703D490F97730002B05DB236C0D
S21401FC0053B1D3F87431DE0606D52046092111F02A
S21401FC10C7F941F209208BE7204610F0A5FF28B965
S21401FC200821204611F0BCF9212081E7206CD0F88C
S21401FC30743143F01003C0F87431AB790C332B44A4
S21401FC405A68C0F803201A89A0F807209B7A4372E5
S21401FC50236C0122DA70A26812F0040610D1224643
S21401FC603C49204607F042FF022120460EF025FFC0
S21401FC7047F23053324645F21A01204607F01AFF82
S21401FC80A3689805B2D5236C002BAFD0D3F8743196
S21401FC90D906ABD594F97530013320D094F8743079
S21401FCA0DA071CD5A36843F00203A360236C002B7C
S21401FCB03FF444AFD3F87431DA067FF53FAF9F06C1
S21401FCC03FF53CAFFEF724F820B3A3689E0721D486
S21401FCD02B78FBB90521204611F062F986E7FEF77D
S21401FCE017F894F9751040B14B1C02D1A3689F0711
S21401FCF0DCD42046FEF72CF978E74E1CD6D094F8D3
S21401FD007430D807D2D408460DF0CCFF0028CDD0E9
S21401FD10052186E794F97530581C06D048F208008C
S21401FD2040EA032080B2F9F701FDA368256C084F6D
S21401FD30EA7923F00203A360D5F8743143F0200377
S21401FD40C5F874313B681B7A934205D9062168E7EA
S21401FD50EC1900203B0C030094F9521094F8523031
S21401FD600029A6BF83F00803C3F3C00301236B7009
S21401FD7094F86030102A83F0080328BF1022C3F3DA
S21401FD80C003AB702046A274AE79FDF79DFF002834
S21401FD9036D0F10734D594F97530D4F840805A1C22
S21401FDA024D088F87A3106F00D063B689A699007E8
S21401FDB004D41A7F012A01D0310701D406F0F706D0
S21401FDC01A78032A1FD01B6913F0FF1F01D046F0D3
S21401FDD0040694F874309A071BD5730719D40321C7
S21401FDE0204611F0DDF840F20340A1E62046F9F77F
S21401FDF05DFE88F87A01236C93F97A310133D2D10A
S21401FE0006F00C06D1E71B7F002BE2D106F0FB06BD
S21401FE10DFE70721022010F023FE01900028E2D040
S21401FE2090F806C03A680CF10C0C00EB0C01137844
S21401FE304B70137F012B06D0022B45D192F85E3012
S21401FE40003B18BF01238B70CE70102316F00106FD
S21401FE500B711BBF2B7A6A7A4E7103F0030318BF2E
S21401FE604B71236C14BF02F0030232468A7183F889
S21401FE706D214A7983F86C2150F80C20C3F80A20CA
S21401FE808A88DA818A791A7406B3206C90F86C1124
S21401FE9011F002061AD194F8521090F97A0181F005
S21401FEA0080104F14C030622C1F3C0010DF0B4FEB3
S21401FEB060B13146FDF7DEFF2046082111F070F8EB
S21401FEC001A813F052FB8EE70023BCE7019E002E2B
S21401FED089D0FDF715FF95F806C078B11CF0010F23
S21401FEE004D0236C93F97A31013307D105212046DA
S21401FEF011F056F8304607F087FF95E63B68597CC7
S21401FF000CF0080229B112B16A7B100703D4032151
S21401FF10EDE7002A75D06A7B110772D5D5F8741102
S21401FF2041F00401C5F87411B5F86C1121F4807123
S21401FF3021F00101A5F86C11187F697902280BD010
S21401FF4071B942EA0C0212F0040248D185F879210F
S21401FF501B7C002BDBD10DE021B993F85E209ABB08
S21401FF600221C4E7012283F83D20DA7C92BB0423F8
S21401FF7085F8793132460621204610F0C7FB95F800
S21401FF807931206C042B52D13B6800F5A67003F141
S21401FF901D022D3352F8041B40F8041B9A42F9D176
S21401FFA0D5F8743195F8792103F00401002A45D17A
S21401FFB023F00203C5F87431E27400294AD0812186
S21401FFC0204610F00FFE11E683F83D10DB7C002B77
S21401FFD0C6D1CCE793F85E30002BC8D1C0E72A79AA
S21401FFE019785348052A28BF032201EB81010144F1
S21401FFF08A5C85F879211B7C002BBBD0002AB9D1FD
S21402000085E71A7F012A02D16A79002AAFD11CF04D
S214020010040F03D16A7B12F0040297D02A7919786A
S2140200204448052A28BF032201EB8101DFE710229C
S214020030002100F5A67012F03FFFB1E743F002037D
S214020040C5F8743141B90123032AE37412D9042A8C
S2140200507FF4CCAD8421B3E7A37C0F2B85BF94F845
S214020060743043F00803012384F8743088BF0223F7
S214020070E374A4E7012A07D02046822110F0B2FDDD
S2140200802046FDF751FFB1E52046822110F0AAFD79
S2140200903B68D968481C424242412046FDF714FF9D
S2140200A0A4E590F87430D90706D4402110F09AFDE2
S2140200B029462046FDF7C0FEA3685A077FF596AD8F
S2140200C045F21A01204613F022F91B492246204621
S2140200D013F048F9A36823F00403A3600221204624
S2140200E0FBF76AFE82E502461349144807F0FEFC57
S2140200F07CE545F21A0113F00AF9A36823F03E03E1
S214020100A360236C2BB193F97A01431C01D0F9F753
S2140201101DFC22462046084913F024F906490748E2
S214020120224613F01FF9204610F0A9FDD6E700BFBD
S214020130984B0300B14B03003B0C03006C190020E4
S214020140184622F0004240F20A439A422DE9F04154
S21402015020D8B2F5806F01D800203EE06FF48064AC
S2140201602244092AF8D801A353F822F0B301020068
S214020170BF010200DF0102002D020200010202009E
S214020180490202006B0202007302020059010200D9
S2140201908B0202006FF4A0615318042BDCD8A2F283
S2140201A00252032A79D8DFE812F08A009200B700DA
S2140201B0CB000578448864480EF017FC3EE00578CC
S2140201C04468826900F10803002160480EF01EFCB4
S2140201D010B10571C0F805400120BDE8F08106782F
S2140201E045880479826900F10803002158480EF018
S2140201F00DFC0028F0D00671A0F80550C471EBE79C
S214020200047907784688C588A4F11B0359425941E8
S21402021000F1080289004F480EF01DFC0028DBD0D2
S2140202200771A0F80560C4710581D5E70578448892
S2140202304269031D002148480EF0E8FB0028CBD097
S2140202400571A0F80540C7E706784588848800F15E
S2140202500802002141480EF0FEFB0028BCD00671C1
S214020260A0F80550A0F80740B6E7057844683C4871
S214020270A2E704783A480EF0B8FB0028ACD0072371
S2140202804371002304718371A6E7047835480EF0A3
S214020290ACFB0028A0D004719EE707784688057953
S2140202A0C48800F1080200212F480EF0D4FB002873
S2140202B092D00771A0F80560C57104818CE70778B3
S2140202C046880579C48829480EF08FFBEFE78768D1
S2140202D04588047906787FB1C78800F108020021B4
S2140202E023480EF0B8FB00283FF476AF0671A0F85C
S2140202F00550C47107816FE71D483B463A463946AA
S2140203000EF084FB00283FF467AF0671A0F8055094
S214020310C471077247725FE790F8008047880679D3
S214020320C588048913480EF060FB00283FF454AFDA
S21402033080F80480A0F80570C671058144814BE7F9
S214020340057844680C4837E7A84C0300A44C030021
S214020350A04C0300984C03009C4C0300944C0300F2
S214020360904C0300784C03008C4C0300884C03002E
S214020370844C0300804C03007C4C0300004870470A
S2140203804101020030B585B004460846039111F0DB
S2140203905DFF830708D410F0010003D003A813F012
S2140203A0E4F8012005B030BD03998B7903F10C0205
S2140203B088188A5C013A1C2A00F2E880DFE802F01C
S2140203C00FE689E68CE695E69CE6A4E6ACE6B3E69E
S2140203D0BAE6C2E6E6E6C4E6D2E6D4E6DD0003798D
S2140203E00BB103F588534278023A162AD6D801A1F1
S2140203F051F822F0510402009D0302005B04020041
S2140204009D030200670402009D03020073040200BB
S2140204109D0302007F0402009D030200970402006F
S2140204209D0302008B0402009D030200A304020047
S2140204309D030200AF0402009D0302009D0302001A
S2140204409D030200B90402009D030200C9040200D3
S21402045017212046FDF7C8F8A0E7002211462046DD
S2140204600FF01CFD9AE71A46002120460FF0C3FD46
S21402047094E70022114620460FF02EFF8EE7002258
S214020480114620460FF016FE88E71A46002120463F
S2140204900FF003FF82E71A46002120460FF0E0FE27
S2140204A07CE700221146204610F009F876E7194646
S2140204B0204610F06DF871E7009300231A4619469D
S2140204C0204610F06FF869E71946204610F0BCF88F
S2140204D064E7B0F80110BCE702338B710A460023CA
S2140204E0417820460FF0DAFC5BE701338B7100227D
S2140204F020460FF080FD54E702338B7142780023CA
S21402050020460FF0E9FE4CE701338B7100231A46B2
S21402051020460FF0CFFD44E701338B7100222046C0
S2140205200FF09EFE3DE701338B71002220460FF04E
S214020530B4FE36E702338B714278002320460FF072
S214020540BEFF2EE70021B3E705338B71B0F8032018
S214020550B0F80100002300930B460146204610F037
S21402056021F81EE70021B0E703338B710A46B0F884
S2140205700110204610F087F813E703338B710A4602
S214020580B0F80110204610F087F80AE7002009E7C5
S21402059070B508F0BEF81F4B1E6C05460EB1EEF79E
S2140205A0BFFCEEF70FFE1C4C8302A3F580532360BC
S2140205B0EEF708FE8302A3F50063636000F072FAAA
S2140205C020680821043011F094FE23681B688342D9
S2140205D002D0206811F09CFE60680821043011F0F9
S2140205E088FE63681B68834202D0606811F090FE42
S2140205F02268636852685B689342084A94BF002385
S214020600012313700EB1EEF79BFC284608F087F81C
S214020610002070BD00000E40FC190020030D0020D3
S2140206202DE9F041164B93F90020164B53F8225051
S2140206300C3506462C46204611F082FEE0B908F03C
S21402064068F8A17980460431201D11F052FE074653
S214020650404608F064F82368BB4202D1A388B3423E
S2140206600BD0A379033303F4FE7308331C4485EAE4
S2140206700403B3F5006FDED300242046BDE8F08104
S214020680030D0020FC190020431E2DE9F74F9BB2F4
S2140206904FF6FD7293420646884643D8234B93F99B
S2140206A00020234B53F8225008F033F8214BD3F89E
S2140206B040900C350746B9F1000F01D0EEF730FC3A
S2140206C02C46EA464FF6FF7B204611F039FEE8B983
S2140206D0A38886EA030218EA020F0CD194E8030004
S2140206E08AE80300DB43ADF80430ADF806B00199A2
S2140206F0201D11F003FEA379033303F4FE730833BF
S2140207001C4485EA0403B3F5006FDDD3B9F1000F8C
S21402071001D0EEF715FC384608F001F8002003B0C9
S214020720BDE8F08F41F21200F9E700BF030D00208A
S214020730FC19002000000E402DE9F84FDFF8C490A7
S2140207402F4A99F9003052F8238083F0010308F10A
S2140207500C0A52F823603046EEF77AFC06F10C07D4
S214020760D346584611F0ECFD054648BB9BF80610EA
S2140207700BF10400043111F0BCFDDBF800308342BB
S2140207800DD09BF80640033404F4FE7408345C442F
S21402079084EA0A03B3F5006F12D2A346E1E75C4689
S2140207A0384654F8041B11F0A9FD9BF806200332C4
S2140207B0B5EB920F07F1040705F10105F0DDE7E757
S2140207C0D8F80410341D0131204611F097FD01219E
S2140207D006F1080011F092FD0821204611F089FD6D
S2140207E00146304611F08AFD99F80030404683F003
S2140207F0010389F8003011F08BFD3846BDE8F88F0A
S214020800FC190020030D00202DE9F04F9A46431EE6
S21402081085B016469BB24FF6FD7293428146009112
S21402082000F2C380624B93F90020624B53F82270A9
S21402083007F06FFF604BD3F840800C370546B8F1DF
S214020840000F01D0EEF76CFB3C46204611F078FD17
S2140208500190002841D1A17904F1040B04315846D5
S21402086011F047FD2368019A98422AD1A388E188AD
S214020870994526D1CAB2964212D1324604F10801EF
S2140208805046019312F0EEFA019B48B9B8F1000FF8
S2140208904FD1284607F043FF002005B0BDE8F08F91
S2140208A094E8030002AA82E80300DB43ADF80C30AA
S2140208B04FF0FF33ADF80E300399584611F01EFD87
S2140208C00246A379033303F4FE7308331C4487EA13
S2140208D00403B3F5006F1FD302BB002ED6D006F179
S2140208E0080B04EB0B035F40B7F5006F24D3FFF74A
S2140208F023FFC0F30A0304461BB19B44BBF5006FFB
S2140209001AD9B8F1000F01D0EEF71AFB284607F005
S21402091006FF40F21B40C0E7002A96D0B8F1000F4F
S21402092001D0EEF70DFB284607F0F9FE40F2034031
S214020930B3E7EEF705FBACE7009BADF80C9046EA92
S2140209400323ADF80E3004F1040B04F108030399F7
S2140209500093584611F0D2FC06F10309009B4FEAB9
S214020960A9090027B90008B94F4513DB311D5846BF
S21402097011F0BFFC0146204611F0C0FC0446B8F157
S214020980000F01D0EEF7DCFA284607F0C8FE002C6E
S21402099082D0CBE71A1D18465AF80110009211F0C1
S2140209A0ADFC009A01371346DCE7212075E700BF4D
S2140209B0030D0020FC19002000000E4008461946D0
S2140209C008B580B21346CAB20021FFF71DFF024BDC
S2140209D0002818BF184608BD06E000F073B50846A2
S2140209E016461D460DF1030201AB0DF1020180B25F
S2140209F011F0B5FC044658B99DF80330AB4209D352
S214020A0001992A46304612F062FA204602B070BDBC
S214020A10014CFAE7014CF8E70BE000F011E000F0B9
S214020A202DE9F74F90461D4ABDF830900D4692F9D3
S214020A3000101B4A52F821600C369FB234464FF023
S214020A40000AC24526D2204611F07AFC10BB07F0F7
S214020A5060FEA17901900431201D11F04AFC834604
S214020A60019807F05CFE22685A4508D1A388BB426B
S214020A7005D34B459CBF45F8043B0AF1010AA17910
S214020A80033101F4FE7108310C4486EA0403B3F51F
S214020A90006FD6D3504603B0BDE8F08F030D00209A
S214020AA0FC19002001480121ECF7AEBE00650A00E1
S214020AB0084B10B540F201141C6098600120586083
S214020AC011448A4202D1D869C04310BD12F8010B04
S214020AD09861F6E700C001401046044A1368591EA2
S214020AE0033102D80021116018477047C00B00205E
S214020AF0034B1868034B002808BF1846704700BF10
S214020B000C1A0020D44C0300014811F08BBD00BF24
S214020B10141A002013B50B4C0229226005D10A488C
S214020B2011F080FD002002B010BD00930A46074B6C
S214020B300146054811F058FD003818BF0120400054
S214020B40F1E700BFC00B0020141A0020D90A0200E9
S214020B50014811F07ABD00BF141A00200148002196
S214020B6011F095BD141A002008B5064B1B68013318
S214020B7005D0FFF7EDFF80F00100C0B208BD0020EF
S214020B80FCE700BFC00B0020F8B50D4610B90024E4
S214020B902046F8BD0E4F3E68002EF8D100F0A2F8AF
S214020BA004460028F3D0386000F0E8F8204611F03A
S214020BB028FC38B130463E6000F0E0F8204611F0DE
S214020BC01BFCE4E7002DE3D02046A847E0E700BF81
S214020BD0101A0020024B1868003818BF0120704710
S214020BE0101A002038B50C4605F050F8A3780B4AC8
S214020BF013705A1E55425541A8420CD0012B04D000
S214020C002846BDE8384005F029B8204604F0F8FF2B
S214020C100028F5D038BD0020FCE700BF00200020E9
S214020C20024B00215B680846184700BFD40B002021
S214020C3010B50446FFF75CFF0C4B1A1A5342534199
S214020C40A34201D1012010BD094B1B683BB9094ADA
S214020C50064B002C08BF1346074A1360F2E711F052
S214020C6028FF0028F3D00020EDE700BFAC4C0300BD
S214020C70101A0020D44C03000C1A002010B512F0F3
S214020C8002F8044618B9034B01215B6898472046D0
S214020C9010BD00BFD40B002010B511F0FDFF20B927
S214020CA0024BBDE810401B68184710BDD40B00204D
S214020CB010B511F01FFC20B9024BBDE810401B68AE
S214020CC0184710BDD40B0020431E033306D8044B2E
S214020CD0984228BF1846642838BF6420704700BF71
S214020CE040420F00F8B5054607F00CFD0F4B1E6894
S214020CF0074626B9384607F009FD344611E0B468BF
S214020D008CB194F810C01CF0010F0CD195E80F00BE
S214020D104CF0010C84E80F0084F810C0384607F047
S214020D20F5FC2046F8BD3668E3E700BFC80B002096
S214020D3038B505460C4641B10B6833B11B68013322
S214020D4003D0CB680BB18B684BB911F0ACFDBDE894
S214020D5038404FF492724121002000F0CBB9084689
S214020D6001F040F80023044A85F8DC30C5E9234345
S214020D70C2E9003338BD00BF900D002010B504460E
S214020D8018B9054B054A136010BD04F0A5F8D4F84F
S214020D909830002BF6D1F4E7E1230300C40B0020C1
S214020DA010B50C4604F0D6F8054B00215B6803200C
S214020DB098471CB105F0F2F80128FBD110BD00BF20
S214020DC0D40B002008B502460868FFF77DFF0860CE
S214020DD04868FFF779FF48608868FFF775FF886004
S214020DE0C868FFF771FF0B69C860581C03D00B4830
S214020DF0834228BF03460B614B69581C03D0074841
S214020E00834228BF034688694B61FFF75DFFBDE852
S214020E1008408861104604F07FBE00BF40420F00C3
S214020E202DE9F84FD0F8903006460F4613B1038BE3
S214020E308B4244D0D6F88CB0BBF1000F42D0DBF820
S214020E400830002B3ED0DBF80C1000293AD0D6F83A
S214020E50A0A0BAF1000F38D04FF000094D46C846A0
S214020E6001E0DBF8083005EBC50203EB820401352E
S214020E70E389BB4214D8238ABB42304610D3B4F966
S214020E801220B6F924309342A04653DD96F8D010CD
S214020E90EEF722FA337D834281464BD9DBF80C10FB
S214020EA08D42DED3B8F1000F3ED0002342461946EB
S214020EB03046D0473783C6F8908086F8D99000200F
S214020EC0BDE8F88F0320BDE8F88FD1465446524657
S214020ED047F6FF7504EBC40803EB8808B8F80E3033
S214020EE0BB421BD8B8F81030BB4217D3B8F9122051
S214020EF0AA4207D14FF0FF093783C6F8908086F8DA
S214020F00D990DCE796F8D0103046EEF7E5F9337D57
S214020F10834281464246EFD9DBF80C100134A142E7
S214020F2004D9DBF80830D5E70120C9E7002AFBD050
S214020F309046E1E7A046B8E72DE9F04782B00446BE
S214020F408946164604F0F8FF3B4D08B100236B6055
S214020F502B68D4F88CA0D4F890700BB153454BD0C4
S214020F604FF00008C5F8089005F018F8012836D1A9
S214020F702B68DAF800103A6813B11868884246D02F
S214020F80204611F05CFEC5E900A7D4F8A0508DF803
S214020F900760002D42D000220DF1070311462046BD
S214020FA0A847204604F0CEFA0546B8F1000F00D056
S214020FB08EB1B5FA85F040F2DE324009332100F0F8
S214020FC099F83146204604F079FC1C4B05461B680E
S214020FD0394620469847284602B0BDE8F0870120E9
S214020FE003F0B8FF164B00215B680320984704F015
S214020FF0D5FF0128FBD1BBE76B68002BB0D0BB4204
S214021000AED1AB68994514D04FF00108AAE76968DB
S21402101011B109689142B6D05968B1E7217D94F8BA
S214021020D930994228BF19463246204604F05EFA65
S214021030B7E70025CFE700BF900D0020C40B0020C5
S214021040D40B0020F8B505460E4607F05BFB31468A
S21402105007462846FFF7E4FE044620B1384607F066
S21402106055FB2046F8BD04F04FFF2246314628467F
S214021070FFF762FF0446384607F048FB2046F8BDF5
S21402108013B50446694611F06AFA204611F06EFD61
S214021090FF28024606D09DF800102046EEF79CF97F
S2140210A002B010BD0048FBE70080FFFF07B54FF413
S2140210B000730A49ADF806300DF1060211F06BFA1C
S2140210C0BDF80630B3F5007F05D1022808BF002020
S2140210D003B05DF804FB0120FAE700BF2C1A0020DB
S2140210E0024B1960024B1860FEE700BFCC0B0020D3
S2140210F02C1C002008B550B90548064B01601A6042
S214021100054B1A68054B1A601868FFF7E9FF08BD19
S214021110CC0B0020301C0020101A00202C1C0020B3
S214021120054B1B680BB918467047834201D01B69F2
S214021130F8E70120704700BF381C0020094A1368F0
S2140211400BB918467047834207D11B691360064ADB
S2140211501368013B13600120704703F110021B69FC
S214021160EEE700BF381C0020341C00202DE9F74FA4
S214021170DFF83081DFF83091064607F0CAFA98F8B1
S21402118000B001900123BBF1000F06D089F80030B1
S21402119003B0BDE8F04F07F0C2BA404F88F80030FF
S2140211A089F800B011F0C1FA08B111F0BCFA3D6836
S2140211B03B4965B9DFF8F4A0DAF800203B68AA429A
S2140211C04FF000042FD836484FF0FF313BE06B7DDE
S2140211D08BB12B68B34202D09A1B8A420BD96A683B
S2140211E013442B60AB68003A18BF0122003B18BFBD
S2140211F001236A75AB752D69DBE7907D20B1107D02
S21402120088429CBF014614461269002AF5D1002C7A
S214021210D9D0D4E90001A275411AD4E90232204697
S21402122098470135C8E71A46FF21EEE75A7D4AB1CC
S2140212301A68B24224D0921B824221D8914201D32C
S21402124011461C461B69002BF0D15CB12046FFF705
S21402125075FF38B13B682361DAF800303C60013331
S214021260CAF800303B685A7D6AB911F05AFA064647
S21402127099F80030002B93D1019888F8003087E760
S2140212801C460021DEE7186800F0D4F8044611F088
S21402129048FA0646002C83D1EAE700BF381C002035
S2140212A0FCFFFFBF0220002001200020341C00208B
S2140212B038B5054608B31822002111F0FDFD07F0E7
S2140212C028FA02462846FFF72BFF20B1104607F001
S2140212D026FA022038BD0A4B1C6854B909491D601B
S2140212E00B682C61013310460B6007F018FA204693
S2140212F0F0E704F110032469EFE70120EAE700BFF4
S214021300381C0020341C002038B50446FFF708FFBE
S21402131007F0FFF905462046FFF702FF637D23B973
S214021320284607F0FCF9032038BD00236375064BF8
S2140213301B68A34203D111F0F4F9FFF717FF284602
S21402134007F0EDF90020EFE7381C00202DE9F84FF2
S214021350DDF82890DDF830B0984604460D46FFF7D3
S214021360DFFE924607F0D5F9074611F0DAF906468F
S2140213702046FFF7D5FE637D23B12046FFF7C4FF64
S2140213800023A375BAF1010F23D175B9B8F1000F86
S21402139021D1B9F1000F03D05A4631462046C8473C
S2140213A0384607F0BCF9002019E035440D4BAA1B5D
S2140213B09A4210D8012363759DF82C30C4F8089021
S2140213C0C4E900582375C4F80CB03046FFF7CEFEC9
S2140213D0E6E7AE42EAD1384607F0A1F90120BDE8B9
S2140213E0F88F00BFFCFFFFBF2DE9F0410746884695
S2140213F0FFF796FE07F08DF93D68064611F091F963
S2140214007B7D7BB185420DD0094B2C1A9C4209D8B4
S214021410304607F084F9B8F1010F08BF2546284682
S214021420BDE8F081304607F07AF90025F7E700BFFD
S214021430FCFFFFBF08B50023044A194603F028FF45
S21402144010B1012818BF032008BD00BFED26030017
S2140214502DE9F74F15460E2200900F462A70EBB183
S2140214601C4C5B68A3428CBF00240124DFF8689002
S2140214704FF000084FF0060AD9F800105FFA88F31A
S2140214800AFB03F3CA185079012809D92878A0F173
S2140214900E035842584103B0BDE8F08F1C46E5E7FC
S2140214A0A042CE5EB2F902B0117902D008F101086C
S2140214B0E2E700980191002211F0FCF80028F5D02E
S2140214C001992970B7F90020B242EFDB5A45EDDCEC
S2140214D00020E0E7FFC99A3BD00B0020014911F03B
S2140214E026B900BF9D600200014911F020B900BF75
S2140214F07160020070B5164E0328337804460D4616
S2140215001ED023FA04F202F00102AA421DD053B101
S2140215100122A24023EA0203A5402B43DBB233702A
S2140215204BB1012070BD2DB10A4B01201B689847B4
S2140215303378EDE73570074B00201B689847F0E7D5
S2140215409A07DED003F0FC03E9E7002070BD00BF77
S21402155003200020781C002038B504460D46FFF70D
S21402156039FB60B104F0FEFC48B9012D07D8012012
S21402157011F09FFB0D4B1B6823B15B6898470C4B21
S2140215801C7038BD08F002F90A4B1A68801A1860F7
S214021590F0F7C0FB084B1B684FF47A7202FB003070
S2140215A011F020F8012004F0E5FCE8E7FC1C00201E
S2140215B0050D0020701C0020741C0020F8B5124F88
S2140215C005460C4607F09EF83B78064633B1012DD9
S2140215D004D01CB90D48F0F771FA3C702146284633
S2140215E0FFF788FF0A4B1B7804463BB93B782BB9BA
S2140215F011F047FB10B1074B1B689847304607F0BF
S21402160085F82046F8BD00BF042000204C1C0020B0
S21402161003200020D40B0020054A0B46117831B176
S21402162000211170034A187852680121104770474A
S21402163004200020D40B0020124B0239012910B5D9
S21402164018701ED8FFF7C6FAD8B104F08BFCC0B1EA
S21402165004F0E6FAA8B90C4B1C6834B12368984724
S214021660BDE81040002011F024BB10F0B9FF074B74
S214021670186008F08BF8064B1860204604F07AFCD7
S214021680EEE710BD050D0020FC1C0020741C002097
S214021690701C002038B5044680B107F033F80121EB
S2140216A004460846EFF730FE012108460A4A07F0CC
S2140216B0DBFF2046BDE8384007F028B807F022F8DE
S2140216C0214605460120EFF71FFE0120024A214669
S2140216D007F0CAFF2846EDE7204D0300F0B5324D6D
S2140216E085B007F00FF82B78044623B12F48F0F7A1
S2140216F0E5F900284AD1F0F773FA02AA03A911F015
S214021700AAFA0346002832D011F0B9FA029B984290
S2140217101ED10020264B03991B68264E9942307034
S21402172021D9C91A00270123CDE900771F482B705B
S214021730214A334607F0E1FF00282FD11F4A1378CB
S214021740D90717D4204606F0E1FF002005B0F0BD09
S21402175011F093FA029B98421ED0154B154A1B684D
S2140217600393002010700121FFF7C4FEEAE720462B
S2140217702B70E8E731780029E4D103F0FE031370FA
S214021780002BDFD10E4B1B689847DBE7204606F09E
S214021790BDFF032005B0F0BD0220BBE703232046B1
S2140217A02F703370F3E700BF042000204C1C00208B
S2140217B06C1C0020040D00201916020003200020D5
S2140217C0781C002038B5134D06F09CFF2B78044693
S2140217D0C3B9114A11491370114B124A1A601248C2
S2140217E0124A5A60EFF70AFE11491248EFF706FE50
S2140217F0114B124A1A60124B1B68124B02221A60D5
S21402180001232B70AFF30080204606F07FFF0020F6
S21402181038BD00BF0520002004200020284D03000C
S214021820D40B0020DD1602003C1C0020BD15020071
S214021830304D0300441C0020781C00209516020040
S21402184000300E406C1C00200D4BD3F8E020D20373
S21402185014D50C494FF48032C3F8E820C1F8EC20C6
S2140218609A6BD1B2C2F3072299679A6704229A67E3
S21402187000229A679A679A679A679A67704700BFC4
S2140218800010084000100846F8B50C4C0D461746E6
S214021890064606F037FF0123A3620423276066602C
S2140218A0A560C4F8E830064B4FF48072C3F8802176
S2140218B006F02CFF0DB10223A362F8BD001008400B
S2140218C000E100E0054B1860054B01229A6540F6E0
S2140218D0FF72196358635A65704700BF801C002068
S2140218E0001008402DE9F04F042A83B0054639D986
S2140218F00B7883614B7883618B788361CB788361C5
S2140219000068D5F808B06E6800F0070001230630BC
S21402191003FA00F808F1FF3909EA0B07A2F1040AF4
S214021920A8EB0702924501F1040446F000560DD8D2
S214021930F0192146524611F0CAFA0AEB0B0248EA9F
S21402194009031A40AA6003B0BDE8F08F2146F019D9
S214021950019211F0BCFA019AA118AAEB08023046CD
S2140219603A44E8E7013A032AEDD8DFE802F00B082A
S214021970050211F8013B836111F8013BAB6111F8D6
S214021980013BAB610B78AB6103B0BDE8F08F00BFE3
S21402199038B50C46104B1546014668B10122C3F80D
S2140219A0B8200E482246FFF79DFF1DB10A4B0422BF
S2140219B0C3F8B820002038BD64B1D3F89C20A242F8
S2140219C084BF0122C3F8B820C3F898400222C3F8A5
S2140219D0B820EAE70122FAE7001008409010084013
S2140219E010B506F08FFE184B184901229A65C3F807
S2140219F088201A66164A5A660722C3F884200A8086
S214021A00144900220A804FF4A021C3F8E81003F11B
S214021A10C0630446C3F8EC100F4B1A600F4BD3F8A2
S214021A2088305B020AD50E4B18680E4B4FF48002C4
S214021A30C3F88820416BA43001F0AAFA2046BDE81C
S214021A40104006F063BE00BF00100840FC1E0020D7
S214021A50E80E0020FA1E00207C1C002000400840F1
S214021A60101A0020004008440D4B07221A800D4B26
S214021A7000221A800C4B0121C3F8B810C3F890203C
S214021A804FF40052C3F89400C3F8B420074BF02278
S214021A901A6403F10073A0221A64FFF7A1BF00BF05
S214021AA0FC1E0020FA1E0020001008400000084419
S214021AB02DE9F041044688B1394E3A4F06F022FE2F
S214021AC03388394A03F07801032C054603F07F0C6D
S214021AD0114453D13C6824B906F018FE0320BDE831
S214021AE0F08124F00104386820F00100A0424AD1B7
S214021AF000223A6022886FEA42426FEA52428C42E1
S214021B00228036D1294CDFF8B8C02788ACF180088D
S214021B103A46083A92B201F10800604528BF4046AC
S214021B20082A04D9B0F900E0BEF1000F36DB2280A5
S214021B303B440C8888781E499B1ADBB2C4F30C041B
S214021B40CC6300F007003380CB66C1F88420FFF731
S214021B507BFE04280DD1174BD3F88830164B186835
S214021B60164B4FF48002C3F88820416BA43001F074
S214021B700FFA284606F0CAFD0020B0E7601E0128CC
S214021B8098BF0C46AFE7094862440088A21A48BFCD
S214021B90803208389042ADDC28469DE70146B8E719
S214021BA0FA1E00207C1C0020E80E0020FC1E0020EE
S214021BB00010084000400840101A00200040084468
S214021BC0680F00200E490F4B0A881B880E481344E4
S214021BD0073B03F0780303440832987892B20A80EF
S214021BE000F0070009490428C1F8842004D101F551
S214021BF040514A681203FCD4054A1360704700BF7E
S214021C00FC1E0020FA1E0020E80E002000100840ED
S214021C107C1C002010B5054C206828B1C30701D4EF
S214021C20FFF746FF0023236010BD00BF7C1C002088
S214021C30084B4FF48032C3F8EC2003F17C43C3F820
S214021C40E420D3F88030C3F30C03782B01D8FFF7D7
S214021C50FBBD7047001008442DE9F84304460E46C3
S214021C6006F050FD504B514D1A882D88814650483B
S214021C7002F07801032C02F07F03014417D14D4C89
S214021C8024688CB92A44073A02F07802841803447E
S214021C90E31A48BF8033AB4210DB484606F036FDF7
S214021CA000242046BDE8F88324F00104EFE7012C67
S214021CB002D0022CEBD1083D0C46E8E7002E41D0BC
S214021CC08C423D4942D1D1F83C800A6B02F00702B1
S214021CD0063201279740D1F88020C2F30C029A42BE
S214021CE047DDB4F900302588002BD6DBA378C5F390
S214021CF00C0503F007037A1EA5EB08053A43052BED
S214021D00337005EA02052CD82DB2E84340F236427B
S214021D100421C00FFFF7EEF97580E378274A337483
S214021D2012687B1E03EA0803D118B160A9B213FA3F
S214021D3085F5BD4289BFFF1A0023B780F2609CBFBB
S214021D40B180F360484606F0E1FCAAE7A4F1080277
S214021D50824238BF04F17802B2F80080C8F30C0859
S214021D60B3E7174BDB6C003B18BF0123A5EBC3059B
S214021D70CAE78B6B7A1EA3EB08033A431A40114B51
S214021D8015B25B686AB9C3F30363D91E4B424B4173
S214021D90DB0033700B4B7280D3F89030C3F307230B
S214021DA0BCE70823F5E700BFFA1E0020FC1E002051
S214021DB0E80E00207C1C002000100840801C00203A
S214021DC00000084000400840431C08D0044AD2F8ED
S214021DD03C311B0C1B0480B20343C2F83C317047F3
S214021DE000400840054BD3F8B400431C14BFC0F3B0
S214021DF080700120A6223121FFF77CB90081E00F16
S214021E00034B1A689B88026083800020704700BFDD
S214021E10E00C00200F4B0628D3F8883104D183F457
S214021E200013C3F340507047022805D113F4400F45
S214021E300CBF01200020704750B9074AD2F8D400E0
S214021E4010F0010005D083F48003C3F3805070477E
S214021E500020704700400E400081E00F0C4A528876
S214021E60B2F5E16F94BFC8225A2210B594BF782407
S214021E70502490428CBF172210220A70054A03464D
S214021E80107818B19C422CBF0020012010BD00BF64
S214021E90E00C0020090D002013B5234B1B780E2BF7
S214021EA004463ED00DF10701FFF7D8FF1E2C8CBF6B
S214021EB01E4C1F4C9DF807304FF001028CBF0121CB
S214021EC00021C4F8082170B1194A4DF60174C2F80F
S214021ED004411B0202F1007243F44043C2F804318B
S214021EE0144AA2F8D430134A134C92F8D83023F08E
S214021EF00103034323F0020343EA4103DBB282F801
S214021F00D83024786CB923F0040343EA800323F024
S214021F100803B2F8D440A2F8D64043EAC10382F8D6
S214021F20D83002B010BD00BFE00C002000400846CA
S214021F3000400844001F002108200020084B094AE0
S214021F40D3F88831DB4303F4FE1343F40053B3FAA9
S214021F5083F30E33A3EB4313013B1370704700BFAA
S214021F6000400E40080D002002280CD0062802D0A1
S214021F7020B100207047054B18787047034B18783D
S214021F800430C0B270470720704700BF080D00201B
S214021F902DE9F7433A4E3B4F96F8009015463A4ADB
S214021FA0D2F8C820B9F1020F0446884607EA0207AB
S214021FB01AD147EA006788F80000002372882B606F
S214021FC0B2F5E16F94BFC8225A2227F47F57944293
S214021FD027F008079ABF380A00F47F5043F6C87005
S214021FE0384303B0BDE8F083284A1278904228BFEF
S214021FF0144604EB83030B70F4B1013CE4B24FF0D9
S21402200030632B606A4601A9204610F070FCDDE9B9
S214022010002347EA03671E4B98F800101B7847EA2E
S214022020823747F47F5747F008073BB90029194B18
S21402203018BF4FF07F43C1E7164BE2E7164B17482F
S214022040B9F1060F08BF03462AB90029114B18BF7B
S2140220504FF07F43B2E7B2FA82F2C2F11F02D2B267
S2140220609B5CDBB239B15A1ED2B2FD2A05D81B06DA
S21402207043F00403A2E7074BA0E74FF07F439DE738
S214022080E00C00203F00C0E0001F0021080D0020E9
S214022090092000200400000BB883E00FB083E00F95
S2140220A02DE9F3410446C820FFF7F6FE2B4B2C4ED3
S2140220B018780E2801D0FF2C05D1FF243470204654
S2140220C002B0BDE8F08102282DD1072C204628BF99
S2140220D0072001284FF0000301AA0DF1030138BFC3
S2140220E00120FFF755FF05461E4B1F4FDDF8048003
S2140220F0C3F85881C7F8C8509DF80340347020468C
S214022100FFF7CAFE194A4FEA082303F4E06312787F
S21402211043EA1863A7F8D030002AD0D1C7F8CC50CB
S214022120A7F8D230CBE7A0B9052C32BF002701278B
S2140221300420201A3B4601AA0DF10301C0B2FFF7A4
S21402214027FF4FF48003054637B1094AC2F8083123
S214022150CAE700273846ECE7064AF7E7E00C002015
S2140221600A0D002000400840001F00210820002021
S214022170004008460040084408B501F059F8094BEB
S214022180094A002818BF1A46136823F47F115B0811
S21402219003F4FE130B431360044B4FF00072DA6134
S2140221A008BD00BF004108401841084000400840F2
S2140221B008B501F03DF8064B4FF4001228B1C3F8FB
S2140221C000214FF000621A6208BDC3F81821F8E732
S2140221D000400844014B1868704700BF841C00206A
S2140221E0436C012B38BF01232DE9F0479A46464B34
S2140221F0464F9B69464E474D03F4E073A3F5C07203
S214022200804645485142514102685245434A0FD1E1
S21402221014788C420CD198F8D0C03C78A44507D1EB
S21402222098F815C03478A44502D1A888BDE8F0878E
S214022230B3F5C07FC0F800A011704AD1D8F8944018
S21402224024B12368082B58D994F838400F21204629
S21402225010F02FFBBAFA8AF3002852D0B0FA80F2B6
S2140222609B1A002BC6BFD840C3F10F094FF00F09C7
S214022270504501D909F1FF39234B2004C3F8BC00AD
S21402228003F1806340F6FF72C3F8B82003F10073CF
S2140222904FEA0921C3F8B81010F03CFBA88000F002
S2140222A045FD09F01F094FF4FA7304FA09F45C437A
S2140222B041F66A03B0FBF3F00A23B4FBF0F45C4386
S2140222C0174B1C6098F8D0303B7098F81530337076
S2140222D0ABE798F8D030062B06D1124B1B78002BB2
S2140222E00CBF9624C824B1E7022B08D00D4B1B78EE
S2140222F0002B0CBFB424F024A8E70024A6E732245F
S214022300A4E74FF00F09B7E700600840070D00206A
S214022310060D0020E00C0020DC0B00200B20002025
S214022320841C002009200020FF290DD00F4B1048E6
S214022330C3F850010B04090501F0F87103F4E02319
S2140223400B430C49C1F85031FF2A0DD0074B40F21F
S214022350F711C3F85011130103F4F87302F00702E1
S2140223601343044AC2F85031002070470040084424
S2140223700000F70100400846F8B5134B134E1F68DD
S214022380134D384600F040FF3378C4B2A34201D161
S2140223902B78A3B1092C14D80E4B012C195D05D14C
S2140223A00D4B1B78022B01D141F0400101F00F02C8
S2140223B038460909FFF7B8FF002334702B70002057
S2140223C0F8BD0024FA21F1E7101A002007200020A9
S2140223D006200020384D0300E00C002038B50446E5
S2140223E000F04CFC142200212E4810F065FD2E4B06
S2140223F025781A782D49521B18BF01220A702268C6
S2140224001A60C820A2889A80FFF746FD284BD3F8A8
S214022410C820284BFF211970274B2849062D03EAAE
S2140224200203274A1AD14FF4EE40C2F824014FF4B1
S2140224308A42C1F82421012243F08043C1F82021B8
S2140224401B4AC2F8C8301E4B0322C3F85821FFF7B6
S21402245093FF1C4B01221A70002038BD022D4FF04C
S21402246007000ED1C2F80C010620C1F80C0116496D
S214022470C2F808114FF4404143F00303C2F80411B6
S214022480DEE7C2F80C010520C1F80C01C020C2F834
S214022490080143F08043812243F00403C1F8082177
S2140224A0CEE700BFC81F0021E00C00200620002057
S2140224B0001F00210A0D00202800C0A00040084688
S2140224C0004008440A200020C1004000014B18705A
S2140224D0704700BF092000202DE9F0472D4C2E4BF7
S2140224E0236000F023FC4FF4FA7307464FF47A7623
S2140224F0B0FBF6F629482A4A7343190E1B0218182F
S21402250041F10001002304F0AFF9A0F580730546FF
S214022510A36220B966222B21FEF7ECFD01254FF4BB
S2140225207A726A434FF0000A53465008310204F0AA
S2140225309BF91C4B19601C4BB7F57A7F4FEA05686E
S2140225408946044618604FEA152505D276222B21C5
S2140225505046FEF7CFFD01264FF47A73A8FB03011F
S21402256003FB05117308C01841F10001002332462F
S21402257004F07AF90D4B023419600D4B49F100094B
S214022580A408186044EA8974024B013C1C63BDE847
S214022590F08700BF005008400211010020A107008A
S2140225A040420F00941C0020901C00208C1C00202F
S2140225B0881C0020044B4FF00052C3F880211A609A
S2140225C0024B01225A60704700E100E000500840CA
S2140225D0074B4FF00052C3F88021C3F88020BFF3A8
S2140225E04F8FBFF36F8F034B04225A60704700BFB2
S2140225F000E100E00050084010B50446A242A2EBFB
S2140226000000A3EB010104D2034B1B6B01331844F9
S214022610013901F0030110BD0050084038B502012F
S2140226200A4B01259D500A4A4FF480738340536635
S214022630044606F067F8074A1378A54023EA05031E
S2140226401370BDE8384006F061B800BF0051084478
S214022650005008400C2000202DE9F047154604469D
S21402266088461E4606F04EF8022D00F0B880074651
S21402267006F04FF86C4B6D4AD3F8189092F815A0F6
S214022680DA6D5FFA8AFA520744BFD3F818900AF155
S214022690010A06F044F8664B664A1B6811684FEA60
S2140226A08A7CA3FB093213F1004301FB09CCD8F85C
S2140226B000304CEB020C012D04BF01336344ACEB3B
S2140226C0030C08BFC8F80030BCF1804F0AF0030ABA
S2140226D0C0F09880584AD2F800C0584AD2F800E0B3
S2140226E0514A23F04041106B4FF000480022ECFBA9
S2140226F001820EFB012282424FEA937381BF0133AD
S2140227000130121A03F00303A3EB0A03914588BFB4
S2140227104549DFF848C184BF096B03F1FF3303F074
S21402272003030CF80430A2EB0900A3B1F10742BF81
S214022730434B41F61F71D966B30742BF404B41492E
S214022740D966710742BF384B00211967330742BF6B
S214022750354B00211965344B04F1100103EB041EBE
S2140227600901CEF80C2111225A5037499A694FF0C6
S214022770010EA2EB090A0EFA04F8D3F85C900A7866
S2140227805FFA88F848EA020282450A7026D34FF4B6
S2140227908072A24019EA020F20D11CF80400002819
S2140227A03FD10DB3F0071A6608D5254B274941F6E7
S2140227B01F7240F20110DA66C866DA66B10706D5FD
S2140227C01F4B22491F4A2248DA66C866DA66720733
S2140227D042BF204B01229A60330719D4384605F0CF
S2140227E095FF0120BDE8F0871B48240140F804E06D
S2140227F05A6605F087FF14490B7823EA08030B7024
S21402280005F084FF384605F081FF0020BDE8F0871A
S214022810212000F0A5F9044B4FF480325A60384666
S214022820DDE71A663846DAE700500840C81C002082
S214022830881C00208C1C0020901C0020941C002069
S2140228400050084400001F1F0C20002000500846BD
S2140228500000010100400840005108440D200020FD
S214022860024B1878003818BF012070470C20002051
S2140228701030034B0001185800F00100704700BFEB
S214022880005008401030044B01F46001000141F092
S21402289003011950704700BF0050084038B505F0D4
S2140228A038FF084B084A9D69547DDA6D520748BFC7
S2140228B09D69E4B248BF013405F031FF284604F0B2
S2140228C0030138BD00500840C81C002038B50B4B29
S2140228D003EB001210300001D2F80C411D58FFF72E
S2140228E0DDFFAB0706D5844200D90139204601F048
S2140228F0030138BD844238BF0131F7E70050084073
S21402290008B5222000F02CF9024B4FF480225A60C0
S21402291008BD00BF00500840064B1B68434303EB4C
S2140229208171054B1B68A3FB003013F1004341EB9A
S214022930000070478C1C0020881C00200D4A10B531
S214022940146820F0404301464FF000420020E4FBAA
S2140229500320094A126802FB0300084B1B6B9842CD
S2140229604FEA917104D901330131C01A01F0030113
S21402297010BD00BF901C0020941C00200050084090
S214022980F8B5064603F0EEFA044608B1FFF720FE55
S214022990084D094F00232B6130466B61AB617B7596
S2140229A0FFF7CCFFC9B27975A8610CB1FFF702FE3A
S2140229B00020F8BD00500840C81C00203B4B0822EF
S2140229C070B501210546C3F8C8203948394CEAF7E4
S2140229D01BFF394B1D702378013B012B0CD8237C3F
S2140229E0E07B01229A400C21302313FB001303F1F3
S2140229F0884303F520431A60304B00225A677DB99C
S214022A002F4A4FF6FF71D16702F10072F821D167A3
S214022A105D672C4B4FF08042C3F89420002070BDB7
S214022A20636853B300F082F9626800EB5203B3FBAB
S214022A30F2F3013B1B0243F0F80326782049224AB0
S214022A40022E1CD0032E1D484FF6FF7521D0012EF4
S214022A5027D143F00203CD67D36707234367237C5E
S214022A60E07B01229A400C21302313FB001303F172
S214022A708C4303F520431A6011E0F823DDE743F0A8
S214022A8001034FF6FF70C867D3670C4B05225A67DF
S214022A90E5E743F00503CD67D367012343670B4B96
S214022AA0B8E7CD67D3670023F8E700BF00400E46BD
S214022AB000350A00981C0020122000200000084062
S214022AC0000008440040084400000846004008464B
S214022AD0F8B5064604460FCE1C4F3D460FC5336872
S214022AE02B601B4B1B480822C3F8C8200121EAF7BB
S214022AF08BFE194A00235367A37BE17A1B0443EA41
S214022B000123217A0B4393673B78032B1BD8DFE81C
S214022B1003F01402080E617B207B00230422EBF7ED
S214022B2063FF217CE07B00230422EBF75DFFA17AA2
S214022B30607A01230422EBF757FF084B1878BDE8AA
S214022B40F840FFF73BBF0120F8BD00BF981C0020ED
S214022B5000400E4600350A00000008401220002001
S214022B60044BD3F89430002BBCBF034BC3F8800051
S214022B70704700BF00400840000008404FF0006366
S214022B8018B1034AC2F894307047024AFAE700BF07
S214022B90004008460040084408B5064B06491A6835
S214022BA04FF00450920010F092F9BDE8084000F091
S214022BB0A5BD00BF784D03007C4D030007B501A8F4
S214022BC0ECF7D2FA134B144AC3F8442148F2E672E1
S214022BD0C3F838214FF40862C3F834210F4AC3F809
S214022BE0A0200F4A4AF63F41916002F580424FF01C
S214022BF0C07191620022C3F8FC200A4AC3F89C20E6
S214022C00094B7F225A6203F1007323225A6203B0F1
S214022C105DF804FB00400840C0E653517A27000FD7
S214022C2000300840806D6303003008440F4B0022DA
S214022C3010B5C3F88820C3F88C20C3F890200C4A3D
S214022C400121D1605A6812F0706FFBD14FF0045226
S214022C50DA67012402F5FD52C3F880401A66054B76
S214022C601B689847044BDC6010BD00BF004008405C
S214022C7000400846E00B002000400844034BFD22BB
S214022C80C3F8C8200122C3F8CC20704700400E4685
S214022C9038B5FFF7F3FF1B4B1B481C4C1C4902229E
S214022CA0C3F8C8201B4B1A6842B102EA0005A542C7
S214022CB004BF5D68156008338B42F4D1164B0222BE
S214022CC0C3F8C820154B164AD3F83C111160154AB2
S214022CD0C3F8942000F04AFBFFF770FF124B032262
S214022CE0C3F8D820A3F500530122C3F894204FF46A
S214022CF06072DA604FF04072C3F8F820C3F8102111
S214022D0038BD00BF00400E460000FFFF000008402E
S214022D10B081E00F0080E00F00400E440040084003
S214022D20E40B00200048F0000060084608B5EAF709
S214022D30E1F8044BD3F81031C3F308230133B0FB98
S214022D40F3F008BD00400E4070B5044618B1284D99
S214022D502268531C00D170BDC2F30063110C35F813
S214022D60130011F0FE0F93B243EA0043606818D0D6
S214022D700434CAB2022A216808D9D4E90160033AA7
S214022D80C3E9001698600C340C33F3E704D162688A
S214022D90C3E900120834DBE7012AD9D104341960EA
S214022DA0D6E7120F072AF5D8DFE802F00704090D66
S214022DB01013181DC04303F180631860EAE71A680F
S214022DC042401A60E6E703F1C063F6E70FF0D0FD73
S214022DD0E0E70122824003F1C063F2E7012282406B
S214022DE003F18063EDE71A6830EA0202FBD1D1E70D
S214022DF0424D0300024B0122C3F89420704700BFE5
S214022E0000400846024B0122C3F89420704700BFD8
S214022E1000400844024B4022C3F89420704700BF8B
S214022E2000400844024B4022C3F89420704700BF7B
S214022E300040084608B50C4B1B68D3F8943023B103
S214022E401A68022A01D9186A08BDFFF76FFF074BF6
S214022E501B6D024698B20028F6D0C3F30743D20889
S214022E605343B3FBF0F0EFE7101A0020006008406F
S214022E70064B5B68C3F30363984206D1044A936B1E
S214022E8023F0F00343EA01119163704700400840C3
S214022E90001F00212DE9F0470E460FF053FDDFF824
S214022EA0B090DFF8B0A08046002505F02BFCD9F8DC
S214022EB00430C3F30363012B07460BD1711C1AD0EF
S214022EC00FF040FDA0EB0805384605F01FFCAE42A9
S214022ED0EBD80DE0052BF1D00B2BEFD0023B012BEC
S214022EE00CD9013602D00FF02DFD384605F00EFC47
S214022EF01648BDE8F08705F009FCD6E7DAF8083090
S214022F001A04C3F389140FD4013602D00FF01AFD47
S214022F10384605F0FBFB24B2A4F1C8006FF4FF7339
S214022F209842B8BF1846E4E7731C03D00FF00AFDB8
S214022F30A0EB08056FEA84546FEA9454384605F00D
S214022F40E5FB14F5007FC2D0E6E700BF00FEFFFFF8
S214022F500040084000700840024B012218619A6047
S214022F60704700BF00200840084910B5D1F87031FC
S214022F7040B11C464A68D1F870319C42F9D1C2F37E
S214022F800362027003F00F0010BD00BF004008404D
S214022F90094BD3F8883001F0800103F480030B4319
S214022FA009D1064B4FF400129A61837F1BB1044B82
S214022FB00122C3F8F8207047004008400060084429
S214022FC00060084610B505F09DFB084B1B680446DA
S214022FD03BB1984728B1002200204FF4806100F0F0
S214022FE0BFFC2046BDE8104005F090BBAC1C00209C
S214022FF02DE9F0411F4CDFF89080069F0646A2FBA3
S21402300003502C1960F1000E9C46A0454FF00003B9
S21402301073EB0E0E07D24FF4B4720E211846FEF76B
S21402302069F802201BE00029FBD0C6F3130601EB69
S2140230305C04B4FBFCF4A4FB0646E40C44EA463407
S2140230400D4E34600D4C22600D4A914209D10D4A54
S214023050A5FB025302FB00339B093B600020BDE840
S214023060F081C4040A46E80444EA553103F0FCFB46
S2140230703860F3E700C9E876B01C0020B41C0020D4
S21402308000F049020A3BB2DF0046C32338B5164DAC
S2140230902B780C4623B9154B1B6D03F03F032B70A0
S2140230A0134BD3F894305B051CD5124BB0FBF3F0F0
S2140230B040F24D534343A3F546430C3B584300F5B9
S2140230C0C91000F5556028B940F21B322B21FEF7D5
S2140230D011F801202B78084A5343B3FBF0F3002083
S2140230E0236038BD0220FCE716200020003008408E
S2140230F00040084000366E018096980070B5374C46
S214023100374B256B374C1B682468ED024CBF1B19E6
S2140231101B1BB3F1804F04D8002B3AD1324E1C460B
S2140231200AE0B3FA83F4314EC4F10204E340304DB0
S214023130AB4201D901345B0803EB5605B5FBF6F545
S2140231402C4EB34234BF002601262403013D44EA36
S21402315086242C430C60D8B1B3FBF0F1642400FB48
S21402316011336343984288BF01F1FF3148080138A2
S21402317001390728204D214C4FEA510311D900216D
S21402318029700621C4F894101B0243EA0013136048
S21402319070BDB3FA83F4D4F10204134EC6D50024EC
S2140231A0C5E71029EBD068B1012129700621C4F8C1
S2140231B09410134909780029E6D012490224C1F86E
S2140231C09440E1E7012914BF0121002129704FF044
S2140231D00601C4F89410ECD1D6E700BF00300840D0
S2140231E0B41C0020B01C0020E0673500C0CF6A0087
S2140231F03FBE4025401B5F131320002000400844BA
S2140232001420002000400846084B5B6B03F00700C2
S214023210C3F3C20213F0380F18BF5043C3F382122F
S21402322013F4E07F18BF5043704700BF00300840D9
S214023230034BD3F8380180F01000C0F3001070473B
S21402324000400840174B4FF4002210B5C3F89420F4
S214023250154C164BB0F1804F88BF1C46144BDA6CE7
S214023260D2071DD51B6F134A04F5F42404F5907497
S214023270B4FBF2F4033CE4B203F00703A34202D029
S2140232802046EBF70FFB0C4B1B784BB10B4B4FF466
S2140232907022C3F8942003F100732404C3F8944008
S2140232A010BD00BF00400846E0673500C0CF6A0088
S2140232B000300E4040420F00152000200040084417
S2140232C07FB50446E9F752FE1C4B06462C33586877
S2140232D00093A37922683146FFF78AFE054648BB6B
S2140232E0A379012B14BF164916491022C1F83821BA
S2140232F0206815495843FFF7C9FE03AA02A93046BB
S214023300FFF7FCFE0F4A43F6FF53C2F8A4300C4BFD
S2140233100299C3F8A4104FF4EE611163039A1A637C
S2140233202068FFF78FFF094BA2881A6203F5405305
S21402333000229A63284604B070BD00BF00300840E1
S214023340004008460040084450300840000008404C
S21402335008B5044B01221A70034B1868FFF772FF78
S214023360002008BD15200020B41C0020024B4FF49C
S2140233708062C3F894207047004008460D4BD3F88D
S2140233800421D3F8B030D2B2FF2A03D043F3074366
S214023390591C01D190221923074903EBD37302EB80
S2140233A06302022381F84630232381F8472081F8FE
S2140233B0453070470081E00F001F002140B10368CE
S2140233C0012B05D90069034B002808BF1846704731
S2140233D000487047484D030038B5054614480C4669
S2140233E0FFF7ACFA2DB1C30103EB5503B3FBF5F3BC
S2140233F02360104A5368D80217D40F4B1B68D2F8C2
S214023400A810C3F3810311F4806203F10103C9B269
S21402341018BFDA00FF2906D00649D1F8AC104905D4
S21402342001D502EBC302626038BD0022FBE700BF93
S21402343040420F000000084000200840084B1A686F
S214023440C117A2FB000310F1807002FB013343F1A7
S2140234500003400E40EAC310803820EAE07070474E
S214023460BC1C0020174B072270B5C3F88420FFF758
S2140234705DFC154B154A164EC408010B0546E005C1
S214023480C01841F10001002303F0EEF9114B186059
S2140234904EF66020FFF7D2FF4042C6F89C000E4868
S2140234A0FFF74CFA024658B1E301500818184FEAE3
S2140234B015714FF0000341F1000103F0D5F9706772
S2140234C070BD00BF00400840B2E60E0065CD1D008C
S2140234D0001F0021BC1C002040420F002DE9F843CB
S2140234E0054608469846FFF769FF16460746002D2A
S2140234F000F0A98018F0050F5DD02C69002C00F0B2
S214023500A480FEF767FE4FF47A735C43201A7B684A
S214023510A0F6AC50C01AFFF791FFAC8B3062002CBD
S21402352000F09680FEF756FE4FF47A735C43201A3C
S2140235307B68A0F6AC50C01AFFF780FF70614A4B5A
S214023540EC68D3F80090002C00F08580FEF742FE6F
S2140235504FF47A735C43241A7B68A4F6AC54E41ADC
S2140235603B68E41A414B1A68E117A2FB044314F1C4
S214023570807402FB013343F10003640E44EAC31471
S214023580803C3B4BB4613B4CD3F88430F3612368F8
S2140235904BB148460FF08EFB28B12368D9F8480095
S2140235A0324639469847AC69FEF714FE0146204675
S2140235B00FF03FFAF06218F0020F29D06B684FF452
S2140235C07A7058435BB13B6803F51C5310331844BA
S2140235D0AB7F002B46F2A81308BF00231844FFF760
S2140235E02DFF6B69B062002B38D078684FF47A7280
S2140235F002FB0300AB7FA0F50350002BA0F11000E6
S21402360046F2A81308BF0023C01AFFF717FF70621E
S21402361018F0040F17D0A86818B34FF47A735843FB
S214023620A0F503501038FFF709FFF0602B684FF43F
S2140236307A70584323B13B6803F51C531033184481
S214023640FFF7FCFE3061BDE8F8834CF2503062E7CB
S2140236504CF2503070E74CF2503483E747F2305069
S214023660D3E747F23050DEE7101A0020BC1C0020D9
S214023670001F0021B81C0020064BD86DDB69C0F382
S214023680011203F01F03000C02FB00000133184472
S214023690704700BF0060084010B508461C460FF091
S2140236A058F9094B0246D3F8F800FFF787FE03687D
S2140236B0A018002B054AA8BF4FF4FA721A44044B0E
S2140236C092FBF3F2104410BD001F00210CFEFFFF18
S2140236D018FCFFFF074BD3F8D8304FF604014FF61D
S2140236E005029BB28B4208BF1346034A012093652C
S2140236F0704700BF0081E00F0050084070B5194CBB
S2140237000FCC86B001AD0FC5C822236816482B60C1
S21402371000210FF0D1FB7C22002114480FF0CCFBD5
S214023720134B144AC3F8F020FFF728FE124B1B78FF
S2140237302BB101AD0FCD0B4E0FC62B6823600F4B7E
S2140237400F4AC3F8DC2F0F4AC3F8E02F0E4AC3F81D
S214023750E42F02F1957202F27112C3F8E82F06B056
S21402376070BD00BFC81F0021381F0021BC1E0021EB
S214023770001F00213F0037000A2000200010002111
S2140237800200620209C805780708DC060A4B1978A7
S21402379001F0FF0229B10021197008499202C1F80E
S2140237A0A020597801F0FF0229B100215970930236
S2140237B0024AC2F8A43070471720002000000846CC
S2140237C0074BD3F8E40E074BD3F88C301A0103D418
S2140237D0054B1B6E1B0401D500F58070704700BFB9
S2140237E000100021004008400000084008B504F020
S2140237F089FF0F4B1A78B2B90E4A126812F4843F48
S21402380011D10D4A1021C2F894101B786BB9094BDE
S2140238101B68DB0509D4084B2022C3F89420BDE8B8
S214023820084004F073BF054AECE7044BF4E700BF18
S2140238301B200020680F0020004008440040084675
S21402384010B504F05FFF0E2104460320FFF710FBBD
S214023850044B40F2012220465A62BDE8104004F0B2
S21402386055BF00BF00000840044B00221A70044BEC
S214023870197811B11A70FFF7B9BF70471A200020E5
S2140238801B20002008B504F03DFF244B4FF0805269
S214023890C3F88020BFF34F8FBFF36F8F4FF4807251
S2140238A0C3F88020BFF34F8FBFF36F8F0222C3F897
S2140238B08020BFF34F8FBFF36F8F1022C3F8802094
S2140238C0BFF34F8FBFF36F8F2022C3F88020BFF362
S2140238D04F8FBFF36F8F4FF00052C3F88020BFF3B5
S2140238E04F8FBFF36F8F8022C3F88020BFF34F8FB6
S2140238F0BFF36F8F4022C3F88020BFF34F8FBFF312
S2140239006F8F4FF00042C3F88020BFF34F8FBFF394
S2140239106F8FBDE8084004F0F9BE00BF00E100E08A
S21402392008B504F0EFFE0D4B4FF080521A604FF4CC
S21402393080721A6002221A60002283F80123102283
S2140239401A6020221A604FF000521A6080221A6013
S21402395040221A60BDE8084004F0D8BE00E100E04C
S21402396070B5084C01232370074B1E68074BD3E93A
S214023970005332401940284001F0F4F90023237026
S21402398070BD00BF19200020C41C0020680F002054
S2140239902DE9F047DDF820A003EA0108099B064658
S2140239A00D4602EA000703EA0A09BAF1000F40F0E0
S2140239B04981031F0B4300F00F81052871F10003B4
S2140239C080F0E38050EA010300F05C81431E0B4363
S2140239D000F01D81FFF756FFAB4AD2E9004323EA07
S2140239E0050324EA06043C4343EA0807A74BA84D0E
S2140239F01E68DFF8EC8226EA0A0646EA09061E6018
S214023A00C2E90047FFF7F2FE14F02A4F14BF48F24D
S214023A1002034FF40043B0079E48C26E48BF43F409
S214023A20005383EA020122EA0302EA669A4A8166A0
S214023A300B40D366C4F380421203210348BF42F40C
S214023A408072E30648BF42F40052A50648BF42F41D
S214023A50007260069148924DD0F80C3248BF42F48C
S214023A608062210648BF42F4006282EA030123EA2A
S214023A700203C5F80C328B4BC0F808120A40C7F393
S214023A804025AD04C3F80C22E20448BF45F4803555
S214023A90A30348BF45F48015A00748BF45F40015A8
S214023AA014F4001F06D0D8F800000FF032F908B957
S214023AB045F40025E1027C497C4848BF45F40035C0
S214023AC0FA0648BF45F480050A6A730748BF45F000
S214023AD0040585EA020323F001031A4002621D4030
S214023AE0CB61734B73481D62734B744A16F0010F19
S214023AF018BF1A46836E7D0748BF42F40012704D07
S214023B0082EA030123EA0203AB666E4B41660A4071
S214023B1000F500509A66C16B04F0010305F50055E6
S214023B2081EA030221EA0301E96382631A40664BD3
S214023B30DA63D8F80020200248BF644B92F8E920E6
S214023B4058BF634B610748BF43F4806322B114F445
S214023B50C06F18BF43F480735E485F4CD0F8EC1019
S214023B60320748BF43F0004383EA010222F4A02250
S214023B701140C4F8EC101340C0F8E820574ABDE8DC
S214023B80F047C2F8EC30FFF7CBBEA0F580630B43DC
S214023B9006D020F48063A3F500730B437FF41AAFBC
S214023BA004F0B0FD3849D1E9003223EA060322EADE
S214023BB0050242EA08023B43C1E90032484A12685B
S214023BC092F8E9200AB313F4C06F1ED0434B4FF4A9
S214023BD08072C3F8EC2014E004F094FD2A4AD2E97D
S214023BE0003123F004033B4341EA080157EA080781
S214023BF0C2E9003114BF394A374A4FF48063C2F82B
S214023C00EC30BDE8F04704F081BD334BDFE704F04B
S214023C1079FD1D4AD2E9003123F001033B4341EA14
S214023C200801C2E900312F4A57EA08074FF001039C
S214023C3015BF93632C4902F1C062CB6314BFD363F2
S214023C409363DEE750EA01037FF4C4AEBAF1010FD4
S214023C507FF4C0AE04F056FD0C4A136823F001034D
S214023C6043EA09031360134A4FF48063B9F1000F65
S214023C7004D0536602F1C0629366C2E710498B66AF
S214023C805366BEE7BDE8F087680F0020C41C00201C
S214023C900000084400000840000008460060084093
S214023CA0006008440060084600400840004008449F
S214023CB00040084600500840041C500004185000FB
S214023CC00050084400500846007008460D0A0A09CB
S214023CD0090A0A09001008400010084400100846A5
S214023CE0101A00200070084000700844024B586802
S214023CF0C0F3C000704700BF680F0020024B186870
S214023D0000F00100704700BF680F0020024B5868A1
S214023D10C0F3C030704700BF680F002010B50446DD
S214023D20FEF7B6FFFFF7AEFD04F14C00FDF79CFE72
S214023D30FEF77CFFFEF7D0FBFEF73CFCFFF792FB9C
S214023D401049114AD1F8F810072304F1A400FFF72E
S214023D50C5FB4FF440010020FEF794FD4FF400111E
S214023D600120FEF78FFDFFF7B5FC20B940F2E722EF
S214023D701421FDF7BFF9FFF7EBFABDE8104001206A
S214023D80FEF71CBE001F00216C1F0021084B80227C
S214023D90C3F8882003F17E430822C3F88820054A28
S214023DA0D2F8BC3E23F02003C2F8BC3E704700BFE8
S214023DB0004008460010002108B504F0A3FCFFF7F7
S214023DC0E5FF034B01229A60BDE8084004F09EBC62
S214023DD000400840F0B583B00646144602F0C2F82A
S214023DE0002800F09B80514BDD6815F0060540F078
S214023DF0958004F087FC23790095022B07463ED176
S214023E00237B022B35D00320FEF732FD18B9484B30
S214023E105B685B047FD5A37B257B4649A26801923B
S214023E20003B18BF0123012D0B705DD0424A434C64
S214023E30002313702278002A61D13C4E0420FEF73C
S214023E40EDFBF36E23F0F85323F4F81343F05063BC
S214023E5043F48033F3662A46022301A90420FEF7C0
S214023E60FBFB002852D0364B012130222170C3F8CA
S214023E709420384604F04AFC002003B0F0BD03202C
S214023E80FEF7F6FC002846D12279D6F8AC30012A95
S214023E90226838D0D51A254B2A4A0095DA660022BF
S214023EA01A67627B284B002A0CBF012200221A7076
S214023EB0264B264AD3F8BC3E0CBF43F0200323F021
S214023EC02003C2F8BC3E0320FEF7A8FB174B204A8D
S214023ED0DA662279012369460320FEF7BDFBF8B1B4
S214023EE01C4B01221A708BE72379022B9ED0009B73
S214023EF0D6F8AC100B4413440025019396E72370C2
S214023F00FFF774FC99E79A42C5D3C3E70320FEF78E
S214023F1085FB0C4BF366384604F0F8FB0320ACE74F
S214023F20384604F0F3FB0120A7E700BF0050084024
S214023F30004008401D2000201A2000201B200020E0
S214023F4000400846000001011C200020001000214D
S214023F50010C01001E2000202DE9F3410D46074604
S214023F6004F0D0FB1B4BDFF8788000241C70FFF7B0
S214023F700DFF194BC8F86C30C8F8704006466879D1
S214023F80431E5842584101F08DFC40F60143C8F8E2
S214023F9070302A792968D7F8B430012A01D19942BB
S214023FA000D3CC1A04230DEB030103200194FEF781
S214023FB053FB50B9094B88223046C3F8882004F0D8
S214023FC0A5FB012002B0BDE8F081304604F09EFB5E
S214023FD00020F7E71E2000200000010100400844F0
S214023FE000500840F8B5194C05462078B0FA80F023
S214023FF040F206423E214009FDF77CF855B960784A
S214024000B0FA80F0BDE8F84040F206423E21400990
S214024010FDF770B80E4F0F4DD7F8A0304FF440663C
S214024020C3F381232370C5F8A0606078B0FA80F0ED
S21402403040F206423E214009FDF75CF8D7F8A4306C
S214024040C3F381236370C5F8A460F8BD172000206F
S2140240500000084000000844F8B50B4C0B4DD4F89D
S21402406088300B4F0423C5F88830D4F888305B03B9
S21402407000D4F8BD0426C7F8886002200EF078FC4B
S214024080C5F88860F1E700BF0040084000400846D7
S214024090004008441C4B70B5D3F888601B4D03F1F2
S2140240A08063A822C3F8882010221A60184A194B87
S2140240B093666B66FFF76AFB174B1B7813B90320F0
S2140240C0FEF7ACFA00242C67FFF7C6FF134A144B20
S2140240D0D2F8E41E0B40C2F8E43E124B0422C3F8A8
S2140240E08820114BB206C3F8C44008D503F5807386
S2140240F09B6CB3F5817F22BF034B80229A60BDE89A
S214024100704001F0C9BD00BF0040084000500840A2
S21402411000500844100000021E200020001000215B
S214024120DF0000FF00400844001E002110B549B918
S21402413018B3144A53681B0E13F00E0F1DD11368E2
S2140241409A061AD4FFF77CFB0E4C0020FEF70CFFF3
S214024150032801D0092806D1D4F88C30DB03F4D426
S214024160636F0C2BF1D9FFF777FF074B0122DA605A
S21402417003F17E430422C3F88820044B4FF4C06246
S2140241805A6210BD004008400040084600600844DD
S21402419008B503210920FEF76BFE024B20229A6027
S2140241A008BD00BF0040084038B5054604F0AAFA2C
S2140241B00446FDF715FC35B1FFF756FB2046BDE871
S2140241C0384004F0A3BA084B1B78002BF6D0074BF6
S2140241D01D78002DF2D1FFF747FB2A464FF48040A8
S2140241E00021FFF7BDFBE9E71A2000201920002076
S2140241F02DE9F84F564B0646D3F888300D4614463E
S214024200002A40F0A28013F0A00F14BF4FF001095D
S2140242104FF00009DFF854814E4F01F03DFDA02318
S214024220C8F888300320FEF7F9F90420FEF7F6F9FD
S2140242304FF0000AFFF718FB474BFB66C7F870A063
S214024240FFF70AFF454BD3F8BC2E42F02002C3F814
S214024250BC2EFF22C8F800203D4A4FF480719160C0
S214024260D3F8E42E3E494FF0040B1140C3F8E41E87
S214024270C8F888B0C3F8C4AEFB6813F0060F04D0C3
S214024280FEF73EFB5846FEF7C9F9B9F1000F08D013
S214024290344B4FF40062C3F88820334B4FF400428D
S2140242A05A6666B1304B5B6C180701D4FFF7C8FA42
S2140242B0FFF76EFF0420FEF7B1F9FFF767FA244B0B
S2140242C0DA68D1073FD55A6812F0706FFBD1274BD8
S2140242D0274AC3F88820274A936B23F0F003936398
S2140242E015B12046FFF760FF234BD3F8B4305A1CB3
S2140242F001D05B0002D51D4B0122DA601CB31A4BBB
S214024300DA6E9A66124A136A23F00103D3611B4BD4
S214024310D3F80C22C3F80822A3F54053DA6F9A6743
S214024320A3F50053D3F8EC20C3F8E82003F5C04306
S214024330DA6B9A63A3F50053114A5A660B4B4FF693
S2140243400842C3F88820BDE8F88F4FF0000961E7FD
S2140243500040084000500840000001010010002103
S214024360DF0000FF00400846000008400040084406
S21402437010003000001F00210081E00F006008409E
S2140243805000F0029A4B196EDA6E2DE9F04F01EAF0
S2140243900209C3F8689003F5805385B0D3F8E0604D
S2140243A0D3F8EC201640C3F8E86003F5A043D3F830
S2140243B00012D3F80C2201EA020AC3F808A2A3F5F7
S2140243C0005359691A6A01EA02088A4A08EA02028E
S2140243D0DA61894BD3F80022910006D4D3F8003173
S2140243E09A00C3F3407740F1E18004F08BF9834BE7
S2140243F0DA68DF6D12F0060F9A6E07EA020727F4F4
S214024400800222F4006214BF4FF0010B4FF0000B43
S2140244105A667B0704D57A4A537D0133DBB253755D
S21402442004F074F9B9F1000F00F0DF8019F40044CB
S21402443027D004F067F90146FFF7C2F96F4D04462C
S214024440AA69AB699A42FCD0AA699342FCD0FFF7EC
S214024450B7F9A04240F0AC80084604F057F9694B21
S2140244601C60694BD3F8885015F4E05240F0A280E5
S21402447024F07F4424F0DF040CB9FFF70BFE4FF064
S214024480807419F0020F4FF0000516D05E4B5F499C
S214024490D3F8883003F46042C1F88820002A00F07E
S2140244A09E801D0400F19E8013F4005F0CBF4FF047
S2140244B000534FF000631C430025C9F340394FEA0E
S2140244C04909534B3340002B4AD016F4206F0AD0CA
S2140244D040F60F0206210020FCF70CFE0020FFF734
S2140244E063FE26F48026F00506D5484BFF221A60A6
S2140244F044F4C064FFF7A4F916F0090F0AD040F698
S214024500240208210020FCF7F5FDFFF741FE414B8F
S21402451001229A6216F0106F0CD040F62D02092185
S2140245200020FCF7E7FDFFF733FE00221146104697
S214024530FDF72EFA16F4202F0AD040F63502072190
S2140245400020FCF7D7FD0020FFF72EFE26F480267B
S214024550F10301D5FDF76CFB002EB8BF49F0080940
S21402456072070DD52B4B5B6A13F4005F14BF2A4A01
S2140245702A4A4FF400531ABF536244F400045362AB
S214024580730548BF44F0040416F4802600F0AA809F
S214024590FDF718FB0138062842D8DFE810F02101A3
S2140245A02401210127012A012D012D01BB4639E7ED
S2140245B0044645E70192FFF76DFD144B019AC3F8D6
S2140245C0882015F4805307D115F4806F0CBF4FF086
S2140245D080544FF0806454E74FF0804451E74FF028
S2140245E0007368E74FF0004365E74C464D4668E7C0
S2140245F0000008400000F7FF00E100E0005008401D
S214024600C81C0020C01C002000400840004008448F
S214024610090B0B89001008400010084400100846D9
S21402462040F6660203210020FCF764FD7C4A136E06
S214024630D2F8800003F007030633012101FA03F3E0
S214024640C0F30C001B1A9BB2072B13D9754BD3F879
S214024650883058020ED47448136B126DC06C58B171
S21402466003F0070306339940C2F30C03C91A89B252
S214024670072901D844F400746C4B1B78002B31D008
S214024680674BD3F8E03013F4A02F2BD1684B694A5E
S2140246901B7893B9FB0410D4137873B1E308664908
S2140246A043EA457383F00103D1F8E41E03F00103E5
S2140246B05B0021FA03F3980714D10420FDF7AEFF3E
S2140246C05E4B5F49D966FFF7CFF85A4A13782BB983
S2140246D05C4B5D4A1B682340134201D144F480447C
S2140246E027F48057BAF1000F1DD01AF4805F18BF66
S2140246F044F480241AF4807F18BF44F400241AF489
S214024700005F18BF44F010041AF4007F18BF44F08C
S21402471020041AF4806F18BF44F040041AF4006FA5
S21402472018BF44F08004B8F1000F3BD018F4802F75
S21402473018BF45F4007518F4803F18BF44F480543F
S21402474018F4801F18BF44F4003418F4001F18BF72
S21402475044F0020418F4003F18BF44F4801418F41E
S214024760800F18BF45F0100518F4002F1AD0324BF0
S214024770D3F8BC3E13F0C00F14D02A4B5A68C2F3CB
S2140247800362032A01D0072A07D1D3F88C20D10668
S21402479003D4D3F89020120731D54FF40022DA6101
S2140247A028F40028002F00F00D81380540F18180A2
S2140247B0264ADFF888A0D378002B4DD0013B4FF471
S2140247C00061DBB2CAF86410D37033B9204B1B7891
S2140247D0C3B1204B40F60142DA660023002266E0AF
S2140247E044F4803422E744F400641FE744F480640F
S2140247F01CE744F4807419E744F0080416E744F40E
S2140248000014CFE7DAF8703013F4A05F15BF4FF448
S214024810807340F60143CAF85030CAF87030DCE7BD
S2140248200010084000400840000008401B200020FE
S2140248301A2000201C2000200010002100500840F2
S21402484000000101680F0020088D01000D200020E5
S2140248501E200020005008460320FDF7DFFEDAF88F
S2140248600C30A848A84913F0060F02BFA74B41F622
S2140248701F72DA664FF40063CAF86430DAF80C3056
S21402488013F0060308BFCAF87030C38A13F4006236
S21402489060D023F40063C3820B7803F0FF0A002B78
S2140248A05CD1FEF72DF8FFF7F5FB534620221C439A
S2140248B01543B9010BD52E20FEF752F9934A4FF055
S2140248C00073936602F17C4245F008055366FA06C9
S2140248D008D52B20FEF744F98C4A1023936602F182
S2140248E07C42536617F4E00F05D1FB045ED5BBF19C
S2140248F0000F00F0AC80B80210D52920FEF730F980
S214024900FFF7F4F940B18249824A834B53668B66BD
S21402491082494968490424D445F0040517F4800BFB
S214024920DFF8F0A129D00420FDF778FE2720FEF755
S21402493017F9FFF7AFFB4FF48003CAF86430784BE1
S214024940D3F8E42E50067CD4764B02221A6045F049
S214024950020528E00B784FF40053A8E74FF4004313
S2140249603CE76A4920208B665366FEF7F9F82D204D
S21402497045F00C05FEF7F4F8D0E7FA024CD5042011
S214024980FDF74CFE2820FEF7EBF8DAF87030002B25
S2140249903FD1FFF77FFB5D4A5F4B936602F17C4295
S2140249A045F0010553665B4B00221A657B0509D567
S2140249B05D4A9378002B00F09880013B93700023A9
S2140249C049EA03094A4620462946FEF7C9FF0EB1C0
S2140249D0FDF720F918F4002F00F08C804F4B4FF4AF
S2140249E00022DA6118F0206F00F0888018F0007F4D
S2140249F001D0FDF7C1FB18F0006F01D0FDF7D8FB20
S214024A00002200204FF4006105B0BDE8F04FFEF72B
S214024A10A7BFCAF870B0BEE7FB04C4D50420FDF7F2
S214024A20FDFD424BCAF86C30FDF76AFFDAF85C30DF
S214024A3013F4A00FB7D12A20FEF792F8FFF72AFB4D
S214024A407DE7D3F8BC3E990681D4394B7DE7364ADA
S214024A5013794BB1013BDBB2137113B92C4B354AB8
S214024A60DA6600231C43A1E70420FDF7D7FD0320E6
S214024A70FDF7D4FD274B2D4ADA6603F043FE824645
S214024A800DF10F00FEF770FA2B4B1B7883460BB125
S214024A90FEF7D6FEBBF1030F0ED1DFF880B0002082
S214024AA0FEF762FA032807D1DBF88C30DA03F6D475
S214024AB0DBF874300C2BF2D99DF80F30032B06D19D
S214024AC01E4B012250461A7003F020FEC9E71C4B0B
S214024AD0D3F8E03013F4A02FF2D1FEF7C5FE50460D
S214024AE003F014FE4FF48043BCE70220FDF796FD68
S214024AF0012365E7B8F1000F7FF474AF05B0BDE897
S214024B00F08F00BFC81C00201E2000200050084462
S214024B1000500846005008401000000200400840BE
S214024B2000100021004008440D2000200000010172
S214024B30004008460000010D1D2000201A2000201B
S214024B4000100840014B1B68184700BFF40B0020FA
S214024B50034A0123136202F17C42D361704700BF0D
S214024B60004008440B4B10B55C691A6A1440A2B2A6
S214024B70DA61E20704D55868C0F30360FFF7E8FF7E
S214024B80630706D5BDE81040042200200021FEF788
S214024B90E7BE10BD004008400C4A08B5136BD16B47
S214024BA00B409363DB070FD5094B187840F6AC220F
S214024BB0122100F00100FCF79DFABDE80840002231
S214024BC001200021FEF7CCBE08BD00BF00700840E1
S214024BD0680F0020044BDA6FD207FCD41A6FD96F25
S214024BE00A409A67704700BF0030084070B50D460D
S214024BF0144603F087FD064BD3F8BC6E74402C4077
S214024C007440C3F8BC4E03F081FD06EA050070BD91
S214024C1000100021034BD3F8BC3E99430CBF012081
S214024C20002070470010002109490A4AD1F8EC001A
S214024C3010B504230124C2F8EC308C624FF4005104
S214024C405162410744BF02F10072C2F8EC3010BD57
S214024C50001008400010084437B5204D0C4641B9F4
S214024C600A460721FFF7C2FF1D4B2C635C6003B0A8
S214024C7030BD07221146FFF7B9FF1A4B07225A60CA
S214024C80237985F8303063790193012101A80EF06B
S214024C9062F8019BC2B2D34000F00F0040EA031054
S214024CA085F83100A27985F83220E27985F833203A
S214024CB02068686383B1028801218B4205D8237974
S214024CC0013B1344084A9361D1E730F81150AA42D7
S214024CD028BF2A460131F0E71A46F0E7001F0021F6
S214024CE0301F0021000008440000084010B5054CA3
S214024CF0237823B101F0D0FB0020207010BD0320E2
S214024D00FCE700BF2020002008B501F0AFFB024BF5
S214024D1001221A70002008BD20200020431C07D064
S214024D20044B6FF0FF029A6103F100731040986122
S214024D30704700BF0070084400F01803182B0AD012
S214024D4003070AD410F0100040F2011318BF1846E9
S214024D50034BD86470470020FAE70120F8E700BF4B
S214024D60001F0021344B2DE9F7431E6801F4007939
S214024D7000F00103174653EA090205460C462ED0F8
S214024D804FF0000803B30023002201200021CDE9E2
S214024D900088FEF7FDFD41463046FEF77BF84146A9
S214024DA070830120FBF7FCFF716B06F1A400FEF78F
S214024DB0EFF822490868FFF7B1FF4FF0FF330B60A8
S214024DC0337C43F004033374B9F1000F07D001219A
S214024DD030460DF0C8FB24F4007405430C43D6E9B4
S214024DE03E232A40234052EA030103D014493046A8
S214024DF009688847FB070FD51249134A08681368E3
S214024E0000211160114A0121117003B19847104B1D
S214024E1000215B680220984717F00E0F08D040F278
S214024E20F3123B21002003B0BDE8F043FCF762B961
S214024E3003B0BDE8F08300BF101A0020F80B002074
S214024E40FC0B0020F01C0020F41C00202220002076
S214024E50D40B0020F7B50446D4E93EC71046DDE978
S214024E6008268CEA020587EA06010540194085EA0B
S214024E700C057940C4E93E5123F4004106EA0103D9
S214024E8020F00100002543F40073024043F00203C1
S214024E90CDE90055FEF77CFD237C9A0717D5D4F89A
S214024EA0FC309B0513D54FF4881120460DF05BFBB2
S214024EB0237C65F341032374D4E93E2302400B406E
S214024EC052EA030103D003492046096888470020B6
S214024ED003B0F0BDFC0B002038B10368044A002B77
S214024EE008BF1346034A13607047014BFAE700BF38
S214024EF05B2A0300FC0B0020024B986B00F00F00AD
S214024F00704700BF001F00210F2938B505460C4622
S214024F100ED801F043F801280CD1074A936B23F010
S214024F200F032343936328460DF0C7FE002038BDC7
S214024F300120FCE70220FAE7001F0021014BD86B94
S214024F40704700BF001F0021014B0020D963704745
S214024F50001F002103282DE9F7434CD8274B13F8EE
S214024F600080274B1E5C274B13F8009003F0CAFB09
S214024F700746FEF7C3FE054640B10023CDE90033DF
S214024F800022002301200021FEF702FDFEF7BEFEEE
S214024F9048B10023CDE900330022002300204FF45D
S214024FA00041FEF7F5FC26B3174B5C6C04F00804D0
S214024FB0164B31465C644046FFF7B8F84A4631461F
S214024FC04046FFF715F9124B5C6465B1114B186841
S214024FD0416BA430FDF7DCFF0F490868FFF79EFE21
S214024FE04FF0FF330B60384603B0BDE8F04303F0E2
S214024FF08DBB3446DCE703B0BDE8F083584D0300B2
S214025000544D0300504D03000000084000000844C1
S21402501000000846101A0020F80B0020104AD2F8AA
S214025020883013F0A00F16D1D2F88C0010F00400CE
S21402503013D10C4BD3F8E43E23F07F4323F0FF0357
S2140250405BB15368C3F30362092A07D0B2F10C00BE
S21402505018BF01207047002070470120704700BF2C
S214025060004008400010002170B50D4616460BB1F0
S214025070FFF7DAFD0A480368026A03F007030633FD
S21402508001249C40C2F30C03E41AA4B2B44228BF23
S214025090344622462946FCF725FC204670BD00BF52
S2140250A00010084070B50D46064620B9194B1B681D
S2140250B0A3B1032011E000F071FF012828D1164B9E
S2140250C093F90040C4F11C04641BC4F11C03002BBA
S2140250D0B8BF5B42232B0CDD012070BD81EAE17371
S2140250E0A3EBE173DBB2232BF6D80B4B197000202F
S2140250F0F3E7B57403F006FB084A5369E40223F4A7
S214025100FF2304F4FF241C43546103F0FFFAEEE786
S2140251100220E2E7101A00201F200020007008403C
S21402512090F8C23053B9074BDA69920208D49B6FE3
S21402513013F4706F14BF01200020704700207047E0
S2140251400120704700600840F8B5436B02EA01058B
S21402515023EA01032B434363344A01F00B030C4654
S21402516023EA0501516402F100722B4061070646EC
S214025170536411D50121FFF7D3FF68B1FEF76CFF28
S21402518015F0040F14BF2A4A2A4A4FF40073D3615B
S214025190294B0422C3F88820E20606D515F0100F24
S2140251A0264B14BF00221B22DA6423061DD52F06C7
S2140251B016D51F4B4FF400129A6103F17E4301226B
S2140251C0C3F8F82003F09EFA0E2107460320FDF7E7
S2140251D04FFE1A4B40F201225A62384603F096FA04
S2140251E0294606F1A400FDF7D3FEE00503D5E9053E
S2140251F016D5FDF707FEA20503D5AB0513D5FDF7B9
S21402520011FE14F0600F09D0D6F8941030460DF057
S21402521025FC0B4B98640B4B80229A600020F8BD4D
S214025220FDF7E8FDE7E7FDF7F5FDEAE700000844CD
S2140252300060084600600844004008440000084039
S214025240001F002100400840014B1868704700BF4D
S214025250EC1C002037B5012300240022CDE90034DF
S214025260002310461946FEF793FB0220FDF7D6F9F7
S214025270054D064B21461C6002206B6898472B683A
S21402528003B0BDE830401847D40B0020F41C0020C1
S2140252902DE9FF41022903900C461546984605D192
S2140252A0FFF7D8FF002004B0BDE8F081194E03F0E6
S2140252B029FA336807463BB1AB4205D003F026FA1B
S2140252C0002333600120EEE7134B3560C3F80080FD
S2140252D001230022CDE90033002310461946FEF7CB
S2140252E057FB0E4B002502201D70FDF797F922464C
S2140252F02B4603A90220FDF7AFF9094B039A1A6061
S214025300084B1B6804469847384603F0FFF9002C02
S214025310C8D1D5E7F41C0020F01C00202220002073
S214025320EC1C0020D40B0020044BDB6D5B055ABF3F
S214025330034B1878012000F0010070470050084027
S21402534022200020014B98690DF01FBB0060084028
S214025350014B98690DF02FBB0060084070B50E46F1
S21402536003F0D0F9054600F03DFE044620B128467B
S21402537003F0CCF9204670BDFEF76EFE114B327874
S214025380D3F8E43E022A23F0F00316D0101F42425E
S2140253904241520043EA02137278022A0FD0111FCA
S2140253A04A424A41520043EA8213064AC2F8E43E9F
S2140253B0054B0422C3F88820D9E70122EAE7012236
S2140253C0F1E700BF001000210040084470B50E4609
S2140253D003F098F9054600F01DFE044620B1284663
S2140253E003F094F9204670BDFEF736FE104B327875
S2140253F0D3F8E43E022A23F00F0315D0101F4242D0
S2140254004241520013437278022A0FD0111F4A42B9
S2140254104A41520043EA8203054AC2F8E43E054B7B
S2140254200422C3F88820DAE70122EBE70122F1E73B
S2140254300010002100400844F8B50E7890F8D070AD
S214025440044630460D46FCF7E5FC002844D094F8A6
S214025450D030B34208D1AA88636C9A4204D16A88D3
S214025460B4F8D2309A4235D084F8D060AB88A4F82B
S214025470D4306B88A4F8D230AB886364FF2363759C
S21402548030460DF026FA04F1D00520752846FCF7C2
S214025490A5FF10BB2846FCF7B3FCF0B9D4F8903051
S2140254A053B194F8D010B94206D0B3F91220204670
S2140254B0E9F712FF84F8D9002046FCF791FE094965
S2140254C0A4F8D400084AD1F8F810012304F1A40085
S2140254D0FEF704F80020F8BD01200E2384F8D03031
S2140254E0F9E700BF001F00216C1F002170B50546BA
S2140254F090F8D0000E280C461DD0FF291DD01AB1F8
S2140255000F4B4FF0FF321A600DF0E3F9064695F89E
S214025510D000FCF729FD844228BF0446E4B2B44218
S21402552038BF3446E0B26875FCF7BAFDA0F1FF0357
S2140255305842584170BD0220FCE70120FAE700BF3E
S214025540DC0B0020C36B012B01D10020704770B525
S214025550364BD0F89060D3F8F830C0F8943086B066
S2140255603146058B04460DF04BFAB3898DF80600DA
S214025570D6E90121EB1A9BB201FB03226846002101
S214025580ADF804300092FDF79BFE38B9284B228B0B
S214025590DA63FCF7F1FE20B106B070BD022006B059
S2140255A070BD227C60F3410222740DF0ECF9D4F84F
S2140255B090305969431EDBB209680291FD2B024600
S2140255C00BD9CD1C09D91B4B01311B680CD0D81C3A
S2140255D007D802A92046029301E002A920460DF050
S2140255E04EF9002006B070BDD91C04D802A9204688
S2140255F002930DF044F9D4F8FC309B0504D4237CC6
S21402560043F002032374ECE74FF4803120460CF09B
S214025610AAFFD4E93E2302400B4052EA0301E0D03F
S2140256200549204609688847DBE700BF001F0021BE
S21402563000300840E40B0020FC0B002038B590F840
S214025640DC400546ACB103F05DF80A4B1F22DA6176
S214025650013C03F100731440DC6103F17A43D5F890
S214025660E0201A66D5F8E4205A66BDE8384003F012
S2140256704DB838BD006008442DE9F74F064615467A
S214025680084619B9012003B0BDE8F08F002AF9D008
S214025690032904D80021FCF7DFFA0028F2D082782A
S2140256A00488037990F805B0C788B0F9000000288E
S2140256B002F00701C0F2D180A1F1070CDCF1000074
S2140256C040EB0C00052928738CBFC2F300100020A3
S2140256D0C2F3801C6873900985F810C000F00200BF
S2140256E0C2F3C00C40EA0C00C2F340126874AA74FB
S2140256F0AF820BB996F8CA30013BDBB2EB74736B20
S214025700D80600F196800639012900F29280544BA1
S214025710DB6C544B5A6B1B6B03F0070306334FF0DC
S214025720010909FA03F909F1FF39083C42F0005869
S21402573004EA0904002318F804A0AB60013404EA62
S2140257400904631D03EA09035A1C02EA090218F84F
S214025750037018F80220BAF1800F47EA0227727C1B
S21402576018BFAAF1320A3BB214BF4FFA8AFA6FF098
S2140257707F0AC7F30B079AB30020D6F89C300BB10A
S21402578051469847631C03EA0903E87385F80EA09E
S21402579018F80310013303EA090318F8032001334B
S2140257A003EA090341EA022118F80320013303EA57
S2140257B0090341EA024118F803006A7C002341EA21
S2140257C000613046FDF768FF2860737C042B03D126
S2140257D0022FDCBF013028600423AB71002052E7A1
S2140257E0D90422D5D6F894209AB11368022B10D980
S2140257F092F82400FB0008B1B3FBF0F39B45BBD83C
S214025800002BB9D0CBEB0B20B0FBF3F0C043C0B2F9
S214025810B3E730460DF060F9019030460DF04CF9D2
S214025820019BB3FBF0F0C0B2E4E718F804004000B6
S214025830EDE70023EB730C4BDA68C2F3072312047E
S21402584048BF63F0FF035AB212F1800F1CBF323B0F
S2140258505AB20023AA732B60BFE7022013E700BFE9
S21402586000000840001008400070084070B50A4B5F
S2140258700A4DD3F8EC604FF48064C5F8EC40002083
S214025880FEF792FC4FF400536B65730544BF044B5E
S214025890C3F8EC4070BD00BF00100840001008447A
S2140258A000100846082318B1024AC2F8883070472A
S2140258B0014AFAE70040084600400844F8B50446A4
S2140258C00E4641B9037C5A0641BF4FF6FF7261F39A
S2140258D08613828303743C4BD4F894701B680BB116
S2140258E020469847394BA18BD3F8842012F4E05F08
S2140258F004BF2022C3F810224FF6FF73994204D049
S214025900334B1B680BB120469847324DD4F894109F
S2140259102A68914207D020460DF0A0F82E4B9864D4
S2140259202E4B80209860974245D02D4B1B684BB17A
S2140259301FB13A68002A40D0BF68394620469847C9
S214025940D4F8941008460DF0A1F830B32549FDF7B7
S21402595043FD07272046FCF743FC16B3224B94F977
S214025960122093F900302149D4F89400C3F11C03A5
S2140259709B1A4A69DB0222F4FF2203F4FF23134335
S2140259801B4A4B611B4B28600621116720460122E9
S2140259901A700DF092F90020F8BD20460CF03DFD7D
S2140259A0D4E70D4B0F4AD3F8F81004F1A4003B4697
S2140259B0FDF794FDD2E70127CCE717463946204685
S2140259C09847D4F89410BDE7001D002000600840F8
S2140259D0E81C0020E01C0020001F002100400840B8
S2140259E0E41C00206C1F00211F20002000700840CD
S2140259F00000084421200020B1F5007F38B50C468F
S214025A001BD200F0CBFA0128054618D1E8F7AEFA09
S214025A10002211460220E8F7DDF90A4B0A4A1A6309
S214025A2003F10073E40202201C632A462946E8F7C3
S214025A30D1F9E8F76BFA002038BD0120FCE7022016
S214025A40FAE700BF00400E4400F80F000248482262
S214025A5000210DF031BA00BFE81E0021002373B505
S214025A6083746423C0E92C33C0E92E334FF0FF352C
S214025A70C0F8AC30A0F8C0300E264FF6FF73C0E96F
S214025A80075580F8D06045648582837504461120E8
S214025A90E7F766FF042834D11B4B5B6813F4403FDC
S214025AA02FD12046FEF73AF92046FFF7CFFF94F9AA
S214025AB012102046FFF7F6FA144A6023536402F5E2
S214025AC0805240F6FF7151625165114A5364114B80
S214025AD04022C3F88820626B29462046FFF734FB33
S214025AE0002240F2022310461946CDE90066FDF771
S214025AF04FFFFCF723FA204602B0BDE87040FBF7E2
S214025B00D5BA022002B070BD00300E400000084038
S214025B10000008460040084470B50C68B0F8D4206F
S214025B208D680346013404BFD3F8AC400C604C6861
S214025B30013404BFD3F8B8404C606E1C00F1A400D8
S214025B4038D1D3F8B440CE688C60751C38D1D3F8FF
S214025B50B0500E69CD60013604BFD3F8A4600E6162
S214025B604E69013604BFD3F8A8604E618E690136CD
S214025B7004BFD3F8BC608E618E693EB34132B24236
S214025B8038BF32460E688A61C3F8B4404C68C3E92F
S214025B902E420A69C3F8A4204A690D49C3F8A82010
S214025BA0C3E92B650B4AD1F8F8100723FDF796FCDC
S214025BB0002070BD02F14104AC4238BF2C46C2E759
S214025BC002F16405B54238BF3546C2E76422D9E71A
S214025BD0001F00216C1F002138B5084D04462868B6
S214025BE0003818BF0120621C214600F033FC2B68E7
S214025BF0003B18BF0123A370002038BDF81C00200C
S214025C0038B5054C054B417800782568236000F0CE
S214025C10D9FB00B1256038BDF81C0020644D030096
S214025C2070B502F06FFD0C4E054600F0B7F901287C
S214025C3004D0284602F06AFD022070BD736813F095
S214025C40706FC3F30364F0D1F36BDB06EDD5284621
S214025C5002F05CFD2046F0E700400840074B1B6858
S214025C604BB10028064A074B08BF00231360064BB9
S214025C701870002070470220704700BFF81C0020F2
S214025C80FC1C00205C4D030023200020014B1878EA
S214025C90704700BF2320002038B502F033FD0B4AC0
S214025CA013884FF6FF718B4203D102F02FFD0320BB
S214025CB038BD074C074DE56504F100741B04E36527
S214025CC0118002F023FD0020F2E700BFE60C002060
S214025CD0006008440000FFFF2DE9F34105460F4629
S214025CE01446FFF79BF980B1DFF81882D8F80C301B
S214025CF0DE0740F1EA8002F005FD06460320FCF7C7
S214025D00B7FD38B1304602F001FD0226304602B039
S214025D10BDE8F081D8F80C3013F0060FF2D1304609
S214025D2002F0F4FC6A4B4FF400612846D3F8E48E86
S214025D30D3F8C46EFEF76EFF40B1664B4FF40072A6
S214025D400121C3F888200846FBF72AF83946284678
S214025D50FBF778F95E4BC3F8C46EC3F8E48E0646CA
S214025D600028D3D12B7CD80601D4002C66D0C4F3ED
S214025D704000FEF737F914F4807F14BF564A554A9E
S214025D804FF002031BBFC2F88830544AC2F888306C
S214025D9000211CBFD16093624D4BD3F8BC7EFEF748
S214025DA05BF94F4A14F0040F07EA02034FF48061CE
S214025DB06BD04C489342C16106D14B4A92F8D03020
S214025DC043F0020382F8D030424B042214F0400F14
S214025DD0C3F8882014BF454A454A40232046C2F8E5
S214025DE08030FEF7A9FF28460CF0C7FE40B114F03B
S214025DF0010F14BF384A374A4FF48073C2F888300E
S214025E00A1064CD56B8C4FF6FF7293420FD0394ADF
S214025E103949D26D100CC2F301120880013237499B
S214025E20B3FBF2F32F4A3648C8651B04D3652B7CB6
S214025E30003C18BF012464F304132B7428460CF0AC
S214025E4039FFF0B128460CF098FED0B14FF400317D
S214025E502846FEF7DFFE431C9BB203221F4801A919
S214025E600CF0E2FC9DF8042002F00703052B9DF8D7
S214025E7005301DD1120715D443F480731A4AC2F8AE
S214025E80CC3000200CF012FD40E71C489342C16162
S214025E909AD1154A92F8D03023F0020392E7FFF720
S214025EA0FBFEC4E713F0040F09D19DF80630E3E7C2
S214025EB003F03002202A05D113F0010FF4E74FF465
S214025EC08073DBE79DF80630D8E703261EE700BF9F
S214025ED00010002100400844004008460010084018
S214025EE08000004000600846001E00210070084640
S214025EF00070084400600840E60C00200060084479
S214025F000000FFFF0050084008B5094BD3F8B43034
S214025F105A1C0BD05B0009D40320FFF71BF8054B75
S214025F204FF08062C3F894200122DA6008BD00BFF9
S214025F300081E00F00400846054BD3F8880003F1C5
S214025F4080634FF40022C3F88820C0F3C040704735
S214025F5000400840014B024A1A607047E41C0020C9
S214025F60594C0200024BD86800F00100704700BF8F
S214025F7000500840084BDA68D10707D508B9FCF785
S214025F8027BBDB68DA0706D4FCF714BBDB68DB0743
S214025F9001D40028F8D17047005008400F4B5B68C8
S214025FA0C3F30363013B0B2B0FD8DFE803F00606AF
S214025FB00C06060606080A0808080220704704208F
S214025FC070470520704703207047054BDB6813F0C7
S214025FD0060F0CBF01200420704700BF0040084097
S214025FE0005008400A4A5368C3F303630B2B08D0D9
S214025FF06FF49050184100F0010080F0010040005C
S2140260007047D2F8880010F48030ECD1704700BF99
S214026010004008400C4A5368C3F30363062B07D8B4
S214026020042BD8B20CD8C31E5842584140007047C1
S214026030072B07D1D2F8440110F00050EBD170477D
S21402604002207047002070470040084008B5437C95
S214026050033BDBB2072B96BF044A0021D15CFEF756
S21402606073FFBDE808400120FCF788BD704D0300B1
S214026070012310B580F8C2302823C0F8A8300423C4
S2140260804374054B044619680CF0C9F92046FFF71D
S214026090DDFF002010BD00BF1C680300012310B501
S2140260A080F8C2302823C0F8A83002234374054B78
S2140260B0044619680CF0B3F92046FFF7C7FF002024
S2140260C010BD00BF20680300F8B5D0F8E0308B4260
S2140260D004460D46164601F0010703D190F8DC305F
S2140260E0202B19D04FB3002E14BFAA23552393FAA0
S2140260F0A3F31B0B03F4702395FAA5F243EA1243AB
S2140261002364202384F8DC300023C4F8E050C4F86B
S214026110E4302046FFF792FA164A17490F23D36552
S214026120164BDFB15EB90120D865C2F8FC10226CAE
S214026130C2F31302C3F8FC20F8BDAA23D7E7022055
S214026140D865C2F8FC10226CC2F31302C3F8FC2016
S2140261500B4BE5640222C3F8B820EDE70220D865AF
S214026160C2F8FC10226CC2F31302C3F8FC20002E05
S214026170E2D0EDE700600844FFFF0F00006008462B
S21402618000100840134A072310B55363124C134BF2
S21402619089B14421E16240F0400001212063596345
S2140261A04FF48043C2F8A030C2F8A430C2F8A83038
S2140261B0C2F8AC3010BD4FF48042E16221635963ED
S2140261C0C3F8A020C3F8A420C3F8A820C3F8AC20C4
S2140261D0F0E700BF00000844000008400000084640
S2140261E008B50948E7F762FC084A136813F4805FAB
S2140261F008BF12684FF0010304BFC2F303229340A4
S214026200B0FBF3F008BD00BFA00914000020044054
S2140262102DE9F74FDFF8ECB08146DBF800A00F4619
S214026220FCF73CFB4FF0FF35CDE9000100202C4681
S214026230064606F110031B015BF8033003F0030861
S214026240B8F1010F15D13046FCF740FB02460B466B
S214026250DDE90001FCF7D0F9DBF85C3006F1080254
S214026260D340DB0737D5002F3ED000253E602C46B4
S21402627040460136052EDCD150B3224F396B013130
S214026280A4FB014164190AF4403341F10001B3F55D
S214026290003F4FF000022FD1FB6A0AF4405A013346
S2140262A042F10006BAF5805F21D1BD6A15F5807508
S2140262B042F100026E4303FB0266A5FB0332324440
S2140262C0594304FB0212A3FB04341444C9E9003404
S2140262D003B0BDE8F08FA84271EB0403C8D207B141
S2140262E03E6005460C46C3E73D463C46C0E73202E2
S2140262F042EA13621B02E3E7BB6A13F5807342F1BC
S2140263000002DDE7005008402DE9F84302F0FAF9F2
S214026310274C284DDFF8A8800646607B030103F170
S214026320804303F5842300221A64AF6EAA66D5F86A
S21402633000112161217B090441F00301C5F8001117
S214026340013001218140C8F820104FF4807169663F
S214026350D8F8081001315964A16002211964A368B3
S2140263600133D8F80810E86D10F4807913D18B4207
S214026370F7D13AB1304602F0C9F9C3221A2148468B
S214026380FAF7B8FE617BA3680B4A09010233A360E1
S21402639053500122E3E74FF480736B66074BAF66F8
S2140263A00122C3F800213046BDE8F84302F0AEB938
S2140263B0C81C0020005008404420044000500844F6
S2140263C0002004400B2870B53CD802293AD81E4C4F
S2140263D0207361734FF48A400121E7F715FA637B55
S2140263E0227B1A490133143243F4801343F4306398
S2140263F041F82230FCF79AFC4608C507FFF7F0FE84
S214026400002302463146284600F02EFA090241EAE7
S2140264101061C0F3C05040EA41000D4B2060986AFC
S21402642010F5807005D14FF4E1722B21FAF762FE67
S2140264300220024600230020012100F015FA6060C7
S214026440002070BD0120FCE7C81C002000600E4042
S2140264500050084028B1044B187B0870587B107017
S214026460704707230B70FAE7C81C002010B502F02D
S21402647049F90446FFF748FF054B02225A60054BCE
S21402648001222046BDE810401A7002F03FB900BF54
S21402649000500840242000200C490B78A3B10C4B76
S2140264A05A7B0123013293400A4A53620A4B4FF049
S2140264B08042C3F8802100230B70084BD3F80C01EE
S2140264C0D3F8041100F0A6B8704700BF24200020BD
S2140264D0C81C00200020044400E100E000500840F0
S2140264E010B50446FFF77CFE604300F5F420034B2C
S2140264F000F59070B0FBF3F010BD00BF40420F00F5
S2140265002DE9F04F85B0FFF7EBFF044602F0FAF8EC
S214026510DFF8F890DFF8F8800021054602A889F82F
S2140265200010FFF775FE354BD8F808605B6813F06D
S214026530706F1ED1DFF8C8A0DAF80C7017F00607E5
S21402654017D1E0B1FCF7F2FB611DA1FB00B101918E
S214026550FFF746FE3B4602460199584600F084F98C
S214026560DDE902B3090241EA106100025845994189
S2140265700ED3284605B0BDE8F04F02F0C7B8FFF7C5
S214026580C3FE1F4B02225A60012389F80030F0E74F
S2140265900193FFF7B9FEFFF723FE019B4FEA1B228A
S2140265A042EA0362A0FB02B21B0A00FB032101912E
S2140265B0FCF7BCFB019902463B46584600F054F9EC
S2140265C010494A7B1301013403F18043361B03F55D
S2140265D0842306445E64561C0122B2400A4EC8F862
S2140265E020207262D8F808205B6C241AD31AA342C1
S2140265F0C7D20B69CAF80031BBE700BF00400840AB
S21402660000500840C81C0020002004462420002019
S214026610002004402DE9F74F8B4CDFF83C82637B69
S214026620019104331B01002748F80370237B874A35
S2140266301B0593604FF400339360854B02225A6029
S214026640D8F8083005465E1E9B1B002B40F3CB8015
S2140266500137022F4DD9DB220D210020FAF74AFD21
S2140266607B4E7C4A4FF0807373662369C6F800310E
S214026670237B1B0543F400339360637B764A043323
S2140266801B010024D45002F03DF8B769D6F85CC06E
S214026690224623464FF4807E02F11001090171580A
S2140266A001F00301012910D10EFA02F111EA0C0FD2
S2140266B00BD106EB0214AF42D4F80C41C0F09B801B
S2140266C0A54202D2A74280F099800132052AE3D180
S2140266D0624D2968012940F294802BB15A49CA8A30
S2140266E01A43CA825A4A136603B0BDE8F04F02F054
S2140266F00DB8637B04331B01002248F8032002F026
S21402670001F8534900904FF080734B6694F80DC021
S214026710D8F808604FEA0C1C0CF1804C0CF5842C5F
S2140267200136CCF844600B68D80356D5A3682268B5
S2140267300198F31AA3FB02AE8B6A03F580796368AD
S214026740AEFB0321AAFB03B39B1841F10001A9FB90
S214026750032BBAEB020209FB01BB6EEB0B0E120A0D
S21402676042EA0E620244B2EB192F4FEA192E04D304
S214026770013341F10001A2EB0E02AEF1040E7245A6
S214026780DFF8CC9028BF7246C9F81020627DD9F88F
S21402679018E0EB18D2B241F100017545D9F830E0A5
S2140267A084BF02F1FF32D2B2BEF1FF3F0ED04FF0ED
S2140267B0000A0EF101099E457AEB010B08D201325E
S2140267C0B3EB0903D2B261F10001F4E70A44D2B294
S2140267D002F0030262751E4A936102230098CCF807
S2140267E0403001F093FF1A4AD8F80830D26DD20131
S2140267F07FF52AAF34E7A542BFF464AF19438BB2E4
S21402680063E7174A1478142C01BF0024154E14703F
S2140268103470147801341470002B3FF465AF0A4EBE
S214026820F48A1C43F4820A4C23660E4C2378013306
S214026830DBB2022B23707FF457AF002301312960AD
S2140268401370237050E700BFC81C00200050084693
S2140268500050084000500844002004406C1C0020F1
S214026860262000202520002053B94AB9002908BF57
S21402687000281CBF4FF0FF314FF0FF3000F06AB91E
S214026880ADF1080C6DE904CE00F006F8DDF804E080
S214026890DDE9022304B070472DE9F047089D0C4657
S2140268A0002B4ED194468C458646B2FA82F262D9C5
S2140268B04AB1C2F12003914020FA03F30CFA02FC1B
S2140268C0194300FA02FE4FEA1C471FFA8CF6B1FB88
S2140268D0F7F44FEA1E4307FB141143EA014304FB95
S2140268E006F199420AD91CEB030304F1FF3080F04B
S2140268F01381994240F21081023C6344591A1FFAEE
S2140269008EF3B1FBF7F007FB101143EA014300FBDD
S21402691006F69E420AD91CEB030300F1FF3180F013
S214026920FD809E4240F2FA80634402389B1B40EA96
S214026930044000211DB1D3400022C5E90032BDE863
S214026940F0878B4205D90DB1C5E900010021084642
S214026950F5E7B3FA83F1002946D1A34202D3904267
S214026960C0F0F180861A64EB03030120002DE6D006
S214026970C5E90063E3E7002A40F09180A1EB0C042E
S2140269804FEA1C481FFA8CF70121B4FBF8F64FEACF
S2140269901E4308FB164443EA044307FB06F09842EC
S2140269A008D91CEB030306F1FF3402D2984200F228
S2140269B0CE8026461C1A1FFA8EF3B4FBF8F008FBAC
S2140269C0104443EA044300FB07F79F4208D91CEB36
S2140269D0030300F1FF3402D29F4200F2B180204648
S2140269E0DB1B40EA0640A5E7C1F120068B4022FAEF
S2140269F006F71F4320FA06FC04FA01F343EA0C03E7
S214026A00F44000FA01F8380C4FEA1349B4FBF0FEE2
S214026A101FFA87FC00FB1E4449EA04440EFB0CF9ED
S214026A20A14502FA01F20AD93C190EF1FF3A80F0AA
S214026A308580A14540F28280AEF1020E3C44A4EB72
S214026A4009041FFA83F9B4FBF0F300FB134449EA86
S214026A50044403FB0CFCA44507D93C1903F1FF30A0
S214026A6068D2A44566D9023B3C4443EA0E40A0FBEA
S214026A700293A4EB0C049C42CE469C4652D34FD0C3
S214026A8055B1B8EB0E0364EB0C0404FA06F6CB40E1
S214026A90CC401E43C5E900640021BDE8F087C2F180
S214026AA0200320FA03F10CFA02FC24FA03F39440C2
S214026AB00C434FEA1C4800FA02FE1FFA8CF7B3FB9F
S214026AC0F8F008FB1031230C43EA014300FB07F100
S214026AD0994208D91CEB030300F1FF362CD29942E7
S214026AE02AD9023863445B1AA4B2B3FBF8F108FB56
S214026AF0113344EA034401FB07F3A34208D91CEB13
S214026B00040401F1FF3613D2A34211D902396444B8
S214026B10E41A41EA004138E70446EFE6084605E78C
S214026B20C845ADD2B9EB020E63EB070C0138A7E7F6
S214026B303146EDE7034698E73046D4E7D6467EE789
S214026B40634402384CE70646234608460EE7023EF2
S214026B5063442FE7704700BF024B0A460146186897
S214026B600CF00BB9140C002008B5064B044613B102
S214026B700021AFF30080044B1B6803B19847204600
S214026B8002F09EFB00000000441E0020024B01465D
S214026B90186800F02DB800BF140C0020024B014606
S214026BA0186800F085BA00BF140C002070B50F4EAE
S214026BB00C463168054611B900F034FA30602146B9
S214026BC0284600F02FFA431C03D14FF0FF3420462C
S214026BD070BDC41C24F00304A042F8D0211A284633
S214026BE000F020FA0130F2D1EFE700BF041D0020CA
S214026BF02DE9F041CD1C25F0030508350C2D38BFD4
S214026C000C25002D064601DBA94204D90C2333606D
S214026C100020BDE8F081314F00F062F83B681C4668
S214026C2044BB29463046FFF7C1FF431C044650D1F9
S214026C303C682146002941D1002C44D023683046C6
S214026C4004EB030800F0EEF980453CD121686D1A8A
S214026C5029463046FFF7AAFF013034D023682B447A
S214026C6023603B68002B36D05A68A24229D1002204
S214026C705A600EE02268521B1DD40B2A16D96119DF
S214026C80A342256018BF5960636808BF3960625125
S214026C904B60304600F02AF804F10B00231D20F06A
S214026CA00700C21AB5D01B1AA350B2E7A342626805
S214026CB0DED13A60EDE723466468B1E70C464968E0
S214026CC0B8E71346CEE70C233360304600F00EF8E2
S214026CD09EE70560DDE75B60FFDE00BF081D002063
S214026CE001480CF0F2B800BF2720002001480CF043
S214026CF0EDB800BF27200020002310B50446C0E9E7
S214026D000033C0E90433836081814366C2818361B4
S214026D10194608225C300CF0CFF80D4B63620D4B1F
S214026D20A3620D4BE3620D4B23630D4B24629C4220
S214026D3006D003F16802944202D0D0339C4205D1B9
S214026D4004F15800BDE810400CF0BEB810BD00BFFC
S214026D50DF2D0300012E0300392E03005D2E0300F3
S214026D600C1D0020024A034903480CF01AB800BF63
S214026D70080C00201F310300180C002041680C4B41
S214026D80994210B5044601D00CF0C9F9A168094B26
S214026D90994202D020460CF0C2F9E168064B9942AD
S214026DA004D02046BDE810400CF0B9B910BD00BFB3
S214026DB00C1D0020741D0020DC1D002010B50B4B9E
S214026DC00B4C0C4A1A60204600220421FFF794FF5F
S214026DD004F1680001220921FFF78EFF04F1D000BA
S214026DE00222BDE810401221FFF786BF441E002093
S214026DF00C1D0020656D020001480CF066B800BF4D
S214026E002820002001480CF061B800BF282000208E
S214026E1010B50446FFF7F0FF236A1BB1BDE8104029
S214026E20FFF7F0BF044B2362044B1B68002BF5D11F
S214026E30FFF7C4FFF2E700BF7D6D0200441E00208C
S214026E402DE9F7431D46574B1F6804460E469046EB
S214026E5027B13B6A13B93846FFF7DAFFB8F1020FDB
S214026E6006D0B8F1010F00F29A80002DC0F297808A
S214026E70636ED90705D4A3899A0502D4A06D0CF0D7
S214026E8024F8214638460CF04AF9616B41B104F108
S214026E904403994202D0384600F00AF9002363639D
S214026EA00023A3616360A3891B0603D521693846C4
S214026EB000F0FEF8A38923F44A6323F00303B8F133
S214026EC0020FA38161D001AB6A46214638460CF018
S214026ED04EF9A3891843A0812DBB009D2846FFF7D3
S214026EE055FE0646002852D1DDF80090A94540D14D
S214026EF04FF0FF35B4F90C3043F00202A2810022B3
S214026F00A26004F147022260226101226261626E7F
S214026F10D60704D4980502D4A06D0BF0D7FF2846F6
S214026F2003B0BDE8F083002ED8D03B6A13B93846CA
S214026F30FFF76EFFB8F1010F08BFA389266004BFF2
S214026F4043F00103A381B4F90C3013F00802C4E93C
S214026F5004651ED0D90741BF00226D42A260A5611A
S214026F6058BFA560626ED20701D49B0513D50025D3
S214026F70D5E74846FFF70AFE06460028B8D0A3899A
S214026F8043F08003A3814D46CFE70025B2E7A9462A
S214026F90F5E7A260E6E7A06D0BF098FFE7E74FF093
S214026FA0FF35BCE7140C00200B460349024608686E
S214026FB0816800F0C7B800BF140C002038B5064D33
S214026FC00023044608462B6002F078F9431C02D1DF
S214026FD02B6803B1236038BD481E002038B5074D24
S214026FE004460846114600222A601A4602F070F944
S214026FF0431C02D12B6803B1236038BD481E002013
S21402700038B5074D04460846114600222A601A463D
S21402701002F060F9431C02D12B6803B1236038BD2D
S214027020481E002038B5064D0023044608462B604D
S214027030E5F7ECFF431C02D12B6803B1236038BD91
S214027040481E002038B5074D044608461146002261
S2140270502A601A4602F04CF9431C02D12B6803B18F
S214027060236038BD481E002070B50D4D0D4C641BC4
S214027070A4100026A64209D10B4D0C4C0CF040FE83
S214027080641BA4100026A64205D170BD55F8043B29
S21402709098470136EEE755F8043B98470136F2E783
S2140270A0240D0020240D0020240D0020280D002091
S2140270B038B50546002941D051F8043C0C1F002B78
S2140270C0B8BFE418FFF70CFE1D4A136833B96360B5
S2140270D014602846BDE83840FFF708BEA34208D928
S2140270E0206821188B4201BF19685B680918216065
S2140270F0EDE71A465B680BB1A342FAD9116850183D
S214027100A0420BD120680144501883421160E0D19E
S21402711018685B68536008441060DAE702D90C23EB
S2140271202B60D6E7206821188B4204BF19685B687B
S214027130636004BF091821605460CAE738BD00BF07
S214027140081D00202DE9F04F0D469DB014469846C6
S214027150064618B1036A0BB9FFF75AFE6B6ED907DB
S21402716005D4AB899A0502D4A86D0BF0AEFEAB89A6
S2140271701B0701D52B699BB92946304600F026FA33
S21402718070B16B6EDC0704D54FF0FF301DB0BDE862
S214027190F08FAB899805F7D4A86D0BF097FEF3E74E
S2140271A00023099320238DF82930CDF80C80302354
S2140271B0DFF8AC818DF82A304FF0010923469A4653
S2140271C013F8012B0AB1252AF9D1BAEB040B0BD01E
S2140271D05B462246294630460BF09EFE013000F002
S2140271E0A780099A5A4409929AF80030002B00F0B8
S2140271F09F8000234FF0FF32CDE905230AF1010AF2
S214027200049307938DF853301A935446052214F8C4
S214027210011B5348E4F784FB049AD8B9D10644BF4D
S21402722020238DF85330130744BF2B238DF8533099
S2140272309AF800302A2B15D0079A544600204FF0B1
S2140272400A0C214611F8013B303B092B4BD9B0B151
S214027250079214E0A0EB080309FA03F3134304931E
S214027260A246D2E7039B191D1B680391002BBBBFE6
S2140272705B4242F0020207930793B8BF0492237858
S2140272802E2B0AD163782A2B32D1039B1A1D1B6838
S214027290039243EAE37302340593DFF8D4A021781D
S2140272A003225046E4F73CFB38B1049BA0EB0A00ED
S2140272B04022824013430134049314F8011B2948E8
S2140272C08DF828100622E4F72BFB00283FD0264B29
S2140272D01BBB039B073323F0070308330393099B67
S2140272E03B4409936AE70CFB02320C460120A8E7EE
S2140272F000230134059319464FF00A0C204610F875
S214027300012B303A092A03D9002BC6D00591C4E7CF
S2140273100CFB012104460123F0E703AB00932A4647
S214027320124B04A93046AFF300800746781CD6D12C
S2140273306B6ED90705D4AB899A0502D4A86D0BF0FB
S214027340C5FDAB895B063FF51FAF09981EE703AB89
S21402735000932A46054B04A9304600F00BF8E4E7F2
S214027360966D0300A06D030000000000192F0300B5
S2140273709C6D03002DE9FF470F7E0C9E782F9146E9
S21402738080460C469A4601F1430207D8622F0AD875
S214027390002F00F0DD80582F00F0C38004F1420673
S2140273A084F842703AE0A7F16303152BF6D801A1E0
S2140273B051F823F00D740200217402009D7302003E
S2140273C09D7302009D7302009D73020021740200E9
S2140273D09D7302009D7302009D7302009D7302005E
S2140273E037750200AF740200EF7402009D7302004C
S2140273F09D730200597502009D730200AF7402006D
S2140274009D7302009D730200F774020033681A1D12
S2140274101B68326004F1420684F842300123A8E079
S21402742031682368081D30601E0601D50D6803E02A
S2140274305D06FBD5B1F900506168002D78DA2D2083
S214027440002984F84300A1602DDA5E486D420A23C3
S2140274501646B5FBF3F103FB1157C75D06F8017D2F
S2140274602F46BB420D46F4D9082B0BD12368DF0703
S21402747008D5236961689942DEBF302306F8013CCD
S21402748006F1FF36921B2261CDF800A04B4603AAF6
S214027490214640460BF052FD01306FD14FF0FF30CF
S2140274A004B0BDE8F08723F004032360CDE721682B
S2140274B03368080653F8045B02D4490648BFADB2E7
S2140274C06F2F4048336014BF0A230823002184F834
S2140274D043106668A660002EBADB216821F004011C
S2140274E02160002DB4D1002EB2D11646BCE7236827
S2140274F043F0200323603448782784F845702368D5
S21402750031681F0651F8045B02D45F0648BFADB26D
S2140275103160D90744BF43F0200323601DB1102316
S214027520D4E72848E9E7236823F020032360F6E738
S21402753024480A23CDE7336825686169181D306040
S2140275402E061B6801D5196002E06806FBD5198075
S21402755000232361164697E733681A1D32601E68B9
S214027560626800213046E4F7DBF908B1801B6060F0
S21402757063682361002384F8433085E72369324633
S21402758049464046D047013088D023689B0714D42A
S214027590E068039B9842B8BF184681E7012332464B
S2140275A049464046D04701303FF478AF0135E3689C
S2140275B003995B1AAB42F1DCEAE7002504F11906EF
S2140275C0F5E700BFA76D0300B86D030038B5294B79
S2140275D0054618680C4618B1036A0BB9FFF718FC83
S2140275E0B4F90C30190722D4DA0607D409222A6025
S2140275F043F04003A3814FF0FF3033E0580712D523
S214027600616B41B104F14403994202D02846FFF768
S2140276104FFD00236363A38923F02403A381002381
S214027620636023692360A38943F00803A381236967
S2140276304BB9A38903F42073B3F5007F03D0214628
S21402764028460BF0BAFDB4F90C3013F001020AD04A
S2140276500022A26062695242A261226942B913F014
S2140276608000C5D138BD990758BF6269A260F4E7A9
S2140276700020F7E7140C002038B5074D0023044617
S214027680084611462B6001F01CFE431C02D12B68F3
S21402769003B1236038BD00BF481E002038B5064D32
S2140276A00023044608462B6001F010FE431C02D15C
S2140276B02B6803B1236038BD481E0020C0F3C753B1
S2140276C07F3B162B07EE900A20F000412FDC002BA2
S2140276D016DB1C491941084226D09FED1B7A37EE6D
S2140276E0877AB5EEC07AF1EE10FA1DDD002804DDC9
S2140276F04FF4000242FA03F3184420EA01007047EE
S2140277009FED117A37EE877AB5EEC07AF1EE10FA6F
S2140277100ADD002813DBB7EE007A002914BF17EE45
S214027720100A17EE900A704717EE900A7047B1F1EA
S214027730FF4FF9D377EEA77A17EE900A70474FF00D
S21402774000407047FFFF7F00CAF24971094A51683C
S214027750C84390FAA0F048B1B0FA80F0042805DCDD
S214027760012383400B43536040B270474FF0FF3013
S214027770704700BF741E0020034B044800212822D5
S214027780C3E900110BF098BB741E00204C1E0020AB
S21402779038B50546FFF7DAFF04460448294600EBEB
S2140277A0C4000BF0DBFD204638BD00BF4C1E002097
S2140277B0C3B2042B10B515D80B4A042303EBC0033F
S2140277C0134453E8002F0A4343E80024002CF8D160
S2140277D001220649824051E8003F134341E8003047
S2140277E00028F8D110BD00BF4C1E0020741E0020D9
S2140277F0F7B51A4A1A491B4D012608274FF0040C02
S214027800106800B30B7806FA03F420421DD0E0435A
S21402781052E8004F044042E8004EBEF1000FF7D196
S21402782017FB03C32B4453E8000F43E800E4002C85
S214027830F9D1019048B108780B4901AA05EBC000BE
S2140278400BF0C8FD012003B0F0BD0B7850688342F0
S2140278503ABF0133DBB200230B70D1E7741E00205F
S214027860292000204C1E002078563412024B18683D
S214027870003818BF01207047741E002010B5044659
S21402788000F047FF074B1B684BB1DB681B1B002B46
S214027890CCBF0024012400F042FF204610BD1C4647
S2140278A0F9E700BF8C1E002038B5054600F031FF10
S2140278B0094B1A684FF0FF341AB900F030FF204621
S2140278C038BDD2E903310B445B1B23F000439C42D4
S2140278D0526828BF1C46EFE78C1E00202DE9F84FA1
S2140278E00C9F9DF82CA00E4615469946804608B178
S2140278F003687BB937B129463046B84740F20340A1
S214027900BDE8F88F002DF9D0002EF7DB284600F0F0
S21402791009FCF3E700F0FDFE8346504600F0F0F95E
S2140279200446584600F0FBFE8CB947B1294630465D
S214027930B8470320314600F0BBFB1A20E0E7002DD3
S214027940F7D0002EF5DB284600F0ECFBF1E7C4F892
S2140279500080DFF878800A9B65610025C4E90797F6
S214027960A660236184F818A0D8F8003065609847AE
S21402797009EB000600F0CDFE07461248E6600268F4
S214027980114631B1CB689B1B002B13DBCB689E42A2
S21402799010D09DB90C4B626004601C682CB1D8F8FC
S2140279A000309847FFF780FFA047384600F0B7FE42
S2140279B00020A5E74B680D461946E2E76B68636050
S2140279C06C60F2E78C1E00207C1E0020841E0020C5
S2140279D02DE9F74FDFF884B081460D4692461E46E3
S2140279E000F097FEDBF8004001904FF000082CB93B
S2140279F0019803B0BDE8F04F00F091BE23684B45F6
S214027A001CD12DB1A3682A6823F00043934215D1F6
S214027A107EB96368B8F1000F13D1CBF800300D4B76
S214027A201F6887B10C4A12689047FFF73DFFB847B8
S214027A3009E060695146B0470028EAD0A04664686B
S214027A40D5E7C8F80430676820460BF043FC3C468E
S214027A50CDE700BF7C1E0020841E00208C1E002066
S214027A60014B1860704700BF7C1E002070B50B4BA0
S214027A7004460E4615461978094A0A480CF0BFF81D
S214027A80094A00231360094A1660094A2421156030
S214027A9007202246BDE8704000F0B4B8422000201D
S214027AA0C96D03002A2000208C1E0020841E0020A0
S214027AB0801E00207FB504461846002303930A4B17
S214027AC01B680D46164613B9212004B070BD03A9E3
S214027AD098470028F8D10090039B32462946204654
S214027AE00BF02BFCF1E700BF801E0020F8B5054620
S214027AF010200F46164600F0F7FA0A4B044618788E
S214027B0018B1102221460CF07DF844B10123E3603F
S214027B102B682360C4E9017600202C60F8BD1A2089
S214027B20FCE700BF2A2000202DE9F843264FDFF8A5
S214027B30A880264D38603868FFF7A0FE30B9244B7F
S214027B401B689847BDE8F843FFF7AEBE00F0E1FDBC
S214027B50D8F800400646ECB16368C8F800301D4B02
S214027B60D3F80090B9F1000F0CD100F0D8FDA3684D
S214027B702C6033F0004311D128680BF0ABFB0023D6
S214027B802B60D8E7124B1B689847FFF78DFEC84755
S214027B903046EAE700F0C3FD2C60CCE72368002BF2
S214027BA0EAD018680028E7D0A26832F00043E3D093
S214027BB0D0E90069636921688068C8470028DBD17C
S214027BC0002ED9D03046EFE7901E0020881E0020F7
S214027BD0841E00207C1E00208C1E002038B5044621
S214027BE00D4600F096FD064B1B683BB1DA69226033
S214027BF01B692B60BDE8384000F091BD2360F8E7B2
S214027C00881E00202DE9F74FDFF88C90DFF88CB045
S214027C1009EB001503314FEA001A4FF6FC770F40C6
S214027C200024DBF800306A8029F80A708046EC608F
S214027C3002FB07F01646984717FB06F292B2034677
S214027C4068602A8108B300921148124A9BF8041011
S214027C5052F8282040440BF0D3FF21462A89686850
S214027C600BF02AF9214623469E4206DCD144002028
S214027C70A9F8026003B0BDE8F08F6A68E868505061
S214027C805418EC6001333944EEE71A20F2E700BFDD
S214027C902B200020C86E0300A4170020941E00208C
S214027CA070B50B4E06EB00150446696839B1094BF0
S214027CB02A89185C0BF0A5FF686800F033FA06EB19
S214027CC004101022BDE8704000210BF0F5B800BF8A
S214027CD0A41700202B200020044B19601A7198600C
S214027CE00201002102480BF0E7B800BF941E0020F4
S214027CF0A4170020014B185C704700BF2B20002001
S214027D0070B50A4C04EB00130601DD68084B185CDC
S214027D1018B1A25B29460BF075FF2DB134442B68CF
S214027D20E3606388013B6380284670BDA417002089
S214027D302B200020024B03EB00139878704700BFFD
S214027D40A4170020094B03EB001310B45A88DC6812
S214027D500C600132D9605A80054B185C18B15DF888
S214027D60044B0BF050BF5DF8044B7047A41700207D
S214027D702B200020044A010102EB0013505A10B1D6
S214027D801B89B3FBF0F07047A417002038B5164BDA
S214027D90164D00241C70164B2C601C60154B6C6034
S214027DA020461C70AC60FFF7E5FF80B2A0F10E0320
S214027DB06B80A0F11403013068812046EB80FFF748
S214027DC099FF0D4D0D4A0446014628460BF017FF53
S214027DD02146681E0A4A0BF012FF2146681C094A11
S214027DE0BDE838400BF00BBF40200020FE1E0020EE
S214027DF0B81E00203F2000203D2000200C6F03000C
S214027E00156F03001F6F030070B5044680B300F0C1
S214027E1080FC63796FF382036371237913F0100693
S214027E20054605D010232371BDE8704000F077BCEC
S214027E3003F003030F4931F82320013A21F82320E7
S214027E4030462146FFF77EFF0B4B0C4E1C681CB9D2
S214027E500A4B28461C70E7E7237A1BB933781BB90E
S214027E602468F4E7012BFBD1636820469847F7E7BE
S214027E7070BD00BFFE1E0020B81E0020402000205D
S214027E8010B5044600F045FC034B1A6822601C60DD
S214027E90BDE8104000F043BCB81E002010B5064BEB
S214027EA01A78541C1C70054B00F0E00003F83200F0
S214027EB003EBC203596010BD3F200020A01E002025
S214027EC02DE9F04F4607044689B048BF00F0F70494
S214027ED0634F049204F00306029100F01AFC07EBCB
S214027EE0860337F826205B889A4204F0EF0A81461A
S214027EF04FEA860831D20020FFF702FF054640B35C
S214027F0037F826304846013327F8263000F007FCBB
S214027F1028460BF0E3FC029B029AAB71049B85F8A1
S214027F2004A01344EB7100F0F4FB4E4B1C680746AA
S214027F30002C40F08C80384600F0F1FB4A4B985DEE
S214027F4018B1452229460BF05DFE284609B0BDE869
S214027F50F08F464B01221A70484600F0E0FB2507D8
S214027F601DD51F2C1BD904F0E003039300F0D1FBB0
S214027F7007EB080337F826805B88DFF8F890984509
S214027F802CBF00230123019300F0C9FB07EB8603F5
S214027F904FF0000B0593364B1B789B4508D384F0B5
S214027FA004005146C0F3800000F082F80025C5E7C1
S214027FB099F80030039A1A4204D0D9F80480D8F807
S214027FC0003023B90BF1010B09F10809E3E7079327
S214027FD05A79D00708D51A79510705D5019941B9BA
S214027FE08AEA0202920704D098461B68002BEFD159
S214027FF0E5E740460BF0D7FA0579079007A80BF09D
S214028000B4FA2946002000F053F800F082FB059BE4
S21402801037F826205B889A4234BF012300230546A0
S214028020019309D20020FFF76BFE079058B137F88C
S2140280302630013327F82630284600F070FB079DCD
S214028040002DBCD064E7094B01221A70F4E7237AAC
S214028050012B02D1636820469847246868E700BF70
S214028060FE1E0020B81E00203C20002040200020DB
S2140280703F200020A01E0020014B00221A607047FD
S214028080BC1E002010B5044600F043FB074A1368E6
S2140280902BB914602360BDE8104000F040BBA34239
S2140280A002D01A461B68F3E710BD00BFBC1E0020B4
S2140280B0064B70B51C6805460E4604B970BD63686B
S2140280C03146284698472468F7E700BFBC1E0020C2
S2140280D0024B034A197803480BF091BD4120002059
S2140280E02C6F03004220002038B5C41C24F0030481
S2140280F0204601F084FB0A4B0546187818B1224642
S21402810029460BF07FFD2DB921460220FFF7D0FF4E
S214028110284638BD2246002128460AF0CDFEF7E75B
S2140281204220002010B5044628B1054B187810B13D
S21402813021460BF068FD2046BDE8104001F07DBBED
S2140281404220002038B50B4C0B4B206800251D70D2
S21402815028B102F094FA2068FFF7E4FF2560074C86
S214028160206830B102F0F6FC2068FFF7DBFF002340
S214028170236038BDC41E002044200020C01E0020FC
S2140281802DE9F341224F3B78002B3FD1214B224E63
S2140281901978224A224C30460BF031FD01F020FBC2
S2140281A00546FFF7A1FF01462060307810B12A4647
S2140281B00BF028FD236883B101F014FB8046FFF71D
S2140281C093FF184D01462860307810B142460BF0F6
S2140281D019FD2B682BB9FFF7B5FF1A2002B0BDE8D0
S2140281E0F081206802F03AFA2868EAF711FE0023C6
S2140281F000932A680C49206802F055FA20B1FFF76E
S214028200A1FF40F20740E9E701233B700020E5E7C3
S214028210442000204220002043200020366F030026
S214028220C41E0020C01E00209FAB020038B50C4BB7
S2140282301B7804460D465BB10A4B2246186829464F
S21402824002F0D0FA002840F2074008BF002038BDEE
S21402825005490648FFF794FF0028EDD0F7E700BF70
S21402826044200020C41E0020EFBEADDEBEBAFECA09
S214028270704713B5044601A96846E4F753FB20B9D4
S214028280019B0A2293FBF2F3236002B010BDF1F7C2
S21402829081B908B5E9F72EFFBDE80840F3F73AB909
S2140282A010B50446E4F722FA2046E3F7C5FF204657
S2140282B0E3F7E2FC10BD0120704700B5C3B0F1F74A
S2140282C0FBF805F007FC48B1FFF7F5FF30B101A84F
S2140282D006F09CFA10B901A8FFF7E2FF43B05DF87A
S2140282E004FB704708B5E4F7A1FEE4F72DF9E4F7BE
S2140282F0AFF9BDE80840E4F72BBD08B500F06CF80E
S214028300E9F7A2FBE8F7E6FB00F0B7FDE8F7A6FE02
S214028310BDE80840E4F782B908B5E7F7CDF800F003
S214028320FFFBE7F7D9F8BDE80840FFF7B2BFE4F76E
S21402833047BB7047E4F768BCFFF7BFBF7047E4F778
S2140283407BB9012070470120704738B5E4F796FCE8
S2140283500546F1F7D9F8041E18BF2C46FFF7F1FFC1
S214028360002818BF204638BD38B5E9F76FF904462D
S214028370E4F77AFC04281ED002284FF0000508BF56
S214028380012405F0E9FB042817D0022808BF0124BF
S214028390E4F758F9042812D0022808BF0124FFF790
S2140283A0D2FF04280DD0022808BF0124002D18BFD2
S2140283B00024204638BD0125E3E70125E8E701252C
S2140283C0EDE70024F5E782B002AB03E903000120E3
S2140283D002B07047704770470F207047082808B5EC
S2140283E017D00CDC022803DC002803DC0E2008BDB4
S2140283F00428FBD101230422092105200DE02028B0
S2140284000FD0402811D01028F0D1012304220E21CB
S214028410F3E7012304220A211846E6F7E5FA0020CC
S214028420E5E7012304220821E7E7012304220A21C3
S214028430E3E770B5002506462C46052C20D8DFE873
S21402844004F003070B0F13175B210820E4F754FE12
S2140284500C210820E4F750FED1210820E4F74CFE58
S21402846080210820E4F748FE00210820E4F744FEB5
S214028470294608206C1CE4F73FFEE4B22546062493
S214028480A4F10E03012B05D85A210820E4F734FE86
S2140284900134D2E7102C05D1BDE870405D210820DA
S2140284A0E4F72ABEB31F195DEFE707B520F07F4059
S2140284B040EA81700123019068468DF80030FFF78C
S2140284C0B8FF03B05DF804FB10B588B0144604226A
S2140284D08DF804300DEB0203049301234900ADF836
S2140284E0143002ABADF80C10069303A90223ADF8C4
S2140284F00E20ADF81C30E4F785FE50B99DF8093021
S2140285009DF8082003F0FC0303EB0223236008B067
S21402851010BD00233120F9E72DE9F0411D46E52381
S214028520074688461646FFF7CFFFC0B9346843F6BB
S21402853009535C43640BA4F5BB54103C3460E0233F
S2140285402A4641463846FFF7BFFF40B9296845F23A
S214028550CD5359434913A1F5374102392960BDE885
S214028560F08110B588B00423ADF80E304CF6FC133B
S214028570ADF8003002234900ADF8143001ABADF877
S2140285800C10069303A908231446CDF810D0ADF8B4
S2140285901C30E4F737FE38B914B9012008B010BD14
S2140285A09DF804302370F8E70020F7E770B5002244
S2140285B005460E46FFF7D5FF044660B95020E9F798
S2140285C027FB224631462846FFF7CBFF80F0010004
S2140285D0C0B2000170BD0020FCE7FEE74FF4004089
S2140285E070474FF47A707047002303607047036841
S2140285F00B60016070474FF060420123D2F8001E04
S21402860083400B43C2F8003E002070474FF06041A3
S2140286100122D1F8003E824023EA0203C1F8003E5E
S21402862000207047D0E900031847437810B50122AE
S21402863004780C219A40302313FB0413817803F14B
S214028640804303F5204319B903F180631A6010BD15
S21402865003F1C063FAE7437810B5012204780C21CF
S2140286609A40302313FB0413817803F1804303F509
S214028670204319B903F1C0631A6010BD03F1806389
S214028680FAE74178037801228A4030214B4303F10E
S214028690804303F520439A617047024600780C2116
S2140286A0302313FB001303F10473517803F52043C0
S2140286B001EBC3039B0018689378C0B213B9B0FAF3
S2140286C080F04009704710B588B004460E980790AF
S2140286D00D9806909DF8300005900B9804909DF832
S2140286E0280003900020CDE9013000920B46224676
S2140286F00121E4F7B1FD08B010BD08B5E5F7CAF8E8
S214028700013008BDEFF3108072B6704700B962B64A
S2140287107047EFF31180602383F31188704780F36C
S2140287201188704784B00B6800934B6801938B687E
S2140287300293CB680393009B0360019B0360029B3A
S2140287400360039B03600023009301930293039349
S21402875004B0704784B0036800930368019303680B
S214028760029303680393009B0B60019B4B60029B82
S2140287708B60039BCB6000230093019302930393C9
S21402878004B0704730B5D1E90223D1E90054056040
S21402879004600260036030BD30B505680468026894
S2140287A00368C1E90054C1E9022330BDFFF7EABFFE
S2140287B07FB58A0704460B4610D06D4601F11006B7
S2140287C0186859682A4603C20833B3421546F7D1D9
S2140287D069462046FFF7D6FF04B070BD00910099A7
S2140287E004B0BDE87040FFF7CDBFFFF7D5BF30B588
S2140287F08B0785B00C4610D06946FFF7CDFF0D46B5
S214028800234604AC2A4603CAA2421860596015469B
S21402881003F10803F6D105B030BD0091009905B00A
S214028820BDE83040FFF7B8BF10B5FFF7ABFFBDE8B5
S21402883010401031FFF7A6BF10B5FFF7ADFFBDE839
S21402884010401031FFF7A8BF10B5FFF79BFF0C468C
S2140288501031FFF797FF04F12001FFF793FF04F1B1
S2140288603001BDE81040FFF78DBF00F1424303F52B
S2140288708013102A10B54FEA43130AD101221A6058
S21402888000F58870FFF74EFF1031BDE81040FFF785
S21402889049BF00221A602430F7E7F0B50B46990765
S2140288A089B0044615462DD0082A19D16D4603F123
S2140288B01006186859682A4603C20833B34215469A
S2140288C0F7D1082269462046FFF7CFFF03226B4600
S2140288D00020013A186003F10403FAD209B0F0BD91
S2140288E06E4603F1200718685968324603C20833F9
S2140288F0BB421646F7D12A4669462046FFF7B5FF21
S2140289000722E4E70093009909B0BDE8F040FFF7BC
S214028910ACBF436823F01F030E290BD8DFE801F033
S21402892008080808080B0B0B080808080B0B0B00B6
S214028930194341607047194341F01001F9E710B539
S2140289402030FFF707FF102A04D1BDE8104010318F
S214028950FFF700BF10BD30B58B0789B00C46154631
S21402896025D06946FFF7EBFF082D6A4613D104AD02
S214028970134603CBAB42206061601A4604F108043A
S214028980F6D103226B460020013A186003F1040375
S214028990FAD209B030BD08AD134603CBAB42206015
S2140289A061601A4604F10804F6D10722EAE700914C
S2140289B0009909B0BDE83040FFF7C1BF7047704765
S2140289C07047E5F789BCE5F719BC70B505460E4653
S2140289D01446FFF797FE2B685C4034405C402C60E0
S2140289E0BDE87040FFF792BE00F1424000F58010ED
S2140289F0400101607047E6F7EBBACB435B0003F039
S214028A000A03C360C160704738B5E6F727FC8B7C63
S214028A1004460D461BB1036843F080430360EB7CBB
S214028A201BB12B7D43F08003A3652A8A6B7B13431D
S214028A30EA89134363602B7BD5E901122046E6F7E9
S214028A40C9FB6B7D1BB1236843F480332360AB7D87
S214028A501BB1236843F400432360EB7D2A7E1B0789
S214028A60120502F4E00203F0E04313432366636F49
S214028A7023F030036367626F6B7E134363672B7862
S214028A80E36038BD38B5E6F7E9FB0B8A026843F0C7
S214028A90010313438A7B43EA8223036003680A7D49
S214028AA043EA427303608B7C04460D461BB1CB7CC3
S214028AB043F0800383652B7B43F480536360D5E9E0
S214028AC001122046E6F7B8FB6B7B0BB11023E3607E
S214028AD06B7D1BB1236843F480332360AB7D1BB1EF
S214028AE0236843F400432360EB7D2A7E1B071205AE
S214028AF003F0E04302F4E002134323662B78E360BC
S214028B0038BD03695A06FCD5416303699B06FCD54A
S214028B10C069C0B2704703695B06FCD54163704703
S214028B20F8F750BE242200210AF0C6B918B1242252
S214028B3000210AF0C1B9704770B515460E462422C8
S214028B40002104460AF0B8F9C02D0DD0B5F5807F95
S214028B5001D0802D0BD12046EA0840F8045B31464E
S214028B600AF0B5F9002070BD6FF07100FBE76FF0F8
S214028B701F00F8E72DE9F04114460F462422002193
S214028B8006460AF099F9C02C3CD0B4F5807F2CD06A
S214028B90802C3AD13460E7F795FA002343600360ED
S214028BA00446FFF7AFFD4FF0080805464246394631
S214028BB02046FFF772FE2846FFF7A8FD0523A360AE
S214028BC0256915F00205FBD1FFF79CFD4246311DD3
S214028BD007462046FFF7BFFE3846FFF797FD2046BA
S214028BE0E7F77AFA2846BDE8F0813460E7F76AFAD2
S214028BF00023436003600446FFF784FD4FF010082D
S214028C000546D3E76FF07100EDE76FF01F00EAE765
S214028C1001292DE9F04705460E4692461F463AD8E8
S214028C200368802B02D0B3F5807F37D1E7F74AFA84
S214028C300023436003600446FFF764FD294681462D
S214028C4051F8043B802B14BF10220822204604F160
S214028C508008FFF722FE51464046FFF7A9FD484628
S214028C60FFF754FD012E0CBF05230623A3602569DA
S214028C7015F00205FBD1FFF745FD3946064640468C
S214028C80FFF7B5FD3046FFF741FD2046E7F724FA29
S214028C902846BDE8F0876FF02000FAE76FF0710013
S214028CA0F7E703699B07FCD17047CA880B68032A5B
S214028CB0F0B50DD803EB82018B4205D100230132B9
S214028CC0082A0360FBD1F0BD53F8044B0460F3E7B7
S214028CD0072AD3E90076D3E9025413D8076003F1D2
S214028CE01001066003EB820305600460994205D119
S214028CF000230132082A0360FBD1E4E751F8044B53
S214028D000460F3E70760066005600460D3E9044187
S214028D10D3E906230460016002600360D3E7F0B57E
S214028D20CA88082A89B006460C460DD1FFF7EAFC27
S214028D30216805463046FFF77FFD2846FFF7E6FC2A
S214028D400026304609B0F0BD12D9FFF7DBFC2168D9
S214028D5005463046FFF770FD2846FFF7D7FCE28847
S214028D602068083A9200002120300AF0A5F8E7E7CA
S214028D70694600252B460F46306841F8040B01333E
S214028D80002818BF1D46082BF6D1AA420EDA29463D
S214028D90204600F072FD06460028D2D12068AA00BE
S214028DA039460AF094F80123A380CAE720689200A5
S214028DB039460AF08CF8C3E7CA88072A38B50D4642
S214028DC0044609680DD892000AF081F8E888C0F1D6
S214028DD00802920004EB80000021BDE838400AF049
S214028DE06BB801F1200351F8042B44F8042B994286
S214028DF0F9D138BD0078C31E58425841704700204A
S214028E007047704710F1860F12D010F1850F0ADAFC
S214028E1010F1930F0FD010F1870F0CBF6FF0730095
S214028E204FF0FF307047003818BF012040427047AD
S214028E306FF0710070476FF06F00704700F06FB907
S214028E4000F06DB908B500F0E9F8BDE80840FFF794
S214028E50D9BF07B500230193202201ABE7F700FB39
S214028E6003B05DF804EBFFF7CDBF08B500F0A3F939
S214028E70002818BF6FF03B0008BD7047F0B591B0F0
S214028E801546169C49228DF8202004F10C060DF199
S214028E90210254F8047B42F8047BB442F9D12478C8
S214028EA014704FF48074ADF830409DF85C408DF835
S214028EB0324004240694189C05941024002204943C
S214028EC008ACCDE90234CDE900150B461146CDE9D2
S214028ED00D228DF82E208DF82F508DF833200F920C
S214028EE0E6F7E2FF11B0F0BD1FB5079C02949DF8AD
S214028EF01840CDE9003413460A4601460020FFF723
S214028F00BDFF04B010BD1FB5079C02949DF8184023
S214028F10CDE9003413460A4601460120FFF7AEFFAC
S214028F2004B010BD2DE9F8430746B02091468846A6
S214028F301E46E7F7EBF805460023B9F1800F4360BB
S214028F40414645F8803B14BF1022082204464FF0E3
S214028F500508FFF7A2FC7FB131462846FFF728FC3A
S214028F60C4F8088008992846FFF741FC2046E7F730
S214028F70D7F80020BDE8F8838C23C4F80880314671
S214028F80A3602846FFF714FC0623A360EAE72DE950
S214028F90FF478046B020894617461E46DDF830A0B9
S214028FA0E7F7B4F80546B9F1800F4FF000034360C7
S214028FB014BF1022082245F8843B41460446FFF7B8
S214028FC06CFC0EB331462846FFF7F2FB4823A3603B
S214028FD00523A3600323394604F1A000A360FFF72C
S214028FE0E7FB0D9904F18000FFF701FCBAF1000FD0
S214028FF003D051462846FFF7FAFB2046E7F790F8DB
S214029000002004B0BDE8F08731461022684609F019
S21402901053FF69462846FFF7C9FBD7E72DE9F74F06
S2140290200E4615460446002873D059B9002A70D158
S214029030036803F17E43083B012B6DD8002003B082
S214029040BDE8F08F036803F17E43083B012B63D82B
S214029050002AF3D0436803F03F079B18436022BF01
S2140290608368013383604FB93F2A20D804F12C006D
S2140290702A463146384409F02AFFDFE7C7F140099D
S2140290804A45F3D300F12C084A4608EB070009F0DC
S2140290901EFF0122009204F10C03403D2068424666
S2140290A019463D44E7F740F93F2D4E4410D9B30721
S2140290B04FEA951210D1009204F10C032068324652
S2140290C01946E7F731F925F03F031E4405F03F0540
S2140290D0002DB3D00027C9E7374606EB821804F105
S2140290E02C0B04F10C094FF0010A5B4607F1400213
S2140290F057F8041B43F8041B9742F9D1CDF800A099
S21402910020684B465A464946E7F70EF9B845ECD171
S214029110D9E76FF0860092E76FF088008FE708B510
S21402912018B16C22002109F0C7FE002008BD2DE907
S214029130F8431546894680461F46E6F7C3FF0023D6
S214029140436003600446FFF7DDFAB9F1100F14BF5F
S2140291501022082206464146204604F18008FFF700
S2140291609CFB29464046FFF723FB3046FFF7CEFA24
S214029170FFF7C8FA3946064604F1A000FFF718FBC7
S2140291800523A36023699B07FCD408994046FFF792
S2140291902EFB3046FFF7BAFA089B03F1100253F88B
S2140291A0041B45F8041B9342F9D12046E6F794FFC8
S2140291B00020BDE8F8832DE9F0411C4600230F4647
S2140291C0164623604FF0050825682246711B78195B
S2140291D0E6F7DAFF23681D44B542256006D2B8F1E9
S2140291E0010801D00028EFD1BDE8F0810020FBE79E
S2140291F013B502230024684600948DF804408DF8C7
S2140292000530E5F733F9204602B010BD70B50C46BE
S214029210154610B9E7F752FC38B143682BB12A4617
S21402922021460068BDE870401847232070BDF7B598
S2140292300D4616461C4648B103B901AC87685FB1B5
S2140292402346324629460068B84706E0E7F736FC6A
S21402925004B901AC0028F1D1232003B0F0BDF8B563
S2140292600C461546064658B9E7F728FC2046294616
S214029270FDF79AFE0446002CD4BF37200020F8BD26
S214029280E7F71CFC86420746F0D03046E7F70AFCB2
S21402929029462046FDF788FE04463846E7F702FCD4
S2140292A0E9E70EB403B503AA52F8041B0192FFF7CE
S2140292B0D6FF02B05DF804EB03B07047002070479B
S2140292C0FEE74FF400534B600020704701207047C2
S2140292D00020704707B5002001AB0190FFF7A7FFFB
S2140292E00198002808BF4FF0FF3003B05DF804FB7A
S2140292F010B500201446FFF789FF204610BD03462E
S21402930070B190F8382090F83C002AB1022803D1B8
S214029310012283F83C20704704284FF00102F8D05F
S2140293200120704780F82C10704790F82C00704788
S21402933090F839007047037A3022534303F1804392
S21402934003F56223D3F89410D0E903231344994219
S21402935014BF084610467047F8B590F839300446F0
S2140293600D4681B173B990F83A60FFF7CBF9012147
S21402937005463046E7F7C8FF2846FFF7C7F9012338
S21402938084F83930F8BD002BFCD090F83A70FFF71D
S214029390B9F9294606463846E7F7B6FF3046FFF7DC
S2140293A0B5F984F83950EDE72DE9F8430446164638
S2140293B090F82C800D46FFF7ACF994F83820034657
S2140293C09AB1FFF7ACF994F83B90FFF79BF90121AD
S2140293D007464846E7F798FF3846FFF797F9FFF73C
S2140293E098F90022034684F838201846FFF797F9C2
S2140293F02E44B54204D1236A0121204698473CE018
S21402940094F82D3023B3FFF784F9237E0746E3B1A1
S2140294102046FFF790FFE168D4F830C00138884252
S2140294203EBF206900F1FF30401803469C450BD032
S21402943013F80129112A01D0132A21D1A2F111030E
S2140294405A425A4184F8342020633846FFF767F9B7
S21402945094F83430002BCCD0B8F1000F06D02B781D
S2140294600A2B03D1E3690D2120469847E36915F8D4
S214029470011B204698470028BBD00020BDE8F88391
S214029480994282BF236903F1FF335B18CEE7F8B532
S21402949090F83830044603F0FF06A3B9036A314653
S2140294A09847012384F8383094F83B70FFF72AF97E
S2140294B0314605463846E7F727FF2846FFF726F9DE
S2140294C0022384F83C30F8BD026CD36C43F00403EC
S2140294D0D3647047026C10B5044613695906FCD56E
S2140294E000231A4694F8491094F84800E5F77CFAE7
S2140294F000231A4694F84B1094F84A00E5F774FADB
S21402950094F85030DA0707D5002394F84D1094F8F3
S2140295104C001A46E5F768FA94F850309B0707D5D0
S214029520002394F84F1094F84E001A46E5F75CFABA
S214029530206CC36C23F00103C364C36C23F00403E2
S214029540C3640021FFF759FA606C0021E4F75CF966
S214029550002010BD08B5006CFFF7DDFA002008BD3C
S214029560036CDA6C19B142F00102DA64704722F039
S2140295700102DA6401229A64704738B50468206CE6
S214029580056C15F0010509D00123836403699B0667
S2140295900FD52046BDE83840FFF779BF042384F88C
S2140295A03C30237E33B9C36C23F00403C364012327
S2140295B0237638BD637E23B394F82D300BB384F83C
S2140295C035501321FFF7A7FA236CDA6C42F0040237
S2140295D0DA64DB69DBB2112B0ED1012384F8343056
S2140295E0237A3022534303F1804303F56223D3F8F0
S2140295F09430013B2363DCE7132BDAD184F8345032
S214029600EEE7C36C23F00403C364D2E7013A42EAEE
S214029610520242EA920242EA121242EA122230B59A
S21402962042EA12420132B2F5807F38BF4FF48072AE
S2140296305442044015198D4205D31C60039B1D60DD
S214029640049B1A6030BD5200F2E708B5E7F782FDC8
S21402965008BD10B5FFF756F80446E7F7C9FD2046E1
S214029660BDE81040FFF752B87047FFF7AAB9704737
S2140296707047012070474FF41670E7F7D1BE0023FB
S2140296800B7070472DE9FF410D4616461F460446ED
S214029690A8B14FF00008C0F81C80E8F70FFABDF832
S2140296A02C3002939DF828304246CDE900732946B5
S2140296B033462046E8F768F904B0BDE8F081222078
S2140296C0FAE7F0B50D4685B016461F46044690B139
S2140296D00023C361E8F7F2F9BDF82C3002939DF837
S2140296E028302A46CDE90073294633462046E8F755
S2140296F04BF905B0F0BD2220FBE7F0B587B01F4658
S21402970000230D4616468DF817300446A8B1C361ED
S2140297100DF11701E8F702FA9DF817207AB9BDF89D
S214029720343002939DF830302946CDE90073204646
S2140297303346E8F729F907B0F0BD2220FBE70320FD
S214029740F9E7F0B587B01F4600230D4616468DF89A
S21402975017300446B0B1C3610DF11701E8F7DEF920
S2140297609DF8173083B9BDF8343002939DF8303037
S2140297702A46CDE90073294633462046E8F704F91F
S21402978007B0F0BD2220FBE70220F9E738B5FEF766
S214029790C0FF0546E8F7CAFB04462846FEF7BFFFA9
S2140297A0204638BDE8F752BC08B5E2F77FFEFEF762
S2140297B099FDFEF7A2FDFEF7AFFDBDE80840FEF7F5
S2140297C0B6BD08B5FEF7B5FDFEF7B4FDFEF7B4FD6F
S2140297D0BDE80840FEF7B2BD242070474820704717
S2140297E04C2070474020704708B501F023FBECF789
S2140297F05FFD02F0B5FA03F0E5F8002008BD38B5C3
S2140298000446FEF77FFF05462046FDF7BFF90446ED
S2140298102846FEF77BFF204638BD70B504460E4646
S214029820FEF770FF314605462046FDF795F90446D9
S2140298302846FEF76BFF204670BD38B50546FEF794
S21402984061FF04462846FDF7A9F92046BDE83840E0
S214029850FEF75CBF00220123C0E90023704710B563
S214029860044648B1006818B1E188890001F051FA4F
S21402987000220123C4E9002310BD42F2107399426C
S21402988070B504460D4602D96FF00F0070BDC3884E
S2140298908B4201D30020F9E704212846FFF7BDFFDB
S2140298A006460028F0D0216841B1E288920009F00D
S2140298B00EFBE1882068890001F02BFAE58026601D
S2140298C0E8E738B504460D4619B9FFF7C8FF002089
S2140298D038BDC2888A4207D100689200002109F08A
S2140298E0EBFA0123A380F2E7FFF7B9FF29462046E9
S2140298F0BDE83840FFF7C1BF884270B505460E4640
S21402990009D0C988C28841B92AB10123838092004E
S214029910006809F0D1FA002070BD4C1E8CB90134E3
S214029920B6F90430AB80A24212D221462846FFF78F
S214029930A4FF0028F0D131682868A20009F0C7FA0F
S214029940E9E7336853F82430002BE8D1013CE5E719
S2140299502868121B9200002100EB840009F0ACFA82
S214029960E9E770B50C4601210546FFF786FF064675
S21402997088B9EA8801469200286809F09DFA84EAC6
S214029980E472A2EBE472E40FC4EBC4342B68640006
S21402999001341A60AC80304670BDC388B1EB431FF9
S2140299A03FBF03684A0901F01F0153F822003ABF7D
S2140299B0C84000F0010000207047C188006800F02F
S2140299C0A9BA70B50E4612F0030118BF012101EBC9
S2140299D0920105461446FFF774FF38B9E9882868ED
S2140299E023463246BDE8704000F0B6BA70BD134654
S2140299F00A46C188006800F0D4BA38B504460D4657
S214029A00FFF7DBFFE3882844B0EB431F06D8206845
S214029A10E1882A4600F035FB002038BD10F01F0111
S214029A2018BF012101EB50112046FFF726FF002840
S214029A30EDD0F2E70A46C18808B511B1006800F019
S214029A40E2FA002008BD10B5C38823B9CA885AB9FD
S214029A50ABB1012017E0026802EB830252F8042C35
S214029A60002AF3D1013BF0E70C6804EB820454F8B9
S214029A70044C0CB9013AEAE79342EAD80FD3013B09
S214029A805A1C01D1002010BD026852F823400A6811
S214029A9052F823209442DCD803F1FF33F0D24FF081
S214029AA0FF30F0E730B5C38823B9CA885AB9002B0D
S214029AB03DD136E0026802EB830252F8042C002AFB
S214029AC0F3D1013BF0E70C6804EB820555F8045C21
S214029AD04DBB013AEAE7B1F9045003D2B1F90400EA
S214029AE0404226E0B0F90420002A03DD002D0CDAFD
S214029AF001201EE0002D08DD3AB14FF0FF3018E0DD
S214029B0003F1FF330BD2504213E0013B016851F8D8
S214029B10235054F823108D42F2D9104609E0591CFE
S214029B20F4D1002005E0002BD8D09342D3D9B0F967
S214029B30040030BD1FB581EAE173A3EBE173C90FE0
S214029B40C1EBC1314900019301310123ADF80C107C
S214029B50ADF80E3002A901AB0293FFF7A3FF05B0E2
S214029B605DF804FB90422DE9F04105460F46144687
S214029B7002D0884206D127460123FC88AB803CB936
S214029B80002003E0FFF7B8FE0028F4D0BDE8F0811D
S214029B903B6803EB84034FEA840853F8043C0BB992
S214029BA0013CECE721462846FFF767FE0028EDD188
S214029BB02E683A6823463146304600F098FA06EB9D
S214029BC008030746002FDBD0EA88A24204F101060A
S214029BD008D831462846FFF750FE0028D6D12B6813
S214029BE003EB84031A68D21943F8042B2CBF01270F
S214029BF000273446E6E72DE9F041D48805460E46AE
S214029C0090463CB9F188A1420ED26FF00907384659
S214029C10BDE8F081D8F8003003EB840353F8043C27
S214029C20002BEFD1013CECE72846FFF726FE07465D
S214029C300028ECD1F28894420BD2AE4209D02868B2
S214029C403168121B920001EB840100EB840009F0DC
S214029C503EF9EA88F088824207D92B68121A9200E7
S214029C60002103EB800009F027F9D8F800203168BC
S214029C702868234600F051FA024610B90123AB8049
S214029C80C5E72968EB8801EB84011B1B084600F038
S214029C906DFB0028F2D0B8E72DE9F843B2F804C00D
S214029CA0B1F904401CFB04FC6646734381460D462C
S214029CB017461CD511462846FFF7C5FEB0F1000828
S214029CC00DDB3A4629464846FFF795FF98B9B8F1A4
S214029CD0000F08BF0124A9F8044000200BE02A4622
S214029CE04846FFF788FF30B9644224B2F3E7FFF72D
S214029CF039FF0028EFD0BDE8F8830123FFF7CCBF79
S214029D004FF0FF33FFF7C8BF1FB582EAE273A3EB3B
S214029D10E273D20FC2EBC232520001930132012328
S214029D20ADF80C20ADF80E3002AA01AB0293FFF795
S214029D30E7FF05B05DF804FB2DE9F047012386B086
S214029D40164688424FF00002CDE90223CDE90423ED
S214029D5007460D4606D102A8FFF7CEFD04460028A8
S214029D6033D102ADB74206D1394604A8FFF7C4FD87
S214029D70044650BB04AEB5F80680B8F1000F2ED1EB
S214029D80B6F80690B9F1000F33D14FF0010A09EB8D
S214029D9008013846FFF771FD0446B0B90146384659
S214029DA0FFF7DFFD044680B9CDF8009033682968D6
S214029DB03868424600F08AFABAF1000F22D1AB8820
S214029DC0B28813FB02F31BB2BB8004A8FFF747FD61
S214029DD002A8FFF744FD204606B0BDE8F0872B68D0
S214029DE003EB880353F8043C002BC9D108F1FF3873
S214029DF0C3E7336803EB890353F8043C23B909F13C
S214029E00FF39BFE70123DFE7B8FA88FA4FEA5A1AA2
S214029E10BDE72DE9F341CF880546884616463FB191
S214029E20D8F8003003EB870353F8043C3BB146B93D
S214029E300021284602B0BDE8F041FFF792BD013F7F
S214029E40EDE7791C2846FFF718FD044670B941462F
S214029E502846FFF751FD044640B9013E0096D8F861
S214029E600020E98828683B4600F074F9204602B0D4
S214029E70BDE8F08170B504460D4610460021164630
S214029E80FFF758FE002824DB2A46334621460020E8
S214029E90E8F778F9054638B1284670BD32462146BD
S214029EA02046FFF72AFF90B900212046FFF742FE20
S214029EB00028F3DB31462046FFF7F4FD0028EBDBF3
S214029EC0324621462046FFF71BFF0028F2D0054601
S214029ED0E2E76FF00905DFE7F7B50E1E0446154602
S214029EE01F4614DB1046FFF725FE00280FDDE98823
S214029EF02046FFF7E6FC40B9089BCDE900733146E1
S214029F00E3882A682068E8F751FB03B0F0BD6FF0DB
S214029F100300FAE70139002901DA0020704750F8F9
S214029F202130002BF6D0B3FA83F00131C0EB41109A
S214029F30704739B101F18041013900EB810181425C
S214029F40034600D270471B680A681BBA12BA40F86A
S214029F50042B41F80439F2E72DE9F0411C4613F0D0
S214029F60030318BF012303EB94038B4206460D46F8
S214029F70904613D879B18F003A46002108F09CFF2C
S214029F802CB1381B22464146304408F0A0FF294631
S214029F903046FFF7CEFF0020BDE8F0816FF00700E5
S214029FA0FAE7B3EB810F70B504464FEA8105104617
S214029FB019D95A1B8618002108F07EFF30462B4618
S214029FC0C21800218B4210D1002070BD22F003017E
S214029FD002F003066158F600F140C9B281B90132B7
S214029FE0AA42F3D1ECE71A46FAE721F0030001F0A1
S214029FF003052058ED00E84002F8010D0131E1E7C3
S21402A0006FF00700E1E7F8B50546500988420C46AE
S21402A01002F01F0601D80AD136B1A2002846002156
S21402A020BDE8F84008F048BF1F2A02D8F8BD1F2A2C
S21402A0300FD9820005EB8003291F05EB8407BB427C
S21402A0401AD1201A38BF0022002105EB800008F042
S21402A05033FF002EEAD005EB84040022C6F120006E
S21402A060AC42E3D054F8041C21FA06F3134344F836
S21402A070043D01FA00F2F3E753F804CB41F804CFAB
S21402A080DDE71F2AF8B503460D464FEA521402F0E2
S21402A0901F0613D96FF0030000FB04300A469442F1
S21402A0A002F1FF3113D3621BAC4288BF00222A445E
S21402A0B018469200002108F0FFFE034636B103EB75
S21402A0C084030021C6F12007AC4206D3F8BD50F83F
S21402A0D0212043F821200A46E1E7186800FA06F232
S21402A0E00A4343F8042B013420FA07F1ECE7F0B5F3
S21402A0F00024844620469C4200D1F0BD51F82450EC
S21402A10052F824702E182CBF01250025BF194CF8D2
S21402A110247045F100000134EDE7F0B50024064650
S21402A12020469C4200D1F0BD51F824C052F824705B
S21402A130ACEB0005AF4294BF4FF0000E4FF0010E9D
S21402A140ED1B46F8245084452CBF70460EF10100E4
S21402A1500134E6E78B422DE9F04728BF0B469646C8
S21402A160DE08089A0446C91A03F00708754603462D
S21402A170B44600200CF1FF3CBCF1FF3F03F1200384
S21402A18005F1200511D104EB46140EEB46164FEAF4
S21402A190880C06EB880E2546764540F0818064449E
S21402A1A0013980F08B80BDE8F08755F8207CA2FB51
S21402A1B0079710EB090953F8200C47F1000710EB3C
S21402A1C0090043F8200C55F81C0C47F10007A2FBC7
S21402A1D000093F1853F81C0C49F10009C01943F84E
S21402A1E01C0C55F8180C49F10009A2FB000719EBE4
S21402A1F0000953F8180C47F1000710EB090043F862
S21402A200180C55F8140C47F10007A2FB00093F187A
S21402A21053F8140C49F10009C01943F8140C55F808
S21402A220100C49F10009A2FB000719EB000953F8CC
S21402A230100C47F1000710EB090043F8100C55F814
S21402A2400C0C47F10007A2FB00093F1853F80C0C50
S21402A25049F10009C01943F80C0C55F8080C49F1ED
S21402A2600009A2FB000719EB000953F8080C47F196
S21402A270000710EB090043F8080C55F8040C47F1E8
S21402A2800007A2FB000A17EB000953F8047C4AF108
S21402A290000017EB090740F1000043F8047C69E769
S21402A2A056F8043BA2FB0337C318286847F1000799
S21402A2B0C31845F8043B47F100006DE723681B18F6
S21402A2C044F8043B2CBF0120002069E72DE9F34740
S21402A2D0DDF8289015464A440F46920000210646AD
S21402A2E0984608F0E9FD002405F1010A4C4502D122
S21402A2F002B0BDE8F08758F82430009306EB8400DD
S21402A3002B463A465146FFF725FF0134EEE72DE984
S21402A310F04712F0030418BF012404EB92048C42A7
S21402A3200646884617461D464FEA840AC2EB84094B
S21402A33019D84A46002108F0BFFDA8EB0402920095
S21402A340002106EB0A0008F0B7FD08983A4606EB2D
S21402A3500901A847054618B921463046FFF7E9FD28
S21402A3602846BDE8F0876FF00305F9E730B50546E5
S21402A370104600229A4200D130BD51F82240241ADB
S21402A38045F8224034BF012000200132F2E748227D
S21402A390002108F091BD10B50446FEF7C7FB204623
S21402A3A0BDE81040FFF749BA10B524210120FFF797
S21402A3B034FA044608B1FEF7B5FB204610BDFEF798
S21402A3C0D9BBFEF7B9BBFEF723BC2DE9F04F502AE6
S21402A3D0BFB006460C46154600F29F8022AF70229A
S21402A3E00021384608F068FD0DA8FEF79BFB2BBA45
S21402A3F026932A463023214628A88DF89F3008F057
S21402A40066FD05F1F8036B44802203F8582C05AA72
S21402A410002302F8013B0133202BFAD14FF480725D
S21402A42005A90DA8FEF788FB8346002857D11935E3
S21402A430804601AC10220021204608F03DFDA946C8
S21402A440BA46524610232146204600F04EFCB9F189
S21402A450100F234622464FF001010DA894BFA9EB28
S21402A4600909A9F11009FEF7D3FB0AF1100A83467F
S21402A470A8BBB9F1000FE4D116AB08EB030C94E8C5
S21402A4800F008CE80F009DF88B3008F1100801339E
S21402A490B8F1300F8DF88B30CCD14FF4807216A9FC
S21402A4A00DA8FEF749FB8346C8B906F130083446C4
S21402A4B01EAB1A4601210DA8FEF7AAFB834670B909
S21402A4C00DF1780C2546624603CABA4228606960D6
S21402A4D0944605F10805F6D11034A045E8D10DA83A
S21402A4E0FEF724FB70213846E8F730FD302116A827
S21402A4F0E8F72CFD202105A8E8F728FD102101A881
S21402A500E8F724FDBBF1000F03D030213046E8F710
S21402A5101DFD58463FB0BDE8F08F6FF0370BF8E7E9
S21402A5202DE9F0438DB004460E46302200216846DF
S21402A53008F0C2FC002704F12009E8460DEB0703E9
S21402A54004F11001A14206D011F8012D0132D2B257
S21402A5500A70002AF6D0224601214846FEF758FB2A
S21402A560054638B168463021E8F7F0FC28460DB0BB
S21402A570BDE8F0831037302FDFD1731E2F3698F8E0
S21402A580002013F8011F4A40B34208F8012BF6D107
S21402A5904FF4807269464846FEF7CEFA0546002812
S21402A5A0E0D108AA0CAE134603CBB342206061602A
S21402A5B01A4604F10804F6D1D4E72DE9F04184697D
S21402A5C0502C94B00546884617461E4643D8C4F11A
S21402A5D05003B3423FD3C6F150031B1B93423AD3F8
S21402A5E050220021684608F067FC6B6CA86C224675
S21402A5F06946984728B16FF03304204614B0BDE888
S21402A600F081AC6946B16B6CA86C32460DEB040166
S21402A61098470028EFD13444B8F1000F07D037B17D
S21402A6200DEB04003A46414608F051FC3C442246F3
S21402A63069466846FFF7C9FE044638B969462846A1
S21402A640FFF76EFF044608B901232B6150216846C6
S21402A650E8F77CFCD1E76FF03704CEE710B54C2262
S21402A6600446002108F028FC04F12000FEF75AFAFE
S21402A6704FF0FF33236142F21073E36110BD10B551
S21402A680044660B12030FEF751FA4C212046E8F726
S21402A6905DFC42F21073E3614FF0FF33236110BD9D
S21402A6A00023FFF78ABF2DE9F041054688B04FF038
S21402A6B020080F4614460021424668461E4608F009
S21402A6C0FBFBAB69C5E911740BB9C5F818802C6998
S21402A6D0002C05DAAC692F2C9ABF013464080024DA
S21402A6E04FF48072694605F12000FEF725FA28B974
S21402A6F00E9A234631462846FFF75FFF08B0BDE8AC
S21402A700F0812DE9F04190B0B2F5806FDDF8588007
S21402A71005460F4616461C465ED8B8F5807F5ED8BC
S21402A7203022002104A808F0C7FB2A69EB699A4286
S21402A73001DC6B699BB1214642462846FFF7B0FF13
S21402A740044628BB05F1200836BB04A92846FFF7B5
S21402A750E7FE0446A0B92B6901332B6110E0B8F17D
S21402A760000FEFD02146424604A8FFF72EFE04460D
S21402A77030B904A92846FFF7D3FE04460028E1D0E4
S21402A780302104A8E8F7E2FB10216846E8F7DEFB72
S21402A790204610B0BDE8F08105F11002AA4206D0AC
S21402A7A012F8013D0133DBB21370002BF6D06B4674
S21402A7B02A4601214046FEF72BFA04460028DFD13E
S21402A7C0102E344628BF102438462246694608F022
S21402A7D07EFB2744361BB7E76FF03504D8E76FF0E9
S21402A7E03704D5E707B500230093FFF78AFF03B0C7
S21402A7F05DF804FB2DE9FF41DDF828801D4616466C
S21402A80043462A4604460F46E8F7A0FA48B9CDE979
S21402A8100180009504F11C033A4631462046E8F7CB
S21402A82087FA04B0BDE8F081F7B50D460446083550
S21402A83068461646FFF70EF800212846FFF77AF913
S21402A840211D07462A466846FFF75AFA044648B9C3
S21402A850002F0CBF002206F0010269462846E7F7E1
S21402A86061FC04466846FEF7FAFF204603B0F0BDD8
S21402A87070B50C460546114620461A46FFF73DFAC5
S21402A880064630B9043529462046FFF70BF900285C
S21402A89001DA304670BD2A4621462046FFF7ABF95C
S21402A8A00028F0D00646F4E710B50446FEF7D7FFB8
S21402A8B004F10800FEF7D3FF04F11000BDE81040D3
S21402A8C0FEF7CDBF13F07E0F2DE9F0470C46154676
S21402A8D00CBF4FF0010A4FF0000A074652462946BF
S21402A8E020461E46C3F34508E7F71CFC48BB04F1A6
S21402A8F00809524605F108014846E7F713FC00BB73
S21402A90008F1FF33D3F1000848EB0308424605F18D
S21402A91018012046E7F706FC98B9424605F12001E1
S21402A9204846E7F7FFFB60B9F20921463846FFF7CB
S21402A9307BFF30B904F110000121BDE8F047FFF7B4
S21402A94010B8BDE8F0870346C06920B15B6A002BE9
S21402A95014BF01200220704710B50446FEF77AFFA6
S21402A96004F10800FEF776FF04F11000BDE810407F
S21402A970FEF770BF38B50025044600F8045BFEF704
S21402A98069FF04F10C00FEF765FF04F11400FEF700
S21402A99061FF04F11C00FFF7DFFF04F13400FEF74D
S21402A9A059FFC4E90F55C4E91155C4E91355C4E962
S21402A9B01555E56538BD08B1FFF776BF704770B527
S21402A9C0044658B3436C012B11D00C30FEF747FFF8
S21402A9D004F11400FEF743FF04F11C00FFF7EBFF3F
S21402A9E004F13400FEF73BFF201DFEF738FFA36D8F
S21402A9F08BB920466021BDE87040E8F7A7BA06FB8F
S21402AA000500FFF7D8FF0135D4E91603AB42F6D8A6
S21402AA10FEF713FFEDE700251826F5E770BD38B5FB
S21402AA2004460D46FEF768FF70B905F1080104F109
S21402AA300800FEF761FF38B905F1100104F11000B5
S21402AA40BDE83840FEF758BF38BD08B500211030C3
S21402AA50FFF770F8B0FA80F0400908BD2DE9F04122
S21402AA60202B8AB00546884617461E460BD9092073
S21402AA70E8F7E8F902AB32463946E8F74FFA0446F9
S21402AA8028BB02AF20262C698DF804808DF805605D
S21402AA9084B90920E8F7D6F9224601462846E8F79F
S21402AAA0DFF9044698B92846E8F706FA044670B96C
S21402AAB001232B61022201A92846E8F70FFA044671
S21402AAC028B9324639462846E8F708FA044602A864
S21402AAD02021E8F73BFA20460AB0BDE8F0812DE9CE
S21402AAE0F0430023A3B0064605461F466FF03B041C
S21402AAF09946726997420BDB002B08BF6FF03C0445
S21402AB0002A88021E8F722FA204623B0BDE8F083A7
S21402AB10D5F82880AC69E869CDF80490B8F1010F41
S21402AB2018BF9846802201AB02A9A0470446002817
S21402AB30E6D1019B53B102AAF9B23046FFF78EFF67
S21402AB400028E2D12B6A019A13442B62013714358E
S21402AB504346CEE70369013310B504460BD000F036
S21402AB60A4F800236361282104F11800E8F7EEF93F
S21402AB704FF0FF33236110BD30B54569012D0BDC64
S21402AB80142404FB050401356362039BA362C4E933
S21402AB9006124561002030BD6FF03D00FBE72DE94F
S21402ABA0F041202A88B005460F46164676D840F26F
S21402ABB001186B69002B6ED02846FFF790FF0446FB
S21402ABC0002848D1D5F814E002462B460120A645B7
S21402ABD04FDC002847D01F2A45D92022002168468C
S21402ABE008F06AF969462846E8F788F9044690BBF1
S21402ABF0284600F05AF8284600F053F80920E8F7ED
S21402AC0021F9224601462846E8F72AF9044610BBEF
S21402AC102846E8F751F90446E8B92022694628464C
S21402AC20E8F75CF90446B0B90920E8F70BF96B4679
S21402AC3020226946E8F772F9044660B96A69034653
S21402AC40142105F1200025469A421EDC324669464A
S21402AC50384608F03CF920216846E8F777F920469E
S21402AC6008B0BDE8F081B8F10108A2D16FF03B044C
S21402AC70F1E7D3E908C18C4538BF0020996A01295B
S21402AC8008BF624401341433A1E701FB03FC01331D
S21402AC9040F80C50D8E76FF03F04DCE76FF03B0457
S21402ACA0DDE71022002108F007B910B50446D8B136
S21402ACB00368CBB1806838B11B78082B11D0092BFA
S21402ACC00FD0A068FEF7B9FDE06820B12368997836
S21402ACD0490000F01EF820461021BDE81040E8F7B3
S21402ACE035B9FEF7ADF8ECE710BDF0B50024261D29
S21402ACF0B34202D29C4206D3F0BD0D5917597D408D
S21402AD0005513446F3E70D5D165D75400555013471
S21402AD10F0E710B5044608B1E8F718F92046BDE892
S21402AD201040FEF78ABDF0B5012B9DB006460F46D1
S21402AD3015461C461AD801A8FEF780F8214601A837
S21402AD40E5F79CF8044658B93A46314601A8FEF79C
S21402AD5079F8044620B9294601A8FEF77AF804468F
S21402AD6001A8FEF76DF820461DB0F0BD6FF0730423
S21402AD70F9E750E8003F0B4340E80032002AF8D1DA
S21402AD807047C94350E8003F0B4040E80032002AB3
S21402AD90F8D17047431E032B06D8DFE803F00204FF
S21402ADA0020403207047042070477047CB69184797
S21402ADB0704770470020704770474FF0000070479A
S21402ADC00020704770477047002070470020704789
S21402ADD00020704700207047002070477047002010
S21402ADE070470020704770477047002070477047D2
S21402ADF0704711207047002070474FF0FF307047B1
S21402AE000020704770477047002070470020704748
S21402AE104FF0FF3070471120704700207047012026
S21402AE207047002070470020704700207047704728
S21402AE307047704701F0C0B938B50446FDF769FCA3
S21402AE40D4E9101205462046E8F78CF8E18C228DEC
S21402AE50E060521A40F2712101FB020303F59C5393
S21402AE60083323612846BDE83840FDF758BC08B5CC
S21402AE702030FFF77EFFBDE808404FF08050EEF727
S21402AE8095BB38B504460D460830E9F719FE294643
S21402AE902046EBF7EBFEE06E0025E56110B1E8F721
S21402AEA05BFFE56604F15000BDE8384008F05DBB84
S21402AEB038B5044619B390F838208AB190F839307C
S21402AEC00133DBB29A4280F8393009D10121FFF70B
S21402AED0D8FF4FF080712046BDE83840FFF7C7BF65
S21402AEE0236ADA030BD5E36B62689B1A002B06DA39
S21402AEF001212046FFF7C5FF4FF08061EBE7236A8A
S21402AF001B0426D402F0D7FC1123B0FBF3F303EBA9
S21402AF100313C01A94F9613085B213FA80F0102830
S21402AF2088BFC5F110056DB2083B2B4484F861302A
S21402AF3020460121EBF79AFEE28C63682A4440F22F
S21402AF40712101FB023363602046BDE83840EBF70F
S21402AF503DBE0025ECE72DE9F84F1D46C369DDF836
S21402AF6030809DF838909DF840B09DF850A00F466E
S21402AF7004469DF848101646002B40F0D180EB069A
S21402AF8000F1BE8005F00303032B08BF05F0FD05A4
S21402AF9005F0F705BDF83C30A386A8069DF85400D8
S21402AFA048BF05F0FC05FFF7F5FE47F6FF731BF0FA
S21402AFB0020F84F83600A4F8783040F0A4801BF024
S21402AFC0040F00F0A28000F0FD00012814BF032346
S21402AFD0042394F87F209DF8580063F3030284F854
S21402AFE07F20FFF7D7FE47F6FF738A0784F83700FD
S21402AFF0A4F8883000F18B804B0740F18A8000F07D
S21402B000FD00012814BF0321042194F88F30606EDE
S21402B01061F3030384F88F30FFF7EAFE216C002207
S21402B0202046E7F79FFF40F271237343984279D890
S21402B03004F1200049F6FF71FFF7A3FEFF2384F810
S21402B0405430BAF1000F03D0236A43F480532362CC
S21402B050290705D5236A062643F484132362374656
S21402B060236A6A0723F4C04323620CD419F0010F43
S21402B0701CBF43F400532362236A19F0020F1CBF5D
S21402B08043F480432362236AA5852B43236204F19B
S21402B0902E03B8F1000F3ED0D8F80020C4F82E20B8
S21402B0A0B8F804209A809DF82C30012B03D14FF477
S21402B0B08061FFF75EFE236A9DF8282023F4407322
S21402B0C043EA0223236202F0F6FB94F860309DF80E
S21402B0D04C2084F85F0023F00F03C0F303200343E1
S21402B0E062F3071384F860309DF83430E784204614
S21402B0F0268584F82A30FFF79FFE0020BDE8F88FE9
S21402B10001218B4646E7022363E7012361E702211A
S21402B1107BE7012179E7C4F82E80A3F80480CAE70A
S21402B1200C20EBE74520E9E72DE9F7438946174669
S21402B1300193044630B901A808F017FA422003B07A
S21402B140BDE8F083012920D0022910D089B9C3694D
S21402B150C3B900F140054FF40036236AD9061ED55E
S21402B1605A0726D501A808F000FA0020E7E7406E45
S21402B17020B901A808F0F9F90C20E0E71946FFF714
S21402B18038FEDCE700F14805E5E7C36923B900F1BC
S21402B19044054FF48026E0E700F14C05F9E79B07EB
S21402B1A007D5B9F1000F04D101A808F0DEF9122084
S21402B1B0C5E704F1200840463146FFF7E2FDF807EE
S21402B1C002D5284608F0D1F9019921B1284608F09F
S21402B1D0B3FA00230193286808F04CFA236AD906CA
S21402B1E005D51F2801DC032F16D02846DDE740F2DE
S21402B1F07262904204DD284608F0B7F907209EE7FF
S21402B200B9F1000F08D1BF2806DD9A0704D02846F8
S21402B21008F0ABF9452092E7D4E912122046E7F788
S21402B220A1FEE3696BB1E38C40F27122534398426C
S21402B23007D9238D8342EAD300F51C70B0FBF2F0E7
S21402B240E084FDF766FAE36905467BB1BB070DD5D8
S21402B25031464046FFF78DFD6368C3F57A7602F005
S21402B26066FBF04202D52046EBF71CFE2846FDF7A9
S21402B27056FA7AE708B548B1CB0701D4002008BDD4
S21402B2804FF400112030FFF774FDF7E74220F6E78F
S21402B29008B548B1CB0701D4002008BD4FF4001111
S21402B2A02030FFF76EFDF7E74220F6E7E8F740B9F1
S21402B2B038B5C36904460D463BB1036A13F0010074
S21402B2C011D194F82430FE2B0CD004F120004FF458
S21402B2D08001FFF74EFD2B68C4F85530AB88A4F802
S21402B2E05930012038BD0020FCE7036A10B5044639
S21402B2F013F4602030D09A0307D504F1400008F01A
S21402B30034F9A36C23640023A364236A5B0307D582
S21402B31004F1440008F029F9E36C63640023E36453
S21402B3204FF4602104F12000FFF72BFD2046FFF7C3
S21402B33083FD94F8602094F85F3002F00F0143EA30
S21402B3400123013384F85F3022F00F02C3F3032394
S21402B3501A4384F86020012010BD10B50446503010
S21402B36008F0EAF920464FF00071BDE81040FFF7FA
S21402B3707EBD50E8003F0B4340E80032002AF8D179
S21402B3807047C94350E8003F0B4040E80032002AAD
S21402B390F8D1704738B50446D0F8A00010B9D4F8F2
S21402B3A0A40058B194F8375108F010F905F00F05CB
S21402B3B081B206312846ECF775FE80B2B4F87830D2
S21402B3C040F27122534300F548709842B8BF1846BF
S21402B3D038BD38B505460C4602F02FFB20B149F6BB
S21402B3E040439C4228BF1C46EA68A2420BD2B5F8EC
S21402B3F07A3040F271214B43934238BF1346A34240
S21402B40028BF23461A462A6138BD034644309A6A44
S21402B410920404D5D3F82821998FEDF71BBE93F832
S21402B4206F10EDF70DBE0020704701207047002018
S21402B43070470020704701207047C82070470020E0
S21402B440704700207047704770471120704770475A
S21402B45070470020704770470020704770470120F1
S21402B46070477047704790F88520531C03F00F030F
S21402B470072B28BF002363F30302034410B580F8AA
S21402B480852083F87E1090F885306F2B4FEA1312D2
S21402B49098BF013204469CBF62F3071380F88530DA
S21402B4A0FFF7E0FF94F83711204601F00F01FFF78F
S21402B4B0CBFF10BD704770477047002070470020D2
S21402B4C070470020704710B101F1B000704701F1DB
S21402B4D0D4007047F8307047806A70472830FFF70C
S21402B4E048BF2830FFF74DBFC06A70472C30FFF7C1
S21402B4F040BF2C30FFF745BF00F59C70704708B57B
S21402B5000B79DB0702D4FFF7D5FF08BDBDE808407C
S21402B51091F90510FFF7A7BF02290346808F11D0C5
S21402B520032909D0012906D11A8F5B6B1201B2FBDF
S21402B530F3F3184480B270475A6B4FF47A43B3FB66
S21402B540F2F3F6E75B8F073000EB4300F2E770B5E5
S21402B55040F27126456806FB01F35643826A1D4493
S21402B5601207044645600ED500F1400500F134028C
S21402B5702946E9F7C9FE3346294620460122BDE898
S21402B580704001F054BA05EB5605456070BD836AFB
S21402B590590505D4D0F8A03013B15B799A0708D4C0
S21402B5A0D0F8A40000B9704743799B0701D400681D
S21402B5B0F8E70120704780F87710704738B50446E0
S21402B5C001F047FC04F1A40007F0CFFF04F1A80045
S21402B5D007F0CBFF04F1AC0007F0C7FF04F1A000B0
S21402B5E007F0C3FF2046E8F70DF9C4B22046FFF77E
S21402B5F0EBFB05462046FFF7E9FB01462846FFF728
S21402B600E2FB38BD38B5836A1B07044613D50246EB
S21402B610B0F87C3052F8341F4B4340F271214B4352
S21402B62000F14001E9F770FE236C20469D08FFF703
S21402B630B1FE2844E060616B40F27125013969432E
S21402B6402046FFF7C6FE20460121EBF70FFB636B91
S21402B650B4F87C205A43636805FB023363602046D5
S21402B660BDE83840EBF7B2BAB0F8303110B5A0F802
S21402B67034310446E8F7C6F8C0B2FFF7DEFE94F8A7
S21402B680373194F8362103F00F0304F1440102F037
S21402B690CDF9ECF74DFDB4F93021824205D0A4F87D
S21402B6A03001EDF7EDF9A4F83201B4F93421B4F91A
S21402B6B030319A4209D0A36A9B0306D520464FF43E
S21402B6C00041BDE81040E8F7B3B810BDFFF7CCBFA5
S21402B6D0836A0A4600F14401C3F34030EDF764BCC6
S21402B6E010B5A0F87810A0F87A200446FFF752FEAC
S21402B6F02169E0602046BDE81040FFF76ABE38B513
S21402B70004460D463AB94FF4C0212830FFF739FEF9
S21402B7109DB9002038BDFFF79CFE98B128344FF43F
S21402B720C0212046FFF72DFE1DB14FF40031FFF772
S21402B73020FE4FF48021204601E04FF40031FFF74F
S21402B74018FEE6E71120E5E72DE9FF41836A9B0331
S21402B75004462CD5B0F93081B0F934710020EDF7EB
S21402B76083FA8045CCBF0025012502F064F994F8DF
S21402B7703711C82201F00F01EDF780FA064620467F
S21402B780E8F740F8B04594F83711A8EB0707B4BFBE
S21402B790002601263FB245EA46050023CDE900858C
S21402B7A002971A4601F00F0180B200F0B7FC04B00F
S21402B7B0BDE8F081FFF7C8BF86307047F8B504468B
S21402B7C00E4600295AD0476B40F271235F43A7F218
S21402B7D08A277F0839463046ECF774FC94F88E3098
S21402B7E0851FADB29D4239463046A8BF1D46ECF7CE
S21402B7F069FC94F88F20B4F88610831F9BB293429C
S21402B800A8BF1346F21E012AB4F888202BD8B1F539
S21402B810296F44F29020B8BF4FF429618142A8BF35
S21402B8200146B2F5296FB8BF4FF429628242A8BF1B
S21402B83002461B2DB8BF1B251B2BB8BF1B2384F843
S21402B840913084F89050A4F88A10A4F88C203046E0
S21402B850ECF738FC831F9BB2AB42A8BF2B46DBB289
S21402B86084F89230F8BDB1F5A47FB8BF4FF4A47146
S21402B870B2F5A47FB8BF4FF4A472DAE71B23EFE752
S21402B88070B54900466B89B28E4204461FBF4068B7
S21402B890616340F2712505FB060018BF05FB110027
S21402B8A0658F1ABF6060012100219542208F17D054
S21402B8B08342628700D02387238F94F83711626B06
S21402B8C0204601F00F011B01B3FBF2F3A4F89C30F3
S21402B8D0FFF774FF20460421BDE87040E7F7A8BFD3
S21402B8E08342E8D1A36A1B07E6D50029E4D170BDDE
S21402B8F0F0B585B004460E4600F186036A4600F1AE
S21402B9008E0718685968154603C50833BB422A468F
S21402B910F7D1186828609B88AB8031462046FFF72F
S21402B9204DFF9DF80B2094F891309A4211D1BDF844
S21402B9300620B4F88C309A420BD19DF80A2094F86F
S21402B94090309A4205D1BDF80420B4F88A309A4263
S21402B95007D04FF48141204605B0BDE8F040E7F736
S21402B96067BF05B0F0BD37B50446BDF8180094F8B9
S21402B9708E508D420BD1B4F88650954207D194F87A
S21402B9808F509D4203D1B4F8885085421DD08DF861
S21402B9900610ADF8042084F88E1094F83711019D35
S21402B9A084F88F30A4F88800C4F84051A4F88620A2
S21402B9B001F00F012046FFF79BFFB4F88A30A4F887
S21402B9C08630B4F88C30A4F8883003B030BD90F8D6
S21402B9D0373170B503F00F03044616460D46D9B14B
S21402B9E08B4219D00122FFF732FD2946002220465B
S21402B9F0FFF72BFD94F8373165F3030384F83731EC
S21402BA0005F00F012046FFF773FF20464FF48441EE
S21402BA10BDE87040E7F70CBF19462046FFF768FFFF
S21402BA20002EF2D170BDF8B51D46C36A5B07044608
S21402BA300F46164610D404212C30FFF79AFC84F8E1
S21402BA409A70A4F89660A4F8985020464FF40061C5
S21402BA50BDE8F840E7F7ECBEF8BD10B511B190F8B6
S21402BA609A400C7012B1B0F89610118013B1B0F86B
S21402BA7098201A80C06AC0F3800010BD4FF40041BF
S21402BA802830FFF776BC00F5A270704790F83701B1
S21402BA9000F00F00704770B50446FCF73AFE656882
S21402BAA0064601F044FF2D1AB5F5FA7504D5304660
S21402BAB0BDE87040FCF733BE636B94F8701040F23A
S21402BAC071225343B5FBF3F5A38FAAB29B1AA38741
S21402BAD094F86F3002FB1133252193FBF1F001FB42
S21402BAE01033002BB8BF5B1884F86F30B4F89C3064
S21402BAF09B1AA4F89C30204600211546EBF7B6F8B0
S21402BB00636B5D43636840F2712202FB1533636028
S21402BB102046EBF75BF8CAE72DE9F3474E79044671
S21402BB20B0074FF0000358BF06F0010608460D4660
S21402BB30ADF8043054BF01360326FFF73EF9074638
S21402BB4007F01F03002BE36A15BF4FF001084FF002
S21402BB5000084FF003094FF0020999050CD59DF82D
S21402BB60043066F3010368F345138DF80430019A36
S21402BB702946204600F08EF9284607F07BFD494606
S21402BB808246284607F031FD9DF80430AA798DF8E2
S21402BB9005A066F3010368F345130C328DF80430F2
S21402BBA0BDF80430AB529DF80430A9189A066B799A
S21402BBB048BF8F7043F001036B71FCF7AAFD06467F
S21402BBC02046294650F8A48F07F0B6FD94F8463171
S21402BBD0013384F84631A36A1B070CD5B4F87C30CF
S21402BBE0012B02D92046FFF756FF304602B0BDE8C9
S21402BBF0F047FCF794BD656801F099FE0746EBF73F
S21402BC004BF98442F1D1ED1BB5F57A7FEDDDB8F143
S21402BC10000F03D0D4F8A030002BE6D1EBF7D4FC0B
S21402BC20E3E708B5022007F065FE10B100F045FE16
S21402BC30012008BD10B54FF4407104462830FFF7C6
S21402BC40A0FB20460021BDE81040E8F773BA0123A6
S21402BC5010B5A1F12002C1F1200423FA04F403FA7C
S21402BC6002F222438B40D0E9084123400A401343A4
S21402BC7014BF0120002010BDC36A10B5044613F09D
S21402BC80080012D00123A1F12002C1F1200023FAFC
S21402BC9000F003FA02F202438B40D4E908010340A3
S21402BCA00A40134314BF0120002010BD10B50C46F5
S21402BCB0C9B2FFF7E1FF70B1E9F712FBC4F1200247
S21402BCC0A4F12003E04001FA02F2104321FA03F342
S21402BCD0184300F0010010BD70B504460E46E9F7A1
S21402BCE031FCFCF716FD84F87760054602212046F3
S21402BCF0E7F79EFD20460021EAF7B8FF2846BDE892
S21402BD007040FCF70CBD70B504460D46FCF701FD0D
S21402BD100646EBF7C1F8844201D1EBF735FC304614
S21402BD20FCF7FDFC29462046BDE87040FFF7D4BF6D
S21402BD300B68C0F84031704738B5D0F840310B6018
S21402BD4040F648059BB2AB420C4604D90B21FFF7DE
S21402BD50ADFF08B9258038BD44F290232380FAE768
S21402BD6008B500F0FBF8E7F7CDFE00F046FB00F062
S21402BD7008F8E9F71FFBEAF7DBF8BDE80840EAF740
S21402BD8057B9704770B515460E461C46FFF7A2FB1C
S21402BD902B684EB103606B6843602368C0F8253099
S21402BDA02368C0F8153070BD83606B68C360236873
S21402BDB0C0F829302368C0F81930F4E770B5054694
S21402BDC0FFF788FB0446FCF7A4FC4FF48071064696
S21402BDD02846FFF783FB4FF400612846FFF786FBF1
S21402BDE03046FCF79CFC002323612375236284F80B
S21402BDF024302846FFF770FB802310F0080F14BF8C
S21402BE00237584F8243070BD10B50446FFF712FF80
S21402BE1020461021BDE81040E7F70ABD10B54FF4E2
S21402BE2060610446FFF765FB2046BDE81040FFF759
S21402BE3001BF7FB506460C46FFF74CFB4FF4C061C8
S21402BE4005463046FFF752FB4FF400613046FFF7D7
S21402BE5050FB4FF48060E9F7E9F9224670B969466B
S21402BE602846E8F74DFD6B4605F1100213F8011B54
S21402BE7002F8011DAA42F9D104B070BD6C4602F167
S21402BE80100610685168234603C30832B2421C46A5
S21402BE90F7D1E8E7F0B587B00D46ADF80C20FFF70E
S21402BEA019FB0446284607F0E5FB064600B328467B
S21402BEB0E8F764FD9DF80C3005AF03F02303224635
S21402BEC031460093019704F12003FDF71CF828463B
S21402BED0E8F76AFD04223946284607F009FE236A77
S21402BEE00133236223B994F82430013384F82430D2
S21402BEF007B0F0BD30B585B00391ADF80820FFF766
S21402BF00E9FA0446039807F0B5FB051F002D02DC8C
S21402BF10002005B030BD0398E8F730FD43190193C1
S21402BF209DF8083003F023030093224604F1100321
S21402BF302946FCF7D9FF0028EAD10398E8F734FD32
S21402BF40042103A807F038FC2369013323610BB1EF
S21402BF500120DEE7237D01332375F9E708B54FF4A8
S21402BF600060E9F763F940B94FF48050E9F75EF9EB
S21402BF7040B9BDE80840EDF7B9B8FFF79EFA0028C9
S21402BF80F2D008BDFFF79DFA0028F2D0F9E741F09B
S21402BF90004141F4E0210160704707B501A8019114
S21402BFA007F0E3FA002003B05DF804FB7047704721
S21402BFB0002070477047704710B5DC1D043383734A
S21402BFC04379C47123F0030343F003030E24437141
S21402BFD0012344738371C3730182827410BDD31C20
S21402BFE0C3713E2343734379827323F0030343F002
S21402BFF00303437101238371C17370470F23437395
S21402C000042383734379A0F8111023F0030343F04B
S21402C0100303437140F20173C38001230374C273A6
S21402C0207047D31CC3714379417323F0030343F073
S21402C03003034371012382738371704708B500239B
S21402C040FFF7BAFFBDE80840E8F79CBD2DE9F843C4
S21402C05080460220894617461E4607F04BFCD0B1A2
S21402C0604579A0F810800C2343730823837325F0C8
S21402C070030540F60133C38045F003059DF82030E2
S21402C080457180F81290A0F81370A0F81560C3737B
S21402C090E8F778FD0120BDE8F88308B5022007F02E
S21402C0A029FC30B101221121FFF799FFE8F76AFD5A
S21402C0B0012008BDF8B50F461646132109221D4673
S21402C0C0FFF78DFF837904460C331C44A170E7709A
S21402C0D026712B68C4F80530AB88A4F80930BDE891
S21402C0E0F840E8F74FBD70B5064602200D4607F049
S21402C0F001FC044668B114210422FFF770FF83791D
S21402C1000C331C44A170A4F803606571E8F73AFD8D
S21402C110012070BD08B501F077FD08BD2DE9F0419C
S21402C120074602200D4690461E4607F0E3FB0446ED
S21402C130E0B109222121FFF752FF83790C331C4418
S21402C1400A22BDF9183093FBF2F323729DF81C30D5
S21402C150637284F80380BDF92030A78093FBF2F364
S21402C160A671E571A372E8F70DFD0120BDE8F08126
S21402C17037B5044607F07EFAA3790C33E518C0B249
S21402C1803E22E254831E6B700D23AB70AB798DF8A2
S21402C19007301C38012BE87609D100231A46E91D20
S21402C1A00DF10700FEF72EFE9DF80730AB71204614
S21402C1B0E8F7E8FC03B030BD704710B5E8F71CFDA1
S21402C1C083790C33C4180021E078E6F737FF6168FC
S21402C1D0FFF750F80446E8F715FD22460023BDE8AF
S21402C1E010404FF61941FFF7E7BE10B5E8F704FD19
S21402C1F083790C33C4180021E078E6F71FFF6168E4
S21402C200FFF746F80446E8F7FDFC22460023BDE8A1
S21402C21010404FF61A41FFF7CFBE70B5E8F7ECFCB8
S21402C220002186790446FE20E6F708FF0546EAF76F
S21402C230CBF850B10C24E8F7E5FC22460023BDE813
S21402C240704042F20501FFF7B7BEEAF703F900288D
S21402C250F0D134440F342DB121462846FFF728F892
S21402C2600028E7D02046E8F72DFF0024E3E72DE973
S21402C270F041E8F7C1FC83790C33C4180025E67850
S21402C280E8F7BAFC0768E8F7B7FCA6F1FE035942DE
S21402C290594105603046E6F7D1FE22793B462946EB
S21402C2A0FEF742FF0446E8F7ADFC2B46224642F272
S21402C2B03701BDE8F041FFF77FBE2DE9F041E8F710
S21402C2C09BFC83790C33C4180025E678E8F794FCC7
S21402C2D00768E8F791FCA6F1FE035942594105604A
S21402C2E03046E6F7ABFE22793B460121FEF71CFFFD
S21402C2F00446E8F787FC2B46224642F23801BDE8A0
S21402C300F041FFF759BE2DE9F047E8F775FC83794F
S21402C3100C33C418277994F8038027B9B8F1010FB3
S21402C32027D0E7F7EDF805340026BE420ADB0025E3
S21402C330E8F768FC2A460023BDE8F04742F23901D6
S21402C340FFF73ABE2078B4F8015094F80390A0F1B3
S21402C350FE03594259410434E6F770FE58B12A46A4
S21402C3604B464146E6F7C8FF05460028E0D10136AF
S21402C370DBE71225DCE74225DAE710B5E8F73CFCF6
S21402C38083790C33C4180021E078E6F757FE80B1B3
S21402C390211DFEF78DFF00280CBF0C240024E8F7B1
S21402C3A031FC22460023BDE8104042F23501FFF779
S21402C3B003BE4224F3E7FE282DE9F84306468946E3
S21402C3C090461F4616D0022007F094FA044690B113
S21402C3D006221221FFF703FEA5790C352544122307
S21402C3E0AB7085F803902E71A5F80580EF71204694
S21402C3F0E8F7C8FB0120BDE8F883704710B5E9F7F7
S21402C400E3FF0446FEF7F1FC2043C0B210BD38B588
S21402C410E8F7F2FB8379C17903F10C020244CB1AE6
S21402C42002200021B2F8035007F08FFB044640B901
S21402C430E8F7E8FB0722BDE8384042F21901FFF7A9
S21402C440DDBD2846E7F7CAF938B12146E9F784FD8B
S21402C4500446E8F7D7FB2246EDE72046FBF7D4FC76
S21402C4600224F6E770B5E8F7C7FB83791844B0F8FC
S21402C4700F60B0B2E7F7B2F980B1002100F06EFEAD
S21402C4800546E8F7BFFB044602232A4642F21B0192
S21402C490FFF792FDA3791C44668270BD0225F0E781
S21402C4A070B5E8F7A9FB83790C33C418B4F80350C7
S21402C4B02846E7F793F9A0B1611D00F04FFE064645
S21402C4C0E8F7A0FB04460223324642F21A01FFF7BF
S21402C4D073FDE37923449D72E3791C442D0AE572C9
S21402C4E070BD0226ECE710B5E8F786FB83790C33BD
S21402C4F018444479B0F80300E7F770F960B12146B2
S21402C500E9F706FB0446E8F77DFBE2B240F2064195
S21402C510BDE81040FFF772BD0224F4E770B5E8F7F5
S21402C5206BFB83791844B0F80F50FCF7F2F8044618
S21402C5302846E7F753F980B11621FFF7E4FB0025FA
S21402C5402046FCF7ECF8E8F75DFB2A460023BDE838
S21402C55070404FF60441FFF72FBD0225F0E7F8B50D
S21402C560E8F74AFB84790C3404440546B4F8030021
S21402C570E7F734F9064640B9E8F744FB0222BDE87D
S21402C580F84042F21301FFF739BDAB79E97903F1BE
S21402C5900C022A44CB1A0220002107F0D6FA0146E2
S21402C5A018B9E8F72FFB0722E9E78379033383718B
S21402C5B03046B4F80D50B4F80F70E9F75DFA3A4613
S21402C5C0044629463046FFF78BF8E8F71BFB22465F
S21402C5D0D5E738B5FCF79DF80446FFF70FFF0028AD
S21402C5E00CBF0C250025E8F70DFB2A4642F20E0189
S21402C5F0FFF724FDE9F7CEFF2046BDE83840FCF7FA
S21402C6008EB810B5E8F7F8FA83791844B0F80F0038
S21402C610C0B2E7F733FCE8F7F5FA0023BDE81040AE
S21402C6201A4642F22401FFF7C7BC2DE9F8438146B9
S21402C6300220884617461E4607F05CF9044690B16B
S21402C6400A220321FFF7CBFCA5790C3525440023EB
S21402C6502046EB70A5F80490A5F806802F816E811F
S21402C660E8F790FA0120BDE8F8832DE9F04385B09B
S21402C670814602209DF844808DF80F200E461F4604
S21402C68007F038F90546002844D022222921FFF770
S21402C690A6FCAC790C342C4404F10E03002204F1FF
S21402C6A01401C4F80E2030469A80626122830091FB
S21402C6B03A460DF10F01FEF7A6FB9DF84030E370F7
S21402C6C006F00103A3719DF80F30A4F80490E371FD
S21402C6D03B68A360BB88A38116F0FD0F4FF6FF737D
S21402C6E004D0032E08BF43464FF0FF08BDF83020A3
S21402C6F06283BDF83420A283BDF83820E2839DF819
S21402C7003C2084F82020284684F821806384E8F7B9
S21402C71039FA012005B0BDE8F083F8B507460220D5
S21402C72016461D4607F0E6F8044690B10C22042190
S21402C730FFF755FCA1799DF818300C3121442046AC
S21402C7408F80C1F80660C1F80A50CB70E8F71AFA73
S21402C7500120F8BD70B5064602200D4607F0CAF85D
S21402C760044668B103223021FFF75BFCA3790C3341
S21402C77023442046A3F803609D70E8F703FA0120DD
S21402C78070BD70B5064602200D4607F0B3F80446A3
S21402C79088B104220821FFF744FCA3790C33234412
S21402C7A0B5FA85F252092046A3F803605A719D70C5
S21402C7B0E8F7E8F9012070BD2DE9F843814602202A
S21402C7C0884617461E4607F095F80446B0B10B2277
S21402C7D00721FFF704FCA579BDF820300C35254467
S21402C7E02046A5F80390A5F80580A5F80770A5F8D9
S21402C7F00960A5F80B30E8F7C5F90120BDE8F88313
S21402C800F8B5074602200E46154607F073F80446AA
S21402C810A0B10D220521FFF7E2FBA3790C332344D6
S21402C8202046A3F80370A3F80D602A68C3F8052013
S21402C8306A68C3F80920E8F7A5F90120F8BD2DE9D2
S21402C840FF410A9C16466A4680460F4603F1100EC2
S21402C8501546186859689446ACE8030008337345D1
S21402C8606246F6D124B9022007F044F8044608B31B
S21402C8701D22ED212046FFF7B2FBA3790C33234499
S21402C880A3F80380A3F80D702EB13268C3F8052012
S21402C8907268C3F809200F3304AE2A4603CAB242AE
S21402C8A018605960154603F10803F6D12046E8F7EA
S21402C8B069F9012004B0BDE8F08113B582790190D0
S21402C8C00C321321815484184FF44072C280E7F769
S21402C8D0EFFEA07020B901A806F047FE02B010BD18
S21402C8E08000013060700198E8F74CF9F6E770B501
S21402C8F0064602200D4606F0FDFF044678B10422E5
S21402C9000521FFF78EFBA3790C3323440022204631
S21402C910A3F803605D719A70E8F734F9012070BDE0
S21402C92013B5837901900C33C418C05CE6F756FF42
S21402C93020B901A806F019FE02B010BD637801996D
S21402C94013F0300F8B7903F104038B714B790CBF14
S21402C9500122002262F300034B71E7F7EBFBEBE7E1
S21402C9602DE9F041E8F748F983790C33C418B4F896
S21402C97003801FFA88F0E6F731FF054600B3A27976
S21402C9806179FEF7BCFE0646E8F73CF90746022345
S21402C990324642F27A01FFF70FFBBB793B44384638
S21402C9A0A3F81280E8F7EEF846B9A37933B1284621
S21402C9B0FFF76CF801462846FEF74DFDBDE8F0810C
S21402C9C00226E1E700F05FBE50E8003F0B4340E876
S21402C9D00032002AF8D17047704770B50E461546E9
S21402C9E0E7F7BCF8044648B93046E6F76DFE04465B
S21402C9F020B92846ECF7A4FA044640B10020E7F72F
S21402CA00ADF80020E6F760FE0020ECF799FA204623
S21402CA1070BD4FF40010ECF7C9BDEBF78BBCE8F71E
S21402CA2033BB4368143B4360A0230B6070471AB9BC
S21402CA304268A2EB530242600A6802EB83020A6073
S21402CA407047884210B518D8052816D9B1F5486F30
S21402CA5013D8B3F5FA7F10D2A2F10A0080B240F6DC
S21402CA607644A04209D801339BB24B435B00B3EB3A
S21402CA70C20F94BF0120002010BD0020FCE7C9436E
S21402CA8050E8003F0B4040E80032002AF8D17047D9
S21402CA90002070472DE9F04104460F4600264FF06D
S21402CAA00108214686F00100FEF70DFD4FF4805185
S21402CAB0FFF7E5FF836833B940460EB1BDE8F08163
S21402CAC001268046EDE7028ABA4206D100220121FB
S21402CAD0204698470028EFD1EFE70268D205EBD54B
S21402CAE000221146F4E708B5FEF706FD0023038090
S21402CAF0436008BD70B506460C46FBF70AFE0546BF
S21402CB003046FEF7F9FC30B103781C4304704FF44C
S21402CB100070ECF74BFD2846BDE87040FBF7FFBD02
S21402CB20E7F708BB07B542798DF8071022F0030233
S21402CB3042F00302427140F20332C2800DF1070155
S21402CB40012206F0F5FC03B05DF804FBF8B51746C3
S21402CB5006460C461D46FEF7C7FC020713D5022101
S21402CB603046FFF774F870B111212046FFF7DAFF5E
S21402CB702046E8F78FFC4570877021463046BDE8B0
S21402CB80F840E7F7D7BA2820C5F120024FF08861AF
S21402CB90A5F12003E94000FA02F220FA03F311435A
S21402CBA01943CB07E0D40D212046FFF7BBFF2046F2
S21402CBB0E8F770FC4770E0E770B50C4605460721BB
S21402CBC020461646FFF7AEFF2046E8F763FC2146EE
S21402CBD046702846BDE87040E7F7ACBA38B50C4652
S21402CBE000210546FEF798FC241AA4B247F6FE7307
S21402CBF09C4205D928462821FFF76EF8002038BD4A
S21402CC000120FCE738B504460D4601460020FEF733
S21402CC105AFC03689B0505D429462046BDE83840E1
S21402CC20FFF7DCBF002038BD2DE9F04115469DF820
S21402CC3018801F46FEF747FC0446FBF76AFDB8F16C
S21402CC40010F064623D154E8003F43F4807344E8BC
S21402CC500032002AF7D105B354E8002F42F40072DE
S21402CC6044E80023002BF7D1FF212046FFF707FFF9
S21402CC7054E8002F48EA020244E80023002BF7D1CA
S21402CC80A56027823046BDE8F041FBF748BD4FF469
S21402CC9080712046FFF7F3FEDDE74FF40071204671
S21402CCA0FFF7EDFEE0E773B5064601200C46FEF7F9
S21402CCB00AFC0023054600931A4621463046FFF733
S21402CCC0B3FF6B6863B14FF480712046E6F7B0FDA0
S21402CCD055E8003F43F4007345E80032002AF7D1D6
S21402CCE0FBF717FD05462046FEF706FC28B103882B
S21402CCF01BB14FF40070ECF759FC284602B0BDE8B1
S21402CD007040FBF70CBD38B505460C46FEF7DBFB5C
S21402CD1083684BB1022120460022984721462846C6
S21402CD20BDE83840FFF7BFBF38BD012938B5054614
S21402CD300C4608D0CC1E012C03D801460120FFF772
S21402CD40E2FF012038BD2221FEF735FC20462946A7
S21402CD50FFF7D9FF0020F5E708B5FEF7B4FB006839
S21402CD6000F0F00008BD10B5014604460120FFF7AA
S21402CD70F3FF20B92146BDE81040FFF7EDBF10BD16
S21402CD8070B506460C4601460120FEF79CFB31466E
S21402CD9005460020FEF797FB2B680268014643EA29
S21402CDA00200C0051ED49B0502F4007203D49AB991
S21402CDB04FF0FF3070BD2B8A1B1B98B27AB1098ADE
S21402CDC0091B89B28842A8BF08464FF6FF739842ED
S21402CDD008BF4FF0FF30EDE74FF6FF70EFE74FF674
S21402CDE0FF71EFE70120E5E72DE9F34104460191E3
S21402CDF0014601201546FEF766FB21460646002040
S21402CE00FEF761FB80462046FEF766FB810606D5E6
S21402CE1001A806F0AAFB0C2002B0BDE8F081FBF7E1
S21402CE2078FC33689A05074603D4D8F800309B0589
S21402CE3009D50199301D8D6006F07EFC3846FBF759
S21402CE406EFC0020E8E7FBF76AFC01992046A8473B
S21402CE50E2E738B5014604460120FEF734FB0546F4
S21402CE600C3006F082FB281D06F07FFB21460020D0
S21402CE70FEF729FB04460C3006F077FB201DBDE8C2
S21402CE80384006F072BB70B5014605460120FEF733
S21402CE901AFB0646043006F0E5FB044670B14FF472
S21402CEA000713046FFF7EBFDA368214628469847F7
S21402CEB020B12046BDE87040FAF7A6BF70BD002339
S21402CEC0C0E900318260704708B50B460146184635
S21402CED0FEF7F9FA0068C0F3402008BDFFF725BF49
S21402CEE0CB1E012B70B504460D46164606D81A21EF
S21402CEF0FEF761FB40212046E6F79AFC32462946B9
S21402CF002046BDE87040FFF710BF38B504460D4610
S21402CF10FEF73DFB28B1012D04D122212046FEF763
S21402CF204AFB002038BDF8B58B790B440C46D3F883
S21402CF300D60D3F8113032460746E7F7DDF80921CF
S21402CF402046FFF7EFFD2046E8F7A4FAA579E8F7B2
S21402CF50C7F90C35254466F0FF060640C5F80160A1
S21402CF60E8F7BEF93846C5F805102146FFF7D8FDA2
S21402CF7002213846FFF7BEFDF8BD70B50E460546DF
S21402CF8001460020FEF79FFA012E044603D0022E29
S21402CF9011D0012070BDC1688B7919440D31284625
S21402CFA0FEF796FBE068FAF72FFF0020E0602946BE
S21402CFB0FFF779FEEDE7C068FAF726FF0023E36085
S21402CFC0E7E738B50D46044601460120FEF77BFA30
S21402CFD0012D08D100F112012046FEF779FB214609
S21402CFE02846FFF760FE012038BD08B5FEF774FA42
S21402CFF0C0F3C00008BDF8B50C460746FFF7F5FFBC
S21402D00080F00106F6B239463046FEF75CFA05466F
S21402D010C068012C837903D0022C1BD00120F8BDF6
S21402D0200C33C41838462389E288A188FEF728FC08
S21402D03061886278490089B252003846FEF787FA5C
S21402D040E868FAF7E1FE0023EB6039463046FFF760
S21402D0502AFEE3E7FAF7D8FE0023EB60DEE708B520
S21402D060FEF742FA00F0010008BD38B50C46022170
S21402D0700546FEF73BFA0C212046FFF753FD2046F5
S21402D080E8F708FA4FF0FF3383700223C3700D23CC
S21402D09043706FF02F030371052343712146284620
S21402D0A0BDE83840FFF73CBD042910B5044601D060
S21402D0B0002010BDFFF799FFC0F10200E8F7B6F8AE
S21402D0C00028F5D106F016FC014608B90220F0E762
S21402D0D02046E8F7EFFC0028F8D10120E9E708B57A
S21402D0E0FEF7FAF9C0F3C00008BD2DE9F0410F467D
S21402D0F004469046FFF7F3FF80F00105EDB22146A5
S21402D1002846FEF7E0F9012F064603D0032F0FD07C
S21402D11001200BE02046FEF781FE22212046FEF784
S21402D1204AFA28462146FFF7EEFD0020BDE8F081C8
S21402D130C068FAF769FE0023F3602046FEF76EFE2B
S21402D1405FFA88F12046FEF736FA20462021E6F7F7
S21402D1506FFB21462846FFF7D6FDD9E737B50446CA
S21402D1600D46FEF7C1F903054CD5022006F0C2FBB8
S21402D1700190002848D0204645B3FFF7B0FF50B1D3
S21402D18005210198FFF7CEFC0198E8F783F901998B
S21402D1902046FFF7C5FC20462946FEF74AFE2046F3
S21402D1A0FFF79DFF78B94FF400612046FEF799F924
S21402D1B006210198FFF7B6FC0198E8F76BF901998A
S21402D1C02046FFF7ADFC002003B030BDFFF787FF17
S21402D1D068B10199032306222046FFF7B7FC2046D2
S21402D1E0FEF71CFE21462846FFF78DFDEBE701A859
S21402D1F006F0BBF920463D21FEF76EFD2046FEF7FF
S21402D2000DFEE0E70C20DFE70720DDE7F7B5014675
S21402D21004460020FEF757F9054600F112074FF4C0
S21402D2208060E8F703F850B92046E6F7EBFA698B18
S21402D2303A4680B203B0BDE8F040FFF7E1BA2046B6
S21402D240E6F7E0FA064620466D8BFEF743F9002223
S21402D2500346009229463A46B0B2FFF7F0FA03B008
S21402D260F0BD83781A2B09D81B2383700288B2F587
S21402D270A47F07D24FF4A473038007E0FB2BF5D9F3
S21402D280FB23F2E744F290239A42F5D87047F0B5B2
S21402D290CA798B7987B043EA0223ADF80C308B88C3
S21402D2A08DF80E30CA788B7843EA02230446ADF82E
S21402D2B0103003A80B888DF81230FFF7D2FF04A8AF
S21402D2C0FFF7CFFF05A92046FEF736FD0B212046C5
S21402D2D0FEF7ECFC40F6480544F29023002818BFFF
S21402D2E01D469DF80E30BDF81460BDF81020BDF83E
S21402D2F00C709DF816009DF81210AF42D4BF00972E
S21402D3000095FB2BA8BFFB23B242A8BF3246814240
S21402D310A8BF01462046FEF726FB07B0F0BD37B58C
S21402D320144605461046FFF7FDFB2046E8F7B2F81E
S21402D33001A904462846FEF7FFFC0B212846FEF705
S21402D340B5FC6FF0040363700023A37044F29022CE
S21402D35040F64803002818BF1346A4F803309DF889
S21402D3600630A4F80530BDF80430A4F8073003B040
S21402D37030BDFFF7DABC022973B505460C4603D06A
S21402D3800024204602B070BD0521FEF760FC00288E
S21402D390F6D0E6F779FD1B28F2D94FF40040E7F7FE
S21402D3A045FF0028ECD106F0A5FA06460028E8D08C
S21402D3B001A92846FEF7C0FC9DF80630BDF80420F9
S21402D3C031462846E8F74AFE0028D9D10124D8E794
S21402D3D030B190FAA0F00123B0FA80F08340D8B2C0
S21402D3E0704770B50646FEF77FF880F040040206E6
S21402D3F00546C4F3801406D408213046FEF73CFCEA
S21402D40008B144F00204EB0506D40B213046FEF7C1
S21402D41033FC08B144F00404204670BD2DE9F843FD
S21402D420044691460F46FEF75FF8C0F340152046C5
S21402D430FEF729FB214680462846FEF744F8494671
S21402D44006462046FEF7B7F898F80110384601F06F
S21402D4500F0100F024FA062814BF014600212A46CE
S21402D4602046FEF7B4FA21462846FFF71CFC202188
S21402D4702046FEF73EF856E8003F43F4805346E85F
S21402D4800032002AF7D1BDE8F883F8B50E46044606
S21402D4901546FEF729F8032EC0F340170DD0042ECA
S21402D4A016D0012E12D122212046FEF784F83846E5
S21402D4B02146FFF728FC0020F8BDEAB200212046EC
S21402D4C0FFF7ACFF21463846FFF71DFC0120F3E7C5
S21402D4D00C22F3E7012910B504460BD1FEF704F837
S21402D4E02146C0F34010FDF7EEFF0022817C204665
S21402D4F0FFF794FF012010BD2DE9F7430F460546BE
S21402D500FDF7F2FF00F02009C0F340182846FEF7A8
S21402D510BAFABB790C333B445E789B781E4003789C
S21402D520C3F3030000EA13103040FFF751FF04462E
S21402D53048B9B9F1000F06D12846FFF752FF30402E
S21402D540FFF746FF04462846FEF7A0FAEAF7CEFDA6
S21402D550A04223D01CB302212846FDF7DDFF00219E
S21402D56006462846FEF72AF918213846FFF7DAFA61
S21402D5703846E7F78FFFB6B244708470A0F80360AF
S21402D58039462846FFF7CCFA009623462246294615
S21402D5904046E8F79DFD03B0BDE8F083002426462A
S21402D5A0E2E770B504460D46FFF7DDFB28B92946CB
S21402D5B02046BDE87040FFF79FBF40282946204618
S21402D5C04FF01603BDE8704014BF2A222322FFF74D
S21402D5D0BDBA38B505460C46FDF786FF830604D469
S21402D5E02046BDE83840FAF70FBC21462846BDE87B
S21402D5F03840FFF781BF73B58C790C340C4406466D
S21402D6000D46FDF771FFA278032AC0F3401014D02E
S21402D610052A28BF00226378032B10D0052B28BFCB
S21402D6200023B4F8031000913146E8F751FD28466E
S21402D63002B0BDE87040FAF7E7BB0022EBE7002332
S21402D640EFE708B58B790B441B7B162B03D0172B01
S21402D65005D0002008BDFFF7A4FF0120FAE7FFF778
S21402D660B8FFFAE708B58B790B441B7B162B03D061
S21402D670182B05D0002008BDE8F754FD0120FAE774
S21402D680FFF7B9FFFAE770471FB54A1E042A03469A
S21402D6900C465FD8012902D1008804B010BD0229C9
S21402D6A005D100885B88984238BF1846F5E74A00DD
S21402D6B0014601A805F00BFC032C07D10023ADF8A8
S21402D6C00A304FF6FF73ADF80C3001E0042CF8D0A8
S21402D6D0BDF80620BDF80430934284BFADF806308C
S21402D6E0ADF80420BDF80A30BDF80C20934288BF7E
S21402D6F0ADF80A20BDF80A2088BFADF80C30BDF898
S21402D7000430934288BFADF80A30BDF80620BDF853
S21402D7100C309A4288BFADF80630BDF80820BDF836
S21402D7200630934284BFADF80830ADF80620BDF847
S21402D7300A30BDF808209A4288BFADF80830BDF816
S21402D7400820BDF806309A4238BFADF80830BDF85A
S21402D7500800A2E74FF6FF709FE7012804D00228D0
S21402D76004D030B9EAF71CB9EAF70AB90020E8F79C
S21402D770D7BE704710B1012803D070470120E8F7E2
S21402D780CFBE0020FBE7F7B51F468B1E012B0546D2
S21402D7900C46164613D8FDF730FB0023CDE90005EC
S21402D7A0F01A18BF01201A463946FDF734FB80B13D
S21402D7B0022C0BD12846E7F75FFC002004E0002984
S21402D7C0F8D0012902D0FF2003B0F0BD2846E7F7C3
S21402D7D097FC0120F8E770B59DF810600D46002111
S21402D7E00446817106F10C014173111E03F00F000D
S21402D7F0237B18BF012140EAC11003F040031843FF
S21402D80020732B469DF8141004F10E00FFF7BBFFA1
S21402D810237B60F3861323732B686361AB882383B1
S21402D820A3790E363344E37170BD10B541898389FE
S21402D830C28904460846FFF704F9E0B1E279531EAE
S21402D840072B19D86389934216D922899A4213D88C
S21402D850237C43B9637C33B9A37C23B9E07C10B93B
S21402D860237D0F2B07D9607D1B3000F01F000B288D
S21402D8708CBF0020012010BD0020FCE708B5EAF7A7
S21402D8800DFFBDE808400020EBF7F4B8C94350E8A6
S21402D890003F0B4040E80032002AF8D170470228C9
S21402D8A008D0042803D0012818BF0620704701F0CC
S21402D8B00101C81C7047EBF743BC0A2802D80130A6
S21402D8C0C0B27047242801D80230F9E7252805D0CF
S21402D8D0262805D0272818BFFF207047002070474B
S21402D8E00C20704708B5EAF77DFCBDE808404FF00B
S21402D8F00060EBF75BBE08B5EBF728FC20B1BDE88D
S21402D90008401020FFF7EEBF08BD7047704770470B
S21402D91070477047002070477047704770477047DF
S21402D920704710461946704700200021704704F0E1
S21402D93057BEF3F7D9BD04F00BBF08B5EAF756FE9B
S21402D94020B1BDE808400420FFF7CCBF08BDF0B503
S21402D95087B00D468DF80700164602B9A3B39DF8A8
S21402D96007002946FDF75DFA0446B8B99DF8070098
S21402D9702946FDF75AFA40BB16B39DF80710003940
S21402D98018BF01210DF10F022846EBF799FAF8B9F4
S21402D9909DF80F40013418BF012416E004AF01229F
S21402D9A039460DF10700FDF73EFA04464EB19DF8E2
S21402D9B00730191E18BF0121002818BF3D46E1E7AF
S21402D9C00124FDF71DFA00B90124204607B0F0BD78
S21402D9D04FF0FF34DEE737B502460846136A03F413
S21402D9E0007403F40015DB0505D47CB9E7F744FBA5
S21402D9F0204603B030BD4CB9D2F855100160B2F8DB
S21402DA0059208280B5FA85F46409F1E7019092F90B
S21402DA105430009300231A4619461846B5FA85F480
S21402DA20FDF7F9F96409E3E77047704702461946BD
S21402DA300020EBF723B9002070470020704707B597
S21402DA4000214FF0FF336A46084600938DF80430F3
S21402DA50EBF7AAFA03B05DF804FB38B50546006892
S21402DA6005F025FC0446287900F01F0005F01FFC8F
S21402DA702044C0B2012894BF0020012038BD704760
S21402DA807047914270B50D4614461E4609D2FFF7FE
S21402DA9012FF641B013490FBF4F303FB14000544ED
S21402DAA0ACB23480FFF707FF33880133B0FBF3F2E2
S21402DAB002FB1300049B188070BD704770477047C6
S21402DAC00120704708B5202000F00DFF003818BF6F
S21402DAD0012008BD08B5FFF7F5FF20B1BDE80840F4
S21402DAE0202000F008BF08BD73B506460D46144652
S21402DAF0D2B100F0F5FEA84218D8304600F005FF75
S21402DB0001460190A0B100232A46204605F023FDD7
S21402DB1001A805F02AFD2246022052F8041B00F056
S21402DB20A1FE002002B070BD2220FBE72120F9E70B
S21402DB302D20F7E708B5F9F799FE08B1012008BDD0
S21402DB4000F064F8F9F79AFE0028F7D1EEF722F80B
S21402DB50003818BF0120F2E708B5EBF7D5FC00281D
S21402DB600CBF0420012008BDEBF7DCBC0020704788
S21402DB7030B5044687B008461546FEF750FF122217
S21402DB8000210DF1060005F097F9A3680293E368F9
S21402DB900393E38BADF81030238CADF81230ADF85A
S21402DBA00450FFF7E3FF029B8DF8140043F4105372
S21402DBB0029300F006FE18B1029B43F004030293A0
S21402DBC0029B01A843F480330293E7F741FB10F06F
S21402DBD0FF0516D1A38CADF800300DF10201E38CDF
S21402DBE0ADF80230684600F06DFDEBF737FDFEF744
S21402DBF014FF012104F0DFFBEDF780F8284607B09A
S21402DC0030BD40F20C40FAE7EBF738BDFBF7BEBD7D
S21402DC10E4F71AB80120704770B50C46064611465E
S21402DC201D46EBF7F3FD58B144EA06206FEA404082
S21402DC306FEA50402A4680B2BDE87040EBF73ABD24
S21402DC4040F2064070BD83791A07014603D50622C4
S21402DC500020EBF7FFBD9B0602D506220120F8E75F
S21402DC604FF0FF3070478379532B01D1EBF724BE78
S21402DC70FFF7E9BF70B5064614461D46EBF7C6FD2C
S21402DC8010B90024204670BD41EA06206FEA4040E3
S21402DC906FEA50402A46214680B2EBF729FD00285B
S21402DCA0F0D0EEE713B50446EBF7B0FD10B900204E
S21402DCB002B010BD08226B4611462046FFF7DAFF77
S21402DCC00828F4D19DF80230002BF0D09DF903000D
S21402DCD0013018BF0120EBE7704700207047532839
S21402DCE038B505460C4604D1BDE838400846F0F77C
S21402DCF045B90620FAF79AFA68B96379142D03F043
S21402DD003F03637104D0722D08D163F03F03637141
S21402DD10A571002038BD40F20740FBE72120F9E755
S21402DD201FB550F80C4BADF8061094F870408DF8FD
S21402DD300820ADF80A3001AA069B8DF8044040F28E
S21402DD400351039305F046FB10B906A805F00DFC37
S21402DD5004B010BD2DE9F04186B04FF0000804462D
S21402DD600E46CDF80C8000F14407154612B303A800
S21402DD7005F0FBFB384605F0F8FB84F81C80002310
S21402DD80009332462B461821204600F036FF05F552
S21402DD908855204604AA50F80C3B059593F8703037
S21402DDA08DF8103040F2055105F014FB002006B045
S21402DDB0BDE8F08143691A0710D4A846384605F034
S21402DDC0F2FB03460390C0B903A805F0CEFB384623
S21402DDD005F0CBFB0023237755B1D0E723F00803E9
S21402DDE0436103A805F0C1FB384605F0BEFB257764
S21402DDF0204600F07EFF0025CBE7997901F10C0260
S21402DE001A440531B2F80160B2F80320997120462F
S21402DE10314601F093FCCDF80C800028CED00546A2
S21402DE20D2E72DE9F84F0E469DF828B091469A465D
S21402DE30054610B1037C012B60D0284601F095F907
S21402DE40304601F00EFB002231468046284601F09D
S21402DE507BFB0746304601F0FDFD42F6052398425D
S21402DE601CD118F0300F26D1BBF1000F33D018F0BA
S21402DE70200F3FD0BA073FD5EB8B002B38D1534645
S21402DE804A463146284600F068FF0446E8B9EE8363
S21402DE9040F20A41284601F076F916E0284601F0DB
S21402DEA019FA0028DDD0284601F029FA0028D8D031
S21402DEB041F2121409E0B907D6D03146284601F0DD
S21402DEC0DFFB0028D0D000F58854284601F052F92E
S21402DED02046BDE8F88F18F0100F0BD0FB070BD5C5
S21402DEE053464A463146284600F012FF0446ECE7FF
S21402DEF00524EAE72124E8E70224E6E70724E7E721
S21402DF002DE9F04786B000259DF8389090F81CA0C1
S21402DF100F9E057704460F469046B9F1000F09D0CA
S21402DF200A4600964B46514600F067FE284606B063
S21402DF30BDE8F087BAF1080FADF8169026D14589EC
S21402DF40043DADB29D4232464FF002014FF0090049
S21402DF50A8BF1D4600F0E2FD0222814605A9304612
S21402DF60ADF8147005F0C4FD2A464146304605F069
S21402DF70BFFD831C054689F8013031462046EDF781
S21402DF80DFFFADF81650BDF81600D0E7BAF10A0F5B
S21402DF900DF11602CDE9016200930CBF0B210D2193
S21402DFA04346012200F04DFE1A28ECD1CDF800902F
S21402DFB011233A4651462046ADF8169000F01DFE53
S21402DFC0E1E7F0B589B017460025012204460E4661
S21402DFD00393ADF8165001F0E6FA8DF81500002806
S21402DFE046D1304601F057F910B1304601F015FA25
S21402DFF0304601F046FAB8B103A805F0B6FA204654
S21402E000237F50F80C2BADF81A6092F870208DF82A
S21402E010182040F2025106AA8DF81C30ADF81E7088
S21402E02005F0D8F909B0F0BD0DF115030DF1160291
S21402E0303146204601F054FB9DF8153002465BB986
S21402E040BDF81630BB4235BF0723DB1B8DF81530F3
S21402E050D21928BFADF81630039B01939DF81530F0
S21402E06000933146BDF816302046FFF749FFD9E740
S21402E0702A46F1E770B504460D46164601F00BF93E
S21402E08040B933462A46214601F058FB08B100F54E
S21402E090885070BD41F20310FBE71FB550F80C4BD9
S21402E0A0ADF8061094F870408DF80820ADF80A30E6
S21402E0B001AA069B8DF8044040F20151039305F035
S21402E0C089F910B906A805F050FA04B010BD1FB5BC
S21402E0D050F80C4BADF8061094F870408DF80820F6
S21402E0E0ADF80A3001AABDF818308DF8044040F2A7
S21402E0F00451ADF80C3005F06DF904B010BDF0B562
S21402E10085B0122703920777022205460E4601F0D3
S21402E1104AFA044668B103A805F027FA00232B77CB
S21402E12000230093324623461221284600F065FD5E
S21402E1300FE0039A937903339371304601F0A1F905
S21402E14048B1039B00933A46234631462846FFF7DA
S21402E150E7FD05B0F0BD42F6293001F0E2FBB04221
S21402E16020D1039830B903A805F0FFF900232B77D6
S21402E1700D24D5E705F07EFA80B20128F3D1039B81
S21402E1809A7913442846197B01F0DFF8044603A85F
S21402E19005F0EBF900232B77002CC1D1284600F0BE
S21402E1A06FFDD6E72246039B3146284601F0C6FAA3
S21402E1B00446EFE72DE9FF410392042204460D468A
S21402E1C001F0F1F9074628B103A805F0CEF904B02C
S21402E1D0BDE8F081039A93794FF0520803339371A6
S21402E1E0284684F81C8001F04CF9064640B1039B91
S21402E1F0009342463B4629462046FFF791FDE6E756
S21402E20042F6293001F08DFBA842039B0BD19A7986
S21402E21013442046197B01F098F803A805F0A5F9E7
S21402E22000232377D3E732462946204601F086FAB2
S21402E230F6E72DE9FF418B790C330B440446B3F81D
S21402E2400170B3F8038038460E4601F002F9002842
S21402E25058D002223946204601F0A5F90546E8B90B
S21402E260384601F00EF968B116222277B3790533E3
S21402E270B3713946009643462046FFF751FD04B077
S21402E280BDE8F081F9F756FD33461B680135EDB25D
S21402E290002BFAD10635A8421DDC092504F14400FC
S21402E2A005F063F900962B463A461621204600F002
S21402E2B0A4FC092DE3D1204602AA50F80C3B93F8A1
S21402E2C070308DF8083040F2055141F2091303937D
S21402E2D005F080F8D3E70121304605F0D4FB01466D
S21402E2E00028DAD004F1440005F026FAB3790533A3
S21402E2F0B371424633463946204604B0BDE8F04183
S21402E30000F0CDBC0125C9E713B5044641B9443037
S21402E31005F02BF9204602B0BDE8104000F0E9BC3B
S21402E3204369182213F00803027706D000230093ED
S21402E3301946FFF7F5FC02B010BD1A46194602B0A0
S21402E340BDE81040FFF706BD7FB5C58B04462DB36A
S21402E35042F6052001F0E5FAA84207D10021204640
S21402E36000F0D4FF636923F00103636140F20A41BF
S21402E370204600F00EFF00260DF10E02294620462A
S21402E380ADF80E6001F0E0F8BDF80E2000920346EC
S21402E390022229462046FFF79AFEE68304B070BDA5
S21402E3A02DE9F0470E46BDF8209090461F460446DB
S21402E3B018B941F20110BDE8F087084601F049F8A5
S21402E3C00028F6D06589033DADB24D4509D3CDF898
S21402E3D020804B463A4631462046BDE8F047FFF7D6
S21402E3E020BD4920E7E72DE9F34105469846099FF7
S21402E3F00C46164600F0B9FE2B7C012B24D0204694
S21402E40001F03FF810B32A7F0C2A21D84FF4A85304
S21402E410D340DB071CD5002005F06CFAD0B19DF87E
S21402E4202030019000933246434621462846FFF7A5
S21402E43067FD3FB90024284600F09CFE204602B045
S21402E440BDE8F0813880F5E70724F4E72124F2E7F7
S21402E4500224F0E71A24EEE7F7B504461F460E46F6
S21402E460154600F082FE237C012B58D0237F182B02
S21402E4702CD063691B0713D5217F16292DD008D807
S21402E480122914D00225204600F074FE284603B056
S21402E490F0BD18291AD05229F4D10023237713E0AD
S21402E4A0304600F0EEFF0028E6D12125EBE70023F8
S21402E4B0237735B1009332462B46204600F09DFB6B
S21402E4C002E0204600F0DCFB0025DCE72A46314667
S21402E4D02046FFF73FFC0546D5E700232377002DAD
S21402E4E0E8D1BDF82430089A00950521172000F0DF
S21402E4F039FB20B90095112332461221DDE700F0E0
S21402E500EEFA626942F008026261827905320346D7
S21402E510827131463A46204600F0C1FBD4E7072511
S21402E520B1E72DE9F041054688B042F6052001F034
S21402E530F8F9064604A8EEF7E9FD102205F12101D6
S21402E5400DEB020004F08EFC50B10121284600F0CB
S21402E550DDFE284601F097FA6B6923F001036B6132
S21402E56042F6030303A90220ADF80C30EEF7DCFEF8
S21402E570012407464FF0000820463A464FF6FF7140
S21402E58001F094F9044610B908B0BDE8F08100F035
S21402E59060FF0134A4B20028EED0A64203D1314671
S21402E5A02846EBF7D1FC0DF10E0221462846ADF8BF
S21402E5B00E8000F0C9FF03460028DDD0BDF80E200D
S21402E5C00092214601222846FFF781FDD4E708B5CE
S21402E5D0EEF78AFD0020ECF745F9002008BD10B9D9
S21402E5E00120ECF733BA70470220ECF725BA002078
S21402E5F0ECF722BA38B50C460546E6F7FDFA43793B
S21402E600C47523F0030343F00303437109238371A4
S21402E61004F10C03C371A0F81550153038BD2DE96E
S21402E620F3410D4616468046E6F7E6FA05F10C0378
S21402E630C3714379019023F0030343F0030343714C
S21402E640092383710446A0F8158000F115073046A9
S21402E65005F010F80544E57533463BB901A8314686
S21402E66005F06AF8384602B0BDE8F0815A7922F021
S21402E670030242F002025A711B68EEE708B5E6F79B
S21402E680C1FA83790C33184408BD08B5ECF72CF9A7
S21402E690EFF71CFAEBF744FBEEF7ECFBBDE808409D
S21402E6A0FFF7A5BF10B50446ECF7CAFA20B9204614
S21402E6B0BDE81040F9F738BA2046F9F735FAFFF701
S21402E6C093FFF1E773B50E4605F0BDFA044610BB9C
S21402E6D042F6072001F025F90546E0B1B6F900300A
S21402E6E0002BCCBF0533053B4FF00A02CCBFB3FB71
S21402E6F0F2F393FBF2F35BB28DF8073001230DF1D0
S21402E70007020021184605F020FA00220346294691
S21402E710104601F013F8204602B070BD430803F01D
S21402E7205503C01A00F03303C0F3850000F033002F
S21402E730184400EB101000F00F00704710B5421D91
S21402E740441E002114F8010FFFF7E8FF944201442B
S21402E750F8D1084610BD0E2070470E2070470E20D6
S21402E76070470E2070470078EDF766BC13B50C466E
S21402E7700DF107020DF10601EDF74EFD30B19DF8E1
S21402E7800600031B5842584102B010BD0120FBE7A9
S21402E7907047EEF785B8704708B5EEF74DFF0020D4
S21402E7A008BDEFF7F5BAECF7C7BF02F009B802F0FA
S21402E7B009B87047704770477047EBF745B870471F
S21402E7C0704700207047704770477047F8B5136867
S21402E7D01D0A04460F46164604350A46002104F072
S21402E7E06BFBEDB221222046394604F00CFE204691
S21402E7F0294604F091FEA27933681444E360F8BD1A
S21402E80070477047704770477047704702464FF42C
S21402E81082712020FFF768B908B5014600F038007B
S21402E820EDF7ECF878B1D0E90132407810F0020F3B
S21402E83008BF1346C1F30741043B53F8040F10B157
S21402E84002788A42F9D108BD38B505460C4604B9A5
S21402E85038BD013C55F824301B69002BF7D0984789
S21402E860F5E770477047F8B54378DB07054601D4ED
S21402E870EDF706F96B786F6823F00C0343F002039A
S21402E8806B70002657F826402CB905F10C012020A3
S21402E890F9F704FB0FE0A3680136002BF2D0984785
S21402E8A004460028EED031463846FFF7CDFF6B7897
S21402E8B023F002036B702046F8BD4078C0F3400098
S21402E8C07047437813F00E0F0CBF012000207047EC
S21402E8D010B5EDF73FF90446EDF754F9204610BDA2
S21402E8E04FF48270704708B5EDF788F8C0680038B4
S21402E8F018BF012008BD08B5EDF780F820B1BDE8C5
S21402E9000840C06804F062BE08BD38B5EDF776F878
S21402E910044650B1F9F7FDFE054604F10C0004F07A
S21402E92042FE04462846F9F7FAFE204638BD37B5B9
S21402E9308379019003440446D86800F03800EDF766
S21402E9405DF8054628B901A804F00FFE022003B0C0
S21402E95030BD204604F013FEF9F7DBFE01990446AB
S21402E96005F10C0004F0E8FE2046F9F7D8FEEAF7B7
S21402E970D9FD0020EBE72DE9F041044625021F46AB
S21402E98005F4E065C4F3072324F47F441D4324F012
S21402E990C7048B79EE1944F0800444EA1624360242
S21402E9A00C33B6B23443CC50084601EB030811468A
S21402E9B0FFF7BDFF20B94544EF704046BDE8F08141
S21402E9C04FF00008F9E7427810B50432044601F029
S21402E9D00400D2B2002140F0290005F04CF818B12C
S21402E9E0837922680344DA6010BD10B50021FFF770
S21402E9F0EAFF044608B9002010BD0179FFF797FF29
S21402EA000028F8D1A3790C33E018F5E72DE9F04198
S21402EA1017461A4603681C0204F4E064C3F307238D
S21402EA201C4301F0040141F02905043406463B4626
S21402EA302146284605F089F8804650B1E1B204F036
S21402EA40D4FD30683B462A464146BDE8F041FFF712
S21402EA5092BFBDE8F0812DE9F34101F0040141F0D7
S21402EA6029050024076829460646106814600190A6
S21402EA7004F085FD019804F0FDFD390201F4E06121
S21402EA80C7F30727394380460122043101A804F060
S21402EA906EFF30B101A804F068FD204602B0BDE862
S21402EAA0F0810199306843462A46FFF764FFF5E78E
S21402EAB000207047A0F86E10704701238B4090F834
S21402EAC07110194380F87110704708B50120F9F7E4
S21402EAD051F9C0B208BD83790C3318447047143814
S21402EAE0704710B50446A1F1140004F0C3FD201AC5
S21402EAF020EAE07080B210BD70B51C460D46164680
S21402EB00FFF7EFFFA04207D322463146A5F11400D5
S21402EB1004F0EEFF012070BD0020FCE770B506464B
S21402EB200D4614467AB90A462046082104F0A3FF89
S21402EB30044690B92A460821292004F09CFF044680
S21402EB4058B9204670BD104604F00FFD204604F06A
S21402EB50C5FE08231D44A371E571A3790C331C443A
S21402EB602670EEE72DE9F0411646069A07468846D5
S21402EB701D46FFF7D3FF0446F0B114382A46314645
S21402EB80069004F0B5FF854217D9069B1C7906A8A5
S21402EB9004F0200404F0E9FC74B942460821292056
S21402EBA004F069FF2A463146069004F0A1FF85422A
S21402EBB006D906A804F0D9FC00242046BDE8F08158
S21402EBC0069A93790C33D418D754F6E711B1143950
S21402EBD0EDF7B6B91A20704738B5002204460D463E
S21402EBE002200321FFF79AFF014608B1A0F8015060
S21402EBF02046BDE83840FFF7E9BFF8B504460F46A1
S21402EC0016460521069A01201D46FFF787FF014694
S21402EC1038B14770468005712046BDE8F840FFF7D8
S21402EC20D5BFF8BD38B50D46032104460846FFF7A2
S21402EC3075FFA0F8015001462046BDE83840FFF7B0
S21402EC40C5BF73B5054608466C89089E1146641A08
S21402EC501A46BDF81830A4B29C4228BF1C46079B31
S21402EC6000932346FFF77EFF014630B128463480E4
S21402EC7002B0BDE87040FFF7A9BF1A2002B070BD0F
S21402EC8010B50121044600221320FFF747FF014674
S21402EC9020B12046BDE81040FFF798BF10BDF7B57B
S21402ECA044890193054618460F46164604F0E2FCD0
S21402ECB0053CA4B2844203DA011B01A804F07CFDE1
S21402ECC00521019804F01AFE014628B901A804F0AD
S21402ECD04CFC1A2003B0F0BD83790C33C2181720FF
S21402ECE0C854A2F80170A2F803602846EDF728F986
S21402ECF0F0E710B50121044600221920FFF70EFFA7
S21402ED00014620B12046BDE81040FFF75FBF10BDA8
S21402ED1073B54489033CA4B2A3420E464FF00001E9
S21402ED20009105464FF0030128BF23461B20FFF73C
S21402ED3019FF014670B110F80F3CA0F801600122DD
S21402ED4062F3071300F80F3C284602B0BDE8704095
S21402ED50FFF73CBF1A2002B070BD73B54489033C6E
S21402ED60A4B2A3420E464FF00001009105464FF0B2
S21402ED70030128BF23461D20FFF7F4FE014638B1E3
S21402ED80A0F80160284602B0BDE87040FFF71EBF3B
S21402ED901A2002B070BD4B88042B07D1836C0888FA
S21402EDA05B8998428CBF0020012070470020704784
S21402EDB010B50446806920B10021ECF7FDFF002360
S21402EDC0A36110BD38B5A0224FF4A073C0E9072393
S21402EDD000250723044680F83130C581857110303E
S21402EDE004F0C3FB04F1140004F0BFFB2046FFF757
S21402EDF0DFFF40F20113E3857F2384F83230A562F9
S21402EE0065622046BDE83840FEF766BF07B50122B8
S21402EE108DF807100DF1070104F06AFE03B05DF8E5
S21402EE2004FBF7B505464FF428500C4600F079FD72
S21402EE30064600F00EFBB0B3022C02D8002003B048
S21402EE40F0BD00270DF105030DF1060231463846E6
S21402EE50ADF8067000F044FCBDF80620631E93422F
S21402EE6006461EDC072C1AD9023CADF806400824DA
S21402EE70BDF80630002BE1D00133D9B22846FFF7A1
S21402EE80C5FF21462846FFF7C1FFBDF806203146DA
S21402EE90284604F02DFEBDF806000230CFE7ADF896
S21402EEA006700924E4E74FF0FF30C8E702292DE98F
S21402EEB0F34104460D461746184603D8002002B012
S21402EEC0BDE8F08100F02DFD064600F0C2FA0028EB
S21402EED0F4D04FF000080DF105030DF1060231469D
S21402EEE04046ADF8068000F0FBFBBDF80630BDF8E4
S21402EEF02020934228BF13460646AB429DF80500E3
S21402EF0028BF2B46ADF80630C0B9002BD7D0013348
S21402EF109AB29542D3D9D9B22046FFF777FF39463F
S21402EF202046FFF773FFBDF806203146204604F060
S21402EF30DFFDBDF806000230C0B2C0E74046BEE7BD
S21402EF4038B50446EDF7AAF838B1022905D82046A6
S21402EF500022BDE83840EDF72FBA212038BD91F8DF
S21402EF6039305B0773B506460C4615462DD408465F
S21402EF70EDF732F86B1E042B16D8032D14D0A379A6
S21402EF80142B24D0A3697BB90093ADF804308DF816
S21402EF900630EAF759FF6946ECF784FE18B91A25D7
S21402EFA0284602B070BDA061636AE57343F016039B
S21402EFB06362EAF7EFFE3046EDF754F9054600289D
S21402EFC0EED02046FFF7F4FEEAE70225E8E7212521
S21402EFD0E6E7002337B580F8723040F6FF73A0F8F4
S21402EFE06E308368C160DA0404460D4610D443F4DA
S21402EFF08063A3606A4640F203212046CDE90045BD
S21402F00004F0E8F900212046ECF7D6FE03B030BD46
S21402F01090F87600EDF72CFBA36823F48053E8E71C
S21402F02073B56E4604464A7930460D460631EAF70F
S21402F03051FF96E80300A4F85010090C11F0800F57
S21402F040E06484F8521004F1530312D0012205F151
S21402F05012011846EAF73EFF0C352846FFF76EFB0C
S21402F06028B10122294604F15A00EAF733FF02B01A
S21402F07070BDB4F8501094F85220C4F8530099802A
S21402F0809A71E9E71FB590F87420019002F0010327
S21402F09004468DF808300BB102F002038DF80930F1
S21402F0A0204694F875308DF80A30039101F0E2FBA1
S21402F0B001AA4FF40171204604F08CF92046ECF7C1
S21402F0C007FF04B010BDECF74FBEFFF7FEBC0A46C2
S21402F0D00021EEF7C5BA13220121EEF7C1BA826803
S21402F0E038B5C2F380320446B0F86E000D46EEF72D
S21402F0F05DFB20B9A3681DB143F40053A36038BD7D
S21402F10023F40053FAE783791A0705D413F0100F95
S21402F1100CBFFF2001207047002070470020704778
S21402F12010B5044660B1806C50B1EDF7B7FEA06C26
S21402F1300028FAD120460321BDE81040ECF73CBE79
S21402F14010BD43898B4207B50CD050F80C2BADF896
S21402F150063092F870208DF8042040F2014101AA90
S21402F16004F038F903B05DF804FB436943F0040386
S21402F17043617047436923F0040343617047406963
S21402F180C0F380007047006847F230530022F8F759
S21402F19091BC006804F0BBB838B543699B070446C7
S21402F1A00D4603D540F20941FFF7F3FFECF7E6FE02
S21402F1B008B1A3691D70204640F20941BDE83840F7
S21402F1C0FFF7E1BF07B5027C012A09D001220274CB
S21402F1D040F20942914206D040F20A4291420ED0D3
S21402F1E003B05DF804FB50F80C3B93F870308DF8D2
S21402F1F0043001AA4FF4816104F0ECF8F0E750F80D
S21402F2000C3B93F870308DF8043001AAF4E738B559
S21402F21022F000430D46114640F203229342044672
S21402F2201AD0B3F5017F09D240F20122934213D0DD
S21402F23040F20222934209D0002038BD6FF4816268
S21402F2401344012BF8D8FFF7BDFFF5E700F022F9CB
S21402F2502046FFF766F9EFE763699B0704D540F29D
S21402F26009412046FFF795FF2846FFF759FFE3E7D7
S21402F27008B5ECF763FD00B1806C08BD08B500B1B7
S21402F2800068ECF769FD08B9034602E0836C002BC0
S21402F290F7D0184608BD10B5044642F62A3000F0EC
S21402F2A040FB031B5842584110BD022806D108886D
S21402F2B042F62A33C31A5842584170470020704714
S21402F2C010B5044642F6293000F02BFB031B5842C9
S21402F2D0584110BD90F8200000F0010070471FB59D
S21402F2E004466846EDF712FF1022694604F1210033
S21402F2F003F0B8FDB0FA80F0400904B010BD08B5BE
S21402F300FFF7EDFFB0FA80F0400908BD70B504467D
S21402F31000F1210591B92846EDF7F8FE236893F926
S21402F3207500FEF7BFFC78B120682B4690F9750091
S21402F330BDE8704010220D21FEF76EBC102200219F
S21402F340284603F0B9FDE9E770BD38B590F82020ED
S21402F3500446002341FA03F0C50703D442FA03F039
S21402F360C0071ED40133082BF4D101F0010523682F
S21402F3702A4384F8202093F97500FEF793FC40B1E7
S21402F3802346012253F8200B0C2190F97500FEF754
S21402F39043FC0DB9002038BD00212046FFF7B6FF1A
S21402F3A0F8E71320F7E768B13F290AD800EBA10077
S21402F3B001F0030190F831004900084100F0030013
S21402F3C070470020704710B50368044693F975002D
S21402F3D0431C0DD0FEF766FC50B12346102253F8AC
S21402F3E0310BBDE8104090F975000B21FEF714BCF6
S21402F3F010BD10B590F87430DB0706D490F975305E
S21402F400013314BF0F20052010BD847CEEF788FC64
S21402F410844234BF0C200020F6E730B585B004469F
S21402F4206846EDF773FE1021684604F0A3FB2046FB
S21402F430EEF744F8C2686B46063204AD1C4603CCAF
S21402F440AC4210605160234602F10802F6D105B0C4
S21402F45030BD08B5EEF732F808B1EEF703F8C0B2E1
S21402F46008BD013810B580B2EEF728F8044608B990
S21402F470002010BD408800F07FFB0028F8D0207BDB
S21402F480F7E708B5EEF71AF818B1007AC31F584224
S21402F490584108BD70B50546044655F8213B93F918
S21402F4A07500431C04D12846BDE87040EDF72EBE19
S21402F4B0FEF7F8FB0028F6D02346102253F8310B4D
S21402F4C00B2190F97500FEF7D5FB2346012253F86F
S21402F4D0200B0C2190F97500FEF7CCFB20682B461A
S21402F4E090F97500BDE8704010220D21FEF7C2BBF0
S21402F4F001302DE9F04185B228460E46EDF7DEFFD3
S21402F50042F60217044642F603089CB12046EDF77F
S21402F510A9FF78B1204600F03EFBB84205D10EB1F5
S21402F52023883380607BBDE8F081204600F033FB01
S21402F530404502D14FF0FF30F5E70135ADB228461F
S21402F540EDF7BCFF0446E0E72DE9F04707460E4616
S21402F55090460D4642F6021942F6030A0135ADB24E
S21402F5602846EDF7ABFF044678B1EDF77BFF60B1B6
S21402F570204600F010FB484505D1237A072B04D11C
S21402F5800320BDE8F0875045E8D141463046FFF7F4
S21402F590AFFF431C014604D03846BDE8F047FFF7EC
S21402F5A002BF0020EDE770B5054608461646EDF7A1
S21402F5B085FF044608B9012070BDEDF753FF002809
S21402F5C0F9D0F00713D4B10734D4720702D5A38852
S21402F5D05B0732D516F0060F31D116F40060EBD079
S21402F5E0A38813F4006F14BF00200620E4E7A38864
S21402F5F0DA0743D513F0700F0AD1980610D45806CE
S21402F600E1D52B6893F975300133DCD10820D3E7B6
S21402F6102868FFF7EEFEA388990608D50028CBD106
S21402F6202A6892F874209207E9D40520C4E70028D5
S21402F630C2D1E4E7A3889907C7D40320BCE7A3880E
S21402F64013F4E06F09D198050FD45B05C5D52B6876
S21402F65093F975300133C0D1D8E72868FFF7C9FEA1
S21402F660A388990507D50028A6D12A6892F874209F
S21402F6709207EAD4D9E700289ED1E6E702209BE764
S21402F68038B504460846EDF719FF054608B90120C5
S21402F69038BDEDF7E7FE0028F9D0AB8813F4E04F4B
S21402F6A00CD1980412D413F48040F1D0236893F955
S21402F6B07500431C58425841C000E9E72068FFF72E
S21402F6C098FEAB88990408D50028E1D1226892F802
S21402F6D074209207E7D40520DAE70028D8D1E2E7BB
S21402F6E02DE9F0474FF0000983F800900446A2F88F
S21402F6F000900846884616461D46EDF7DFFE07468A
S21402F70020B901232B700020BDE8F08774B1EDF715
S21402F710A9FE0028F5D04046FFF7D2FD30B10123FE
S21402F72085F8009004F120003380EDE72B46324640
S21402F73039462046BDE8F047EDF774BC2DE9FF4197
S21402F74007460846884616460393EDF7B7FE044674
S21402F75038B903A803F009FF0125284604B0BDE81E
S21402F760F0811FB1EDF77EFE0028F2D0237A072B38
S21402F77005D8DFE803F017262F381C17172126BBFB
S21402F7800398002835D13246257A022D62D0032D01
S21402F79064D0012D3BD0002F7FD1002503A803F0B3
S21402F7A0E4FEDAE703A803F0E0FE0325D5E703A8A4
S21402F7B003F0DBFE0625D0E703A803F0D6FE80257D
S21402F7C0CBE7E3685D88B54209DA03A803F0CDFE0D
S21402F7D00725C2E7E3689A88B242F6D35D880398A3
S21402F7E040B9024609E0022EEFDC039868B90246E9
S21402F7F0CAE7354603F03EFF82B29319AB42C3DD39
S21402F80003A803F0B2FE0D25A7E70225F2E7E0689B
S21402F810039906300023304403F09DFE002FBCD02F
S21402F820237A032B39D103A803F09FFE002120463A
S21402F830EDF7FEFD68B30588617B3846FFF7B3FD3A
S21402F84001220346CDF8008029463846FEF73FFCE3
S21402F850002582E7E068B3188380D9E7039B9A798C
S21402F860D979891AC9B2481E012810D81344022928
S21402F8701A7B04BF5B7B42EA0322237B32EA030342
S21402F8808CD1617B01233846EDF7A2FBC6E70D2536
S21402F89084E708F1FF35ADB2CEE7039B00933A7FCB
S21402F8A0334641463846FEF7F8FBD1E7884270B544
S21402F8B004460D46164611D8012838BF01242046B4
S21402F8C0EDF7FCFD10B14388B34208D00134A4B270
S21402F8D02046EDF7D7FD08B1A542F0D20024204617
S21402F8E070BD70B50C4616461D460146B8B1B3B19A
S21402F8F0022C01D0102C12D1E0B2EDF715FD4FF616
S21402F900FF718842024602D141F20A1070BD3046AB
S21402F910FFF7CCFF0028F7D028800020F6E721204A
S21402F920F4E707B50023ADF80400ADF8063001226F
S21402F9300DF10603022101A8FFF7D3FFBDF806006A
S21402F94003B05DF804FBF8B5441C0F461646A4B295
S21402F9502046EDF7B3FD10B9013CA0B2F8BD00F0A9
S21402F9601AF90546304600F0F2F820B1284600F0B3
S21402F970EEF80028F0D1304600F0E2F820B1284632
S21402F98000F0DEF80028E7D10134A4B22046EDF7F5
S21402F99079FD08B1BC42DBD94FF6FF70DEE72DE9F0
S21402F9A0F04F87B00D460C8881469A4602208B8817
S21402F9B0ADF8103004A99046EDF7B6FCAB6800909F
S21402F9C0A888AF89059300F0BBF838B1102F05D18F
S21402F9D005A8EDF78FFC022808BF02274FF6FF7B2B
S21402F9E033E0009A2046FFF761FF064680B3AA88F6
S21402F9F06988FFF7A8FF04463046FFF72AFD00B3E2
S21402FA000DF10F030DF1120231464846FFF768FE6C
S21402FA109DF80F302BB1A8F80060184607B0BDE875
S21402FA20F08FBDF81220BA420BD1059901933A46DF
S21402FA3003F018FA019B20B9A8F80060AAF8004063
S21402FA40EBE75C4504D00134A4B26988A142C8D869
S21402FA500A23E2E708B5EDF731FDBDE8084000F0FD
S21402FA609AB838B505460846EDF728FD044610B99B
S21402FA704FF6FF7038BD0DB96088FBE7EDF7F2FC74
S21402FA800028F9D1F4E770B5044642F60520FFF7E0
S21402FA9048FFB0B10021FFF72BFD05460146204680
S21402FAA0FFF781FC10220646002104F1310003F024
S21402FAB003FA3246294620460023BDE87040EDF799
S21402FAC087BA70BD7FB504460D46102200216846EF
S21402FAD003F0F2F90026AB575A1C1BD031462046DB
S21402FAE0FFF761FC002B194604AAB8BFD91C02EB2B
S21402FAF0A10100F00302584200F0030003F00303E2
S21402FB0058BF43425B0002FA03F311F8102C13436A
S21402FB1001F8103C0136402EDDD16B4604F131056A
S21402FB2004AE1A4603CAB24228606960134605F15B
S21402FB300805F6D1204604B0BDE87040FFF743BC86
S21402FB40A0F5205001288CBF00200120704742F605
S21402FB500303C31A58425841704708B5030409D430
S21402FB60EDF7AEFBA0F5205080B201288CBF002036
S21402FB70012008BD0020FCE7020408B507D4EDF713
S21402FB809FFB42F60303C31A5842584108BD0020A1
S21402FB90FCE7C00B704703464088B3F90230002BDF
S21402FBA001DBEDF78DBB0020704708B5FFF7F3FFCA
S21402FBB0A0F5205080B201288CBF0020012008BD8D
S21402FBC010B504468069143003F0CFFCA069BDE886
S21402FBD01040183003F0C9BC2DE9F04105460F4627
S21402FBE014461E46FFF7ECFF23463A46082100203D
S21402FBF0D5F8188003F0A9FFAA69C8F8140053695B
S21402FC0023B1548116820020BDE8F0811A20FBE75A
S21402FC1070B50446084603F02DFDA1698A894D8910
S21402FC2086B212B1521B96420CDA6389581E80B213
S21402FC3025B90A78082A04BF043B98B2831B5842A7
S21402FC40584170BD0020FCE730B504468DB054F82C
S21402FC500C0B9DF8405090F870008DF8040042EAB4
S21402FC600142029219462A4603A8079503F02FF985
S21402FC7001AA40F20241204603F0ACFB0DB030BDB3
S21402FC8010B550F80C4B86B094F87040ADF80E10D4
S21402FC90ADF8102040F2064103AA01938DF80C40FD
S21402FCA0059303F097FB10B901A803F05EFC06B0BB
S21402FCB010BD37B504460D46FFF782FF204640F2D8
S21402FCC00941FFF766FAA369204600221A7050F827
S21402FCD00C3B019593F870308DF800306A4640F27E
S21402FCE0074103F077FB03B030BD13B50191002145
S21402FCF0044602F09BFA042200230DEB0201204682
S21402FD00FFF76AFF02B010BDF0B5044685B00F4695
S21402FD101E46154652B983691B78072B30D0082B2E
S21402FD2014BF15460925002E18BF0D250A9803F0A4
S21402FD30A1FCA3699A894AB15B8981B2D21A91421F
S21402FD4004DD92B2891A0AA803F036FD204601AAFB
S21402FD5050F80C3BADF8067093F870308DF804300E
S21402FD6040F205410A9B8DF80850ADF80A600393ED
S21402FD7003F030FB10B90AA803F0F7FB05B0F0BD9C
S21402FD800B25D0E7B0F80AC0ACF1020C9C452DE971
S21402FD90F04105460E4617461C4603DDBDE8F04117
S21402FDA002F0EFB983692246198100233946FFF72C
S21402FDB013FF044658B9AB6902460E33314628464D
S21402FDC002F0FAF9044610B12846FFF7F9FE20467B
S21402FDD0BDE8F0812DE9F0438FB0202A0546039155
S21402FDE017461C460BD941F2041421462846FFF753
S21402FDF060FF03A803F0B9FB0FB0BDE8F083002B49
S21402FE0046D10846A2F1060803F034FC5FFA88F8E9
S21402FE101FFA80F94FF6FF764C4510D3AB69DA88A5
S21402FE20B24239D942F60203ADF81430711C0223ED
S21402FE30009389B205AB284602F04CF925E023462A
S21402FE403A46039906A803F086FBAB69BDF818602C
S21402FE509A88B242C7D8DA88B242C4D3BDF81A101A
S21402FE60BDF81C20B8F1000F09D0CDF800800DF1C6
S21402FE701E0328463C44FFF7E7FEA4B2CCE79E806A
S21402FE8019815A81284602F03EF904460028B0D06D
S21402FE9041F20A139C42A8D10024A6E72DE9F047B6
S21402FEA096B01C46836901921B78062B064603D041
S21402FEB0102B60D001A81CE001291046039214BF43
S21402FEC04FF010084FF00208002C4CD103F0D2FB82
S21402FED008F1020987B24FF6FF75A7420ED8B3693A
S21402FEE0DA88AA4237D8002421463046FFF7E1FED8
S21402FEF003A803F03AFB16B0BDE8F08723464A464D
S21402FF00039904A803F027FBB369BDF810509A883A
S21402FF10AA422DD8DB88AB422AD39DF81330282B71
S21402FF20E1D0B24642465AF80C3B0DF1120193F864
S21402FF3070308DF830300DA8ADF83250CDF84480D0
S21402FF404C4402F0C4FF0CAA40F20441504603F0AF
S21402FF5041FAA4B2C1E7691C89B2304602F08AF8B7
S21402FF6004460028C4D041F20A139C42BBD0BBE729
S21402FF7041F20414B8E701291046049214BF12276E
S21402FF80042784BB03F076FB42F6021885B24FF6CE
S21402FF90FF71A5420DD8B369DB888B4221D90131A6
S21402FFA04FF6FF7289B2304602F064F80446A0B1FA
S21402FFB019E0049923463A460CA803F0CCFABDF899
S21402FFC03220BDF830109DF83330424507D1B26971
S21402FFD002230A323046FFF7D5FE04A889E7282B0B
S21402FFE006D141F20A1421463046FFF762FEF4E7D4
S21402FFF03C44A4B2CDE7F0B587B0836903911B7881
S214030000022B0546144653D108460491002A47D1CD
S21403001003F030FB4FF6FF7687B2A7420DD8A869E8
S214030020C288B2422BD8002421462846FFF741FE59
S21403003004A803F09AFA07B0F0BD049904222346F5
S21403004005A803F088FAAA69BDF814109088BDF8CD
S2140300501660814229D3D388994226D8864224D370
S2140300609E4222D85069927A837900920C330344D5
S214030070324628460434FFF7E7FDA4B2CDE74369CA
S2140300804089019098790C300344711C009389B21F
S2140300904FF42053284602F001F804460028C7D040
S2140300A041F20A139C42BFD1BDE741F20414BBE7F9
S2140300B003A8BEE7F0B587B00546039117461C466E
S2140300C053B9FFF7A5FD38B1039901232246284605
S2140300D000F084F807B0F0BDA9690B78082B05D8A3
S2140300E0062B44D8032B0FD003A83DE00E2BFBD1E1
S2140300F0039B0593002C6DD1002B6BD009892246F8
S2140301002846FFF7BDFD59E00398059018B3ECB9F0
S21403011083794A8909890C331026034400962846B6
S214030120FFF792FDAB699988DA88914217D242F6B7
S2140301300203ADF8103001310223009389B20DEBB0
S2140301400603284601F0C6FF044660B141F20A13CF
S2140301509C4204D101E0002CF8D141F21F04214651
S2140301602846FFF7A6FD05A803F0FFF9B2E70398B4
S21403017005907CBB70B303F07DFA0FB386B2B7422B
S2140301801ED2394605A803F052FC38B905A803F079
S214030190ECF91A212846FFF78CFD9BE78379C218F2
S2140301A0023391898371AB69F61B5B890090002249
S2140301B02846B6B2FFF7A8FDB742E2D92146E9E7DB
S2140301C0AA6953891189059A009228460022FFF7E7
S2140301D09BFDF3E705A803F0C8F9EFE7F0B585B094
S2140301E0064603911F46144632BB084603F042FAFE
S2140301F0054608B3B1690B784A89082B0BD8062B3A
S2140302000BD9039B09890093304613462246FFF712
S2140302107BFD039401E00E2B19D0B1694B89EA18D4
S21403022092B2B2F5007F4A8117D82FB109893046BA
S21403023001F07AFF044628B10022234611463046D1
S214030240FFF738FF03A803F090F905B0F0BD039B52
S21403025009893046FFF714FDDBE741F20414EBE7A8
S21403026073B5836901911B78082B044615460ED88F
S214030270062B0ED9019E20463146FFF7C9FC2A46B7
S214030280034631462046FFF7A9FF02B070BD0E2B8A
S214030290F0D001A803F069F9F7E730B587B08369B2
S2140302A003911B78092B0546144611D105915AB9BB
S2140302B00091134621460F22FFF726FD21462846C6
S2140302C0FFF7F7FC07B030BD05A803F04EF9F5E7D6
S2140302D003A803F04AF9F5E72DE9F04F9FB08769C5
S2140302E003913F78052F054616461C4604D8032F70
S2140302F016D810D003A867E0082FFBD10846139141
S214030300002B00F0C28013A803F02FF921462846DD
S214030310FFF7CFFC01E0FFF75DFD1FB0BDE8F08FF0
S214030320202A0846049148D8002B40F0A880571F7F
S21403033003F0A0F9FFB21FFA80FA4FF6FF780DF12B
S2140303401C0BA24506D8AB69DA88424500F28780C3
S214030350002434E02346324604990BA803F0FBF846
S214030360AB69BDF82C809A88424526D8DA88424580
S21403037023D35969F1B9A946BDF82F2059F80C1BA8
S2140303809DF82E3091F870108DF84C10ADF84E2075
S2140303900DF131013A4615A88DF85030199702F041
S2140303A096FD13AA40F20341484603F013F834447B
S2140303B0A4B2C6E75A89102A09D941F20414214681
S2140303C02846FFF776FC04A803F0CFF8A5E700233A
S2140303D0584603F0C0F8AB690DF13101102FCDE993
S2140303E0051B93F80A902BD1B9F1020F34D105A857
S2140303F0ECF780FF0228DAD14A46DDE9051002F061
S21403040031FD0028D3D12B46BDF82F1053F80C0B23
S2140304109DF82E2090F870008DF84C00ADF84E1025
S2140304208DF8502059464A4615A80293CDF8649095
S21403043002F04DFD029B13AA40F203411846B4E7AF
S214030440022F09D1B9F1100F06D106A8ECF752FF17
S2140304500228ACD13A46D0E73A465846CFE742F6AA
S2140304600303ADF84C3008F101010223009389B26F
S21403047013AB284601F02EFE04460028A3D041F213
S2140304800A139C423FF464AF99E759B90021AA695D
S2140304900023938153811181139932462846FFF72F
S2140304A009FE3AE703F0E6F816B180B28642EDD1CC
S2140304B0139A9379D118023389899371E7E72DE963
S2140304C0F0438FB01C46836903911B78012B0546C6
S2140304D017465BD10846059103F0CCF8202F0BD9BD
S2140304E041F2041421462846FFF7E3FB05A803F070
S2140304F03CF80FB0BDE8F083002C42D1059803F01A
S214030500B9F8A7F104081FFA88F81FFA80F94FF61E
S214030510FF765FFA88F8A14505D8AB69DA88B24258
S21403052020D80024DEE7059923463A4606A803F0BA
S21403053012F8AB69BDF818109A88BDF81A60914294
S214030540CED3DB889942CBD89642C9D39E42C7D82E
S214030550CDF8008007AB324628463C44FFF774FBD1
S214030560A4B2D8E74FF42053ADF81030711C022321
S214030570009389B204AB284601F0EAFD044600283E
S214030580B4D041F20A139C42CBD0ABE703A8AEE744
S21403059083691B780A2B02D00F3B012B01D8FFF788
S2140305A088BB7047F0B585B01746019383690A9EEA
S2140305B01A780A3A0446072A42D8DFE802F00441CA
S2140305C03041410441290198039003F053F885B262
S2140305D003A802F0CAFF26B131462046FFF785FB83
S2140305E00FE0A1697A194B8992B293420BD90A821A
S2140305F001F10E032046098901F0DEFD01460028BD
S214030600EBD105B0F0BD0121204601F00FFEF5E762
S2140306102EB91A8A0198BA420BD04FF48166019B11
S214030620039303A802F0A1FF31462046FFF741FBE0
S214030630E7E7DA89596903F028F80028EDD1EEE7F1
S21403064001A802F092FFDCE738B5826913780D2B18
S21403065004460D4612D00F2B01D00A2B12D1536934
S21403066033B199790B4402F11400DD6802F07DFF83
S21403067029462046BDE83840FFF78ABFBDE8384024
S214030680FFF717BB38BD07B5002300921B22FFF701
S2140306903BFB03B05DF804FB07B583695980009202
S2140306A000231D22FFF730FB03B05DF804FB4B88E5
S2140306B0052B05D108880E288CBF00200120704723
S2140306C000207047F8B505460F46164604210A2251
S2140306D0002003F0D0F90246B8B184790C3403192C
S2140306E0052100204FF0060CD870997002F804C05C
S2140306F013241C715F7102245870D8719C711E817B
S2140307002846BDE8F840EAF719BAF8BD73B50546BA
S214030710104601920C4602F0ADFF042186B2019802
S21403072003F0ECF8024628B901A802F01EFF1A20CF
S21403073002B070BD837901900C33C1184C80C65249
S21403074021462846EAF7FAF90020F1E72DE9F041B9
S21403075006468846174604210A22002003F08BF932
S2140307600246B8B185790C354319002405210620C5
S2140307709970DC70505501201871022098715C70D6
S214030780304683F80580DC711F81EAF7D7F92046E7
S214030790BDE8F0811A20FBE7002070470020704771
S2140307A007B501A8019202F0E0FE03B05DF804FB72
S2140307B07047002070470F2070470F207047704720
S2140307C0EDF7D8BCEDF7E0BC10B588B0EBF7B6FA9A
S2140307D0044600284AD090F87200022848D1A3683D
S2140307E013F4407F2AD094F87320012A32D194F967
S2140307F07500421C01D1D9052CD594F8743013F03A
S214030800010327D1CDE90133CDE90433CDE906331E
S214030810ADF80C30FDF746FAA36888B9DA0519D5A2
S214030820A06AE16A228E01AB03C31A80BDF80420D6
S21403083004AB0DF106012046ECF788FF08B010BDA7
S214030840DB05EDD494F9750001AB0A220221FDF70E
S21403085011FAEBE7002345F217021946204600F08B
S214030860ECF9B0FA80F040094000E7E72120E5E71D
S2140308700220E3E738B545F21B020C460B4600217F
S214030880054600F0DAF930B92CB121462846BDE812
S2140308903840EDF7D1BA38BD00F036BA01F0C6BB22
S2140308A001F0CFBB10B504464C30FDF7DCF984F8F5
S2140308B075002046BDE8104001F093BB10B5044612
S2140308C0FDF7A8F902280DD194F8733094F9700057
S2140308D0012B14BF0521032184F83210BDE8104014
S2140308E001F0C7BBA36843F40073A36010BD00F018
S2140308F0C6B938B503783E2B04460D4604D1837833
S214030900052B02D0ED2B0FD038BDB0F80300EBF764
S21403091007FA20B1B4F80D10621D00F050FA28460D
S214030920BDE8384002F021BEB0F80300EBF7F8F953
S2140309300028F4D0B4F80D1004F10F03621D00F084
S214030940F8FAECE72DE9F04188B06B4614460D46FD
S214030950024600F1100C1E46106851681F4603C776
S214030960083262453B46F7D11021304603F002F9C0
S21403097004AB224604F110079846106851681C46DB
S21403098003C40832BA422346F7D11021404603F087
S214030990F1F81020F7F7B4F90746F8F7C3F8802202
S2140309A041463846F8F7C8F8044610BB2B4632468D
S2140309B001213846F8F72CF90446D0B91021284609
S2140309C003F0D8F81021304603F0E2F83846F8F77B
S2140309D0ADF84046102103F0DBF83046102103F053
S2140309E0D7F839461020F7F7ADF9204608B0BDE82A
S2140309F0F081214640F20740EDF73CFAE2E708B5FE
S214030A001046F7F713FC003818BF012008BDF7B5EA
S214030A1004460D4616461F460220E1F711FE214600
S214030A20CDE900672B468022DFF7E8F9044620B1BC
S214030A30014640F20740EDF71DFA204603B0F0BD2D
S214030A4010B545F21A01044602F061FC204647F24F
S214030A503053BDE81040002245F21A01F7F72AB8D2
S214030A6010B50A4604460821002003F004F810B126
S214030A70837903441C7310BD38B505460C460D2018
S214030A801121FFF7EDFF024688B18379034421461F
S214030A900D3304F1100051F8044B43F8044B814224
S214030AA0F9D128460621BDE83840FFF72FBE38BDEA
S214030AB038B505460C4604201121FFF7D1FF024640
S214030AC088B18379034421460D3304F1100051F8AD
S214030AD0044B43F8044B8142F9D128460621BDE86E
S214030AE03840FFF713BE38BD38B505460C4603201D
S214030AF01121FFF7B5FF024688B1837903442146E7
S214030B000D3304F1100051F8044B43F8044B8142B3
S214030B10F9D128460621BDE83840FFF7F7BD38BDB2
S214030B2037B5002205460821104602F0A4FF044606
S214030B30C0B10C2301220DF107018DF8073002F036
S214030B40D7FF296C20225131204602F0D1FF296CB1
S214030B5020227131204602F0CBFF2246062128468A
S214030B60FFF7D4FD03B030BD10B50446006C30B9B2
S214030B704FF4BE7003F048F8206420B910BD4FF45C
S214030B80BE7103F005F8226CFF2382F87A31A3685E
S214030B901B0603D5C02313700120EFE794F87330C8
S214030BA0012B14BF80234023F5E708B5D0B2EBF73B
S214030BB0C5F828B190F8773003F07F0380F87730D4
S214030BC0012008BD036C4BB983681B0608D490F854
S214030BD07330012B14BF802040207047187870476D
S214030BE0C020704770B50446FFF7ECFFEDF75EFADA
S214030BF00D460346002245F2010120469847236C22
S214030C0003B11D702846EDF751FA4FF4A041034691
S214030C1000222046BDE87040184770B515460446C6
S214030C2048B1FFF7CFFFEDF741FA2A4603462046C1
S214030C30BDE870401847022070BD114608B51A4635
S214030C4021F00041FFF7E9FFB0FA80F0400908BD44
S214030C5008B50B4601461846F7F7E8FA003818BFFA
S214030C60012008BD10B50446006838B11A2102F009
S214030C708FFF2068F7F756FA0023236010BD10B5E0
S214030C800446EDF781F904F13400FFF7EBFFA368A0
S214030C905A0606D523F04003A36000212046E9F751
S214030CA01BFF206C38B1042102F072FF206CF7F7AB
S214030CB039FA0023236410BDFF2838B50C461546C1
S214030CC00BD00B461022062140B2FCF7D3FF1028A8
S214030CD015D1002005B1286038BD0A4637201021FB
S214030CE0E8F706FD0028F4D010212046FFF7B0FFF2
S214030CF038B9224610213720E8F7DCFCEAE7212042
S214030D00E8E740F20740E5E730B58DB00D46002230
S214030D1008A9FFF7D1FF044648BB01460D220DF193
S214030D20030002F0C9F8B5F803206B79ADF800208C
S214030D3004A908AA68468DF80230FFF703FE40F2BE
S214030D400343BDF810202A80002818BF1C469DF8D0
S214030D501230AB701021684602F01AFF10210DEB1B
S214030D60010002F015FF102108A802F011FF20462B
S214030D700DB030BD38B50446C51C03212846FFF721
S214030D8067FFC8B9E27863797AB922791A43F4D04F
S214030D9003F07F0343F0400363715323A37121469B
S214030DA0FF20BDE83840FFF7AFBFFF2AF0D1227916
S214030DB01A40FF2AE1D0EBE740F2074038BD002196
S214030DC0E9F78ABEF0B583685E0689B0044655D552
S214030DD023F040038360FFF7F5FE802801D0402808
S214030DE06ED194F97560751C04F134071CD1FCF7B9
S214030DF011FF02284ED0636B1A888DF810201A460E
S214030E00042032F8021B090A8DF81110D3F80230B9
S214030E10CDF812305368CDF816300A2204A9E8F745
S214030E2019FD0646701C35D0A368D90532D4204672
S214030E30FFF7C8FE802876B222D06B461022032125
S214030E403046FCF717FF0546102D56D1606B04A9F4
S214030E506A460A30FFF776FD29460646684602F0DC
S214030E6097FE002E49D104A92046E9F735FE294608
S214030E7004A802F08DFE3846FFF7F4FE09B0F0BD75
S214030E806B46102205213046FCF7F4FE0546002883
S214030E90D3D0D9E794F87430DA0702D4A368DB0515
S214030EA02BD5606B04F1180204A90A30FFF74AFD3C
S214030EB004A92046E9F710FE10210DEB0100D8E740
S214030EC0636B1A88CAB9882801D04B2815D1591CD8
S214030ED0002211F8010F80B90132082AF9D1226CD9
S214030EE004A902F5A67203F10A00FFF72BFDA0B1D1
S214030EF010210DEB010002F04BFE204641F20601E5
S214030F00ECF79AFF20460021E9F7E6FD04F13400EA
S214030F1009B0BDE8F040FFF7A5BE04A92046E9F7EF
S214030F20DBFD10210DEB010002F032FE04F134006C
S214030F30A2E7F8B51D4683685B0604460F461646C9
S214030F402DD41A2002F060FE0146606320B92046C5
S214030F50BDE8F840E9F7C0BD034605F1100123F8E4
S214030F60027B3268C0F8022072685A60636B2A46B6
S214030F700A3352F8040B43F8040B8A42F9D11021C2
S214030F80284602F005FEA36843F0400213F4407FB0
S214030F90A26004D02046BDE8F840FFF713BFF8BDB3
S214030FA038B504460D4605200221FFF759FD0246D3
S214030FB0B8B18379034406215D732046FFF7A6FB89
S214030FC045F490512046ECF737FF94F87330012B25
S214030FD0204618BF8021BDE8384008BF4021FFF7F0
S214030FE001BE38BDB1F5A04F70B504460D46164692
S214030FF00AD045F20603994218D0324629462046BF
S214031000BDE87040EDF7B2B9836843F080038360B0
S21403101090F87330012B14BF80204020EDF746F87C
S214031020002203462046BDE87040184793791344D0
S214031030597C41F49051ECF7FFFEDEE72DE9F041D1
S21403104096B015461D9F05AA1C4606460B4601F19B
S214031050200E9046186859689446ACE80300083397
S21403106073456246F6D12021404602F083FD0DAB60
S2140310702A4605F1200E9C46106851681D4603C596
S214031080083272452B46F7D12021604602F072FDE6
S214031090AEB3336C93F87931013B022B2FD89DF80E
S2140310A0703043F0800301AA8DF8543004F1100C1D
S2140310B02346154618685968144603C4083363451F
S2140310C02246F7D11021284602F054FD3B46412222
S2140310D041462846FFF79BFC10210446284602F0AB
S2140310E057FD4121404602F053FD54B11EB108217D
S2140310F03046FFF755FF204616B0BDE8F0810023C3
S214031100D1E71021384602F035FD002EF3D02246F3
S21403111045F211013046FFF780FDECE72DE9F34772
S21403112090F87380056CB8F1010F044604D195F866
S2140311306C31002B40F04E8195F8783195F86D911F
S214031140032B00F2E880DFE803F0027EA6CB19F05B
S214031150010F73D011210620FFF782FC8246002878
S21403116000F0388186790C360644771C1021384601
S214031170FFF76EFD014658B120460821FFF710FF22
S214031180002140F2074002B0BDE8F047ECF772BE1C
S214031190A07CC0F11002384401F08EFE95F97A0166
S2140311A03B4610220521FCF737FD58B1002140F2DB
S2140311B01B40ECF75FFE0821204602B0BDE8F0476F
S2140311C0FFF7EEBEFCF726FD02280FD1B8F1010F9C
S2140311D00CD004F11803113657F8042B43F8042BEC
S2140311E0B742F9D1A36843F48073A360524606213D
S2140311F02046FFF78BFA0B210720FFF731FC074643
S214031200002800F0E780867995F97A310C36064493
S21403121043F43F43A6F801300821F01CFFF718FDFE
S21403122095F97A01731C0A220421FCF7F5FC0028C1
S214031230BCD13A4606212046FFF768FA95F878317E
S214031240013385F8783119F0020F1FD011210820D9
S214031250FFF706FC0646002800F0BC8081790144AF
S214031260002301AA0D31FF200193FFF725FD40B1AE
S21403127008212046FFF794FE019940F20740ECF759
S214031280F9FD324606212046FFF740FA95F87831F5
S214031290013385F8783119F0020F1CD00821092094
S2140312A0FFF7DEFB0746002800F0948086790C36AD
S2140312B00644E8F7C5FD837983F00803C3F3C00348
S2140312C073700368C6F802308388F3803A460621B3
S2140312D02046FFF71BFA95F87831013385F8783105
S2140312E019F0040F12D011210A20FFF7B9FB0646A6
S2140312F000286FD0807930441022AB210D3001F0E6
S214031300DBFD324606212046FFF700FA95F87831D2
S214031310013385F87831B8F1010F08D0236C93F8C0
S2140313206C31002B56D195F87831042B52D1A36C2F
S21403133095F97A01313310220B21FCF76DFC78B155
S21403134040F21B412046ECF777FDB8F1010F14BFBE
S21403135080214021204602B0BDE8F047FFF742BC9B
S214031360A36C95F97A01203301220C21FCF754FC77
S2140313700028E5D1A36C95F97A01213310220D21BB
S214031380FCF74AFC0028DBD1082295F97A0104F120
S21403139010031146FCF740FC0028D1D1236C93F8C8
S2140313A07A2184F87520FF2283F87A21D3F87431E2
S2140313B05B0603D404F14C00FDF7CFF9FCF72AFCD7
S2140313C0022802BFA36843F48073A3602046ECF7A9
S2140313D00BFDBAE702B0BDE8F087EDF71FB870B5AE
S2140313E0B1F5A04F88B0044615467BD045F21B06E0
S2140313F0B14240F0E38090F87430DA076AD5056CA2
S214031400B5F86C312BB14C21FFF7ECFB002008B08C
S21403141070BDD5F874315B074BD5AB79DE0748D57D
S2140314206B7BD80745D5A36C95F97A013133102227
S2140314300B21FCF7F1FB38B140F21B412046ECF7D9
S214031440FBFC40F21B40E2E7A36C206C203390F9D0
S2140314507A0101220C21FCF7DFFB0028ECD1A36CF8
S214031460206C213390F97A0110220D21FCF7D4FB6E
S2140314700028E1D1206C082290F97A0104F11003C8
S2140314801146FCF7C9FB0028D6D104F14C00FDF742
S21403149064F9236C93F87A2184F87520FF2283F885
S2140314A07A2120464021FFF79DFB2046ECF79CFC63
S2140314B0ACE705F5A67304F1180205F5AE7553F807
S2140314C0041B42F8041BAB42F9D1A36843F48073B0
S2140314D0A360E6E74021FFF785FB29462046ECF7A5
S2140314E0ABFC93E7006CD0F8743159073AD5002368
S2140314F0CDE90133ADF80C308379DA0724D5437B85
S214031500DB0721D500F5A673102290F97A01032193
S214031510FCF782FB48B1002140F21B40ECF7AAFC23
S21403152008212046FFF73CFD8BE7FCF773FB0228F8
S2140315300AD1206C102200F5A673052190F97A01D2
S214031540FCF76AFB0028E6D10023BDF80420CDE9AA
S2140315500433CDE906330DF1060104AB2046ECF760
S214031560F5F853E7D0F8D130C0F8E930D0F8D530E5
S214031570C0F8ED30206C00F5A6721146E130FFF797
S214031580E1F9054630B120460821FFF709FD40F290
S21403159007403CE7236CA07C03F5A673C0F110025A
S2140315A02946184401F088FCCDE90155CDE90455D8
S2140315B0CDE9065504AB2A4601A9CFE708B0BDE836
S2140315C07040ECF7D3BE2DE9F04796B0DDE92297DD
S2140315D01D46DDF8908005AB06460C4602F1100A60
S2140315E09E46106851689C46ACE803000832524594
S2140315F06346F6D17046102102F0BCFA09AA2B46C0
S21403160005F1100E944618685968154603C5083345
S21403161073452A46F7D16046102102F0ABFA1E9BAB
S2140316200DAA03F1100E944618685968154603C5AB
S214031630083373452A46F7D16046102102F09AFA1A
S2140316409DF87C308DF844309DF880308DF8453019
S2140316509DF884308DF8463099F80630D9F80000A6
S214031660129083F00803C3F3C0038DF847300621B6
S214031670B9F80430ADF84C3012A802F07BFABB7907
S21403168083F00803C3F3C0038DF84E303B68CDF8F0
S2140316904F300621BB88ADF853300DF14F0002F0F2
S2140316A069FA01AA234604F1100715461868596813
S2140316B0144603C40833BB422246F7D110212846FA
S2140316C002F058FA4346412205A92846FFF79FF938
S2140316D010210446284602F05BFA412105A802F0D1
S2140316E057FA34B108213046FFF75AFC16B0BDE866
S2140316F0F0874046102102F03DFA224645F21301D8
S2140317003046FFF78AFAF1E72DE9F0419CB015461B
S214031710239F08AA1C4606460B4601F1200E904658
S214031720186859689446ACE8030008337345624664
S214031730F6D12021404602F01DFA10AB2A4605F1E9
S214031740200E9C46106851681D4603C50832724534
S2140317502B46F7D16046202102F00CFA229B18AAEA
S21403176003F1100E944618685968154603C50833E6
S21403177073452A46F7D16046102102F0FBF904AA06
S214031780234604F1100C154618685968144603C41A
S214031790083363452246F7D11021284602F0EAF9BA
S2140317A06B46502241462846FFF731F9102104467E
S2140317B0284602F0EDF95021404602F0E9F934B12B
S2140317C008213046FFF7ECFB1CB0BDE8F081039B15
S2140317D03B603846042102F0CDF96846102102F03A
S2140317E0D7F9224645F214013046FFF716FAEBE71F
S2140317F02DE9F0411D46069B90F8738004460F467C
S214031800164653B110211046FFF722FA28B1204698
S2140318100821BDE8F041FFF7C3BB236C013E691EF8
S21403182003F1100013F8012F16F801CF834282EA62
S2140318300C0201F8012FF5D13A4629462846FFF750
S21403184081F80028E3D1B8F1020F0CBF002306236A
S2140318502B4404F1590204F15F0012F8016F197862
S214031860904281EA060103F8011BF6D1B8F1020F94
S21403187014BF002306232B4404F1520204F158003C
S21403188012F8016F1978904281EA060103F8011BEA
S214031890F6D13A4629462846FFF754F8024600286A
S2140318A0B5D1204645F21001BDE8F041FFF7B5B9C2
S2140318B073B545F20406B142044615460DD045F20B
S2140318C01006B14222D0B1F5A04F38D1FFF7B8F8D1
S2140318D0236CD3F87431D90720D5236CD3F874213D
S2140318E0D2070BD4AA790C3215446A1DB1331535C9
S2140318F052F8041B43F8041BAA42F9D1216CD1F811
S214031900743113F004030CD0832104E0016CC1315D
S214031910FFF7EAF885212046FFF764F9002002B0B6
S21403192070BD81F878310123009301F1D10201F1F2
S214031930C103204601F5A671FFF75AFFEEE702B092
S214031940BDE87040ECF712BDF0B545F210039942BE
S21403195085B0044600F087800CD8B1F5A04F1CD0A4
S21403196045F2050399421DD0204605B0BDE8F04078
S214031970ECF7FCBC45F21103994200F08D8045F26A
S21403198012039942F0D1036C93F87931042B40F299
S214031990B380052B03D148217BE0FFF751F80020E5
S2140319A005B0F0BD9179036C0C310A44511DD13357
S2140319B0153251F8040B43F8040B9142F9D1256C08
S2140319C005F1E10705F1D10610223146384601F04C
S2140319D049FA20B904212046FFF7E2FADFE7D5F8F3
S2140319E0743113F0040332D095F87931042B13D1F4
S2140319F005F21113039305F5A673029304F153033B
S214031A00019304F15A0300933A46334605F1F10174
S214031A102046ECF72BFFC2E705F5AE7005F1110182
S214031A2005F1510201900BB1052B06D1002300935B
S214031A3020463346FFF702FBB1E795F87801D5F861
S214031A404831C34003F0010343F08003EFE785F812
S214031A5078313246009305F5A67105F5AE73204638
S214031A60FFF7C6FE9BE7056C102205F1C10105F5DD
S214031A70AE7001F0F7F90028ACD1D5F874319B07A6
S214031A8042BF94F8743043F0020384F874304B2159
S214031A902046FFF7A7F882E7056C102205F1C1017F
S214031AA005F5AE7001F0DEF9002893D195F879318B
S214031AB0013B022B0FD895F878310133DBB2142B98
S214031AC085F8783107D0D5F8743123F00103C5F8CB
S214031AD074314321DCE705F21113039305F5A6736E
S214031AE0029304F15303019304F15A03009305F19F
S214031AF0E10205F1D10389E74921CAE7B1F5A04F11
S214031B0070B50446154607D045F20406B1420CD01C
S214031B10BDE87040ECF72ABCFEF792FF236CD3F8BF
S214031B207431D90701D4002070BD236CD3F8742117
S214031B30D20718D4AA790C3215446A1DC133153559
S214031B4052F8041B43F8041BAA42F9D1206C102256
S214031B5000F1C101B13001F085F920B90421204616
S214031B60FFF71EFADFE7206C1021E130FFF770F86D
S214031B7058B108212046FFF713FA40F20740002128
S214031B80ECF778F940F20740CEE7216C2046E131C6
S214031B90FEF78EFF47212046FFF724F8C3E7B1F58B
S214031BA0A04F70B50346144607D045F21806B14257
S214031BB007D0BDE87040ECF7D9BBFEF741FF002025
S214031BC070BD1268551C03D10121FFF7E9F9F6E74A
S214031BD0016CD1F87401400741BF002281F87821D7
S214031BE02268C1F8482158BFC1F84C211846432142
S214031BF0FEF7F8FFE3E7B1F5A04F70B513460446CA
S214031C0007D045F20406B14207D0BDE87040ECF7B2
S214031C10ADBBFEF715FF002070BD9979026C0C3141
S214031C200B44591DC132153351F8040B42F8040B0B
S214031C309942F9D1256C102205F1C10105F1B100D5
S214031C4001F010F920B904212046FFF7A9F9E2E7CD
S214031C5005F1E1012046FEF72BFF47212046FEF75C
S214031C60C1FFD8E7B1F5A04F13B504460ED0A1F5D2
S214031C70A043103B012B45D8016CB131FEF734FF6E
S214031C8044212046FEF7AEFF002017E0016CD1F892
S214031C90743113F0040301F1E10228D01021104639
S214031CA0FEF7D6FF60B108212046FFF779F940F228
S214031CB007400021ECF7DEF840F2074002B010BD03
S214031CC0216C01F1B103019391F87821D1F84831E1
S214031CD0D34003F0010343F08003009301F11102A4
S214031CE001F1E10320465131FFF7A8F9CCE781F86B
S214031CF078310123009301F1B10301F5A671FFF7D3
S214031D0077FDC1E702B0BDE81040ECF72FBBB1F595
S214031D10A04F70B5044615467AD045F21B06B1426D
S214031D2040F0CD8090F87430DA0769D5056CB5F8C5
S214031D306C3123B18921FEF755FF002019E0D5F851
S214031D4074315B074BD5AB79DE0748D56B7BD80779
S214031D5045D5A36C95F97A01313310220B21FBF795
S214031D605BFF38B140F21B412046ECF765F840F2C2
S214031D701B4070BDA36C206C203390F97A010122BE
S214031D800C21FBF749FF0028ECD1A36C206C213310
S214031D9090F97A0110220D21FBF73EFF0028E1D1CE
S214031DA0206C082290F97A0104F110031146FBF720
S214031DB033FF0028D6D104F14C00FCF7CEFC236C8D
S214031DC093F87A2184F87520FF2283F87A21204637
S214031DD08021FEF707FF2046ECF706F8ADE705F58A
S214031DE0A67304F1180205F5AE7553F8041B42F802
S214031DF0041BAB42F9D1A36843F48073A360E6E700
S214031E008021FEF7EFFE29462046ECF715F894E707
S214031E10006CD0F8743159072AD58379DA078CD544
S214031E20437BDB0789D500F5A673102290F97A0168
S214031E300321FBF7F1FE48B1002140F21B40ECF70B
S214031E4019F808212046FFF7ABF890E7FBF7E2FE08
S214031E5002287FF472AF206C102200F5A6730521CA
S214031E6090F97A01FBF7D8FE00283FF466AFE3E764
S214031E70D0F8D130C0F8E930D0F8D530C0F8ED301E
S214031E80206C00F5A6721146E130FEF75BFD0146B5
S214031E9030B120460821FFF783F840F2074068E791
S214031EA0236CA07C03F5A673C0F11002184401F05E
S214031EB003F8216C2046D131FEF7FAFD3DE7BDE875
S214031EC07040ECF753BAB1F5A04FF7B5044608D007
S214031ED045F21105A94236D003B0BDE8F040ECF751
S214031EE045BA006C1021D130FEF7B2FE60B108216E
S214031EF02046FFF755F840F207400021EBF7BAFFFC
S214031F0040F2074003B0F0BD256C95F8796105F102
S214031F10C107013E022E01979FBFD5F8480195F8E9
S214031F207861F04000F0010098BF40F08000009018
S214031F3005F1510105F1110205F1D1032046FFF722
S214031F407DF80020DEE7016CC131FEF7CDFD85216B
S214031F502046FEF747FEF4E770B545F20406B142A5
S214031F600446134624D045F21806B14206D0B1F50E
S214031F70A04F32D1FEF764FD002070BD11684D1CE2
S214031F8003D10121FFF70CF8F6E7026CD2F87401CF
S214031F90400743BF002182F878111B68C2F84C1132
S214031FA048BFC2F8483184212046FEF71BFEE3E70C
S214031FB09979026C0C310B44591DB132153351F823
S214031FC0040B42F8040B9942F9D1226CD2F874310F
S214031FD043F00103C2F87431CEE7BDE87040ECF776
S214031FE0C5B910B500230364044690F97500431C75
S214031FF013D0E7F76BFE082204F1100394F975007B
S2140320001146FBF737FE94F91330012B07D194F8EA
S214032010743043F0020384F87430002010BD022BA2
S214032020FBD194F8743043F00A03F4E74B88062B8D
S21403203005D1088841288CBF002001207047002066
S214032040704707B58B7901910B440A46197C4B1EE2
S2140320500D2B04D801F5A0410131FEF7DEFD01A8E2
S21403206001F083FA03B05DF804FB70470020704765
S2140320707047704770B504460E4615460521002284
S2140320800420FCF74BFD014618B1A0F80160A0F848
S21403209003502046BDE87040FCF798BDF7B51D46D3
S2140320A0002300930446BDF824300F461646072146
S2140320B0089A0620FCF756FD014628B1A0F80170E1
S2140320C0A0F80360A0F80550204603B0BDE8F04032
S2140320D0FCF77CBD73B515461A46002300930446E9
S2140320E09DF818300E4608200521FCF73BFD0146F7
S2140320F018B1A0F80160A0F80350204602B0BDE86E
S2140321007040FCF763BD38B5002204460D460A202E
S2140321100321FCF703FD014608B1A0F80150204651
S214032120BDE83840FCF752BD70B504460E4615466A
S214032130052100220C20FCF7F1FC014618B1A0F89B
S2140321400160A0F803502046BDE87040FCF73EBD92
S21403215073B515461A460023009304469DF81830B7
S2140321600E4610200521FCF7FDFC014618B1A0F829
S2140321700160A0F80350204602B0BDE87040FCF7AB
S21403218025BD73B54489033CA4B2A3420E464FF063
S2140321900001009105464FF0030128BF2346122095
S2140321A0FCF7E0FC014608B1A0F80160284602B03F
S2140321B0BDE87040FCF70ABD2DE9F34198468369F4
S2140321C0054658690F46164601F054FA6C89053CD5
S2140321D0A4B280B2844228BF0446A86921461430BC
S2140321E001F025FC009048B105220821002001F0EB
S2140321F042FC019030B9684601F0B7F91A2002B0E4
S214032200BDE8F081009901A801F096FA019A937946
S2140322100C33D1181620D054A8F800402846A1F84D
S2140322200170A1F80360FCF7D1FCE8E738B500229B
S21403223004460D4618200221FCF770FC014600B147
S21403224045702046BDE83840FCF7C0BC70B58579BC
S21403225004460C35461901F00DFA625D431E013A39
S2140322609BB21C2A10D8DFE802F0110F160F180FC6
S214032270290F2F0F400F400F400F330F250F0F0F5F
S214032280390F250F3E0F3E00002070BD042B14BFF0
S21403229001200320F9E7022BF9E743B37278022AF9
S2140322A00AD0012A23D10222013B0232B3FBF2F108
S2140322B002FB1133002BEAE71022F5E713F0030FB6
S2140322C014BF01200320E0E78BB17278013BEDE7F2
S2140322D06BB17278032A0AD9013BE7E7042B34BFB4
S2140322E001200320D1E7022BF9E70320CDE70120E5
S2140322F0CBE702464FF0FF30EEF7DABB07B5042212
S21403230001910DEB0201F6F776FB03B05DF804FBD3
S21403231038B50446251DDCF79BFE00212846FFF74B
S214032320EDFF012104F10800FFF7E8FF0821284626
S214032330FFF7DFFF01462046FFF7E0FF002038BD2A
S214032340C0F30A030833B3F5006F06D280884FF64E
S214032350FF73C31A58425841704701207047F8B5B7
S2140323600D4617461E46EEF75BF9044638B905B127
S2140323702870002340F21C403B703460F8BD15B152
S214032380C3881B0A2B70A37900200834F4E708B52A
S214032390084680B24FF6FF71EEF776F9002008BDC7
S2140323A002207047002070470120704700207047C6
S2140323B000207047704737B5044601A80D46F3F76B
S2140323C00BFC01A8FFF7F6FF01A920468DF806507F
S2140323D0EEF708FC03B030BD08461146EEF7E0BC46
S2140323E07047431E012B03D9031F584258417047B9
S2140323F00120704700F059BA4FF4A472002100F090
S2140324005BBD10B50021044600F083F82046BDE806
S2140324101040F3F723BBF2F795BFF2F799BFF8B571
S21403242005460E46EEF784FCD5F88C307BB15B6927
S2140324306BB1F0F77BFCD5F88C305B691B1A5842FE
S21403244040F26B124FF042015841EEF753FEF76825
S21403245000224FF6FF734FF0240CD0B2B84208D3D5
S2140324601C4621462846EEF7EDFD00F021FA2046ED
S214032470F8BDB1680CFB0011CC899C4202D2002C3B
S214032480EFD023460132E8E7EEF7DCBD008B70475A
S2140324900A7838B505461046FFF7A3FF60B14C78B7
S2140324A02046FFF79EFF38B12243530704D428463D
S2140324B0BDE83840F2F752BF012038BDFFF7E8BF4A
S2140324C010B504460878FFF78CFF58B14A781046D3
S2140324D0FFF787FF30B1042A04D02046BDE810403A
S2140324E0F2F774BF012010BDFFF7EABFF2F7B2BCE4
S2140324F0F2F72ABE70B504460D461646EEF7A2FD61
S21403250030B9324629462046BDE87040F1F762BC32
S21403251070BDF3F71FBD38B5044600200D4600F026
S214032520C5F9D4F8A0302BB929462046BDE8384073
S21403253000F0DFBA022038BD38B5044648880D4699
S21403254000F0B4F9D4F8A0302BB929462046BDE8EC
S2140325503840F2F771BF022038BD00F0A8B900F08A
S214032560FCBAEFF7B3BF38B505460C46F6F7CAF81C
S2140325702B6B1C40EB6A2343EB62F6F7C7F8211E6E
S21403258018BF01210020490238BDF3F735BAF2F728
S2140325906BBD00F013BB00F032BB08461146EFF7E5
S2140325A05BBBF3F769B800F0ECBA38B504461546DA
S2140325B009B100F042FB25B12046BDE83840F3F7E9
S2140325C055B938BD0846F0F783BA10B5044600F08F
S2140325D08BF820B92046BDE81040EEF769BE10BD63
S2140325E000F0B0B9F0F7CCB92DE9FF4198460446A0
S2140325F00E461746F6F78DF805462046FFF7E5FF25
S2140326000A9B02930023CDE900833A4631462046CF
S214032610EEF79CFE04462846F6F781F8204604B0FB
S214032620BDE8F08138B50446F6F773F8054620464C
S214032630FFF7CBFF2046EEF767FE04462846F6F77D
S2140326406EF8B4FA84F0400938BD38B50446F6F798
S21403265060F805462046FFF7B8FF204600F053F81B
S21403266004462846F6F75BF8204638BD38B50446D8
S214032670F6F74FF805462046FFF7A7FF204600F07B
S21403268048F804462846F6F74AF8204638BD70B59B
S21403269004460E46F6F73DF805462046FFF795FF37
S2140326A031462046EEF7A0FE04462846F6F737F8EE
S2140326B0204670BD07B513468DF80710002219464D
S2140326C00DF1070000F0B9F803B05DF804FB084607
S2140326D011461A4600F0B1B8012070470120704732
S2140326E00020704700207047EEF71ABD10B5F6F7C6
S2140326F010F8044600F015F8EEF738FD2046BDE85E
S2140327001040F6F70CB808B50246EEF709FD507D03
S21403271008BD08B50246EEF703FD507D80F00100C4
S21403272008BD00F00FB9F2F795BD00F0C2B9437CBF
S21403273003B108470220704710B5044600F0E0FADC
S21403274020460321BDE81040F2F7DEBBFFF7F4BFD7
S214032750437C0BB100F0D0BA02207047437C0BB128
S21403276000F0CCBA0220704710B5437C0C4693B1F8
S21403277049680022F3F7A8FC206890FAA0F0000A44
S214032780F0F7EAFBA17A2089002281F00101F3F732
S214032790F9FC002010BD0220FCE71FB5CDE90012AE
S2140327A0ADF8083069469DF818308DF80A30FFF703
S2140327B0DBFF05B05DF804FB002070470020704780
S2140327C02DE9F74F1C469DF830300193036803F05C
S2140327D00703063301259D400646174605F1FF38D5
S2140327E00B46A1B1416804EA080BA5EB0B0A41F0BE
S2140327F00059524509EB0B0114D95246184600F00E
S21403280066FB7A1B5A444946504400F060FB019B22
S2140328102BB13C4448EA050804EA0804F46003B014
S214032820BDE8F08F1846F0E737B500250095144647
S214032830FFF7C6FF204603B030BD70B50E461546FB
S214032840044608B9002070BD0078EFF7E3FA58B1E4
S2140328501EB12078EFF788FB30701DB1207800F0AA
S21403286038F828700120EEE723780E2BEAD10EB154
S214032870FF233370002DF5D0FF232B70F2E738B516
S2140328800D6804462846EFF79FFAD4F8903043B114
S2140328905B6933B1013504BF6FF001020A600A6851
S2140328A01A60002038BDF3F72FBB70477047704798
S2140328B0704738B50D460446F0F738FAAC4042F296
S2140328C0107364095C436423B0FBF3F0B4FBF0F0CD
S2140328D038BD022807D0062807D0003818BF0120C5
S2140328E04042C0B27047012070470020704730B5A1
S2140328F01F23B0FBF3F35D1CEDB24FF0FF34C3EBC5
S2140329004313AC40C01AE4430130E4B2C0B21460CF
S214032910086030BD70B505460E46C0B201F00F0123
S214032920FFF7C7FFC6F303110446C5F30720FFF7F7
S214032930C0FFC6F303210444C5F30740FFF7B9FFFE
S214032940204470BD08B5EFF7A9FFBDE80840EFF7D0
S214032950E3BF10B50446EFF7A1FF844288BF01F139
S214032960FF31204601F00301BDE81040EFF7D4BF66
S21403297038B50446FFF7E6FF0546FFF7E3FF431BBC
S214032980A342FAD338BD0020704710B50446F0F7CB
S21403299051FAC4F30113022B05D0032B09D0012BE4
S2140329A000D1400810BDC4F3C4240134B0FBF4F0D6
S2140329B0F8E78008F6E700F03003202B10B513D1B4
S2140329C010F4E02FC0F302440AD010F4C01FC0F383
S2140329D0C423B3FBF4F418BF6400052C0ED86408B4
S2140329E0FFF7D3FF604310BDC0F382136FF01204EA
S2140329F01C4104F00104C4F10204F1E70424EFE7E8
S214032A0010B5044651B10B6843B15B6833B11A681D
S214032A10032A03D99C6A640E204610BDF5F772FE9E
S214032A2001462046F0F7F0FB04460846F5F76EFE2F
S214032A30F2E738B14FF47A735843A0F6AC50401A15
S214032A40F0F7FCBC4CF25030FAE7F1F79BBCF1F719
S214032A5099BCF1F797BCF1F795BC7047436B03F04D
S214032A606003402B0DD0602B03D0203B58425841C7
S214032A70704749B10B68012B06D9486940F001003D
S214032A80704740F20110704700207047034670B14C
S214032A900268022A0BD9426A12F47F4FC2F3072058
S214032AA006D01B6AD2B25A43B2FBF0F0704700203E
S214032AB070470220EFF7DCBED0F894304BB11A68AB
S214032AC0022A06D993F8250028B11B6AB3FBF0F057
S214032AD07047FFF7A0BC704708B50146D0F89400CE
S214032AE0FFF7D4FF20B9BDE808400846FFF795BCBA
S214032AF008BD10B590F8D0300E2B04462BD00175C8
S214032B00D0F8900020B3D4F8A0304BB994F8D9305D
S214032B108B420BD320460022BDE81040F2F7E6BCFA
S214032B20B4F92420B0F912309A42F3DD94F8D910A0
S214032B3000222046F2F7DAFC60B9C4F8900020467B
S214032B40FFF7A4FC01462046BDE81040EEF77ABA2C
S214032B50FF23637510BD0220FCE70346D0F8D000C0
S214032B600860B3F8D4308B800020704790F8D030DC
S214032B700E2B14BF407DFF2070474FF48071F2F791
S214032B8049B838B50D46FFF7A7FF014604460020AF
S214032B90F0F772FD02460220A87174B1B2F5803FC9
S214032BA00BD863094FF2244101FB02302B6824093A
S214032BB0B0FBF4F01B1A2B60002038BD3F2B0846F1
S214032BC010B5114619D9B3FA83F3C3F11902D2B279
S214032BD0062A01D8192B0ED0062A28BF0622931DD3
S214032BE0DBB201249C40A4B2A14228BF2146EEF7E3
S214032BF04BFE204610BD0022F1E70024F9E71388B8
S214032C003F2B10B5084616D9B3FA83F3C3F119015F
S214032C10C9B2062901D8192B0BD0062928BF0621CD
S214032C208C1DE4B20123A3401380EEF74BFE002075
S214032C3010BD0021F4E70120FAE7F1F7F5BF10B560
S214032C40084614460121F0F77FF820460121BDE827
S214032C501040F0F779B8F8B504460E461746F5F770
S214032C6051FD3A4605463146204600F054F80446E0
S214032C702846F5F74BFD2046F8BD02207047032093
S214032C807047EFF7EDBD10B5F3F726F8044608B91D
S214032C90F1F792F8204610BD38B504461D46F3F703
S214032CA01BF828B929462046BDE83840F1F754B941
S214032CB038BD70478021F1F7ADBF38B50546F2F74A
S214032CC03DF904462846F2F717F9072811D1D5F837
S214032CD09030DB6924F47F4121F0080103B15B786F
S214032CE041EA032141F020012846BDE83840F2F7C7
S214032CF02BB924F02001F7E7032070470320704721
S214032D0010B50446F3F7CAF92046BDE81040F3F7BA
S214032D109DB900207047F7B505460F46684611462D
S214032D20F3F776FA064698B197B1DDE900311B0A48
S214032D3043EA0163A5FB0343090A05FB0135EFF7E5
S214032D40F5FF0023024629462046F3F78DFD38603B
S214032D50304603B0F0BD00228A4202D14FF0FF3066
S214032D60704750F8223093FAA3F30BB90132F3E716
S214032D70B3FA83F000EB4210704770B5A1FB025420
S214032D803CB92946F3F734FF064628B900263046F1
S214032D9070BD0C220260F9E72A46214600F08CF843
S214032DA0F5E72DE9F8430746884614460026D4E996
S214032DB00195B9F1010905D52468002CF7D13046F1
S214032DC0BDE8F883AB89012B07D9B5F90E3001337B
S214032DD003D029463846C04706436835E9E710B5A9
S214032DE00C46B1F90E10F4F70BF90028ABBF636D70
S214032DF0A3891B1823F48053ACBF6365A38110BD5E
S214032E002DE9F0411F468B89DB0505460C46164621
S214032E1005D5B1F90E1002230022F4F7DFF8A389D3
S214032E20B4F90E1023F48053A38132463B4628465A
S214032E30BDE8F041F4F706B910B50C46B1F90E102B
S214032E40F4F7CCF8431CA38915BF606523F48053BD
S214032E5043F48053A38118BFA38110BDB1F90E10AC
S214032E60F4F7ACB810B501390244904201D1002002
S214032E7005E0037811F8014FA34201D0181B10BDDB
S214032E800130F2E7884210B501EB020402D984420E
S214032E90234607D8431EA14208D011F8012B03F896
S214032EA0012FF8E7024401468A4200D110BD13F809
S214032EB0014D02F8014DF7E702440346934200D161
S214032EC0704703F8011BF9E77047704770470A44D9
S214032ED0914200F1FF3300D1704710B511F8014B52
S214032EE003F8014F9142F9D110BD9368013B002BC3
S214032EF010B4936008DA9469A34201DB0A2903D16C
S214032F005DF8044B00F095B91368581C10601970EF
S214032F1008465DF8044B7047F8B506460F46144658
S214032F20D518AC4201D1002007E014F8011B3A463D
S214032F303046FFF7DAFF431CF3D1F8BD2DE9F0471F
S214032F40164698468A680B69DDF820909342B8BF08
S214032F501346336091F8432007460C460AB1013303
S214032F6033602368990642BF3368023333602568AB
S214032F7015F0060506D104F1190AE36832689B1AB0
S214032F80AB4226DC94F843302268003B18BF01238B
S214032F9092062BD404F1430241463846C847013013
S214032FA01ED02368226903F00603042B02BFE568DC
S214032FB03368ED1AA3680CBF25EAE575002593422E
S214032FC0C4BF9B1AED1800261A34B5421AD1002046
S214032FD008E00123524641463846C847013003D12C
S214032FE04FF0FF30BDE8F0870135C6E7E1185A1CFD
S214032FF0302081F84300224494F8451082F84310A9
S2140330000233C7E70123224641463846C847013004
S214033010E6D00136D9E7B1F90C202DE9F0411707C0
S21403302005460C4656D44B68002B02DC0B6C002B73
S2140330303DDDE66A002E3AD0002312F480522F6854
S214033040216A2B6025D0626DA389580705D563686E
S214033050D21A636B0BB1236CD21A216AE66A002379
S2140330602846B047411C24D00023636023692360AD
S214033070A389DA0400D56065616B2F60B9B104F1EA
S2140330804403994202D02846F4F712F800236363F8
S2140330900DE001232846B047461C0246D4D12B68D0
S2140330A0002BD1D01D2B01D0162B2BD12F60002047
S2140330B02FE02A68B4F90C3042B11D2A01D0162A33
S2140330C022D10023636023692360D5E76260226907
S2140330D02260CEE70F69002FE9D093070E6808BF7A
S2140330E04B690F6018BF0023A6EB07088B60B8F187
S2140330F0000FDCDD216AA66A43463A462846B047F7
S214033100002808DCB4F90C3043F04003A3814FF0E9
S214033110FF30BDE8F0810744A8EB0008E7E738B5C1
S2140331200B6905460C4613B90025284638BD18B169
S214033130036A0BB9F3F76CFEB4F90C30002BF3D02B
S214033140626ED00704D4990502D4A06DFFF7BDFEC6
S21403315028462146FFF75FFF636EDA070546E4D489
S214033160A3899B05E1D4A06DFFF7B0FEDDE770B53C
S2140331700C46B1F90E10002996B015461E460DDA18
S214033180A38913F0800F4FF0000114BF40234FF4C0
S2140331908063002031602B6016B070BD6A46F4F77A
S2140331A06BFA0028ECDB019901F47041A1F500539A
S2140331B0594259414FF48063EBE78B89F7B59D0776
S2140331C006460C4607D504F1470323602361012313
S2140331D0636103B0F0BD01AB6A46FFF7C8FF009F0B
S2140331E0054639463046F3F703FD48B9B4F90C30C3
S2140331F09A05EED423F0030343F00203A381E2E728
S214033200A389206043F08003A381019BC4E90407DC
S2140332105BB1B4F90E103046F4F740FA28B1A3892F
S21403322023F0030343F00103A381A3891D43A58170
S214033230CFE7F8B50E461446054618B1036A0BB930
S214033240F3F7E6FDA369A360A3891A0701D52369EB
S21403325043B921462846F4F7B9F918B14FF0FF37BA
S2140332603846F8BD23682269981A6369F6B2834222
S214033270374605DC21462846FFF751FF0028EDD1E7
S214033280A368013BA36023685A1C22601E70626910
S214033290431C9A4204D0A389DB07E1D50A2EDFD16B
S2140332A021462846FFF73BFF0028D9D0D6E7430838
S2140332B003F05533C01A00F03333800800F0333080
S2140332C0184400EB10104FF0013300F00F30584352
S2140332D0000E704710B5044678B1036A41696BB1B6
S2140332E080689847207E002310286361636004D8B3
S2140332F02146F4F727FD1123237610BD0029F1D0CC
S2140333008368002BEEDB0846F4F70CFFEAE707B505
S214033310002301911A4601A9F4F75AFB03B05DF89E
S21403332004FB1FB5002402949DF81C400194069CE0
S2140333300094F4F7D3FA04B010BD13B50724019430
S214033340049C0094FFF7EDFF02B010BD07B5002301
S2140333500093FFF7F2FF03B05DF804FB03680B600E
S214033360016070472DE9F041054600680E46174692
S214033370002408B9BDE8F081D0E90083B3420BD13D
S2140333808368BB4208D154B9C5F80080C368DB071D
S21403339001D5F4F7C7FE204604464046E9E7C4F8DD
S2140333A00080F3E7D1E90112FFF7DCBF002370B515
S2140333B01A46194604680546F4F70AFB0CB92C604E
S2140333C070BDE3682668DB0702D52046F4F7AAFE3D
S2140333D03446F3E72DE9F8430E461746054610B97B
S2140333E00020BDE8F8830468002CF9D0D4E90089EE
S2140333F0A0683B4632462946C8470028F1D14446D2
S214033400F2E72420704738B5054614460A460021DD
S214033410FFF752FD24F01C046B7944F0100443F0CC
S21403342004032C716B7138BD2DE9F74F1F469DF8C9
S214033430303000938A468046002850D0002967D053
S2140334400C68002C66D04FF0000BE679A179761A4B
S214033450F6B2BE4208D30C31394408EB02092144C4
S214033460F61B4546C84537E02068BF1BA346002821
S21403347035D00446E9E7AB19994538BFA9EB0506ED
S21403348032462846FFF723FD009B002B3DD0E2790A
S214033490A079F3B237BB1844A071E279A379276801
S2140334A09A4232D1DAF80030A34208BFCAF8007055
S2140334B0BBF1000F01D0CBF800702046F4F7A4FC54
S2140334C03C4635444CB1A379E67903F10C01F61A70
S2140334D02144F6B200274D45CDD3A5EB080003B033
S2140334E0BDE8F08F121AD2B2F918914209DA0C30FD
S2140334F02044D21BD21A014438440193FFF7C2FC7E
S214033500019BE279D31AE371C7E7A3462468D8E799
S2140335100846E4E72046E2E710B5C479C4F145035C
S2140335200246D8B2884228BF08460444D47110BD68
S21403353038B50546C079C0F14504E4B2944288BF65
S214033540D4B20C3022462844FFF7C1FCEB7923445F
S214033550EB71204638BD1FB503910021009103A9E6
S214033560FFF762FF05B05DF804FB38B50446206834
S21403357000B938BD0568F4F747FC2560F7E710B5D2
S21403358001F0EC01034603B910BD1A7902F01302E9
S2140335900A431A711A1A544254415A7964F30002C0
S2140335A05A711B68EFE710B558B1016802685AB143
S2140335B0136823B15C79E40704D500241460036020
S2140335C0084610BD0360F1E71346F8E7034658B113
S2140335D00020DA7999791B68521A50FA82F01BB1E7
S2140335E05A79D207F5D57047704770B50D4604462D
S2140335F0E8B186798E4203D3751A8571012070BDB2
S214033600C27906F145039B1ADBB299420FD806F13D
S2140336100C010144921BA81BD2B20844FFF732FCEC
S2140336200023A371E3791D44AD1BE571E6E7002093
S214033630E5E710B50C4698B191B18979E279C3797B
S214033640521AC3F14503D2B2DBB2934208D30C310C
S2140336502144FFF76DFF2046F4F7D6FB012010BD8B
S2140336600020FCE70346006818B102681A600023CE
S214033670036070470346002003B97047DA799979E7
S2140336801B68521A50FA82F0F6E72DE9F84F89467E
S21403369014468246FFF7EEFF05464846FFF7EAFF65
S2140336A0A542074601D3A04208D2BD4208D1002452
S2140336B0A346A046264647B9384604E02746F6E71B
S2140336C038D24FF0FF30BDE8F88F5EB99AF806801F
S2140336D09AF80760A6EB080608F10C08D044DAF857
S2140336E000A0F6B2BBF1000F0BD199F8064099F88B
S2140336F007B0ABEB040B0C344C44D9F800905FFADC
S2140337008BFB5E45354628BF5D46BD4228BF3D461A
S2140337102A4621464046FFF7A5FB0028D3D1A844F6
S2140337202C447F1BEDB2761BABEB0505F6B25FFAB6
S21403373085FBC0E70120C6E703680BB90160704745
S2140337401A461B68002BFBD111607047036803B150
S2140337500B600160704739B10B461A461B68002B95
S214033760FBD1036813600160704770B504680646B2
S2140337700D4644B12046FFF77DFFA84211D82368C3
S21403378013B9E379A37170BD20463360F4F73CFBAD
S2140337903468F4E7ED1A236833602046F4F734FB05
S2140337A03468002DEFD0A279E3799B1ADBB2AB42E3
S2140337B0F0D92A44A271E6E7F8B5066805460C4632
S2140337C046B13046FFF756FFA0421DD8336813B9FB
S2140337D0F379B371F8BD30462B60F4F715FB2E680A
S2140337E0F4E7064638460768002FFAD1C27983798C
S2140337F0D31ADBB2A34202D9121BC271EAE7E41A58
S214033800F4F702FB3EB13760002CE3D028680028AB
S214033810E0D00026E7E72E60F6E7F8B504460F4645
S214033820BC4200D1F8BDA179E5796D1AEDB2C5F1B8
S2140338304506B6B20EB92468F2E749B10C312A46FA
S214033840214404F10C00FFF71DFB0023E571A3716F
S2140338502368BB42EFD05A79D207ECD49979DD7945
S214033860A079E2796D1AEDB2B54200F10C0028BFDB
S214033870354610440C312A4619442044FFF727FBEB
S214033880E379206853FA85F3E3718379761B53FA59
S21403389085F5C379EDB2AB42B6B2857103D1036841
S2140338A02360F4F7B1FA002ED2D1C4E738B50C463C
S2140338B0016809B9046038BD0D4609680029FBD1C3
S2140338C0236823B12046FFF7A8FF2C60F3E72146C1
S2140338D02846FFF7AEFE0028EDD1F6E748B10023F1
S2140338E002794360036083604379027143F0040303
S2140338F04371704700221146F4F7E2BA38B504461E
S2140339000D46FFF772FE98B984B12079FFF7F2FFF0
S21403391058B1637942790460C3F3400363F3410209
S21403392045235D1B4271C371857138BD0120EDE7E8
S2140339302046FAE738B5036804460D469BB1187966
S214033940FFF7D8FF88B1236803605B794279C3F336
S214033950400363F3410245235D1B4271C3718571C6
S2140339602060002038BD0120EAE71920FAE738B5C1
S2140339700C46054640B3006830B309B9002038BD8D
S2140339804AB9C9B2FFF731FE0028F7D12B689A79F6
S2140339909871A41A06E0452918D8C9B2FFF725FE80
S2140339A00028EBD1442C07D8002CE7D0E1B22846F8
S2140339B0BDE83840FFF7BEBF45212846FFF7BAFFEC
S2140339C00028DCD1453CEDE72220D8E72120D6E7C6
S2140339D02DE9F84390F8078090F80690A8EB0907BE
S2140339E0FFB2B94204460D4602D30020BDE8F88371
S2140339F00079FFF77FFF06460028F6D0A179807985
S214033A000C317F1B29440C30BAB221443044FFF7F3
S214033A105EFAF3793B44F371E37999444D442368A2
S214033A20A5EB0805E571012033602660DEE7F8B5EF
S214033A30076806460D463C46002305B12CB90BB174
S214033A4000221A6034603846F8BDE379A2799B1ADF
S214033A50DBB2AB4207D8E379A2799B1ADBB2ED1A45
S214033A6023462468E9E7E9B22046FFF7B1FF0028BA
S214033A70F1D10746E7E75318452B02DCC9B2F4F742
S214033A801FBA00207047F7B5002605460F46019675
S214033A900DB9019C09E0002211463846F4F710FAE6
S214033AA0044628B901A8FFF760FD204603B0F0BD21
S214033AB0AB798371EA79C2716879617960F3000141
S214033AC0617169796079C1F3400161F34100D21AEB
S214033AD0607103F10C002918D2B22044FFF7F7F9FE
S214033AE0019B03B9019406B134602D682646CFE7DF
S214033AF02DE9F8430D461446064610B319B3DAB15A
S214033B00034699461B68002BFBD12746C8463A4610
S214033B1029464046FFF70CFDC145A7EB00070544C1
S214033B2018BFC9F8008037B1B17930790022F4F7AD
S214033B30C7F9C14618B9E41B2046BDE8F88380469A
S214033B40E5E70446F8E70C46F6E737B51546C9B287
S214033B5000221C46F4F7B4F9019040B122462946E8
S214033B60FFF7C6FF844202D901A8FFF7FEFC0198BF
S214033B7003B030BD10B5013903461A1A914200D876
S214033B8010BD445C1A7803F8014B42540139F4E73C
S214033B9001440023884200D1704700F8013BF9E74F
S214033BA038B505460C4604B938BD013C55F83430E3
S214033BB05B68002BF7D09847F5E72DE9F0410446FC
S214033BC0002654F836302BB904F10408B34203D167
S214033BD000250FE00136F4E754F8332012685F1C23
S214033BE05AB158F833009047054630B13946204657
S214033BF0FFF7D6FF2846BDE8F0813B46E6E7704769
S214033C007047704770477047F4F76EBA38B5044686
S214033C10F9F711FF054658B9C820E5F76FF8C8222B
S214033C2002212846E5F72AF88442A8BF044624B2B0
S214033C302046E5F763F8F9F7FEFEBDE83840C822EC
S214033C400221E5F71BB8B0F90020B1F900309A421B
S214033C502DE9F04704460D4648DCF4F75AFD804646
S214033C60E0F71EF800283ED1E4F7FEFF8246F9F798
S214033C70E2FEC8220221E5F701F8B5F9002047F66F
S214033C80FF739A42814602D1E5F712F82880B4F909
S214033C90002047F6FF739A4202D1E5F703F8208027
S214033CA0B5F90000FFF7B2FFB4F900308342C8BF8E
S214033CB020800746B4F90000E5F700F8F7F7BFFBE6
S214033CC0064658B15046E4F7F9FF4846E5F716F8B6
S214033CD04046F4F724FD3046BDE8F087E4F7C4FF1A
S214033CE020802F80F4E741F20C06F1E72126F2E765
S214033CF000000000000000000000000000000000BC
S214033D00F8B500BFF8BC08BC9E467047F8B500BFC0
S214033D10F8BC08BC9E4670475FF800F00D0D002007
S214033D20000000000000000000000000000000008B
S214033D30000000000000000000000000000000007B
S214033D405B495D200025733A2054696D65722073C4
S214033D507465702025640A002573200A005B435DA2
S214033D6020002E2E2F6170702E630025733A256473
S214033D70203A25733A200073630053746174757395
S214033D803A202573203D20307825303478200041B2
S214033D907373657274696F6E206661696C6564001F
S214033DA025733A20436F6E6E656374696F6E206F7A
S214033DB070656E65640A0048616E646C6572203ACD
S214033DC020307825780A0025733A20436F6E6E6597
S214033DD06374696F6E20636C6F7365640A0A0A0006
S214033DE025733A2054656D7065726174757265202B
S214033DF07265717565737465640A0025733A20529B
S214033E006561642074656D70657261747572653A78
S214033E102025642077697468207374617475732031
S214033E20256C750A0025733A2048616E646C6572CA
S214033E30203D20307825780A004E4F5449465920B5
S214033E407472696767657265640A004E4F54494623
S214033E5059206F6E2074656D706572617475726536
S214033E600A00092073746174757320666C61677346
S214033E70203A2025780A004E4F5449465920737439
S214033E80617475733A2025640A0057726F6E672053
S214033E906368617261637465726973746963203AF7
S214033EA02025640A6F722077726F6E6720737461C1
S214033EB074757320666C6167203A2025780A00546F
S214033EC0656D7065726174757265206E6F74696670
S214033ED069636174696F6E2073656E64203A20258A
S214033EE0640A00736C5F62745F6F6E5F6576656EFF
S214033EF07400736C5F62745F6F6E5F6576656E7475
S214033F000074696D65725F63616C6C6261636B00FC
S214033F106170705F696E6974002573203A2053657B
S214033F206E736F7220696E6974200A006D61696E24
S214033F30004252443431363641002E2E2F736C5FC6
S214033F40676174745F736572766963655F646576CB
S214033F506963655F696E666F726D6174696F6E2EF5
S214033F60630044303300342E342E3600736C5F67A0
S214033F706174745F736572766963655F6465766999
S214033F8063655F696E666F726D6174696F6E5F6F8E
S214033F906E5F6576656E7400B83F030022002200EC
S214033FA0204203001000100010420300010001002D
S214033FB00200FFFFFFFF0000010000000108FFFFF3
S214033FC000000000D8410300020002000108FFFFC2
S214033FD00500000020000C0003000C000008FFFF93
S214033FE001000000640C002004000F000308FFFF1C
S214033FF00300000002000000050002000108FFFFA6
S2140340000500000002000D0006000D000108FFFF7A
S214034010010000006E0C0020070002000108FFFFED
S214034020050000000A000E0008000E000308FFFF4C
S21403403001000000840C0020090000000108FFFFB7
S21403404000000000DC4103000A0002000108FFFF35
S214034050050000000A0003000B0003000308FFFF2F
S214034060010000008C0C00200C0002000108FFFF7A
S21403407005000000020004000D0004000108FFFF15
S21403408000000000E04103000E0000000108FFFFEF
S21403409000000000E44103000F0002000108FFFFD8
S2140340A00500000002000500100005000108FFFFE0
S2140340B000000000E8410300110002000108FFFFB2
S2140340C00500000002000600120006000108FFFFBC
S2140340D001000000A20C0020130002000108FFFFED
S2140340E00500000002000700140007000108FFFF98
S2140340F001000000B00C0020150002000108FFFFBD
S2140341000500000002000800160008000108FFFF73
S21403411001000000BA0C0020170002000108FFFF90
S2140341200500000002000900180009000108FFFF4F
S21403413001000000C60C0020190000000108FFFF64
S21403414000000000F64103001A0002000108FFFF0A
S2140341500500000012000A001B000A000108FFFF0A
S21403416007000000000000001C000F000308FFFF0C
S21403417003000000010100001D0000000108FFFF0E
S21403418000000000FA4103001E0002000108FFFFC2
S2140341900500000008000B001F000B000208FFFFCD
S2140341A00700000000000000200000000108FFFFD9
S2140341B000000000FE410300210002000108FFFF8B
S2140341C00500000008000080220000800208FFFFB0
S2140341D0070000000000000002000118020000189B
S2140341E00200000002000A180C0053696C69636F32
S2140341F06E204C61627302001A1802001518100034
S214034200F01921B4478FA4BFA14F63FDEED6141D4A
S214034210636032E0375EA488534E6DFB6435BFF7A8
S214034220002801280328002A012A292A242A272AC3
S214034230262A232A6E2A562A052A2A2B292B0229BE
S214034240050000000000000000C201000005000099
S214034250001000000000000000000000EA0C002030
S21403426025D200002B8602005786020083860200B2
S2140342709B860200433A2F55736572732F6D6174E4
S21403428074682F53696D706C6963697479537475B8
S21403429064696F2F53444B732F6765636B6F5F734C
S2140342A0646B2F6170702F626C7565746F6F7468C2
S2140342B02F636F6D6D6F6E2F696E5F706C616365D4
S2140342C05F6F74615F6466752F736C5F62745F699A
S2140342D06E5F706C6163655F6F74615F6466752E95
S2140342E0630064656C61795F74696D65725F6362B0
S2140342F000736C5F62745F696E5F706C6163655FA9
S2140343006F74615F6466755F6F6E5F6576656E7406
S21403431000433A2F55736572732F6D617474682F5B
S21403432053696D706C696369747953747564696FE6
S2140343302F53444B732F6765636B6F5F73646B2FE9
S2140343406170702F626C7565746F6F74682F636F1E
S2140343506D6D6F6E2F73656E736F725F7268742FF9
S214034360736C5F73656E736F725F7268742E63002F
S2140343704E554C4C20213D207268745F73656E73F6
S2140343806F7200417373657274696F6E20272573AD
S21403439027206661696C65643A2000536937307874
S2140343A0782073656E736F72206E6F74206176610A
S2140343B0696C61626C650A00736C5F73656E736F1C
S2140343C0725F7268745F696E6974003F0028002923
S2140343D020000000050000000000000040420F001F
S2140343E005010000000000000000000000000000BF
S2140343F013B779FAC925DDB7ADF3CFE0F1B614B834
S2140344000102000000000000FFFFFFFF2000000085
S2140344100100000000000000000000000000000093
S2140344200000000000000000000000000000000084
S2140344300000000000000000000000000000000074
S21403444007000003000280000800020020000001AD
S21403445040000400010010000806020004090703D8
S2140344600105000040787D0100000000005A62024A
S21403447000010000C0CF6A0002000000809FD50044
S21403448002010000002D3101020200000809110894
S2140344900003010303030200000800FC0C450300AD
S2140344A001000107B8440300000800F8C8440300ED
S2140344B0000000000000000083FFBFFFE2FFF1FFE3
S2140344C0F9FFFEFF000000009600FCFEF8006D23D7
S2140344D0441FEEFFC700F20E8E37FAFF5C00A403FC
S2140344E024A7FFFF3200D601AD3400001F003001C1
S2140344F0004D00001200C000CA4A00000B006E0008
S214034500F73C000005001F002F2000008C00FCFE77
S214034510FFFF000000000000FC00D2104C06FAFF6C
S21403452075009B05F132FFFF3E0062020B3500006B
S21403453025004B01885F00001700E0005E5D000069
S2140345400E008C006A4F0000070025008328000039
S21403455000000F400000000000040F4001000000B0
S214034560C1059ED8367CD5073070DD17F70E59394E
S214034570FFC00B316858151164F98FA7BEFA4FA414
S214034580006A09E667BB67AE853C6EF372A54FF516
S2140345903A510E527F9B05688C1F83D9AB5BE0CDE7
S2140345A0190080000000000000000000000000006A
S2140345B000000000000000000000000000000000F3
S2140345C000000000000000000000000000000000E3
S2140345D000000000000000000000000000000000D3
S2140345E000000000000000000000000000000000C3
S2140345F0000000E1000108070F000A00C8002000C1
S214034600A000010000000000A00068010A200706C1
S214034610020A04070000000207000104104001001C
S2140346200000050000000002000003000000000078
S214034630B04903008C4903000049030020490300E6
S21403464034490300D8490300704903005C4903005A
S21403465000000000C449030000000000A049030056
S21403466000000000944803000000000048490300CF
S2140346700000000050490300000000001449030036
S214034680D4460300FC490300D6460300F44903005E
S21403469000000000EC49030000000000844903000A
S2140346A00000000000000000000000000000000002
S2140346B04E0C00000000000000000000983F0300BE
S2140346C000000000000000000400000000000000DE
S2140346D0E2FF500001000400FB000000020000009F
S2140346E030470300030000002847030004000000CF
S2140346F02047030000000000000000004145532D42
S2140347003235362D454342004145532D3139322D3E
S214034710454342004145532D3132382D454342002F
S214034720FC4603001014040008470300101303009C
S214034730144703001012020002000000C7A3020081
S214034740C3A30200BFA30200A9A3020097A302000B
S214034750512563FCC2CAB9F3849E17A7ADFAE6BC1B
S214034760FFFFFFFFFFFFFFFF00000000FFFFFFFF4D
S214034770F551BF376840B6CBCE5E316B5733CE2B81
S214034780169E0F7C4AEBE78E9B7F1AFEE242E34FB0
S21403479096C298D84539A1F4A033EB2D817D0377D3
S2140347A0F240A463E5E6BCF847422CE1F2D1176B6E
S2140347B04B60D2273E3CCE3BF6B053CCB0061D65CD
S2140347C0BC86987655BDEBB3E7933AAAD835C65A56
S2140347D0FFFFFFFFFFFFFFFFFFFFFFFF00000000DD
S2140347E0000000000000000001000000FFFFFFFFC4
S2140347F0092040081C4000010102010202030102D5
S214034800070B0B0701160C00000108080000050142
S21403481008FFFF02FFFF0808020204FF010022FF51
S214034820FFFFFFFFFF030404FFFFFFFF2AFFFF1442
S21403483019191B011C15120400480C1413151080BB
S2140348401A80128080000F0E0C080C080D18100139
S21403485002040400F4010000FA00000096000000C1
S214034860640000004B000000320000001E00000041
S2140348701400000000000000010150004000080082
S2140348805000240004009001500240009001AE0145
S21403489010000000919B01000000000000497253C5
S2140348A014497207FF000102030405FF1453007244
S2140348B04907CDF65DAE0100DDAD0100B5C70100C9
S2140348C091E702000BE8020005E80200A1CB010015
S2140348D0F3080300BFE7020007E8020009E8020046
S2140348E0B3E7020001E80200C9A80100DFE5020001
S2140348F01DAA010001020C000000040000000800CD
S21403490004000000000000000000000035AD0100B8
S2140349100000000067E7020000000000A001040199
S2140349205600000000000000000000000000000029
S214034930000000000500000000000000000000006A
S214034940000000000000000049AE01000000000067
S21403495093E7020000000000A01305000A00000011
S214034960000000000000000000000000000000003F
S2140349700900000000000000000000000000000026
S2140349800000000099E70200000000000F0000008E
S214034990000000000000000000000000000000000F
S2140349A0A3E7020000000000000000000000000073
S2140349B001000000000000000000000000000000EE
S2140349C00000000011B1010000000000A001010773
S2140349D0A000010402040800060000000000000016
S2140349E00000000015B20100F9B10100AFE70200B4
S2140349F000000000ABE702000000000055B2010013
S214034A0000000000A0030601A0090609A00206088C
S214034A10A0050607A0050606A0070605A0020604CD
S214034A20A0010610A00A0602A00D0600000004025C
S214034A300503060107010108090A0000A0015C023C
S214034A40A0035C01A0025C00A0020F09A0030F04F0
S214034A50A0030F03A0050F02A0010F01A0050F007E
S214034A60A0040103A0040108A0020105A003010697
S214034A70A012010001010204200C04035DAD010035
S214034A802000040189AD0100200256022DAE01006C
S214034A902002560101AE0100200106059DB4010067
S214034AA020040A0FDDB0010020040A04A9B00100A7
S214034AB020050A0369B0010020050A0239B0010087
S214034AC020000115BDB1010062676170692062753F
S214034AD066666572730001000200000000000000B5
S214034AE0030000000D0003000200010005006761DB
S214034AF0747420636F6E6E656374696F6E00000076
S214034B0000FB349B5F800000800010000000000064
S214034B1000000000AF06030097ED02009D080300A7
S214034B2099070300E69D350E480103CCDBFDF4AC84
S214034B301191F4EFB9A5F9E9A7832C5E2CBE97F281
S214034B40D203B020008BD28915D08E1C742430ED8E
S214034B508FC24563765C15525ABF9A32636DEB2A51
S214034B6065499C80DC003F49F6D4A3C55F3874C909
S214034B70B3E3D2103F504AFF607BEB40B799589996
S214034B80B8A6CD3C1ABD006C888391AAF5A53860FB
S214034B90370BDB5A6083BE000000010001000501ED
S214034BA000050202030002000000000002050100E7
S214034BB005000001000100000100010202030002DB
S214034BC000000000000202010002000095FA010046
S214034BD045F50100591F0300C71E0300B118030063
S214034BE01DF3010069F20100C1F001000F1D03006F
S214034BF0DB130300D9F6010099EC0100E5EA010096
S214034C00651C0300F71B03009F1B0300FD1A03002C
S214034C1049190300F1E701001DE60100D5E601008E
S214034C20DF1303001DE40100BF01FB9D4EF3BC36FA
S214034C30D874F5394138684C8BD28915D08E1C74DC
S214034C402430ED8FC24563765C15525ABF9A3263A1
S214034C506DEB2A65499C80DCE69D350E480103CC46
S214034C60DBFDF4AC1191F4EFB9A5F9E9A7832C5E4B
S214034C702CBE97F2D203B020A0010A05A0030A04B3
S214034C80A0080A03A0070A02A0060A01A0070A0052
S214034C90A0030906A0060905A0070904A004090342
S214034CA0A0050902A0060901A0030900150B0200CE
S214034CB05D0B0200090B0200690B0200510B020098
S214034CC0E9250300252603004B2603006D26030073
S214034CD08F260300915202004952020055520200E9
S214034CE029530200B32A0300A1230300A5230300CC
S214034CF0B1230300A9230300AD2303000000000033
S214034D0048010000A00D002083FF00000200008081
S214034D10FF7F00000080FF7F06010080FF7F0E02FA
S214034D205241494C00000000A00000005915020043
S214034D305000000039160200FA04FA000033330A62
S214034D400A0A0840002100000000000000000000DE
S214034D50000000010000010100010101094D0200ED
S214034D60ED4C0200C563020001650200996402006F
S214034D700101020300000001A806000048704C0D64
S214034D804470D80C307064123C70AE163870340D14
S214034D9034705A0D30700A0F2C700A0F2870DC100E
S214034DA02470F41020703E0D1C7080111870F211E0
S214034DB014703A0DB110076001D80A7108B87F78ED
S214034DC0020C7E78641000C6A01F00218CB8707891
S214034DD001B007680F305CB30F330111C048069863
S214034DE04A022FB006D80C7109DD087100B853A823
S214034DF009BB1110076801682148076004100112F7
S214034E00FF32215007605148076000880698441314
S214034E1000C4401F002103DD087214BA281400A042
S214034E2000BA03DF107109DF0672029860058CB8BA
S214034E30507800A04413281441158110076002D847
S214034E401471108806982E1800C00C700840069837
S214034E507C1A0091069860020060B83020D806716C
S214034E6090BC637C784D5412F03240DE04724048A6
S214034E7004DB08720DDD0C72044BEF301448069801
S214034E80FC0600C4E01008404412076201322140C9
S214034E90084C287C811140D91C72B1123032CF4A9B
S214034EA0013AB1DA107208D8067104D80871B04C0A
S214034EB0237C4070684C4412FF328722047580B806
S214034EC0D84C81D8327140D90472237C084B06989B
S214034ED0FC0604BA88B9767900C1186008403579AB
S214034EE0E049007906B904A901D86E72227CBC4C4D
S214034EF0307C0298320208D83C7100C14C0008404E
S214034F00141110D93071104C00C11400084014114C
S214034F101814076100C5206008405415FF35047156
S214034F2010491814A84C44120762013206710298FD
S214034F301201B84C08D80C7107BA24D8047106BA03
S214034F40187004D80C7101BA40D80E7102BA0A70F0
S214034F5005BA20D8047203BA227C604C4411404C34
S214034F601814076118149111383111429111076909
S214034F7010D90472EF3200C10060084014111031DA
S214034F80016911422814A111076118140698621AC0
S214034F90181400C10060084014110769FF31181483
S214034FA000C13C30084014111814076118143088E7
S214034FB002480698C005009308DB047101F800A0B8
S214034FC05CB00F3000A01088B111076980D90A7150
S214034FD000C1800008400811009100A000C4000131
S214034FE00840441000A000C020300E4004110410F6
S214034FF01050F47200A05415504512710698060717
S2140350000698960618B8707800B841780698400354
S21403501090BA5B7A5C7A5D7A00C218500840241214
S21403502000C1501F002128110698381820880088D0
S21403503000C5441F002154155112FF350762FF3285
S21403504006986A02015951290475115900902129BD
S2140350502075069886040698A2040698FA0200921B
S21403506003D80C728111076102D90472FF0FBA705C
S21403507018B8727800F804D842710088308800C0E7
S214035080FC1F0021041000C1501F00211412012A26
S214035090215A00C3185008403413312A1A7500C029
S2140350A00060084004100730FE200C76381108B85C
S2140350B07F78020C7E780093009000A000C0F41F57
S2140350C00021041000BB1DB400A000C1DC1F00219A
S2140350D014111088FF3100C5FFFF0000311207626C
S2140350E00762513A513B0E720698720C115901121F
S2140350F001131E703114008831100698720C115972
S214035100415C41280698740C513801130090012B1A
S21403511000902088076001140760FF30215D41126C
S21403512007620762312D0876FF34415C4128015D32
S21403513031100698740CFF303088011300C0E01F4E
S21403514000210410512B0C76076801150768FF35FC
S2140351506070315BFF32212B0C7507600115076009
S214035160FF354E7000C5E41F00215415076507651B
S2140351705112FF35FF30012B08752110076032707E
S21403518021100768FF30012B0A752110076007609E
S214035190207000C2E81F0021241221100760076058
S2140351A0FF30012B08752110076806702110076071
S2140351B0FF300093009200C10060084014142C498D
S2140351C00734FE242A761415F0BC076C513C076896
S2140351D003680154107100C4FF0FFFFF513C0144E4
S2140351E04811311200C5E81F00215415FF35076228
S2140351F007622143544914122155FF355152281191
S21403520000A001D81871008800C00470084004107C
S2140352108020FF30067106984E03009000A002D847
S214035220047200A00088069896061DB428B9112CAF
S214035230408800C3EC1F0021341440445A714413C1
S21403524006982005411500C000600840041007308A
S214035250FD20447500C20870084024100760FF3024
S21403526080DC34710698AE0C01591C4A2410076082
S2140352700260FF300698AE0C0158B2200129541381
S21403528031100698AE0C11280A750425541550459E
S214035290EE72069820050094009000A07FB9066180
S2140352A000C01C60084006984A1304155153113B6E
S2140352B03155581002984413EBBD00C0401F00211F
S2140352C00411113D10D91271FF33076B00C19040D2
S2140352D00846381118B97479581000A00698600269
S2140352E08024E4240D300472044800C11C51084095
S2140352F0141100C3DC1E0021911504351A7218130D
S21403530088BB08D804716C7B04D804716A7B8CBB99
S2140353102F7C5B7B16703C4B181388BB08D8047134
S2140353206F7B04D804716D7B217C0C30016006987A
S21403533082060698680B0698320700B8B11107690B
S21403534040D906720298660601BC00C20060084097
S21403535000DC0A7124150165604A0A701C4A24158C
S21403536007657C4A043508D920712024512A241263
S21403537000C180000840320C28110762281107621A
S214035380281107622811500C00C1381F002114127F
S21403539000DC1A7120D8067101B80C70F0DA0C72B2
S2140353A00CDB087102B806988A06482404491411CF
S2140353B000C380000840FFB8012011410871014175
S2140353C018130824014200C12000084014110141AB
S2140353D0036D514191152035016D51411813281362
S2140353E0481300C37C000840341003D80C71073000
S2140353F005DC0671084B227B8CB8507800B800C1D8
S214035400381F0021141203682150F030015228116E
S21403541000A04024066400C0FFFF0100013C1DB04D
S21403542002200158402806751EAC01EC00A0208817
S21403543000C01850084004121DB421130412305241
S214035440F871066C402400C3741F00213410141135
S2140354500698C00C0669009211592129067600BBEE
S21403546011590698960C80B80158013A0662313BEA
S2140354700472215A412A00A000C200010840317A72
S21403548000A0308880B9076900C30000C0FF311050
S214035490312800BC002D0C7511541EAC01EC312DC7
S2140354A0F470066C51134155312C009300A000C0D4
S2140354B028400E400413315107610C31076911531C
S2140354C0381000A006984A0800C0F41F00210411F3
S2140354D006983207217A237A00C300001000069844
S2140354E0720700C0581F00211DB1181000A000C08D
S2140354F0541F00211DB1181000C09C1F002104106A
S214035500002D067500B826A80698060700C09C1F3F
S21403551000210410012C06750698960628B010B9CB
S214035520115911380EB9114028A880B800C144306B
S2140355300840081100C1F01F00211410303B06710B
S2140355400760076000C40830084044111150FF305C
S214035550015118146FB8076826A8217A050C211084
S2140355602048267800C063EF0000314026A8050CCB
S21403557020ECB11140D90872247A20EC217A18481D
S21403558026A828B00AB901510F31115028A8050CD6
S214035590207A20EC0F0C98B84678417806986A0271
S2140355A000C2441F002124100151FF31115008127C
S2140355B000A006984A0800B826A800C05C1F002171
S2140355C01DB1181000A030B840780DB101D9FC7297
S2140355D0427800C074300E4004114CBA407A18105A
S2140355E0144804115C7A1810A4BB707B4E7B4F7B67
S2140355F000C20430084000A006984A08217A227A9E
S21403560000BB0698720700C0681F00211DB1181062
S214035610A4BB00C040300E40041103310149287278
S214035620B112076207623048041121510F31187214
S2140356306E7B6F7B104804114CBA7C7A18101448A2
S2140356400411607A1810B11002D81071707B30B84C
S214035650627860780DB001D8FC7100C0F86008402D
S214035660041101D90C7100C01800084002B91810C3
S21403567008B86E780EB84EB110D90C723EA8140C4A
S2140356800FB83EA8107044A8140C01B800C1B0307F
S2140356900E40081100C077801F003DB201423DAAAC
S2140356A000C0FFFFFFFC013A3DAA140C00C077E0E0
S2140356B01F0001423DAAFFB845207D7808B87E78D2
S2140356C000C124600840141107610631087100B94F
S2140356D006985A1006984A13B11101D90E71069806
S2140356E0881A02D906720698AE0B0698441351140C
S2140356F006989606F4B845780A0C00C0641F002185
S2140357001DB1181002983410FFB845205D7803B811
S214035710076044A83EA800C1B0300E40081110B878
S21403572007683DB101393DA908B86F7800A046A8BF
S21403573000C0FFFF0000013B076356AB94BA437AF1
S21403574001D91471013C47B300C0FE20FFFF013BA3
S214035750314447AC637AFFB82120407802D90471FC
S214035760607800A0C8BC066C415C512C0675069890
S214035770960606986E0DB110076805D8347140BAC0
S21403578006981A1308B86578911004D8187188B863
S2140357906E78577800C06400084021780698821017
S2140357A001400A728CB84278069856130298400B4A
S2140357B008B86C7820B859785B7800C0F440084085
S2140357C07878797800C1C81F0021141040A81849BA
S2140357D014130449408814140C4914118112076ADF
S2140357E0006A01DA187188B8577800C0CC1F002108
S2140357F00410016107630763076407640698B20928
S21403580000944EB010D842724DB161B801581138A9
S21403581040B102D90A72604804BB4154087020485C
S21403582002BB02BC4DA8F8B87078190C3EB14141D2
S2140358303EA9F4B973797378717800C4F8400840C8
S21403584000C200410840227000C20000010044AAC2
S214035850230C00C200000B0044AA00C410410840F9
S21403586000C21841084004BB587C050C597C0C2424
S2140358700F0C2FAB050CB11008D81471647A657A37
S2140358801CB879787B7820B879787B78607CF424A8
S21403589041130698FC06511440440675069896066E
S2140358A0727BFFB84D20050C687840EC00C0601F83
S2140358B000211DB11810911004D8147100C0BC1E2D
S2140358C00021041080D806711CB8737800F818B845
S2140358D000C1D81E002100C2185008402412281107
S2140358E0767800F800C0B8600840041107610761C5
S2140358F080D9047240EC00C4F84008404EB010D87B
S2140359000471182441130C23527C407B11512FA998
S214035910050C797C0A0C00C0000001020814787C90
S214035920050C507C08B86D7800A000C028700840AD
S2140359300411108800C100180040181044480411D0
S214035940108878480411108800884CBA757A1810A5
S2140359503DB11088F4B842784420727828487378AA
S214035960F8B873784FB200C4FFFF8080413A4FAA5D
S21403597001BC01644113076300C06C70084003B99F
S21403598018100110011001B91810011001100110B0
S214035990011068480411076101B80160003A0471F8
S2140359A0044904D9047241520760003A0471084955
S2140359B008D9047231520460003B0E72006300641F
S2140359C0314241424FAAB2704FAAF8B85378182012
S2140359D053782848527800913DA9009000911810FA
S2140359E000917848181000914448181000A01159E7
S2140359F010D906710760076008D90471076004D9D7
S214035A000471036002D90471016001D90471006056
S214035A1000A000BA01D806710148112A0069006087
S214035A2001D8F6720138F67200A08020FF30FF48D6
S214035A30812000A000C218500840241211592129C1
S214035A40127300210E7100C2305008402412012147
S214035A50212900A006984A0888B8577800C57C1FF5
S214035A6000215088044D88BC00C0C81E0021811147
S214035A7001D91E71407C00950115044D50881C4DBC
S214035A80FFBB076B315B04110698B80C3129F87518
S214035A900698761954150698881A01D90872069836
S214035AA07C0806700698DE0888BB547B009500F8D1
S214035AB006988C090E700698680B06988C0906984B
S214035AC06011069836089112211900C02460084018
S214035AD00A78097800F810B901BA069810130698E0
S214035AE0341000C57C1F002100F89112033288B9D8
S214035AF000C3BC1E0021341300C4A81008408CB891
S214035B004278707903DE067144786E707179A1105D
S214035B1020D806710298160F80DB507102D84C729B
S214035B2005B830880763076302DB2A7100C3AC003D
S214035B3008403413066380DB0472804800C31020D9
S214035B4008403413315B0472404831283128026020
S214035B500814076800930814A110103002480814AC
S214035B6000B808149110076008148CB86278A11066
S214035B7000DC0676517900BA80DB587100C000005D
S214035B800200003B4E7150884110344803DE047116
S214035B909048041508200411F82058101C2021787A
S214035BA00698AE0E00C0A40008400E7810D91C71EB
S214035BB051451A7100C53400084407B8081500C5D6
S214035BC03400084604B8081504702E780698741630
S214035BD00095911120310269911004D80E7200C10C
S214035BE04C1F0021141101D90A71208806985A10F7
S214035BF0009200C1180008400533054B1872184C74
S214035C0003DE0471904C441400C3FF1F0000413BA5
S214035C10FF233811B849076A0698A20E0449087983
S214035C20097914102140081100A000C5540008404B
S214035C30541551455071108800C13400084407B804
S214035C40081101B83088076B40DB247100C0370C9D
S214035C5000000811364800C5D01E0021541102D991
S214035C600E72104801D9087100C01104000000C16B
S214035C7034000846081100C13400084014153035B6
S214035C800093009100A000BD0698440210B903DCFF
S214035C90047100B901BA0698101302D906710040C0
S214035CA04E7201B107690F3106988210FFD8287229
S214035CB0811008D8187106DD0A710698440203DCC1
S214035CC00C720698C810069856130C7006DD1071F1
S214035CD00698CE10487020B802A806DD1072069803
S214035CE08C090698360801F840B802A800F800C0E8
S214035CF0BC1E00210413076301DB227191100111FE
S214035D00076911388CB910D8087144790298160FB0
S214035D1002DBFA72A11328DBF47203BD069828107F
S214035D2006988C098CBA7F7A0698FC0600C5801FF5
S214035D3000210698440200BA03DC3272044DA11017
S214035D4002D804710C4D00C0140008400410026809
S214035D5000C3701F002134111128FC233411069848
S214035D60960C00C10C5108400698B2065415212D16
S214035D7000C0F8600840041101D9227100C03C1F1E
S214035D8000210410033001DC147200C01400084024
S214035D900411FD21087602BA076A212D06984807E2
S214035DA00298E8099110015503355150011900A0D6
S214035DB000C1481F0021141001D842710148076032
S214035DC0FE200E75811020D8087100C14C1F0021DB
S214035DD0141101D9287100C024600840041221510F
S214035DE007610F3107691152281000C00060084090
S214035DF004119112215120311152211900A081134F
S214035E0080DB067201B800A000C30C5008403410B3
S214035E10063030727C4B34122C4B3410076007600C
S214035E2040302072811080D8DC713410014A07623A
S214035E300360803021508C480A717F235523341029
S214035E40013000A000BD0698281088B8477845782A
S214035E50437800B8447800A006988C090698C810C2
S214035E6000C58C1F00215415069848070298E809B8
S214035E7000C374000840027B06984A1350BA06987B
S214035E801A1306988210FFD84A71911004D84872E4
S214035E90811007601CD8407220D938721112FF3265
S214035EA02151347180218021111400C0E41E002189
S214035EB00413FFBA3151113A215111538CB93810DA
S214035EC07B7940440E7200B900C2C41E002118122A
S214035ED0067008B860780698441300F800B900C244
S214035EE09C1008401812244A0AB9181288BA507A25
S214035EF0517A577A8CB942795F7900A006984402A2
S214035F0007DC1072911000200A750698601102983B
S214035F10660D0698360801B9911004D8047100B9C5
S214035F2010BA0698101300BA00402A7100C0BC1EAF
S214035F3000210411076101D9127104D9E27281109C
S214035F40076001D8DA718CB8647800C11C51084028
S214035F500698B2060698601100C5901F00215415D6
S214035F60212D06987C0800C5941F002100F800BC6C
S214035F70811108D9167280D9207201B910BA069811
S214035F80101300400E7101BC10700698C8100698D6
S214035F90561320B802A800F8069860118111023142
S214035FA0127100B900C20C1008401812244A02B934
S214035FB018120698C81000C5981F00215415069895
S214035FC0001A0298E80904110121147188BA737A39
S214035FD0042004122811042004110121F47200A0E5
S214035FE00698FC0601F8911010D834710698400301
S214035FF0069886040698A20400C51C51084054114E
S2140360000698B80C00C5D41E002154155129E27514
S21403601018B875788CB8447801B802A800F8B1109F
S214036020076810D82E7100C04810084000C300004F
S21403603008403114884C44113411076101D9FA71B0
S21403604044122810076228100762281007622810D7
S214036050E87000C1BC1E0021141080D82C7100C14A
S2140360605400084014111141207100C10000024081
S2140360701038167100C03400084407B9181000C061
S2140360803400084601B9181002987A02069860028E
S21403609011380472016A00BB00C1E41E002114110A
S2140360A020390C72911210DA0672417B00A0069812
S2140360B04A1300C2BC1E0021241220DA0472617B3C
S2140360C088BA527A00A088BA727A811204DAFC720D
S2140360D000A088B86B78577800C0640008402F7813
S2140360E000A006986E100763076390B9637900B93A
S2140360F002DB36713112076240DA2E7200C2540098
S214036100084024100140227202EC00C909B801D9E4
S214036110507200C2AC0008400E7A10D904722E7A70
S21403612006987416E031076102EC00CD114502ECC7
S21403613000CC01DB087100BB0298CA1703B84111F3
S2140361400731FA211C760621911210DA087102DD56
S21403615010721E7020B80698720C3038147208B885
S2140361600698820600C0240008402978207800F8A4
S214036170046020D8067102982C1502EC00CA05B8F4
S21403618023DA187104DBDA7120DAD67110DAD272E8
S21403619090B8617800B801DA067202EC00C8911173
S2140361A010D9267100C1CC1E002114111150FF30E6
S2140361B00C720661A110115002300A7180DB0A725C
S2140361C00AB89E708CB97C79076891111140211129
S2140361D0C0311140011990B8411108D9047166788D
S2140361E020D904726578A11002D80672C0DA1E712F
S2140361F090B8273123DD087210DB1072607825DD36
S2140362000A7121DD087208DB0471627803B8411154
S21403621007310872A1152035AA7102DD3272A11169
S21403622020D9A07102D92872CCDA9872411140D9CC
S214036230927206B802DB1071046500C11020084094
S2140362401411112D112D054D5C720298BA132111EC
S2140362504049C0D94E71A0314115403501655141C1
S2140362600361076308DA1E7204DA38721049A1154F
S2140362700235067110DB0E7201340A7108DB2471D5
S21403628090B86778CC3211101A300ADC0872CCDE6C
S2140362900471FD3100C00D0F0C0D0698740C01D867
S2140362A0607207B80298E41300BA411108D90C715A
S2140362B002EC00CA05B830DAEC720734F03102613A
S2140362C001DA0471014900C0F300A3E30698740CD5
S2140362D001D8D07100C0981440680698740C4030FA
S2140362E0014440DA0471204C04320162204A111042
S2140362F006300068014218310269114202980214FE
S214036300204A00C0051708500698740C1130014245
S2140363102088FFBB0DDA507100C1DE1B250180BC4F
S21403632004DA107208DA0A7200C120841000E0242E
S214036330A02407634143016401DA06711E49024B38
S21403634000C02C1F002107633810BC2002DA12712C
S21403635001B91159A11380DB087100C100FCFF01CC
S21403636018100298561700C4BC1E0021441080D88B
S2140363707C710092D0DA06710DDA0C7190BD437D04
S214036380EFBD06983E0503620DDA8672A11105D9A4
S2140363905C7100C23810084024120C24281401D95A
S2140363A0067202D9327140D91E7102EC00CA21105E
S2140363B018320471FA2220D804720822FE220875C5
S2140363C002EC00C8F87001D90E7102EC00C802D9BD
S2140363D0067204DC187200C0BC1E0021041002689A
S2140363E001D8067190B8647818B873780298CA17FB
S2140363F000C50020084000C00417000008D9047236
S2140364000A480815104D00B808D90472FF2008156D
S214036410084D00C00884000008D9087200C0208315
S214036420B8ED0815104D207D00A000B8011A00C075
S21403643074000840027891101030011905BA0698C6
S2140364401A1302D9067101B802A800C0BC1E0021A7
S214036450041380DB0671029866138CBA7C7A01DB20
S2140364606C7100C2301F002124111114FF3402EC9A
S21403647000C8FF24FA7607610698820C0361113878
S2140364800F3003611114011141100698820C01D8D4
S214036490087203B80298E413044A02DB247124103A
S2140364A0112811280412023006710762076200C021
S2140364B0FFFF0000213800C218000840FF20081222
S2140364C0411007600698820C01D87C7120BC1033FB
S2140364D0767100BB00C12C1F00211415C021112C9E
S2140364E05112076A0F320E71408851140698FA1734
S2140364F04143009451120765036A0F320E7141112E
S21403650051140698FA17036C41430765513B00C1C3
S214036510E81E00211411111231100F30127100BA47
S214036520046101D80471114200600FD8F47231106F
S21403653002601E30047201B8003A087204B802986A
S214036540E4130298EA1500C0381F002104110F3126
S21403655003DD1A7200C000600840041007D80E72EC
S21403656000C01040084004B9181000F806986E10D2
S21403657006983C0500F830885088FF34087102EC12
S214036580FF24F87002EC00CD141001BB5150FFD865
S214036590047131440760006B10DBF2710421FF22A3
S2140365A0E4720F4C0095009300A000C1C01E0021AA
S2140365B0141100A030880698381A8111076102D991
S2140365C006720298141988BB557B076120D9067199
S2140365D0029804190088A110076806982E18082147
S2140365E01415FC2590BB5C7B5D7B00C100600840F6
S2140365F014110731FE21307608D82A725113FC2372
S214036600341304DB2071076BFF33315B00C1087062
S21403661008401411076180490C71FF313029547505
S21403662090BB7B7B10707B7B7C7B00DD04717D7B6A
S21403663001BB3815EC25541300DF5471042505DF20
S21403664054715415211120880698B80C00925129CC
S2140366503E7500C100600840141102DB0C7107315F
S214036660315B31292A760C7004DF0872006180D909
S2140366701E7206982E1800C00870084006987C1AEA
S21403668006982E181411FFD9607202985A190090B2
S214036690009300A05415A111076910D9A672082506
S2140366A008D8A071082510D89A7120882111069859
S2140366B0B80CFC255412112AF82554110C2520D8A1
S2140366C00871F02554111025202904762159181530
S2140366D000920298C61818B97179811010D80A71F9
S2140366E088B8447800B8417888B9747908B9677966
S2140366F000F88110A0D8087188B9497900A007600E
S21403670002D8FA7106982E18108806984A1307625C
S214036710076210DA087108211415F025541100C217
S2140367200020FEFF202912750698881A01D90A72DE
S21403673006988C090698360800941CBB41100C205A
S21403674006984A1241110821141006984A12312855
S214036750441111120761FF31FF32012210521072E9
S2140367600769181404244413042438140C700769A6
S2140367702141181408240814029844134044147141
S21403678000C1C41E002114155113036B0FDB0C72DA
S214036790066D06980607411500A006983608069863
S2140367A04A1308BB51140698C0194415FC25541502
S2140367B00298480788B900C3BC1E00213413076338
S2140367C008DB1A718113A0DB0671497910706979A9
S2140367D0076302DB087208B9677900F800A0811125
S2140367E0076102D9107188B9757906982E181411A5
S2140367F0FF3100A0FFB900A0041008211411F421F2
S214036800081100A081110761076110310E71069807
S2140368102E1808211411F821141100A0246803006F
S2140368203C6803008C6B0300000000005468030000
S2140368300600000000000000000000008C6B030050
S214036840000000002C6903000400000000000000A4
S21403685000000000BC690300809C2B8F80841E0010
S214036860000000002200FF7F000C00200000000054
S2140368700000000000000000BC690300809C2B8F12
S21403688080841E00000023002300B600000C0020B6
S214036890000000000000000000000000BC690300C8
S2140368A0809C2B8F80841E000000240024009D0003
S2140368B0000C0020000000000000000000000000A4
S2140368C0BC690300809C2B8F80841E00000025007B
S2140368D025007D00000C00200000000000000000E2
S2140368E000000000BC690300809C2B8F80841E0080
S2140368F00000260026005300000C002000000000C5
S2140369000000000000000000BC690300809C2B8F81
S21403691080841E00000027002700FF7F000C002055
S214036920000000000000000000000000A46A03004E
S214036930809C2B8F80841E00000000002400FF7FB5
S214036940000C002000000000000000000000000013
S214036950A46A0300809C2B8F80841E000000250001
S2140369602500B400000C002000000000000000001A
S21403697000000000A46A0300809C2B8F80841E0006
S2140369800000260026009900000C002000000000EE
S2140369900000000000000000A46A0300809C2B8F08
S2140369A080841E00000027002700FF7F000C0020C5
S2140369B0000000000000000000000000F81F0101B6
S2140369C0D46C030038000200000000000000000042
S2140369D03030010011491000B840010000C0E30048
S2140369E040410100EA00880018600400000000C669
S2140369F01FC000000050000000D0320050600400AA
S214036A00FC006900410C00000000000011000800B3
S214036A10786003000804000000000000BE031A00AC
S214036A208C60070001040C1A2F46536168625849AC
S214036A3035201407C491A06356443323225292246C
S214036A40E46007008108A1CB000000001984070555
S214036A509411CB4899200600016120008294EA87AE
S214036A600461030065B611001E37000089BB0000F1
S214036A7020610100FFDF00001470011000F807001A
S214036A8014700130F80200001870020000030000C2
S214036A906000278470700200C30000000F9C030090
S214036AA0FFFFFFFFF81F0101206D030038000200FF
S214036AB0000000000000000030300100E338100042
S214036AC0B840010000C08300404101006D0088000B
S214036AD018600400000000C61FC00100005000003C
S214036AE0008000005060040018000500410C000000
S214036AF00800000091000400786003008C000C007E
S214036B000000000014001A008C60070001040B1933
S214036B102C404C59605B534736251B114AF3389675
S214036B206745231211090000E46007008F0846CB6F
S214036B300000000023086404D007CB489120060019
S214036B40F9541C008294EA8704610300515511002E
S214036B50B01B000089BB000020610100FFDF0000BE
S214036B601470011000F8070014700130F8000000DC
S214036B7018700200000300006000A5837070020016
S214036B80054100000F9C0300FFFFFFFFDC1F04010D
S214036B9000000000000000000000000000000000ED
S214036BA0F01F02013F00370000000000FC1F010138
S214036BB00000000004000200018101000001000043
S214036BC01800020000000000010000002800040076
S214036BD000000000000000000000000000000000AD
S214036BE040000100A007000048000100000000006C
S214036BF0540002000000000000000000A000040093
S214036C00FF4C0000FF4C0000FF4D0000FF4D00004E
S214036C10002001000807000010200100AAAAAA000D
S214036C20182001000060DA000830010013AC0001F0
S214036C303430010001000000403001000000000075
S214036C40A04001007A27000FF44001002010000046
S214036C503441020080080000E6870000444101003A
S214036C60C0E6524D60410400000000000000000032
S214036C70060000000600000014600100100000007B
S214036C80286003000000000300000000000000006E
S214036C9060600200294176710000000084600200F3
S214036CA00000000000000000207004000000000048
S214036CB08200000000008001D5000000487002003A
S214036CC03C3D0000BC1900007870010006E0490056
S214036CD0FFFFFFFF0D000000388EE30000000000FA
S214036CE07C6D03006C6D030000000000E070720012
S214036CF080DE800280841E0001010000114900022C
S214036D00000000000000000000000000000000007B
S214036D100000000041841E00000000000000000088
S214036D200D0000001CC77100000000007C6D03000E
S214036D30746D03000000000018CC660080DE80023D
S214036D4040420F0001010000E3380002000000008B
S214036D50000000000000000000000000000000002B
S214036D605B420F0000000000000000000852000015
S214036D70B20C0000A5A00000C4090000193F0106DC
S214036D80041001000001010600102700000C00009B
S214036D90000000000000232D302B2000686C4C0000
S214036DA06566674546470030313233343536373803
S214036DB03941424344454600303132333435363761
S214036DC038396162636465660062675F6D65737315
S214036DD061676520726563656976657273006267CD
S214036DE06275660061636C006C6C5F636F6E6E65E4
S214036DF06374696F6E006C6C5F6164765F73657451
S214036E00006761705F636F6E74657874006C6C5FA7
S214036E1076616C696461746F72006D6573685F7028
S214036E20726F765F64620062675F6D657373616736
S214036E306500736F66745F74696D65725F6D657305
S214036E407361676500666F756E646174696F6E5F04
S214036E50636D64006C6C5F6164765F73796E630068
S214036E606C6C5F7363616E5F73796E6300676170EA
S214036E705F706572696F6469635F616476006761FA
S214036E80705F706572696F6469635F73796E6300C0
S214036E906C326361705F636F635F6368616E6E65B8
S214036EA06C006D6573685F70726F765F64625F61B6
S214036EB070706B6579006D626564746C735F636F85
S214036EC06E74657874000000DE6D0300E46D0300E5
S214036ED0E86D0300F66D0300016E03000D6E0300FC
S214036EE01A6E0300276E0300326E0300456E03001E
S214036EF0546E0300606E03006D6E03007E6E030027
S214036F00906E0300A26E0300B66E0300626762759E
S214036F10665F696E0062676275665F6F75740062AE
S214036F20676275665F6E6F666C6F770062675F6D2C
S214036F30616C6C6F630062675F72616E646F6D5F36
S208036F40616573000C
S20C036F44304CFD7F0100000044
S210036F4C586F0300C00A00209B000000E2
S214036F5800C40040020502041111000000000000EE
S214036F68606701000000000000C40040FC0F00201A
S214036F780200000005C60000E8030000C0EA21017D
S214036F88C0EA21010080000000F0490248200020E2
S214036F98C0EA210138470300000000000100000092
S214036FA8B92E0300200000000000000000000000C7
S214036FB800000000000000000000000035B50100D6
S214036FC8000000000000000000000000E995010032
S214036FD8000000000000000000000000E19D010022
S214036FE80000000000000000000000008DAC010057
S214036FF8000000000000000000000000A7E70200F1
S214037008000000009DB10100000000000000000021
S214037018000000004DB10100000000000000000061
S214037028000000008DB20100000000000000000010
S214037038C5BB01000000000000FFFFFFFF000000C3
S214037048B3070300B7070300BB070300BF07030024
S214037058FFFFFFFFE1230300FC4C0300FFFFFFFFD6
S214037068084D0300BD270300B9270300FFFFFFFFF2
S214037078992B0200FFFFFFFFFFFFFFFFFFFFFFFF46
S214037088FFFFFFFF85430200FFFFFFFF5B2A0300A6
S214037098FFFFFFFF000000000000000003000000E1
S2140370A80C1D0020180C0020000000000C1D0020FA
S2140370B8741D0020DC1D00200000000000000000F6
S2140370C800000000000000000000000000000000B0
S2140370D800000000000000000000000000000000A0
S2140370E80000000000000000000000000000000090
S2140370F8000000002000040000000000000002005A
S214037108100000000000000000000000000000005F
S214037118000000000A000100000000000A000F003B
S21403712800004E415F46425F4D505F50524F4A5FE4
S2140371383100020008000000303030303030303084
S2140371480200030000003030300002000500000093
S214037158302E302E30000200080000000000000029
S21403716800000000FFFFFFFF000008070A001700E3
S2140371780E0000000000FFFFFFFF0308011F0401C5
S2140371880101BF8FAF7F8700370F10100004040F6D
S21403719805140AFF0301FF0EFE01FF00044AD2F896
S2140371A84C3143F0004330BFC2F84C31704700BF40
S2100371B800300E4051BB000029BB000055
S80400CE8DA0
