:10000000000001205D340000593400005934000024
:10001000691B0000593400005934000059340000B5
:10002000593400005934000059340000593400009C
:10003000593400005934000059340000593400008C
:100040005934000031700000593400005934000068
:10005000716800007D70000045700000497000006C
:100060003D7000005934000059340000593400003C
:10007000593400005934000059340000593400004C
:10008000593400005934000059340000593400003C
:10009000593400005934000059340000593400002C
:1000A000593400005934000059340000593400001C
:1000B000817000004170000059340000BD700000E4
:1000C0005934000005540000593400005934000030
:1000D00059340000593400005934000059340000EC
:1000E00059340000593400005934000059340000DC
:1000F00059340000593400005934000059340000CC
:100100005934000059340000593400000348044BAE
:10011000834202D0034B03B118477047C40000204C
:10012000C4000020000000000548064B1B1AD90F30
:1001300001EBA301491002D0034B03B118477047EC
:10014000C4000020C40000200000000010B5064CD0
:10015000237843B9FFF7DAFF044B13B10448AFF338
:1001600000800123237010BDC800002000000000A3
:1001700098B6000008B5054B1BB105490548AFF31B
:100180000080BDE80840FFF7CFBF00BF00000000BF
:10019000CC00002098B60000A3F5803A704700BF5D
:1001A000174B002B08BF134B9D46FFF7F5FF0021AF
:1001B0008B460F461348144A121A09F001F80E4BE9
:1001C000002B00D098470D4B002B00D09847002003
:1001D000002104000D000D48002802D00C48AFF3A8
:1001E000008008F0BBFF2000290002F011FA08F09F
:1001F000A3FF00BF00000800000000000000000096
:1002000000000120C8000020481900200000000064
:1002100000000000BFF34F8F0549064BCA6802F487
:10022000E0621343CB60BFF34F8F00BFFDE700BF19
:1002300000ED00E00400FA0510B50246F8B1114BDC
:100240001968888890421AD39888904281BF0968BB
:1002500099600120988099889868002420B904B199
:1002600098604FF6FF7203E08A4203D10CB19860A8
:100270009A8010BD0131006889B20124EEE70020A8
:10028000F7E700BF8C100020114A916A01F170431A
:1002900003F5F813B3F5006F0CD2D2F82838A3F1A8
:1002A0007E62A2F58432B2F5104F03D20968094A82
:1002B000914203D000230370836070471968064A97
:1002C0009142F7D1012202709A6842609B69F3E77C
:1002D0000000E10FAD1007B007B0CD5E1FB50C46B2
:1002E00040B901A8FFF7D0FF044B029A1A602360BF
:1002F0000423A380002004B010BD00BF78020020BA
:10030000064BD3F82828A2F17E63A3F58433B3F516
:10031000104F01D2536A1847002070470000E10FC8
:100320000D4B10B4D3F82848A4F17E63A3F58433B1
:10033000B3F5104F0BD2246BA4F17E63A3F5843385
:10034000B3F5104F03D2A36B5DF8044B184740F28E
:1003500001105DF8044B70470000E10F0B4BD3F820
:100360002828A2F17E63A3F58433B3F5104F09D298
:10037000126BA2F17E63A3F58433B3F5104F01D263
:10038000D36B184740F20110704700BF0000E10F27
:100390007FB50E4A03466D4602F11006106851689B
:1003A0002C4603C40832B2422546F7D15A1E04A98E
:1003B0000F3311F8014D12F8010F844204D19A4213
:1003C000F7D1012004B070BD0020FBE7DC930000F2
:1003D000F8B5184E306848BB174B184C184FE41A44
:1003E000184B1C4424F4FF6424F00704D7F8F830B9
:1003F0009BB2B4EB832F18D2656BC5B1D7F8F83038
:100400009BB2B5EB832F12D2D7F8F82005F1500339
:1004100092B2B3EB822F0AD82846FFF7B9FF30B16A
:10042000EB6933F0080302D034603068F8BD04F59E
:100430000064DBE77002002010000020C4000020F0
:100440000081E00FEFBE000010B50C4648B9FFF781
:10045000BFFF054B10B1426B126A1A602360042380
:10046000A380002010BD00BF74020020084B40F2A2
:1004700001121A604FF0FF329A6001225A60014463
:1004800010F8012B9A618842FAD1D869C0437047AD
:1004900000C00140034B044A9979117500221A608B
:1004A000704700BF400B0020D80A002030B5002262
:1004B0008BB01346D91003F00704415C2141CC07EF
:1004C00041BF02F128016944013201F8283C01339F
:1004D000252BEFD10D4C0023D91003F00705415C0B
:1004E0002941C9075FBFB3FBF2F102FB113128318B
:1004F000694448BFD9B203F1010358BF11F8281C61
:1005000004F8011F252BE7D10BB030BD010B0020F3
:1005100008B50348FFF7CAFF002340F8063C08BDB2
:10052000460B0020084A10B5136840F2E2446043CD
:1005300000F5807004FB013303EB50031360536834
:100540000344536010BD00BFD80A0020D0B50C4C46
:10055000E38C0A20584308F053FB0646A08C0F4654
:1005600008F04EFB074B002208F0B4FB02460B4696
:100570003046394608F0D8FC08F0BEFD2083D0BDD7
:10058000D80A00200000F43F70B5094CB4F80710F9
:10059000A079B4F80960B4F80D50FFF7C3FF054B1C
:1005A0009E84DD84FFF7D2FF0023236070BD00BF6F
:1005B000400B0020D80A0020837DDB0701D5808A0C
:1005C0007047D0E901239B1A44BF828A9B1898B2D6
:1005D00070470000084BD3F8F020D3F8F4300270D5
:1005E000110A120C82701A0AC2701A0C1B0E41708A
:1005F00002714371704700BF0081E00F034BD86B5D
:1006000080F04000C0F38010704700BF00300E4003
:1006100008B5FFF7F3FF20B1024AD2F8C830002B2B
:10062000FBD108BD0000C64308B5FFF7F1FF024B40
:100630005868C0F3014008BD00300E400C4B984292
:1006400005D90C4B984210D80122012301E0002269
:10065000134609490B640949D1F8003123F080732E
:1006600043EA0263C1F8003170470222EDE700BFA0
:100670000048E8010090D0030000C84300400E404D
:100680000F4B5B680F4B30B500221C46C9B21D7979
:100690008D4202D11D6885420DD20132052A03F137
:1006A0000803F4D10321064A536823F0407343EA58
:1006B0000163536030BD04EBC2046179F3E700BF0E
:1006C00000000E40B094000038B5074C0748256C78
:1006D00041F6713323640021ADB2FFF7D1FF0DB1B4
:1006E0000023236438BD00BF00000E4000F0490223
:1006F00038B5064C256C41F671332364ADB2FFF773
:10070000BFFF0DB10023236438BD00BF00000E40C1
:1007100042EA0322B2F5007F10B5194C29D00AD85D
:10072000B2F5807F22D040F201139A4215D062B90F
:10073000D4F81C320BE0B2F5407F1DD040F20133FB
:100740009A4210D0D4F8283201E0D4F82432C3F30E
:100750000722DBB203600A6010BDD4F824321A0EFF
:10076000C3F30743F6E7D4F82832F8E7D4F81C328D
:10077000F5E7D4F82032EAE7D4F82032EFE700BFFB
:100780000081E00F2F4B1A6FD96C11F0010F02F0AE
:10079000060242D0002A40D013284FD9143813281B
:1007A0008CBF102308232749013BCA6C180322F48D
:1007B0007F4240EA03231343CB64234BCA6C1B885C
:1007C000C2F303222833013202EB820003EB53030E
:1007D000B3FBF0F3C86C013B072B28BF072320F0C5
:1007E000EE6040EA036343F48013CB64174BB3F924
:1007F0000030002B10DB2833500800EB420203EBE3
:100800005303B3FBF2F30A6D072B28BF072322F033
:10081000700242EA03130B657047D96C01F00101C5
:10082000114304D1092809D90A380928B8E7DB6C33
:1008300013F00103B7D01AB92728B1E70423B2E7B0
:100840000023B0E700300E405A0B0020580B002068
:1008500070B51D4DD5F82828A2F17E63A3F5843329
:10086000B3F5104FE0B001D2136B23B94FF401740C
:10087000204660B070BD5B6A4FF4C07269460020CC
:10088000984704460028F3D140F20126D5F82828DD
:10089000A2F17E63A3F58433B3F5104FE6D2126B59
:1008A000A2F17E63A3F58433B3F5104FDED2936AD1
:1008B000002168469847B042E8D040F203239842AE
:1008C00018BF0446D4E700BF0000E10F104A0B46F2
:1008D000D2F82818A1F17E62A2F58432B2F5104F49
:1008E00010B40FD2096BA1F17E62A2F58432B2F589
:1008F000104F07D20C69074A0146A44600205DF854
:10090000044B60474FF481705DF8044B704700BFA3
:100910000000E10FD006002037B50446684680E8A5
:10092000060003C8251D85E805002373069B0B4AB6
:100930002361BDF81C30A38200232360136853B1E8
:1009400019461B68002BFBD10C609088013080B2E7
:10095000908003B030BD1460F7E700BF4C13002057
:1009600037B50D461446FFF767FC70B1036973B1E4
:10097000818A4FF6FE72914209D10095ADF804408C
:1009800069460120984703B030BD0120FBE70E20E7
:10099000F9E7036937B514460D46828A63B14FF60D
:1009A000FE718A4208D100200090ADF8040069462B
:1009B000984728B103B030BD2B6000202280F9E7B2
:1009C000009B2B60BDF804302380F3E738B50D465B
:1009D0001446FFF731FC40B122462946FFF7D9FF04
:1009E00010B92B6803B9208038BD0120FCE7000056
:1009F00007B503790193054A0368009306CA0223E9
:100A00000830FFF789FF03B05DF804FB7C94000019
:100A1000034B5A6D12B95865A3F85810704700BFC0
:100A2000D80A00200C4BD3F82838A3F17E62A2F537
:100A30008432B2F5104F10B50CD21968074A9142B2
:100A400008D1074C2278012A04D11B6A984708B9BB
:100A50000223237010BD00BF0000E10F07B0CD5E80
:100A6000E40000200C4BD3F82838A3F17E62A2F5F5
:100A70008432B2F5104F10B50DD21968074A914271
:100A800009D1074C227812F0FD0F04D1DB69984799
:100A900008B90123237010BD0000E10F07B0CD5E3F
:100AA000E400002008B50F4B0F4C1B784FF00055A9
:100AB0006BB1FFF7D7FF0D4B2B600123A3602368B9
:100AC00023F4E06343F480632360FFF7A3FB2B6010
:100AD0000123A360236823F4E06343F4806323606D
:100AE000FFF798FBBD06002000500E4002020FF0F9
:100AF000054A08B5937E43F040039376034B0022EA
:100B00001A70FFF7CFFF00BFD80A0020541300204F
:100B10002DE9F04105460E461146FFF74DFD88428E
:100B200028BF084687B2B846B8F1000F09D12FB1E7
:100B3000AB7DDA0744BF23F00103AB753846BDE84F
:100B4000F081AA8A2B6869689C18641AA4B244458B
:100B500028BF44462246304608F024FB6B682968CB
:100B6000AA8A23440A442644934228BF0B46A8EB92
:100B700004041FFA84F86B60D6E7F8B51F46038AB1
:100B800004461646EBB9C57DDDB10123013D0B706E
:100B90000222C57500F11001FFF7BAFFE37D9BB19A
:100BA000228ABA4228BF3A4631462046FFF7B0FFB4
:100BB000238A1B1A2382E37D13B9638A1B1A63827B
:100BC000F8BD00230B70EBE7638A2382E8E72DE989
:100BD000F041868A04460F461146FFF7EDFC361AAF
:100BE000B6B28E4228BF0E46B046B8F1000F0BD108
:100BF0003EB1D4E901329A4202BFA37D43F0010322
:100C0000A3753046BDE8F081A28A2368A0689D18CC
:100C10002D1AADB2454528BF45462A46394608F04B
:100C2000C1FAA3682168A28A2B440A442F44934244
:100C300028BF0B46A8EB05051FFA85F8A360D4E78B
:100C4000F8B5044616461F4611B3858AFFF7B4FC73
:100C50002D1AADB2012D29D9E37D63B1658AE06813
:100C600005702D0A07D02268A38A013013449842E8
:100C700028BF1046057000236382A368E360022248
:100C800004F112012046FFF7A2FFE37D0133E37573
:100C90003A4631462046FFF79AFF638A034463824F
:100CA000E37D13B9238A03442382F8BD0020FCE7C7
:100CB00013B50379124A03330446019300F1440348
:100CC000009306CA02231430FFF726FE238A0193FD
:100CD000E368009394E80600237A04F12C00FFF700
:100CE0001BFE237A22792168A4F8450004F147000D
:100CF00084F8443002B0BDE8104008F053BA00BF99
:100D00008894000070B50C4C0C4B06460D4694E8D8
:100D1000030083E803001846FFF76AFE084BD4E996
:100D2000020102221A7283E80300DE601D82184667
:100D3000BDE87040FFF7BCBF649500004001002093
:100D4000E80000202DE9F347DDF82880BDF82C905D
:100D500004460E4617461D46FFF76EFA8246BAF164
:100D6000000F01D0B44205D94FF6FF74204602B0FF
:100D7000BDE8F0879AF80830DAF804009D421AD1ED
:100D80002A46394608F0E4FAA8B9B8F1000FEDD0C8
:100D90000DF1020201A95046FFF7FBFD58B9019978
:100DA00049B1BDF802304B4505D14A46404608F0EE
:100DB000CFFA0028DAD00134DAF800A0A4B2CEE7E6
:100DC00038B50C4611462568AD1A2A46014408F08C
:100DD000CFFA256038BD000001282DE9F34704D083
:100DE0000024204602B0BDE8F0878B88012B40F03C
:100DF0003C810B681B78FBB99E4A9F4C13609F4A4D
:100E000013709F4A13609F4A13609F4A13609F4A62
:100E100013609F4A13709F4A13609F4A13609F4A52
:100E200013702378022B01D1FFF7FCFD01232370FF
:100E30009B4B00221A70D3E7032B40F003818F4BAA
:100E40008D4E1C78002C4FD13378002B00F0F280AF
:100E50008F4B1B78082B02D0402B40F08A80DFF8A4
:100E60001482D8F800305BB98E4DD5F82838A3F13C
:100E70007E63A3F58433B3F5104F55D3802433E05C
:100E800013F003071CBFC7F10407FFB203EB070A07
:100E9000BAF5806F00F2D2808348DFF8F8913A46C5
:100EA0001844FF2108F08CF9804BD9F800501B68DA
:100EB000C8F800A00AEB05029A4200F29480704B39
:100EC0001B681D445544DFF8C4A125F4FF65DAF81A
:100ED000000025F00705854210D9291A00F50060A9
:100EE000FFF73CFA40B185243378022B01D1FFF79C
:100EF00099FD0023337074E7CAF80050D8F8001049
:100F0000D9F80000FFF7E2FCD9F80030D8F800204B
:100F1000584913440546DB1B6348C9F80030FFF706
:100F20004FFF002DA0D0DEE7FFF792FCD8B9D5F82F
:100F300028280190A2F17E63A3F58433B3F5104F06
:100F4000D1D2126BA2F17E63A3F58433B3F5104FB7
:100F5000C9D29369012101A898470028C3D14F4BFA
:100F600001221A70C0E741F20803984286D1862414
:100F7000BAE7002B60D04A4B1B78002B3FF47EAFC2
:100F8000454F3B6843B9404B494918681022FFF769
:100F9000C7F90028A8D0A6E713F003021CBFC2F1CE
:100FA0000402D2B29D18B5F5806F47D84148DFF8EA
:100FB000D480FF21184408F003F93F4A3F4BD8F88A
:100FC00000103D609B1A3E4A13443E4A13408B4238
:100FD00036D83D4BD3F8F8309BB29B020D44A3F5B5
:100FE0008053AB4201D283247EE7DFF8A090D9F88A
:100FF00000001540854209D9291A00F50060FFF765
:10100000ADF900287FF46FAFC9F800503A6829495C
:10101000D8F80000FFF784F9D8F800303A681E4984
:10102000054613442348C8F80030FFF7C9FE002DD9
:10103000A9D058E7812457E7842455E7822453E751
:10104000872451E7042B12D1204813230221437037
:101050000170FFF7DDFC1E4A1E4B128905329A8093
:101060001D4A1A6042789A71BAE60D24B9E6062440
:10107000B7E600BFD00A0020D50A0020D60A00201B
:10108000C4060020B4020020B0020020C0060020E8
:10109000D40A0020CC060020B8060020BD0600209F
:1010A000BC0600200000E10FD0060020C80600208A
:1010B000A0020020B802002010000020C400002080
:1010C000EFBE000000F8FFFF0081E00F340B0020AE
:1010D000D80A0020400B0020F10A00002DE9F84F4B
:1010E000DFF85091494BD9F80050DFF84C81471B8D
:1010F00082464748C8F800701B1A4648034423F448
:10110000FF6323F007039F42144678D3424BD3F882
:10111000F8309BB29B020AEB0206A3F580539E4275
:1011200070D82C44B4F5806F03D93C4B82221A70DE
:1011300063E0DFF8FCB00BEB050008F033F8384B48
:10114000C9F800401A6822B9332C56D9DBF834208C
:101150001A601B689F421FD89E421DD903F11002DE
:1011600096424AD31D44A5EB0A055D442D4A2B4601
:1011700005F1100153F8040B42F8040B8B42F9D12E
:101180002848FFF705F910B9244B8422CFE7102235
:10119000FF21284608F014F8234D244B286804F05A
:1011A0000304361B1E4058B907EA0300C0F500616E
:1011B0003144FFF7D3F82E6040B1184B8522B6E7D3
:1011C000864203D9311A00F50060F2E7D9F8002011
:1011D0001749D8F80000121BFFF7A2F8D9F8002031
:1011E000D8F800301349121B054613441048C8F8BC
:1011F0000030FFF7E5FD002DDFD1BDE8F88F074B8C
:10120000872294E7054B832291E700BFC4000020AA
:1012100010000020EFBE00000081E00FD60A002081
:10122000B0020020A0020020C006002000F8FFFF4E
:10123000B8020020B8060020B402002037B5124CD6
:10124000002360600093437AD0E90021206802F017
:10125000C2FC238CDB050CD563680C4D1B7A2A7805
:101260009A4206D0012B06D0022B08D063681B7A65
:101270002B7003B030BD206802F088FCF6E72068D0
:1012800002F08AFCF2E700BF981000206002002004
:1012900013B50D4B0D4C1B8AADF804300128ADF889
:1012A000003004BF02238DF8043001A908BF0423D5
:1012B000206808BF8DF8003002F091FB2068694675
:1012C00002F0A3FB02B010BD64950000981000204E
:1012D000034B00221A6118680122032102F014B99D
:1012E0009810002010B5164CA37E5B0626D4FFF79D
:1012F000EFFFA28C236840F2E24101FB023323603E
:1013000094F84F10A37A0B442521B3FBF1F001FBB5
:101310001033A37223890133238163680A2101FBFF
:1013200002336360238B5A1E22833BB9A27E42F0B4
:101330004002A276034A1370FFF7B4FB10BD00BF52
:10134000D80A0020541300207FB502238DF8063000
:10135000064B5A8B596918680332ADF804206A4667
:1013600002F0D2FB009807B05DF804FB9810002053
:1013700010B51E4C1946236986B023B3A2F10800AC
:10138000084322D101AA0321206802F0B9FB636857
:1013900060615B7A23769DF80430DA1F5342534133
:1013A000627E63F30002039BE361BDF80630627660
:1013B000638304F118010220236998472068012201
:1013C000002102F0A3FB06B010BD02F17F400843EC
:1013D00005D10021012006B0BDE81040184712F4E5
:1013E000A0411ABF00210320FF20F4E7981000203D
:1013F0002DE9FF41194C1A4D637A0133DBB2282BDA
:1014000028BF252320466372FFF718FF627D154928
:101410002868D4F80C80667C4FF40073023202F026
:1014200051FB6B68104A5B7A06F001063046D75CC8
:10143000FFF72EFF00220123009203932868CDF8C6
:10144000088002AB394602F063F810B1FFF740FFA5
:10145000D2E7064B2B6104B0BDE8F081BC10002040
:1014600098100020D0100020DF9400002515000007
:101470002DE9FF41254CA37E5A0640D4244A2189F8
:1014800023F0070343F00103A37613681BB192888E
:101490008A4200D19847A37A1E48234493F82A3001
:1014A0006375FFF7CBFED4E900561B4C1B4A6368FB
:1014B0005B7A4FEA5608D75CA5EB56060120FFF78A
:1014C000E7FE643500964FF4807300264544ADF87E
:1014D0000C306A4639462068029533468DF8046020
:1014E0008DF80E6002F020F8012205463146206892
:1014F00002F00CFB35B1FFF7F5FEFFF7B9FF04B0C2
:10150000BDE8F081064B2361F9E700BFD80A00204F
:10151000400B0020E40A002098100020DF94000017
:101520008D16000002282DE9F0411DD002D80128B7
:1015300007D0FEE7032800F09E80FF2800F09B8084
:10154000F7E74E4C637C990707D5FFF7C1FEFFF71D
:101550004FFF637C6FF341036374637CDA0768D4E5
:10156000BDE8F041FFF744BF4B78DB0740F18380D3
:101570004C68227802F00F08B8F1030F5BD0B8F185
:10158000050F78D13E498B7B03F00103B3EBD21FEB
:101590004FD10622083104F1080007F0D9FE0646B3
:1015A000002846D1FFF794FEFFF7CEFE354D3146B9
:1015B00007465C22284607F003FEAB7EA5F818809C
:1015C00043F02003AB76627E237E43EA0223AB84A2
:1015D000627F237F43EA0223EB8494F82330C3F332
:1015E000040385F84F3094F82330C3F3421385F891
:1015F000503004F11E001B232B85FEF757FFD4F853
:101600000E30E27CEB60A37C2F6043EA0223227D54
:10161000607D43EA02432B61012695F84F30AB729F
:101620002E75E18A3144FEF77DFFFFF721FF164B4F
:101630001E70BDE8F081124DAB7B03F00103B3EBEC
:10164000D21FF6D1062205F1080104F1080007F0C7
:101650007FFE0028EDD1094C286894F83D204FF416
:101660000073023204F13C0102F02CFA637C43F077
:1016700002036374DDE7FFF72BFE71E7BC10002067
:1016800098100020D80A00205413002002282DE9C9
:10169000F74F0F460BD003D8012800F0D781FEE7A3
:1016A000032800F0DB81FF2800F0D881F7E74E78AF
:1016B0004A68B34D16F0010661D10026AB7EB14CED
:1016C00013F0200F12D0696D6FF34513AB7600292C
:1016D00000F0C580237895F85820627043F003032A
:1016E000A01C237007F05EFD00236B65A648A5498A
:1016F000FEF762FFAB7E003818BF012060F34103A4
:10170000C3F3C002AB76C3F300139B0043EAC203EA
:10171000227843EA001322F01C02134362782370FC
:101720009A4C02324FF400732068D2B202F0CAF928
:10173000AB7E7F68D90709D56FF30003AB76002332
:101740006B60FFF701FE2860FEF700FF002E00F03F
:10175000F9803B7803F00303022B00F05F81032B39
:1017600000F09480012B40F0ED8089487D78818ADB
:10177000FEF722FF081ABC1C80B200265BE113783A
:10178000AC7EC3F3001363F382041378AC76C4F326
:101790000011C3F3C00C8C45E0B2C3F3800AC4F35C
:1017A000C0040CD0544588D0AB7E84F00104E40022
:1017B00044F0200423F028031C43AC767DE703F0BB
:1017C0000303022B18D0032B04D0012BEAD14FF0D6
:1017D000000B12E0544508D084F00104E40044F00A
:1017E000200420F028031C43AC76AB7E81F001017D
:1017F00061F30413AB7661E7B34692F80180B8F168
:10180000000F0ED1544501D10026EEE7AB7E84F0E7
:101810000104E40044F0200423F028031C43AC76C8
:10182000F2E75B48B0F81490FEF7C6FEA9EB0000A3
:1018300080B2BBF1000F03D00228B3D9023880B2C6
:10184000544509D0AB7E84F00104E40044F0200448
:1018500023F028031C43AC768045C6D92DE795F8C4
:1018600028304948A21C0DF10701FFF786F910F056
:10187000FF0018BF9DF80730227860701ABF01334F
:10188000DBB2012363F3010222702FE7BB780C2B3C
:101890000AD80C2B0AD8DFE803F03F2B58090909B6
:1018A0000909600909091800142B7FD0394A1278F8
:1018B0002AB1162B00F09680182B00F0A280364833
:1018C00007220270437002210DE033480C234FF0D1
:1018D000FF320370012343708270037102220023E0
:1018E000C2704371062103B0BDE8F04FFFF790B816
:1018F000797A3B7A294A43EA01239380134628499F
:1019000043F8061BD7F80310C2F80610B7F80720F3
:101910009A807A7A9A7115E07A7B3B7B1F4943EA79
:1019200002238B800B461F4A43F8062BD7F803206F
:10193000C1F80620D7F807205A60B7F80B201A81A3
:101940007A7B9A7203B0BDE8F08F2A89134B053277
:101950009A80154A1A60FA78DCE7D7F80330228CAF
:101960000D48134003F0FF0322F0FF021343024629
:10197000092102F8011BC0F8013000235360B2E7CF
:10198000D80A002060010020A00D0020981000203F
:10199000341300205E0B0020340B0020400B00208D
:1019A0001105000089050000F10A0000B7F80530B4
:1019B000B7F803202D48DB08934228BF13462B8538
:1019C000152300216FF004046FF027020370072332
:1019D000817081714470C27003714471C27103726D
:1019E000092180E73A79FB782048134003F003038C
:1019F000022B18BF0123172202704370837003214A
:101A000071E77A79B9791A4B42EA01229A80194A28
:101A10001A60D7F80320C3F8062093E716487D78AC
:101A2000818AFEF7C9FD081A80B2022838BF022059
:101A30000238BC1C80B2854284D80F482B4622460F
:101A4000314603B0BDE8F04FFFF7FAB80B4B9B7E71
:101A50009A073FF577AF5B073FF574AFFFF742FC9E
:101A600003B0BDE8F04FFFF703BD00BF340B00200B
:101A7000400B00209504000034130020D80A0020F9
:101A8000EFF3108072B670470048704700F04902CB
:101A90000E49D1F8942002F00702042A0BD8022A3A
:101AA0000FD811D00A4BD1F80001C0F30420013047
:101AB000B3FBF0F07047074B0548052A18BF0346F3
:101AC000F1E74FF40043EEE7034BECE700400E4034
:101AD000C0EA210160F5900000F0490208B5FFF767
:101AE000D7FF044BD3F80831C3F308230133B0FB0D
:101AF000F3F008BD00400E4038B502460D46FEF733
:101B00007DFDE8B122B90F4BD3F80031FFF7C0FFDC
:101B1000FEF774FDA0B1FEF787FD88B1094BD3F83D
:101B20000031FFF7B5FF084B402204461A610DB1A2
:101B3000FEF76EFD20460021BDE83840FEF7D8BD17
:101B400038BD00BF00400E4000300E40044B054A37
:101B50009A60D3F8882042F47002C3F88820704756
:101B600000ED00E00000000008B5FEF753FB7047F1
:101B700047F6FF739A42F0B56CD006296CD8374B04
:101B80005B5C022B68D8364D05EBC304DE00A17800
:101B900015F83330012938BF0121012B13D1E0782A
:101BA0000025401A854202D30844C0B2F0BD431B51
:101BB000A0EB5303666836F913609642CCBF03F17D
:101BC000FF301D46EEE760680028EFD0B0F9004016
:101BD000A24204DCB0F902409442B8BF14468388A4
:101BE000FF2B04BFB0F90630B0F9087035440FBFC1
:101BF00001220022C82328276E781B1B93FBF7F3D2
:101C000013441BB29E4201DD002B01DA731E1BB28E
:101C10004FF47A7C00EBC3055F1CEA88AD6814FBC7
:101C200002521D463BB222EAE2729E4202F15C027F
:101C3000B2FBFCF204DD00EBC307BF88BA42E9D96E
:101C400000EBC5039888904228BF1046884238BFF1
:101C50000846AAE7FF20A9E70020A7E7D8940000DC
:101C6000600B002038B5C0F30323013B04460D464A
:101C7000092B11D8DFE803F0053611103A312C108A
:101C80001D191C4BC0F3043403F1424303F58013C8
:101C900004EBC304A400256038BDFFF71FFFFEF767
:101CA000CDFCC4F30434144BEEE7144BC0F30434FE
:101CB000EAE7134BC0F304344FF480320D49D1F8F6
:101CC0004401C007E0D4D1F840011042FBD1DBE76A
:101CD0000C4BC0F304341022F0E70B4BC0F3043478
:101CE0000122EBE7094BC0F30434CDE7084BC0F306
:101CF0000434C9E700400E40B8400E4050410E4049
:101D0000F0400E40E8400E40E0400E40C0400E4023
:101D1000B0400E402DE9F74FDFF82C91464E99F870
:101D20000040019107461546002C41D1434ADFF897
:101D300014A1D2F8F83042489BB29B02A3F580531D
:101D4000CAF80030D2F8F8309BB29B02A3F50063CA
:101D50000121CAF80430FFF785FFDAF800000821F6
:101D60000430FEF783FBDAF800301B68984208BFA6
:101D7000DAF80030DAF8040008BFD3F804B04FF006
:101D8000080100F104000CBF0124A346FEF76EFB1E
:101D9000DAF804301B6898423CD1DAF804305C6809
:101DA0005C4594BF002401240123347089F800307D
:101DB00096F900305A1C29D0224A52F8233003F1F8
:101DC0000C094C464FF6FF7AC4F30A030833B3F507
:101DD000006F1BD2A688564518D094F806B0201D77
:101DE0000BF10401FEF742FB22689042D84601D174
:101DF000B74212D008F1030808F4FE7808F1080889
:101E0000444489EA0403B3F5006FDDD34FF0000BBF
:101E100058460CE0013C64B2C6E72B785B45F5D32D
:101E200001985A4604F1080107F0BCF9012085F831
:101E300000B003B0BDE8F08F100000200081E00F7B
:101E400000650A00640200206C0200202DE9F04FBA
:101E5000012891B004D00024204611B0BDE8F08FD5
:101E60008A88002A00F01282A54F97F800A0BAF1E4
:101E7000000F00F00D82A34D2C78002CECD1A24B6A
:101E800009681C78002CE6D1A04E306802EB0008EF
:101E9000B8F5806F02D982242C70DDE7DFF88492D8
:101EA000484407F07FF9BAF1020FC6F8008039D034
:101EB000B8F1030FCFD99648FEF7E6F90178D9F8C3
:101EC00000204368012945D1190E012903D1C3F32C
:101ED00007430A2B46D98F4B9A4240F0DD80836836
:101EE000DA033DD502233B70FEF7BCFD8A4BD3F8E5
:101EF0002828A2F17E63A3F58433B3F5104F0BD2EB
:101F0000126BA2F17E63A3F58433B3F5104F03D2B5
:101F1000936809A900209847804B099A1A60804B62
:101F20000A9A1A60DFF80C92336899F80020082AA0
:101F300001D0402A4ED1DFF8F0817948D8F800105E
:101F4000006803F0030ACA18A2EB0A0282420BD906
:101F50008324A1E76F4CA2420CBF862484249BE714
:101F6000862499E7882497E76C4ADFF8CCB1176894
:101F7000DBF800001F440F44A7EB0A0727F4FF67B4
:101F800027F00707874209D9391A00F50060FEF7E4
:101F9000E5F908B185247FE7CBF800703168D8F8FF
:101FA0000000A1EB0A01FEF791FC3268D8F800307E
:101FB0005649A2EB0A02074613445A48C8F80030B3
:101FC000FEF7FEFE002FE5D199F80030002B7FF4DC
:101FD00042AF01E0002A61D133687F2B7FF63BAF2F
:101FE000DFF84881DFF854B1D8F80000F0B94A4B67
:101FF000D3F82878A7F17E63A3F58433B3F5104FA7
:102000000ED20A9009A8FEF73FF90A9B1A0E74D067
:10201000012A03D1C3F307430A2B6ED9BB6B984740
:10202000CBF8000007F08CF9C8F800003A4FD8F858
:102030000000D7F82828DBF80010A2F17E63A3F592
:102040008433B3F5104FA5D2936A98470028A1D1E5
:10205000D7F828783268D8F800A00392A7F17E63F9
:10206000A3F58433B3F5104F16D2079006A8FEF7F8
:102070000BF9079B190E0FD00129039A03D1C3F363
:1020800007430A2B08D905AB00937F6B254909ABA1
:102090005046B847002853D08424FDE622490A68F8
:1020A0001A440A60214A10681B4AD2F82818A1F184
:1020B0007E62A2F58432B2F5104F05D31349194858
:1020C0001A46FEF77DFE16E0CF6A164A1849B84751
:1020D00032680E4907461348FEF772FE40F20323AA
:1020E0009F4203D1084A01231370B4E640F2012352
:1020F0009F423FF469AF8024CEE64FF4C0708FE773
:10210000D50A0020D60A0020BC060020D00A0020F4
:102110007C020020EB17A6030000E10FC40600209C
:10212000C8060020D0060020CC0600209C0200201B
:102130008C020020D40A0020C00600208802002063
:102140009DF8243089F8003023B9059B13B1402352
:1021500089F80030FEF73CF9074658B3D0F834A0B0
:1021600099F80030002B3FF476AE0022069204224C
:102170008DF8132006A90DF1130235200393FFF704
:10218000C9FD069AD30719D5039B082B14D0BAF1C1
:10219000000F13D0534610220CA903F1280003931B
:1021A00007F0D6F820B9039B0A9A1B6A9A4205D811
:1021B000892471E68246D3E7364BECE797B14FF4BA
:1021C00000613846FEF7CAF800287FF4E3AE2AF42F
:1021D000FF604FF4006120F00700FEF7BFF8002811
:1021E0007FF4D8AE99F80030082B01D0402B0FD1E6
:1021F000294B2A4A186820F4FF6323F007034FF4A1
:1022000000611360FEF7AAF800283FF424AEC1E68F
:10221000234F244BDFF89C907B60D9F82828D8F80E
:102220000000DBF80010A2F17E63A3F58433B3F560
:10223000104FBFF4AFAE936A984700287FF4AAAE60
:10224000D9F82828D8F800003368A2F17E61A1F5FA
:102250008431B1F5104FBFF431AF3946D2F82C803C
:10226000114AC0473268114907460F48FEF7A8FDDA
:1022700040F203239F4203D10D4A01231370EBE583
:1022800040F201239F423FF4E6AD34E70D24E3E53D
:102290008124E1E508950000C4060020C006002066
:1022A0008C020020DD100000D0060020D00A0020A3
:1022B000BC0600200000E10F00F00F0001380728E5
:1022C00050D8DFE800F00415244F34384F402B4B32
:1022D000D3F8943003F00703023B052B06D8DFE860
:1022E00003F049243F0305430B2070470520704746
:1022F000224BD3F8800000F0070002283DD00428CC
:1023000036D0012808BF032018BF012070471B4B9F
:10231000D3F8843003F00703013B032B03D8DFE835
:1023200003F0041F25270120704703207047134B3B
:10233000D3F88800DFE7114B1B6F13F0010F0CBFC0
:102340000720092070470D4BD3F85C3103F03003B0
:10235000202B0FD0302B0FD0102B08BF0720D3E736
:1023600002207047002070470C20704706207047FD
:102370000A207047042070470820704700400E4034
:102380000428F8B56FD8474B13F800C0464B1D5CC6
:10239000464B33F81060464B33F81040454B00294C
:1023A0006DD0022860D15C6A14F0300F5CD1424CD1
:1023B000E46B5C6AE40705D55F6A27F0300747F0F5
:1023C00010075F623D4C3B4B25441E66AD002B68F9
:1023D000002BFCD0002A46D06444A4002368002BC4
:1023E000FCD002283FD100293DD0324B5A6AD10798
:1023F0003CD54FF48062C3F8A82020225A665A6A5E
:1024000012F0300F0CBF4FF440024FF40002D3F82B
:10241000901032EA0101FAD1520201D5D3F8A0306E
:10242000244D012200210220D5F89C70FFF7A8FF5F
:10243000D5F890306B6A23F0300343F010036B62E1
:10244000C7F30A07296B1E4BFA0903320F2A03EA66
:10245000010328BF0F223B4343EA02732B632E661E
:102460002368002BFCD0F8BD0021ABE75A6AD3F8F3
:10247000902002F44002B2F5400FF8D1CEE70121DE
:102480001C66A940D3F890000842FBD1002AEAD08C
:102490000123084903FA0CF3D1F890201A42FBD12A
:1024A000E1E700BFA9940000A49400009A94000002
:1024B0009094000000400E4000300E408004F21066
:1024C00000F8FF0F10B500211048FFF715FB10486A
:1024D000FEF7B4F8012211460220FFF751FFFEF784
:1024E000F3F8FEF795F80B4B02225A67FFF7D0FA84
:1024F000FEF7A4F8FFF7F2FA0446FEF795F8014656
:102500002046BDE81040FEF7F3B800BF00F04902D6
:102510000148E80100400E4000B962B67047000073
:102520002DE9F0410D4F06460D4614460CB9BDE8A5
:10253000F081EFF3108872B623462A4631463846BA
:10254000FEF77EFB03464046FFF7E6FF002BEDD08B
:10255000E41AA4B21D440026E8E700BFA00D002045
:1025600013B5002301F10804ADF80430ADF80600FE
:1025700021461A4651F8080C083170B90BB1ADF874
:10258000042004220DEB020101200834FFF7C8FFEC
:1025900054F8101C39B902B010BD51F80C3C1A4463
:1025A00092B20123E6E734F80C2C0020EDE700009E
:1025B0007FB50130002380B2CDE90101CDE90433BC
:1025C0006946044B009304200392FFF7C9FF07B04C
:1025D0005DF804FB20110020EFF3108072B6704705
:1025E000FFF79ABF064A074BD3F88039136F23F0E1
:1025F000070303431367044B1888FEF7C3B800BFF3
:1026000000300E400000C6435C0B002000000000BC
:102610002DE980487A4B5B685E05A3B024D44FF067
:10262000005300221A601AA8FDF72EFEFDF7D0FE17
:1026300008B3446BFEF716FA1C9B5D0740F1BC80A3
:10264000FDF7C6FEFDF75CFE0446FEF7EBF994B11C
:10265000FDF7BEFE0446FDF7BBFE6A4B986023689B
:102660009D466368984706E04FF000531A68022AB7
:10267000D5D100221A60BFF35F8F624B5A6A22F4F1
:1026800080325A62D3F8942022F00102C3F89420D9
:10269000BFF34F8FBFF36F8F5B495C4F0A685C4D90
:1026A000C3F898204FF00050C3F89C005948C3F875
:1026B000A000AF4202F1010008604FD07E1E731BE4
:1026C00043EA530343EA930343EA131343EA13230E
:1026D00043EA13430133B3F5807F38BF4FF480736F
:1026E0005C422C4003EB040C674500F28780072B0B
:1026F000ACEB07074FF0010C8CBF4FEAD30E4FF045
:10270000200EB7FBFEF70CFA07F7013FFFB2361BAE
:102710002D1BB3FA83F3B5FBFEF5B6FBFEF666445C
:102720000CFA05FC07FA06F60CF1FF3CC3F11E0398
:102730004CEA060C5B000CF0FF0C03F03E0343EA8E
:102740000C23304D43F0407343F001130232C5F8BF
:102750009800C5F89C40C5F8A0300A60BFF35F8FB1
:10276000284B0522C3F894205A6A42F480325A62F8
:10277000BFF34F8FBFF36F8FBFF34F8FBFF36F8FD9
:10278000254B01225A64254BD3F8FC20244B120E12
:1027900048D14AF6E851C3F89011D3F8981141F0A6
:1027A0000401C3F89811C3F89021D3F8642142F4CE
:1027B0000052C3F8642137E014B9FEF733F95AE741
:1027C000164AD2F8F8309BB2B4EB832FF5D2D2F888
:1027D000F82004F1500392B2B3EB822FEDD82046DB
:1027E000FDF7D6FD0028E8D0636913B9FEF71AF9A2
:1027F0002EE79DF86830012BF8D121E75B006FE7E9
:1028000000500E4000ED00E0540B0020BC00002002
:10281000BC0000203900011300000E400081E00FD1
:1028200000300E40012AC0D0844A136A23F44413B6
:1028300043F488131362A2F58042136843F4807353
:1028400013607F4BD3F8A42142F4F842C3F8A421CB
:1028500002229A639A6B02F00F02022A40F004816E
:10286000DA6C22F0405222F0010242F00102DA64F6
:10287000D3F8EC2042F44072C3F8EC20714A0F21E7
:102880001180DA6E42F08072DA666F4BD3F88009FD
:1028900000B10420FFF7A6FE6C4B694FDFF8B8814A
:1028A000C8221A806A4BA0220F2000241A80FDF74C
:1028B00069FF684BBB65CDE91244CDE91A44D8F8ED
:1028C0001832C3F307295FFA83FACDF87090CDF878
:1028D00050A0FE6CC6F30176224633461AA912A810
:1028E000FDF716FFD7F8EC50C5F3012522461BA9CA
:1028F00013A82B46FDF70CFF4FF41674A9EB0A0240
:102900006243B2FBF4F252449145DDF868C012997B
:10291000DDF86CE01398C0F0A780AEEB00036343D2
:10292000B3FBF4F3C0182CBF012300238645C0F08D
:102930009B80002B40F09880ACEB01036343B3FB1A
:10294000F4F3C9182CBF012300238C45C0F08C8000
:10295000002B40F08980FC6D24F4FE4424F0020436
:1029600044EA0224FC65022ED8F830225CD0032E03
:102970005DD0012E14BFD2B2C2F30722120312F4AB
:10298000702F71D12E4CE36E23F470431343E36632
:10299000314B022DD3F830224BD0032D4CD0012DDA
:1029A00014BFD2B2C2F30722120312F4702F5BD10C
:1029B000234BD3F8EC4024F470442243C3F8EC20BA
:1029C0005A6E814238BF0146E72922F4FF7228BFC0
:1029D000E72122F0010242EA41025A66DA6B42F430
:1029E0008062DA634AF6E852596B5A639A6FD407E9
:1029F000FCD41B6C144A13F003032FD00123C2F83C
:102A0000B43A0F4B9A6FD007FCD41A6C22F0030231
:102A10001A649A6F12F00102FBD10B480129C0F829
:102A2000B42A08BF5A631BE0C2F30742A6E7120E9E
:102A3000A4E7C2F30742B7E7120EB5E700400E4025
:102A400000300E405C0B00200000C6435A0B0020F3
:102A5000580B0020372110B70081E00FC2F8B43ABC
:102A6000C74B0122C3F89427C64CC74E1120FFF76D
:102A700023FC002102200122FFF782FC636A23F07D
:102A800001036362C14B0025C3F8A054A36A23F07D
:102A9000070343F00603A362BD4BE362226BBD4B09
:102AA00002F07F6213432363BB4B6363FFF70AFDAE
:102AB000BA4B304601211B68FFF71EF8FDF7B4FD45
:102AC00001463046FDF714FED4F80001C0F304209F
:102AD0000130B6FBF0F0FDF7B1FD012211460220F6
:102AE000FFF74EFC636AAE4E43F040536362D4F886
:102AF000C83043F00103C4F8C830AA4BD3F8D8302B
:102B0000B365042404AA06A935208DF81040069563
:102B1000FFF700F906238DF80F30069B8DF80E4065
:102B200013F4803F07AC00F0538205232246B16DB9
:102B300002F8011B013BFAD29DF8213063F03F03FC
:102B40008DF821309DF8223043F001038DF82230BA
:102B5000954B5C60954B964A9A6000274FF48071C4
:102B60005961C3E900221F82924A934B9348944DC6
:102B70001F82C3E900229A60596100F0FAFC904874
:102B8000904C914E00F069FF0FCD0FC495E80F00F7
:102B900084E80F008D488E4B036039468D4B4360AF
:102BA00000F08CFC74A3D3E900233060CDE900234E
:102BB0004FF0FF334FF0FF3200F029FF02224FF0B9
:102BC000FF313068784C00F024FF0DF1680A942240
:102BD0003C23CDE91A321C935146962330681D934D
:102BE000CDE91E77209700F04BFD37467A493068D3
:102BF00000F022FF306800F0C6FFB4F9001057F86B
:102C0000080B00F02EFF6468002C40F0FA81384673
:102C1000FDF7E0FCB37B64F30003B3736F4BDFF8A5
:102C2000F4916F4D4FF0200883F8018383F80483FB
:102C300083F8068383F8078383F8058383F8088382
:102C400083F81D83674B5A220021184606F0B8FA14
:102C5000A0F10A04644B636042F21072E26042F237
:102C60000153624A40F80A2C2381614A4FF4907361
:102C70003384012313700022C9F800201B222A800C
:102C80000DF10D0103AA3E208DF80C30FFF742F83C
:102C900011230DF10B020DA936208DF80B30FFF733
:102CA00039F80DF10A02514639208DF80A80FFF7F4
:102CB00031F8002837D14F4B9DF80B2018681B794D
:102CC0001A908AF80430002A00F0A2811B2A28BF3B
:102CD0001B22531D8DF80A300DA9531C0DF16D00F8
:102CE0008DF86B3006F05EFA12A8FDF773FC424ACD
:102CF0009DF80A3012882AF8032022A99A1C51FA5A
:102D000082F21298BDF84C1042F8200C22F81C1CDC
:102D100003F1080222A951FA82F20933002102F8D4
:102D2000201C8DF80A3020230DF1090212A93A2047
:102D30008DF80930FEF7EEFF48B9304B5A8A1B7DFB
:102D40008DF84A300323ADF848208DF809302C4B1C
:102D50002C4800224FF00208C3E900222A4B0360EE
:102D600080F80480FDF744FE2848294B03601023B7
:102D7000037251E0AFF300800855005100000000DD
:102D80000000C64300400E4000F049020000C84366
:102D90002000050007450BD047A0020000300E4080
:102DA000005008400081E00F58130020A00D0020C3
:102DB000A00C0020A00B002034130020690345EC78
:102DC00088950000600B002098100020900B0020D8
:102DD00071130000800B00201200002000E100E0D1
:102DE00028110020C610002055555500D6BE898EEA
:102DF0005E0B0020ED930000F79300006495000047
:102E00004C1300203C0E0020FA930000E40D00203B
:102E1000FD9300003013002080F80480FDF748FF88
:102E2000B148B24B0360B24B80F80480C36080F8B5
:102E30000880A0F81080CDE90038434690E80600ED
:102E40001430FDF769FD9DF80B10002900F0EB80B0
:102E50000DA8FDF757FFA748A74B03604FF01008D8
:102E600080F80480FDF7C4FDA448A54BA54A036083
:102E70004FF6FE7B08230372C260A0F810B080F802
:102E80000480FDF715FFA048A04A02600C220272E0
:102E90009F4AC260A0F810B080F80480FDF708FFD8
:102EA0009C489D4A02604FF0020B9C4AC260082376
:102EB000038280F8048080F808B0FDF7F9FE984896
:102EC000984B0360984BC3600123038280F8048011
:102ED00080F808B0FDF7ECFE9448954B0360954BE5
:102EE000C3604FF6FE73038280F8048080F808B058
:102EF000FDF7DEFE9048914B0360914BC3604FF6A7
:102F0000FE73038280F8048080F808B0FDF7D0FEDD
:102F10008C4B8D4A1A604FF6FF729A809DF80A20FA
:102F2000202A05D8931D89486375514606F03AF961
:102F30009DF80920202A06D8931D854884F83D3045
:102F400012A906F02FF9FEF7C3F9227C617CB2FAD0
:102F500082F35B0963F30001237D617462F3030371
:102F6000B27B02F0010262F386132375637D0BB915
:102F700006236375774BB988B068C4F8160099804A
:102F800094F83C30042161F3030362F3861384F860
:102F90003C3094F83D3013B9062384F83D306E4B35
:102FA000B068BA88C4F83E009A80FEF721FA6B4EEA
:102FB0006B4B1B782BB1DFF8B8814046FDF7FCFA6C
:102FC000A0BB684A136923F00403136130BFEFE725
:102FD0000DF10F0221462C20FEF79CFE00283FF445
:102FE000B9AD0DF10E0205A93C20FEF793FE18B114
:102FF0009DF8140000F001009DF8223060F30003FA
:10300000A4E52068B060A288A379BB71BA8005E608
:1030100008238DF80A30544B1A889B78ADF86D2040
:103020008DF86F3060E65048032112E7EFF310840B
:1030300072B600231A460DF111014046FDF79DFDC1
:103040002046FFF769FA9DF8113013B10023C9F843
:103050000030D9F80020EFF3108472B6C2F5017386
:103060009BB232440DF111014046FDF786FD034647
:103070002046FFF751FAD9F800201A44032AC9F86C
:1030800000209AD93488231D9A4296D307D8708895
:1030900004284FF0000306D0062800F0AB8100237F
:1030A000C9F8003089E732796B8004F1FF3A122ABF
:1030B0001FFA8AFA5ED8012A5FD9931E2B4F102B74
:1030C0005BD8DFE813F05C005A0072005A008B00F6
:1030D0005A0022015A00BF005A005A005A005A00F2
:1030E0005A004F015A00EF00B80D00200094000074
:1030F0007A9500006C10002003940000141000204A
:1031000014940000D90D0000BC0F0020259400008D
:103110004D1E0000640F00203694000059950000F9
:103120000C0F00204794000058950000B40E0020BA
:1031300058940000DD0200005C0E0020699400003D
:10314000490400008C1000204C130020D8100020EF
:1031500000110020D2100020FA1000202C110020B5
:103160005413002000ED00E0F39300002011002034
:1031700034130020522A00F0B580062289E0BAF10B
:10318000020F40F03581B6F805400022B4F5007F0B
:1031900028BF4FF400740323114650463B70A7F834
:1031A0000140FFF705FA2C8079E7BAF1040F70D1DE
:1031B000B6F80540A0B2FDF73FF860B1027A7C8016
:1031C000022A4FF005010CBF012302233970416828
:1031D0007B70032057E06C800A225AE0073CDFF83E
:1031E00038B2CDF800B0A4B20194B6F80710B6F822
:1031F00005000223ABF10202FDF7A4FD4FF6FF7AB2
:103200005045044604D17368C3F30F236B80E3E792
:1032100000230130CDE90033ABF102020223514615
:1032200080B2FDF78FFD50451CBF00F1FF3080B22A
:1032300007233B70A7F80140A7F8030000221146BE
:10324000042020E0BAF1020F40F0D280B6F805B0B9
:103250001FFA8BF42046FCF7EFFF002839D0037BE0
:10326000990713D52B880DF11202013B09A92046BD
:10327000ADF81230FDF7AAFB024670BB0B23BDF878
:10328000122009993B70FFF793F908E75246A5F819
:1032900002B05D4B30796988587001241C705980E8
:1032A0001A71CBE7B6F805B01FFA8BFA5046FCF757
:1032B000C3FF70B1037B1A070DD5E21E92B25349CA
:1032C0005046FDF74DFB024638B913233B700146CB
:1032D000D9E70122DBE70322D9E77368C3F30F23A1
:1032E0006B80D6E7B6F805703846FCF7A5FF0028D6
:1032F0003FF4D5AE037B5B077FF5D1AEE21E4349B9
:1033000092B23846FDF72CFBC9E6631F9BB2022B35
:1033100001D0102B6CD10022CDE90022DBB23C4A57
:10332000B6F80710B6F80500FDF70CFD4FF6FF7371
:10333000984204463FF467AF2B880DF11202043B1C
:1033400009A9ADF81230FDF741FB024608B16C80C7
:103350009FE7BDF8122009997C8009233B70931CDC
:103360007B7036E7053CA4B2022C01D0102C3FD173
:103370004FF0000BCDE900BBE4B2B6F80710244AC9
:10338000B6F805002346FDF7DDFC4FF6FF718842D5
:1033900082463FF438AF013023461D4ACDE900BBD9
:1033A00080B2FDF7CFFC2B884FF6FF7188420446B0
:1033B000A3F1060318BF00F1FF340DF1120209A9B1
:1033C000504618BFA4B2ADF81230FDF7FFFA02461E
:1033D00010B1A5F802A05CE7BDF812200999A7F882
:1033E00002A011233B70131D7B70BC8005204AE7AF
:1033F00004224EE7CDE90B33064B099309A90223BA
:103400000A93FFF7ADF84AE620110020331100209F
:103410003511002018000020371100200D4AD2F885
:10342000E430D2F8E0109B0003F03C03C1F38111BB
:103430000B438370D2F8E03003F03F034370D2F8BF
:10344000E830D2F8EC2003F0F003C2F30312134388
:103450000370704700FF0FE0FEE7000008B5FEF7BD
:1034600075FB124B12498B4212D3124B12490020AA
:103470008B4218D3FCF794FE186850F82240586825
:1034800040F82240013298688242F5D30C33EAE7D3
:103490000022F8E71C6844F8220001325C68A2426E
:1034A000F8D30833E4E70022F8E700BFA4B6000031
:1034B000B0B60000B0B60000B0B60000F8B50D46DA
:1034C00010B900242046F8BD0E4F3E68002EF8D1FA
:1034D00000F052F804460028F3D0386000F0A8F855
:1034E000204600F074F838B130463E6000F0A0F895
:1034F000204600F067F8E4E7002DE3D02046A84717
:10350000E0E700BF601300200846114600F0A2B8B3
:1035100010B504F01DFF20B9024BBDE810401B6838
:10352000184710BD2800002010B500F074FA20B92B
:10353000024BBDE810401B68184710BD2800002052
:1035400070470000431E033306D8044B984228BF3F
:103550001846642838BF6420704700BF40420F00FF
:10356000431E012B03D9031F5842584170470120C5
:10357000704700F065BE0000F8B50546FEF780FA1A
:103580000F4B1E68074626B93846FEF7C5FF34467E
:1035900011E0B4688CB194F810C01CF0010F0CD18C
:1035A00095E80F004CF0010C84E80F0084F810C07F
:1035B0003846FEF7B1FF2046F8BD3668E3E700BFA6
:1035C000200000204FF4A472002105F0F9BD10B5D1
:1035D0000021044600F02EFA2046BDE8104004F019
:1035E000C1BC000038B505460C4641B10B6833B18B
:1035F0001B68013303D0CB680BB18B684BB900F06B
:103600001DFEBDE838404FF492724121002000F0C9
:1036100095BA084600F017FE0023044A85F8DC300E
:10362000C5E92343C2E9003338BD00BF6813002059
:1036300010B5044618B9054B054A136010BD03F0D8
:10364000D5FED4F89830002BF6D1F4E741350000D0
:103650001C00002010B50C4603F006FF054B0021AE
:103660005B68032098471CB104F09EFE0128FBD143
:1036700010BD00BF2800002004F052B804F066B866
:1036800008B502460868FFF75DFF08604868FFF765
:1036900059FF48608868FFF755FF8860C868FFF7E2
:1036A00051FF0B69C860581C03D00B48834228BFE8
:1036B00003460B614B69581C03D00748834228BF5F
:1036C000034688694B61FFF73DFFBDE8084088610C
:1036D000104604F0A5BC00BF40420F002DE9F84F92
:1036E000D0F8903006460F4613B1038B8B4246D07C
:1036F000D6F88CB0BBF1000F44D0DBF80830002BBB
:1037000040D0DBF80C1000293CD0D6F8A0A0BAF1CC
:10371000000F3AD04FF000094D46C84601E0DBF8F3
:10372000083005EBC50203EB82040135E389BB4297
:1037300016D8238ABB42304612D3B4F91230B6F9F8
:1037400024109942A04603EAE37255DD96F8D010A2
:10375000FEF70EFA337D834281464DD9DBF80C101B
:103760008D42DCD3B8F1000F40D000234246194609
:103770003046D0473783C6F8908086F8D99000202D
:10378000BDE8F88F0320BDE8F88FD1465446524675
:1037900047F6FF7504EBC40803EB8808B8F80E3051
:1037A000BB421DD8B8F81030BB4219D3B8F912206B
:1037B000AA4202EAE27207D14FF0FF093783C6F846
:1037C000908086F8D990DAE796F8D0103046FEF768
:1037D000CFF9337D834281464246EFD9DBF80C10A6
:1037E0000134A14204D9DBF80830D3E70120C7E750
:1037F000002AFBD09046E1E7A046B6E72DE9F04766
:1038000082B004468946164604F0B0FD3B4D08B12F
:1038100000236B602B68D4F88CA0D4F890700BB1A7
:1038200053454BD04FF00008C5F8089004F0BCFD9C
:10383000012836D12B68DAF800103A6813B11868FD
:10384000884246D0204604F0DBFAC5E900A7D4F848
:10385000A0508DF80760002D42D000220DF1070323
:1038600011462046A847204604F0B6F80546B8F1B0
:10387000000F00D08EB1B5FA85F040F2DE3240097B
:10388000332100F05BF93146204604F0C5FA1C4BA9
:1038900005461B68394620469847284602B0BDE8D1
:1038A000F087012003F0E0FD164B00215B68032048
:1038B000984704F079FD0128FBD1BBE76B68002B2A
:1038C000B0D0BB42AED1AB68994514D04FF00108DF
:1038D000AAE7696811B109689142B6D05968B1E7A1
:1038E000217D94F8D930994228BF194632462046A6
:1038F00004F008F8B7E70025CFE700BF6813002001
:103900001C00002028000020F8B505460E46FEF7F2
:10391000B7F8314607462846FFF7E0FE044620B1D7
:103920003846FEF7F9FD2046F8BD04F01EFD22469C
:1039300031462846FFF762FF04463846FEF7ECFDA5
:103940002046F8BDF8B505460E46FFF74BFED5F804
:103950008C307BB15B696BB101F0CCFBD5F88C305E
:103960005B691B1A584240F26B124FF042015841FA
:1039700000F0E4F8F76800224FF6FF734FF0240CD4
:10398000D0B2B84208D31C4621462846FFF7BCFFF8
:1039900000F05EFC2046F8BDB1680CFB0011CC893C
:1039A0009C4202D2002CEFD023460132E8E7008B84
:1039B00070470A7838B505461046FFF7D1FD60B16B
:1039C0004C782046FFF7CCFD38B12243530704D48E
:1039D0002846BDE8384003F0CDBE012038BDFFF7D2
:1039E000E8BF10B504460878FFF7BAFD58B14A7829
:1039F0001046FFF7B5FD30B1042A04D02046BDE8DB
:103A0000104003F0EFBE012010BDFFF7EABF03F046
:103A1000ABBC03F005BE70B504460D461646FFF775
:103A200073FF30B9324629462046BDE8704002F0A7
:103A300051BC70BD04F0A8BC38B5044648880D469A
:103A400000F0FFFBD4F8A0302BB929462046BDE892
:103A5000384003F0FDBE022038BD00F0F3BB03F098
:103A6000B1BF73B5044600200D4600F0EAFBD4F860
:103A7000A06069462046FFF7F2FF5EB99DF800108E
:103A80002A462046FEF774F80146204603F066FFFA
:103A900002B070BD00231A4629462046B047F7E71A
:103AA00038B505460C46FDF7EBFF2B6B1C40EB6A67
:103AB0002343EB62FEF730FD211E18BF01210020D9
:103AC000490238BD04F033B904F052B907B54FF4D8
:103AD00000730A49ADF806300DF10602FFF7F4FF56
:103AE000BDF80630B3F5007F05D1022808BF0020DD
:103AF00003B05DF804FB0120FAE700BFC01400200A
:103B00000846114600F0C0BA04F0FEB838B50446C5
:103B1000154609B104F04AF925B12046BDE8384000
:103B200004F046B938BD0000024B1960024B186022
:103B3000FEE700BF24000020C016002008B550B9E1
:103B40000548064B01601A60054B1A68054B1A6060
:103B50001868FFF7E9FF08BD24000020C416002004
:103B600060130020C0160020437C03B108470220E8
:103B7000704710B5044604F0CFFC20460321BDE891
:103B8000104003F04BBCFFF7F4BF00000149FFF702
:103B9000EBBF00BFED8400000149FFF7E5BF00BFA8
:103BA000C184000010B5437C0C4693B149680022E3
:103BB00004F0BCFC206890FAA0F0000A01F0ECFBD5
:103BC000A17A2089002281F0010104F00DFD00207E
:103BD00010BD0220FCE71FB5CDE90012ADF808309A
:103BE00069469DF818308DF80A30FFF7DBFF05B005
:103BF0005DF804FB00207047002070472DE9F74F67
:103C00001C469DF830300193036803F00703063328
:103C100001259D400646174605F1FF380B46A1B128
:103C2000416804EA080BA5EB0B0A41F00059524524
:103C300009EB0B0114D95246184605F0B3FA7A1B6A
:103C40005A444946504405F0ADFA019B2BB13C441F
:103C500048EA050804EA0804F46003B0BDE8F08F00
:103C60001846F0E70D4BD3F8E020D20314D50C49E9
:103C70004FF48032C3F8E820C1F8EC209A6BD1B23F
:103C8000C2F3072299679A6704229A6700229A670B
:103C90009A679A679A679A67704700BF0010084052
:103CA00000100846F8B50C4C0D4617460646FDF7C1
:103CB000E7FE0123A362042327606660A560C4F8C1
:103CC000E830064B4FF48072C3F88021FEF724FCE5
:103CD0000DB10223A362F8BD0010084000E100E02E
:103CE000054B1860054B01229A6540F6FF72196377
:103CF00058635A65704700BF5017002000100840F5
:103D00002DE9F04F042A83B0054639D90B78836139
:103D10004B7883618B788361CB7883610068D5F8B9
:103D200008B06E6800F007000123063003FA00F8BF
:103D300008F1FF3909EA0B07A2F1040AA8EB070210
:103D4000924501F1040446F000560DD8F0192146C1
:103D5000524605F027FA0AEB0B0248EA09031A401B
:103D6000AA6003B0BDE8F08F2146F019019205F07A
:103D700019FA019AA118AAEB080230463A44E8E77A
:103D8000013A032AEDD8DFE802F00B08050211F82A
:103D9000013B836111F8013BAB6111F8013BAB6161
:103DA0000B78AB6103B0BDE8F08F00BF37B50025DD
:103DB00000951446FFF722FF204603B030BD0000F7
:103DC00038B50C46104B1546014668B10122C3F8C0
:103DD000B8200E482246FFF793FF1DB10A4B04227C
:103DE000C3F8B820002038BD64B1D3F89C20A242AB
:103DF00084BF0122C3F8B820C3F898400222C3F858
:103E0000B820EAE70122FAE70010084090100840C5
:103E100010B5FDF735FE184B184901229A65C3F815
:103E200088201A66164A5A660722C3F884200A8038
:103E3000144900220A804FF4A021C3F8E81003F1CE
:103E4000C0630446C3F8EC100F4B1A600F4BD3F855
:103E500088305B020AD50E4B18680E4B4FF4800277
:103E6000C3F88820416BA43001F0B2FA2046BDE8C7
:103E70001040FEF751BB00BF00100840CE160020D6
:103E8000D0160020CC160020C816002000400840A4
:103E900060130020004008440D4B07221A800D4B90
:103EA00000221A800C4B0121C3F8B810C3F89020EF
:103EB0004FF40052C3F89400C3F8B420074BF0222B
:103EC0001A6403F10073A0221A64FFF7A1BF00BFB8
:103ED000CE160020CC160020001008400000084438
:103EE0002DE9F041044688B1394E3A4FFDF7C8FD3F
:103EF0003388394A03F07801032C054603F07F0C20
:103F0000114453D13C6824B9FEF706FB0320BDE8F9
:103F1000F08124F00104386820F00100A0424AD169
:103F200000223A6022886FEA42426FEA52428C4293
:103F3000228036D1294CDFF8B8C02788ACF1800840
:103F40003A46083A92B201F10800604528BF40465F
:103F5000082A04D9B0F900E0BEF1000F36DB228058
:103F60003B440C8888781E499B1ADBB2C4F30C04CE
:103F7000CC6300F007003380CB66C1F88420FFF7E4
:103F800071FE04280DD1174BD3F88830164B1868F2
:103F9000164B4FF48002C3F88820416BA43001F027
:103FA00017FA2846FEF7B8FA0020B0E7601E01288D
:103FB00098BF0C46AFE7094862440088A21A48BF80
:103FC000803208389042ADDC28469DE70146B8E7CC
:103FD000CC160020C8160020D0160020CE160020D7
:103FE00000100840004008406013002000400844D2
:103FF000501700200E490F4B0A881B880E481344A7
:10400000073B03F0780303440832987892B20A80A1
:1040100000F0070009490428C1F8842004D101F503
:1040200040514A681203FCD4054A1360704700BF30
:10403000CE160020CC160020D0160020001008401C
:10404000C816002010B5054C206828B1C30701D45C
:10405000FFF746FF0023236010BD00BFC8160020F5
:10406000084B4FF48032C3F8EC2003F17C43C3F8D3
:10407000E420D3F88030C3F30C03782B01D8FFF78A
:10408000F1BD7047001008442DE9F84304460E4680
:10409000FDF7F6FC504B514D1A882D88814650484B
:1040A00002F07801032C02F07F03014417D14D4C3C
:1040B00024688CB92A44073A02F078028418034431
:1040C000E31A48BF8033AB4210DB4846FEF724FAC0
:1040D00000242046BDE8F88324F00104EFE7012C1A
:1040E00002D0022CEBD1083D0C46E8E7002E41D06F
:1040F0008C423D4942D1D1F83C800A6B02F0070264
:10410000063201279740D1F88020C2F30C029A4270
:1041100047DDB4F900302588002BD6DBA378C5F342
:104120000C0503F007037A1EA5EB08053A43052B9F
:10413000337005EA02052CD82DB2E84340F236422E
:104140000421C00FFFF7FAFC7580E378274A337427
:1041500012687B1E03EA0803D118B160A9B213FAF2
:1041600085F5BD4289BFFF1A0023B780F2609CBF6E
:10417000B180F3604846FEF7CFF9AAE7A4F1080240
:10418000824238BF04F17802B2F80080C8F30C080C
:10419000B3E7174BDB6C003B18BF0123A5EBC3054E
:1041A000CAE78B6B7A1EA3EB08033A431A40114B04
:1041B00015B25B686AB9C3F30363D91E4B424B4126
:1041C000DB0033700B4B7280D3F89030C3F30723BE
:1041D000BCE70823F5E700BFCC160020CE16002070
:1041E000D0160020C81600200010084050170020EC
:1041F0000000084000400840431C08D0044AD2F8A0
:104200003C311B0C1B0480B20343C2F83C317047A5
:104210000040084038B50D6804462846FFF7ECFF1B
:10422000D4F8903043B15B6933B1013504BF6FF00E
:1042300001020A600A681A60002038BD04F095B8CF
:10424000704770477047A62231210120FFF776BCE6
:10425000704738B50D46044600F04CFFAC4042F2C2
:10426000107364095C436423B0FBF3F0B4FBF0F01B
:1042700038BD0000034B1A689B88026083800020D1
:10428000704700BF3A0000200F4B0628D3F8883152
:1042900004D183F40013C3F340507047022805D1C2
:1042A00013F4400F0CBF01200020704750B9074A9B
:1042B000D2F8D40010F0010005D083F48003C3F3DA
:1042C000805070470020704700400E400081E00F92
:1042D0000C4A5288B2F5E16F94BFC8225A2210B539
:1042E00094BF7824502490428CBF172210220A7069
:1042F000054A0346107818B19C422CBF00200120CB
:1043000010BD00BF3A0000203300002013B5234B3E
:104310001B780E2B04463ED00DF10701FFF7D8FFA6
:104320001E2C8CBF1E4C1F4C9DF807304FF0010215
:104330008CBF01210021C4F8082170B1194A4DF643
:104340000174C2F804411B0202F1007243F44043BD
:10435000C2F80431144AA2F8D430134A134C92F82C
:10436000D83023F00103034323F0020343EA41035F
:10437000DBB282F8D83024786CB923F0040343EA26
:10438000800323F00803B2F8D440A2F8D64043EAF1
:10439000C10382F8D83002B010BD00BF3A0000203F
:1043A0000040084600400844001F00215617002026
:1043B000084B094AD3F88831DB4303F4FE1343F476
:1043C0000053B3FA83F30E33A3EB4313013B137093
:1043D000704700BF00400E403200002002280CD081
:1043E000062802D020B100207047054B187870478E
:1043F000034B18780430C0B270470720704700BFE5
:1044000032000020022807D0062807D0003818BF45
:1044100001204042C0B27047012070470020704721
:1044200030B51F23B0FBF3F35D1CEDB24FF0FF344A
:10443000C3EB4313AC40C01AE4430130E4B2C0B252
:104440001460086030BD00002DE9F7433A4E3B4F41
:1044500096F8009015463A4AD2F8C820B9F1020FF2
:104460000446884607EA02071AD147EA006788F837
:104470000000002372882B60B2F5E16F94BFC82260
:104480005A2227F47F57944227F008079ABF380A28
:1044900000F47F5043F6C870384303B0BDE8F083A2
:1044A000284A1278904228BF144604EB83030B700D
:1044B000F4B1013CE4B24FF030632B606A4601A9CD
:1044C0002046FFF7ADFFDDE9002347EA03671E4BF7
:1044D00098F800101B7847EA823747F47F5747F077
:1044E00008073BB90029194B18BF4FF07F43C1E7BC
:1044F000164BE2E7164B1748B9F1060F08BF034603
:104500002AB90029114B18BF4FF07F43B2E7B2FA26
:1045100082F2C2F11F02D2B29B5CDBB239B15A1EE9
:10452000D2B2FD2A05D81B0643F00403A2E7074BCD
:10453000A0E74FF07F439DE73A0000203F00C0E036
:10454000001F002132000020571700200400000B3C
:10455000B883E00FB083E00F2DE9F3410446C82093
:10456000FFF7D4FE2B4B2C4E18780E2801D0FF2CD1
:1045700005D1FF243470204602B0BDE8F081022846
:104580002DD1072C204628BF072001284FF000031B
:1045900001AA0DF1030138BF0120FFF755FF0546C1
:1045A0001E4B1F4FDDF80480C3F85881C7F8C85070
:1045B0009DF8034034702046FFF7A8FE194A4FEAE1
:1045C000082303F4E063127843EA1863A7F8D030B5
:1045D000002AD0D1C7F8CC50A7F8D230CBE7A0B989
:1045E000052C32BF002701270420201A3B4601AAD0
:1045F0000DF10301C0B2FFF727FF4FF4800305461A
:1046000037B1094AC2F80831CAE700273846ECE753
:10461000064AF7E73A000020380000200040084032
:10462000001F0021561700200040084600400844A3
:1046300008B501F037F8094B094A002818BF1A4697
:10464000136823F47F115B0803F4FE130B4313601C
:10465000044B4FF00072DA6108BD00BF0041084012
:10466000184108400040084008B501F01BF8064B0F
:104670004FF4001228B1C3F800214FF000621A6213
:1046800008BDC3F81821F8E700400844014B18683A
:10469000704700BF5C17002070B505460E46C0B2DB
:1046A00001F00F01FFF7D5FDC6F303110446C5F372
:1046B0000720FFF7CEFDC6F303210444C5F30740EE
:1046C000FFF7C7FD204470BD436C012B38BF0123A9
:1046D0002DE9F0479A46464B464F9B69464E474D5B
:1046E00003F4E073A3F5C07280464548514251413E
:1046F00002685245434A0FD114788C420CD198F885
:10470000D0C03C78A44507D198F815C03478A445AA
:1047100002D1A888BDE8F087B3F5C07FC0F800A03B
:1047200011704AD1D8F8944024B12368082B58D985
:1047300094F838400F212046FFF78BFDBAFA8AF330
:10474000002852D0B0FA80F29B1A002BC6BFD84086
:10475000C3F10F094FF00F09504501D909F1FF3995
:10476000234B2004C3F8BC0003F1806340F6FF72C2
:10477000C3F8B82003F100734FEA0921C3F8B81059
:10478000FFF78AFFA88000F0B5FC09F01F094FF47D
:10479000FA7304FA09F45C4341F66A03B0FBF3F0E0
:1047A0000A23B4FBF0F45C43174B1C6098F8D0303C
:1047B0003B7098F815303370ABE798F8D030062B83
:1047C00006D1124B1B78002B0CBF9624C824B1E7EE
:1047D000022B08D00D4B1B78002B0CBFB424F02407
:1047E000A8E70024A6E73224A4E74FF00F09B7E7B3
:1047F0000060084031000020300000203A00002016
:1048000034000020591700205C17002057170020A3
:10481000FF290DD00F4B1048C3F850010B040905B8
:1048200001F0F87103F4E0230B430C49C1F8503157
:10483000FF2A0DD0074B40F2F711C3F850111301B6
:1048400003F4F87302F007021343044AC2F850312C
:1048500000207047004008440000F701004008466F
:10486000F8B5134B134E1F68134D384600F0ECFE9D
:104870003378C4B2A34201D12B78A3B1092C14D848
:104880000E4B012C195D05D10D4B1B78022B01D16C
:1048900041F0400101F00F0238460909FFF7B8FF67
:1048A000002334702B700020F8BD0024FA21F1E7BA
:1048B0006013002055170020541700204C9600006C
:1048C0003A00002038B5044600F0BCFB1422002159
:1048D0002E4804F075FC2E4B25781A782D49521B72
:1048E00018BF01220A7022681A60C820A2889A8024
:1048F000FFF70CFD284BD3F8C820284BFF21197077
:10490000274B2849062D03EA0203274A1AD14FF400
:10491000EE40C2F824014FF48A42C1F8242101225A
:1049200043F08043C1F820211B4AC2F8C8301E4B17
:104930000322C3F85821FFF793FF1C4B01221A7082
:10494000002038BD022D4FF007000ED1C2F80C0137
:104950000620C1F80C011649C2F808114FF4404175
:1049600043F00303C2F80411DEE7C2F80C0105208E
:10497000C1F80C01C020C2F8080143F08043812235
:1049800043F00403C1F80821CEE700BFC81F00218F
:104990003A00002054170020001F0021380000209A
:1049A0002800C0A0004008460040084458170020D6
:1049B000C10040002DE9F0472D4C2E4B236000F044
:1049C00099FB4FF4FA7307464FF47A76B0FBF6F68C
:1049D00029482A4A7343190E1B02181841F1000195
:1049E000002303F043FEA0F580730546A36220B9BF
:1049F00066222B21FFF7A2F801254FF47A726A4351
:104A00004FF0000A53465008310203F02FFE1C4BB2
:104A100019601C4BB7F57A7F4FEA05688946044652
:104A200018604FEA152505D276222B215046FFF754
:104A300085F801264FF47A73A8FB030103FB0511E7
:104A40007308C01841F100010023324603F00EFE46
:104A50000D4B023419600D4B49F10009A408186090
:104A600044EA8974024B013C1C63BDE8F08700BF37
:104A7000005008400211010020A1070040420F0031
:104A8000701700206C1700206817002064170020A2
:104A9000044B4FF00052C3F880211A60024B0122F0
:104AA0005A60704700E100E00050084038B502014C
:104AB0000A4B01259D500A4A4FF480738340536688
:104AC0000446FCF7DDFF074A1378A54023EA0503F7
:104AD0001370BDE83840FDF71FBD00BF005108440A
:104AE00000500840601700202DE9F04715460446A5
:104AF00088461E46FCF7C4FF022D00F0B88007462A
:104B0000FDF76AFD6C4B6D4AD3F8189092F815A02A
:104B1000DA6D5FFA8AFA520744BFD3F818900AF1A7
:104B2000010AFDF75DFD664B664A1B6811684FEA96
:104B30008A7CA3FB093213F1004301FB09CCD8F8AE
:104B400000304CEB020C012D04BF01336344ACEB8D
:104B5000030C08BFC8F80030BCF1804F0AF0030A0C
:104B6000C0F09880584AD2F800C0584AD2F800E005
:104B7000514A23F04041106B4FF000480022ECFBFB
:104B800001820EFB012282424FEA937381BF0133FF
:104B90000130121A03F00303A3EB0A03914588BF07
:104BA0004549DFF848C184BF096B03F1FF3303F0C7
:104BB00003030CF80430A2EB0900A3B1F10742BFD4
:104BC000434B41F61F71D966B30742BF404B414981
:104BD000D966710742BF384B00211967330742BFBE
:104BE000354B00211965344B04F1100103EB041E11
:104BF0000901CEF80C2111225A5037499A694FF019
:104C0000010EA2EB090A0EFA04F8D3F85C900A78B8
:104C10005FFA88F848EA020282450A7026D34FF408
:104C20008072A24019EA020F20D11CF8040000286B
:104C30003FD10DB3F0071A6608D5254B274941F639
:104C40001F7240F20110DA66C866DA66B10706D54F
:104C50001F4B22491F4A2248DA66C866DA66720785
:104C600042BF204B01229A60330719D43846FDF722
:104C700053FC0120BDE8F0871B48240140F804E004
:104C80005A66FCF7FDFE14490B7823EA08030B7003
:104C9000FDF742FC3846FDF73FFC0020BDE8F087F9
:104CA000212000F03FF9044B4FF480325A6038461F
:104CB000DDE71A663846DAE700500840C0170020E2
:104CC00064170020681700206C1700207017002060
:104CD0000050084400001F1F6017002000500846C5
:104CE00000000101004008400051084474170020F2
:104CF0001030034B0001185800F00100704700BF4E
:104D0000005008401030044B01F46001000141F0F4
:104D100003011950704700BF0050084038B5FDF737
:104D20005BFC084B084A9D69547DDA6D520748BF09
:104D30009D69E4B248BF0134FDF752FC284604F0F7
:104D4000030138BD00500840C017002008B52220DC
:104D500000F0E8F8024B4FF480225A6008BD00BF13
:104D600000500840064B1B68434303EB8171054B21
:104D70001B68A3FB003013F1004341EB00007047B8
:104D8000681700206417002008B5FFF7C7FFBDE8CB
:104D90000840FFF7E7BF10B50446FFF7BFFF8442A6
:104DA00088BF01F1FF31204601F00301BDE810404A
:104DB000FFF7D8BF0D4A10B5146820F040430146F4
:104DC0004FF000420020E4FB0320094A126802FB76
:104DD0000300084B1B6B98424FEA917104D90133D1
:104DE0000131C01A01F0030110BD00BF6C17002093
:104DF000701700200050084038B50446FFF7C4FF84
:104E00000546FFF7C1FF431BA342FAD338BD00009C
:104E10003B4B082270B501210546C3F8C82039482C
:104E2000394CFCF71FFF394B1D702378013B012BD8
:104E30000CD8237CE07B01229A400C21302313FB09
:104E4000001303F1884303F520431A60304B00221E
:104E50005A677DB92F4A4FF6FF71D16702F1007290
:104E6000F821D1675D672C4B4FF08042C3F8942046
:104E7000002070BD636853B300F03CF9626800EB3A
:104E80005203B3FBF2F3013B1B0243F0F803267815
:104E90002049224A022E1CD0032E1D484FF6FF75D2
:104EA00021D0012E27D143F00203CD67D36707231A
:104EB0004367237CE07B01229A400C21302313FBC3
:104EC000001303F18C4303F520431A6011E0F8232B
:104ED000DDE743F001034FF6FF70C867D3670C4B63
:104EE00005225A67E5E743F00503CD67D367012341
:104EF00043670B4BB8E7CD67D3670023F8E700BFE4
:104F000000400E4600350A007C170020791700206B
:104F10000000084000000844004008440000084623
:104F200000400846044BD3F89430002BBCBF034B21
:104F3000C3F88000704700BF0040084000000840F0
:104F40004FF0006318B1034AC2F894307047024A28
:104F5000FAE700BF004008460040084400207047C0
:104F600008B5064B06491A684FF00450920004F049
:104F700019F9BDE8084000F04FBE00BF7896000068
:104F80007C96000007B501A8FEF748FA134B144AB7
:104F9000C3F8442148F2E672C3F838214FF408629E
:104FA000C3F834210F4AC3F8A0200F4A4AF63F4104
:104FB000916002F580424FF0C07191620022C3F807
:104FC000FC200A4AC3F89C20094B7F225A6203F155
:104FD000007323225A6203B05DF804FB00400840CE
:104FE000C0E653517A27000F00300840806D6303FC
:104FF000003008440F4B002210B5C3F88820C3F8D6
:105000008C20C3F890200C4A0121D1605A6812F01C
:10501000706FFBD14FF00452DA67012402F5FD52A4
:10502000C3F880401A66054B1B689847044BDC6048
:1050300010BD00BF0040084000400846400000206E
:1050400000400844034BFD22C3F8C8200122C3F8E6
:10505000CC20704700400E4638B5FFF7F3FF1B4BDE
:105060001B481C4C1C490222C3F8C8201B4B1A6861
:1050700042B102EA0005A54204BF5D68156008332D
:105080008B42F4D1164B0222C3F8C820154B164AA6
:10509000D3F83C111160154AC3F8942000F0A0FB2E
:1050A000FFF770FF124B0322C3F8D820A3F500537B
:1050B0000122C3F894204FF46072DA604FF040721E
:1050C000C3F8F820C3F8102138BD00BF00400E46D9
:1050D0000000FFFF00000840B081E00F0080E00FFB
:1050E00000400E4400400840440000200048F0000A
:1050F0000060084608B5FCF7CBFC044BD3F8103130
:10510000C3F308230133B0FBF3F008BD00400E40A9
:1051100070B5044618B1284D2268531C00D170BDEB
:10512000C2F30063110C35F8130011F0FE0F93B2B7
:1051300043EA0043606818D00434CAB2022A2168E6
:1051400008D9D4E90160033AC3E9001698600C3429
:105150000C33F3E704D16268C3E900120834DBE7DB
:10516000012AD9D104341960D6E7120F072AF5D8DD
:10517000DFE802F00704090D1013181DC04303F106
:1051800080631860EAE71A6842401A60E6E703F1B4
:10519000C063F6E7FFF730FEE0E70122824003F14B
:1051A000C063F2E70122824003F18063EDE71A68F1
:1051B00030EA0202FBD1D1E756960000024B0122F1
:1051C000C3F89420704700BF00400846024B0122FC
:1051D000C3F89420704700BF00400844024B4022AF
:1051E000C3F89420704700BF00400844024B40229F
:1051F000C3F89420704700BF0040084608B50C4B28
:105200001B68D3F8943023B11A68022A01D9186AAE
:1052100008BDFFF76FFF074B1B6D024698B20028D1
:10522000F6D0C3F30743D2085343B3FBF0F0EFE7E4
:105230006013002000600840064B5B68C3F3036303
:10524000984206D1044A936B23F0F00343EA01111C
:105250009163704700400840001F002110B50446CC
:10526000FFF7CCFFC4F30113022B05D0032B09D0A9
:10527000012B00D1400810BDC4F3C4240134B0FB9D
:10528000F4F0F8E78008F6E700F03003202B10B5C3
:1052900013D110F4E02FC0F302440AD010F4C01F61
:1052A000C0F3C423B3FBF4F418BF6400052C0ED87C
:1052B0006408FFF7D3FF604310BDC0F382136FF0A3
:1052C00012041C4104F00104C4F10204F1E70424B7
:1052D000EFE700002DE9F0470E46FFF755FDDFF838
:1052E000B090DFF8B0A080460025FCF7C9FBD9F8E4
:1052F0000430C3F30363012B07460BD1711C1AD092
:10530000FFF742FDA0EB08053846FDF705F9AE4270
:10531000EBD80DE0052BF1D00B2BEFD0023B012B8E
:105320000CD9013602D0FFF72FFD3846FDF7F4F80F
:105330001648BDE8F087FDF7EFF8D6E7DAF8083051
:105340001A04C3F389140FD4013602D0FFF71CFDF1
:105350003846FDF7E1F824B2A4F1C8006FF4FF73FA
:105360009842B8BF1846E4E7731C03D0FFF70CFD62
:10537000A0EB08056FEA84546FEA94543846FDF7B1
:10538000CBF814F5007FC2D0E6E700BF00FEFFFFB8
:105390000040084000700840024B012218619A60EA
:1053A000704700BF00200840084910B5D1F870319F
:1053B00040B11C464A68D1F870319C42F9D1C2F321
:1053C0000362027003F00F0010BD00BF00400840F0
:1053D000094BD3F8883001F0800103F480030B43BC
:1053E00009D1064B4FF400129A61837F1BB1044B25
:1053F0000122C3F8F82070470040084000600844CC
:105400000060084610B5FCF73BFB084B1B680446E0
:105410003BB1984728B1002200204FF4806100F092
:105420002DFD2046BDE81040FDF776B8901700200E
:105430002DE9F0411F4CDFF89080069F0646A2FB45
:1054400003502C1960F1000E9C46A0454FF000035C
:1054500073EB0E0E07D24FF4B4720E211846FEF70E
:105460006DFB02201BE00029FBD0C6F3130601EB05
:105470005C04B4FBFCF4A4FB0646E40C44EA4634AA
:105480000D4E34600D4C22600D4A914209D10D4AF7
:10549000A5FB025302FB00339B093B600020BDE8E3
:1054A000F081C4040A46E80444EA553103F0DEF80A
:1054B0003860F3E700C9E876981700209C170020B1
:1054C00000F049020A3BB2DF0046C32338B5164D4F
:1054D0002B780C4623B9154B1B6D03F03F032B7043
:1054E000134BD3F894305B051CD5124BB0FBF3F093
:1054F00040F24D534343A3F546430C3B584300F55C
:10550000C91000F5556028B940F21B322B21FEF777
:1055100015FB01202B78084A5343B3FBF0F300201E
:10552000236038BD0220FCE79717002000300840B8
:105530000040084000366E018096980070B5374CE8
:10554000374B256B374C1B682468ED024CBF1B1989
:105550001B1BB3F1804F04D8002B3AD1324E1C46AE
:105560000AE0B3FA83F4314EC4F10204E340304D53
:10557000AB4201D901345B0803EB5605B5FBF6F5E8
:105580002C4EB34234BF002601262403013D44EAD9
:1055900086242C430C60D8B1B3FBF0F1642400FBEB
:1055A00011336343984288BF01F1FF314808013845
:1055B00001390728204D214C4FEA510311D9002110
:1055C00029700621C4F894101B0243EA00131360EB
:1055D00070BDB3FA83F4D4F10204134EC6D500248F
:1055E000C5E71029EBD068B1012129700621C4F864
:1055F0009410134909780029E6D012490224C1F811
:105600009440E1E7012914BF0121002129704FF0E6
:105610000601C4F89410ECD1D6E700BF0030084072
:105620009C17002098170020E0673500C0CF6A0063
:105630003FBE4025401B5F139417002000400844E4
:105640009517002000400846084B5B6B03F00700ED
:10565000C3F3C20213F0380F18BF5043C3F38212D2
:1056600013F4E07F18BF5043704700BF003008407C
:1056700010B5044651B10B6843B15B6833B11A6889
:10568000032A03D99C6A640E204610BDFCF7F8F982
:1056900001462046FFF7D8FF04460846FCF73CFFCA
:1056A000F2E70000034BD3F8380180F01000C0F39C
:1056B0000010704700400840174B4FF4002210B50F
:1056C000C3F89420154C164BB0F1804F88BF1C4690
:1056D000144BDA6CD2071DD51B6F134A04F5F42462
:1056E00004F59074B4FBF2F4033CE4B203F0070356
:1056F000A34202D02046FCF775FF0C4B1B784BB140
:105700000B4B4FF47022C3F8942003F10073240470
:10571000C3F8944010BD00BF00400846E067350064
:10572000C0CF6A0000300E4040420F0096170020A4
:10573000004008447FB50446FCF7A6F91C4B06461A
:105740002C3358680093A37922683146FFF770FE26
:10575000054648BBA379012B14BF164916491022F0
:10576000C1F83821206815495843FFF7AFFE03AA56
:1057700002A93046FFF7E2FE0F4A43F6FF53C2F894
:10578000A4300C4B0299C3F8A4104FF4EE611163DE
:10579000039A1A632068FFF78FFF094BA2881A62E9
:1057A00003F5405300229A63284604B070BD00BF41
:1057B000003008400040084600400844503008408F
:1057C0000000084008B5044B01221A70034B18680A
:1057D000FFF772FF002008BD961700209C170020DD
:1057E000024B4FF48062C3F8942070470040084693
:1057F0000D4BD3F80421D3F8B030D2B2FF2A03D036
:1058000043F30743591C01D190221923074903EBA5
:10581000D37302EB6302022381F84630232381F81D
:10582000472081F8453070470081E00F001F0021BC
:1058300040B10368012B05D90069034B002808BF5C
:1058400018467047004870475C96000038B505461A
:1058500014480C46FFF7AEFA2DB1C30103EB550314
:10586000B3FBF5F32360104A5368D80217D40F4BEB
:105870001B68D2F8A810C3F3810311F4806203F10E
:105880000103C9B218BFDA00FF2906D00649D1F8D2
:10589000AC10490501D502EBC302626038BD00229D
:1058A000FBE700BF40420F00000008400020084016
:1058B000084B1A68C117A2FB000310F1807002FBAD
:1058C000013343F10003400E40EAC310803820EA60
:1058D000E0707047A4170020174B072270B5C3F87B
:1058E0008420FFF707FC154B154A164EC408010B20
:1058F0000546E005C01841F10001002302F0B6FEA4
:10590000114B18604EF66020FFF7D2FF4042C6F8F8
:105910009C000E48FFF74EFA024658B1E3015008CA
:1059200018184FEA15714FF0000341F1000102F021
:105930009DFE706770BD00BF00400840B2E60E00DB
:1059400065CD1D00001F0021A417002040420F005C
:1059500038B14FF47A735843A0F6AC50401AFFF7B1
:10596000A7BF4CF25030FAE72DE9F8430546084648
:105970009846FFF75DFF16460746002D00F0A98008
:1059800018F0050F5DD02C69002C00F0A480FEF704
:105990007DFE4FF47A735C43201A7B68A0F6AC500E
:1059A000C01AFFF785FFAC8B3062002C00F09680A8
:1059B000FEF76CFE4FF47A735C43201A7B68A0F606
:1059C000AC50C01AFFF774FF70614A4BEC68D3F813
:1059D0000090002C00F08580FEF758FE4FF47A739B
:1059E0005C43241A7B68A4F6AC54E41A3B68E41ABE
:1059F000414B1A68E117A2FB044314F1807402FBC7
:105A0000013343F10003640E44EAC314803C3B4B72
:105A1000B4613B4CD3F88430F36123684BB1484602
:105A200002F01AFD28B12368D9F8480032463946F9
:105A30009847AC69FEF72AFE01462046FFF788FF2B
:105A4000F06218F0020F29D06B684FF47A70584357
:105A50005BB13B6803F51C5310331844AB7F002B3C
:105A600046F2A81308BF00231844FFF721FF6B6913
:105A7000B062002B38D078684FF47A7202FB0300D2
:105A8000AB7FA0F50350002BA0F1100046F2A81345
:105A900008BF0023C01AFFF70BFF706218F0040F55
:105AA00017D0A86818B34FF47A735843A0F5035081
:105AB0001038FFF7FDFEF0602B684FF47A70584302
:105AC00023B13B6803F51C5310331844FFF7F0FE75
:105AD0003061BDE8F8834CF2503062E74CF2503050
:105AE00070E74CF2503483E747F23050D3E747F287
:105AF0003050DEE760130020A4170020001F0021B3
:105B0000A0170020064BD86DDB69C0F3011203F02B
:105B10001F03000C02FB000001331844704700BF54
:105B20000060084038B505460C4621B38B7913B3A5
:105B3000052B0FD0062B0FD0032B01D10223A3710D
:105B4000A379013B062B0ED8DFE803F00F08080FFE
:105B50000F2323000423F2E70723F0E72946002060
:105B6000FFF7D0FF45B90023A3710020A37913B13B
:105B700023680344236038BDB0F5803FF3D86B0938
:105B80004FF2244202FB00302D09B0FBF5F04042F9
:105B9000ECE7A288002DE6D0B2F5005FE3D8044917
:105BA0006B0901FB02332D09B3FBF5F0DEE700BF03
:105BB00020A1070010B508461C46FFF7ECF8094B7A
:105BC0000246D3F8F800FFF733FE0368A018002B55
:105BD000054AA8BF4FF4FA721A44044B92FBF3F241
:105BE000104410BD001F00210CFEFFFF18FCFFFF3A
:105BF000074BD3F8D8304FF604014FF605029BB29D
:105C00008B4208BF1346034A01209365704700BFCB
:105C10000081E00F0050084070B5194C0FCC86B0E1
:105C200001AD0FC5C822236816482B60002103F080
:105C3000C7FA7C220021144803F0C2FA134B144A1D
:105C4000C3F8F020FFF7D4FD124B1B782BB101AD48
:105C50000FCD0B4E0FC62B6823600F4B0F4AC3F8B6
:105C6000DC2F0F4AC3F8E02F0E4AC3F8E42F02F1ED
:105C7000957202F27112C3F8E82F06B070BD00BF32
:105C8000C81F0021381F0021BC1E0021001F002159
:105C90003F00370058170020001000210200620268
:105CA00009C805780708DC060A4B197801F0FF02DD
:105CB00029B10021197008499202C1F8A020597831
:105CC00001F0FF0229B1002159709302024AC2F883
:105CD000A4307047AC17002000000846074BD3F8EB
:105CE000E40E074BD3F88C301A0103D4054B1B6E1E
:105CF0001B0401D500F58070704700BF0010002123
:105D0000004008400000084008B5FBF7B9FE0F4B03
:105D10001A78B2B90E4A126812F4843F11D10D4AB2
:105D20001021C2F894101B786BB9094B1B68DB0576
:105D300009D4084B2022C3F89420BDE80840FCF7A2
:105D4000EBBB054AECE7044BF4E700BFB0170020BB
:105D5000B8170020004008440040084610B5FBF783
:105D60008FFE0E2104460320FFF766FA044B40F233
:105D7000012220465A62BDE81040FCF7CDBB00BFAF
:105D800000000840044B00221A70044B197811B12E
:105D90001A70FFF7B9BF7047AF170020B017002087
:105DA00008B5FBF76DFE244B4FF08052C3F88020FE
:105DB000BFF34F8FBFF36F8F4FF48072C3F8802013
:105DC000BFF34F8FBFF36F8F0222C3F88020BFF362
:105DD0004F8FBFF36F8F1022C3F88020BFF34F8F18
:105DE000BFF36F8F2022C3F88020BFF34F8FBFF324
:105DF0006F8F4FF00052C3F88020BFF34F8FBFF377
:105E00006F8F8022C3F88020BFF34F8FBFF36F8F57
:105E10004022C3F88020BFF34F8FBFF36F8F4FF046
:105E20000042C3F88020BFF34F8FBFF36F8FBDE8F0
:105E30000840FCF771BB00BF00E100E008B5FBF7CC
:105E40001FFE0D4B4FF080521A604FF480721A60A3
:105E500002221A60002283F8012310221A602022F5
:105E60001A604FF000521A6080221A6040221A60B5
:105E7000BDE80840FCF750BB00E100E070B5084CFD
:105E800001232370074B1E68074BD3E900533240B0
:105E90001940284001F0F0F90023237070BD00BFC5
:105EA000AE170020B4170020B81700202DE9F047E6
:105EB000DDF820A003EA0108099B06460D4602EA28
:105EC000000703EA0A09BAF1000F40F04981031FF5
:105ED0000B4300F00F81052871F1000380F0E3808F
:105EE00050EA010300F05C81431E0B4300F01D816A
:105EF000FFF756FFAB4AD2E9004323EA050324EA41
:105F000006043C4343EA0807A74BA84D1E68DFF888
:105F1000EC8226EA0A0646EA09061E60C2E9004744
:105F2000FFF7F2FE14F02A4F14BF48F202034FF4B9
:105F30000043B0079E48C26E48BF43F4005383EA53
:105F4000020122EA0302EA669A4A81660B40D3669E
:105F5000C4F380421203210348BF42F48072E30677
:105F600048BF42F40052A50648BF42F400726006E2
:105F70009148924DD0F80C3248BF42F4806221061D
:105F800048BF42F4006282EA030123EA0203C5F833
:105F90000C328B4BC0F808120A40C7F34025AD0401
:105FA000C3F80C22E20448BF45F48035A30348BF80
:105FB00045F48015A00748BF45F4001514F4001FF0
:105FC00006D0D8F8000002F03DFB08B945F40025E2
:105FD000E1027C497C4848BF45F40035FA0648BFD9
:105FE00045F480050A6A730748BF45F0040585EA51
:105FF000020323F001031A4002621D40CB61734B80
:1060000073481D62734B744A16F0010F18BF1A468D
:10601000836E7D0748BF42F40012704D82EA03018F
:1060200023EA0203AB666E4B41660A4000F500505E
:106030009A66C16B04F0010305F5005581EA03027D
:1060400021EA0301E96382631A40664BDA63D8F8F8
:106050000020200248BF644B92F8E92058BF634BF0
:10606000610748BF43F4806322B114F4C06F18BFC6
:1060700043F480735E485F4CD0F8EC10320748BFA1
:1060800043F0004383EA010222F4A0221140C4F845
:10609000EC101340C0F8E820574ABDE8F047C2F8BA
:1060A000EC30FFF7CBBEA0F580630B4306D020F4A5
:1060B0008063A3F500730B437FF41AAFFBF7E0FC9A
:1060C0003849D1E9003223EA060322EA050242EA0E
:1060D00008023B43C1E90032484A126892F8E920BD
:1060E0000AB313F4C06F1ED0434B4FF48072C3F851
:1060F000EC2014E0FBF7C4FC2A4AD2E9003123F07B
:1061000004033B4341EA080157EA0807C2E90031AA
:1061100014BF394A374A4FF48063C2F8EC30BDE807
:10612000F047FCF7F9B9334BDFE7FBF7A9FC1D4A51
:10613000D2E9003123F001033B4341EA0801C2E9FF
:1061400000312F4A57EA08074FF0010315BF936348
:106150002C4902F1C062CB6314BFD3639363DEE7C3
:1061600050EA01037FF4C4AEBAF1010F7FF4C0AE70
:10617000FBF786FC0C4A136823F0010343EA09038A
:106180001360134A4FF48063B9F1000F04D05366D3
:1061900002F1C0629366C2E710498B665366BEE7A0
:1061A000BDE8F087B8170020B417002000000844AD
:1061B00000000840000008460060084000600844F5
:1061C000006008460040084000400844004008467F
:1061D00000500840041C50000418500000500844AF
:1061E00000500846007008460D0A0A09090A0A0903
:1061F00000100840001008440010084660130020FA
:106200000070084000700844024B5868C0F3C0009A
:10621000704700BFB8170020024B186800F001005B
:10622000704700BFB8170020024B5868C0F3C03059
:10623000704700BFB817002010B50446FEF70CFFEA
:10624000FFF7AEFD04F14C00FDF726FEFEF7D2FE8F
:10625000FEF7B0FBFEF71CFCFFF73EFB1049114AAE
:10626000D1F8F810072304F1A400FFF77DFB4FF4E9
:1062700040010020FEF746FD4FF400110120FEF71B
:1062800041FDFFF7B5FC20B940F2E7221421FDF7EC
:1062900055FCFFF797FABDE810400120FEF7B8BDA6
:1062A000001F00216C1F0021084B8022C3F88820AA
:1062B00003F17E430822C3F88820054AD2F8BC3E89
:1062C00023F02003C2F8BC3E704700BF00400846E0
:1062D00000100021F0B583B00646144602F05CF8C9
:1062E000002800F09B80514BDD6815F0060540F05A
:1062F0009580FBF7C5FB23790095022B07463ED11D
:10630000237B022B35D00320FEF7F2FC18B9484B53
:106310005B685B047FD5A37B257B4649A26801921D
:10632000003B18BF0123012D0B705DD0424A434C46
:10633000002313702278002A61D13C4E0420FEF71E
:10634000B5FBF36E23F0F85323F4F81343F05063D6
:1063500043F48033F3662A46022301A90420FEF7A2
:10636000C3FB002852D0364B012130222170C3F8E4
:1063700094203846FCF7D0F8002003B0F0BD03208D
:10638000FEF7B6FC002846D12279D6F8AC30012AB7
:10639000226838D0D51A254B2A4A0095DA660022A1
:1063A0001A67627B284B002A0CBF012200221A7058
:1063B000264B264AD3F8BC3E0CBF43F0200323F003
:1063C0002003C2F8BC3E0320FEF770FB174B204AA7
:1063D000DA662279012369460320FEF785FBF8B1CE
:1063E0001C4B01221A708BE72379022B9ED0009B55
:1063F000D6F8AC100B4413440025019396E72370A4
:10640000FFF782FC99E79A42C5D3C3E70320FEF762
:106410004DFB0C4BF3663846FCF77EF80320ACE7E7
:106420003846FCF779F80120A7E700BF0050084084
:1064300000400840B2170020AF170020B01700201E
:106440000040084600000101B117002000100021A3
:10645000010C0100B31700202DE9F3410D4607465A
:10646000FBF70EFB1B4BDFF8788000241C70FFF756
:106470001BFF194BC8F86C30C8F8704006466879A5
:10648000431E5842584101F0AFFC40F60143C8F8A2
:1064900070302A792968D7F8B430012A01D199429D
:1064A00000D3CC1A04230DEB030103200194FEF763
:1064B0001BFB50B9094B88223046C3F88820FCF7F3
:1064C0002BF8012002B0BDE8F0813046FCF724F83B
:1064D0000020F7E7B3170020000001010040084446
:1064E00000500840F8B5194C05462078B0FA80F005
:1064F00040F206423E214009FDF720FB55B9607885
:10650000B0FA80F0BDE8F84040F206423E21400972
:10651000FDF714BB0E4F0F4DD7F8A0304FF4406677
:10652000C3F381232370C5F8A0606078B0FA80F0CF
:1065300040F206423E214009FDF700FBD7F8A430A7
:10654000C3F381236370C5F8A460F8BDAC170020C5
:106550000000084000000844F8B50B4C0B4DD4F87F
:1065600088300B4F0423C5F88830D4F888305B039B
:1065700000D4F8BD0426C7F888600220FEF73CFC72
:10658000C5F88860F1E700BF0040084000400846B9
:10659000004008441C4B70B5D3F888601B4D03F1D4
:1065A0008063A822C3F8882010221A60184A194B69
:1065B00093666B66FFF778FB174B1B7813B90320C4
:1065C000FEF774FA00242C67FFF7C6FF134A144B3A
:1065D000D2F8E41E0B40C2F8E43E124B0422C3F88A
:1065E0008820114BB206C3F8C44008D503F5807368
:1065F0009B6CB3F5817F22BF034B80229A60BDE87C
:10660000704001F06DBD00BF0040084000500840E0
:106610000050084410000002B317002000100021B1
:10662000DF0000FF00400844001E002110B549B9FA
:1066300018B3144A53681B0E13F00E0F1DD11368C4
:106640009A061AD4FFF78AFB0E4C0020FEF7ACFE28
:10665000032801D0092806D1D4F88C30DB03F4D408
:10666000636F0C2BF1D9FFF777FF074B0122DA603C
:1066700003F17E430422C3F88820044B4FF4C06228
:106680005A6210BD004008400040084600600844BF
:1066900008B503210920FEF7CFFD024B20229A60A6
:1066A00008BD00BF0040084038B50546FBF7E8F9D3
:1066B0000446FDF7ADFB35B1FFF764FB2046BDE8AE
:1066C0003840FBF729BF084B1B78002BF6D0074B4F
:1066D0001D78002DF2D1FFF755FB2A464FF480407C
:1066E0000021FFF7CBFBE9E7AF170020AE17002032
:1066F0002DE9F84F524B0546D3F888300E46144624
:10670000002A40F0998013F0A00F14BF4FF0010948
:106710004FF00009DFF844814A4F01F0E1FCA0236B
:10672000C8F888300320FEF7C1F90420FEF7BEF94F
:106730004FF0000AFFF726FB434BFB66C7F870A03B
:10674000FFF70AFF414BD3F8BC2E42F02002C3F8FA
:10675000BC2EFF22C8F80020394A4FF480719160A6
:10676000D3F8E42E3A494FF0040B1140C3F8E41E6D
:10677000C8F888B0C3F8C4AEFB6813F0060F04D0A5
:10678000FEF7E4FA5846FEF791F9B9F1000F08D088
:10679000304B4FF40062C3F888202F4B4FF4004277
:1067A0005A6665B12C4B5B6C190701D4FFF7D6FA1A
:1067B000FFF76EFF0420FEF779F9FFF775FA204B1B
:1067C000DA68D20736D55A6812F0706FFBD1234DC4
:1067D000234B244AC5F88830936B23F0F00393636E
:1067E00016B12046FFF760FF0123EB6014B31A4B8C
:1067F000DA6E9A66124A136A23F00103D3611A4BC8
:10680000D3F80C22C3F80822A3F54053DA6F9A6735
:10681000A3F50053D3F8EC20C3F8E82003F5C043F8
:10682000DA6B9A63A3F50053104A5A664FF6084391
:10683000C5F88830BDE8F88F4FF000096AE700BF5F
:1068400000400840005008400000010100100021F5
:10685000DF0000FF004008460000084000400844F8
:1068600010003000001F0021006008405000F002BE
:106870009A4B196EDA6E2DE9F04F01EA0209C3F85E
:10688000689003F5805385B0D3F8E060D3F8EC202E
:106890001640C3F8E86003F5A043D3F80012D3F81C
:1068A0000C2201EA020AC3F808A2A3F500535969B1
:1068B0001A6A01EA02088A4A08EA0202DA61894B86
:1068C000D3F80022910006D4D3F800319A00C3F324
:1068D000407740F1E180FBF7D3F8834BDA68DF6D56
:1068E00012F0060F9A6E07EA020727F4800222F4DC
:1068F000006214BF4FF0010B4FF0000B5A667B078C
:1069000004D57A4A537D0133DBB25375FBF704FE9D
:10691000B9F1000F00F0DF8019F4004427D0FBF735
:10692000AFF80146FFF7DAF96F4D0446AA69AB6983
:106930009A42FCD0AA699342FCD0FFF7CFF9A0425B
:1069400040F0AC800846FBF7E7FD694B1C60694BE3
:10695000D3F8885015F4E05240F0A28024F07F4430
:1069600024F0DF040CB9FFF715FE4FF0807419F026
:10697000020F4FF0000516D05E4B5F49D3F8883008
:1069800003F46042C1F88820002A00F09E801D04B4
:1069900000F19E8013F4005F0CBF4FF000534FF0E6
:1069A00000631C430025C9F340394FEA4909534BA2
:1069B0003340002B4AD016F4206F0AD040F60F0265
:1069C00006210020FDF7BAF80020FFF76DFE26F43F
:1069D0008026F00506D5484BFF221A6044F4C064B7
:1069E000FFF7BCF916F0090F0AD040F6240208217F
:1069F0000020FDF7A3F8FFF74BFE414B01229A62FE
:106A000016F0106F0CD040F62D0209210020FDF782
:106A100095F8FFF73DFE002211461046FDF7D0F92C
:106A200016F4202F0AD040F6350207210020FDF78A
:106A300085F80020FFF738FE26F48026F10301D503
:106A4000FDF70EFB002EB8BF49F0080972070DD5FF
:106A50002B4B5B6A13F4005F14BF2A4A2A4A4FF497
:106A600000531ABF536244F400045362730548BFD5
:106A700044F0040416F4802600F0AA80FDF7BAFA68
:106A80000138062842D8DFE810F021012401210155
:106A900027012A012D012D01BB4639E7044645E7B0
:106AA0000192FFF777FD144B019AC3F8882015F483
:106AB000805307D115F4806F0CBF4FF080544FF016
:106AC000806454E74FF0804451E74FF0007368E76B
:106AD0004FF0004365E74C464D4668E7000008402C
:106AE0000000F7FF00E100E000500840C017002060
:106AF000A81700200040084000400844090B0B89FB
:106B000000100840001008440010084640F66602D5
:106B100003210020FDF712F87C4A136ED2F88000A2
:106B200003F007030633012101FA03F3C0F30C005D
:106B30001B1A9BB2072B13D9754BD3F88830580218
:106B40000ED47448136B126DC06C58B103F0070378
:106B500006339940C2F30C03C91A89B2072901D838
:106B600044F400746C4B1B78002B31D0674BD3F886
:106B7000E03013F4A02F2BD1684B694A1B7893B9EE
:106B8000FB0410D4137873B1E308664943EA4573F4
:106B900083F00103D1F8E41E03F001035B0021FA46
:106BA00003F3980714D10420FDF780FF5E4B5F4983
:106BB000D966FFF7E7F85A4A13782BB95C4B5D4A60
:106BC0001B682340134201D144F4804427F48057CA
:106BD000BAF1000F1DD01AF4805F18BF44F480246E
:106BE0001AF4807F18BF44F400241AF4005F18BF21
:106BF00044F010041AF4007F18BF44F020041AF483
:106C0000806F18BF44F040041AF4006F18BF44F0BE
:106C10008004B8F1000F3BD018F4802F18BF45F462
:106C2000007518F4803F18BF44F4805418F4801F96
:106C300018BF44F4003418F4001F18BF44F00204D5
:106C400018F4003F18BF44F4801418F4800F18BFE4
:106C500045F0100518F4002F1AD0324BD3F8BC3E83
:106C600013F0C00F14D02A4B5A68C2F30362032AF0
:106C700001D0072A07D1D3F88C20D10603D4D3F84A
:106C80009020120731D54FF40022DA6128F4002851
:106C9000002F00F00D81380540F18180264ADFF891
:106CA00088A0D378002B4DD0013B4FF40061DBB2BC
:106CB000CAF86410D37033B9204B1B78C3B1204B92
:106CC00040F60142DA660023002266E044F4803494
:106CD00022E744F400641FE744F480641CE744F4B2
:106CE000807419E744F0080416E744F40014CFE771
:106CF000DAF8703013F4A05F15BF4FF4807340F6DC
:106D00000143CAF85030CAF87030DCE70010084080
:106D10000040084000000840B0170020AF170020D6
:106D2000B1170020001000210050084000000101B0
:106D3000B8170020088D010074170020B317002039
:106D4000005008460320FDF7B1FEDAF80C30A848E1
:106D5000A84913F0060F02BFA74B41F61F72DA666F
:106D60004FF40063CAF86430DAF80C3013F006030D
:106D700008BFCAF87030C38A13F4006260D023F4ED
:106D80000063C3820B7803F0FF0A002B5CD1FDF790
:106D9000DDFFFFF7FFFB534620221C431543B901DB
:106DA0000BD52E20FEF7BEF8934A4FF00073936682
:106DB00002F17C4245F008055366FA0608D52B20FF
:106DC000FEF7B0F88C4A1023936602F17C425366BA
:106DD00017F4E00F05D1FB045ED5BBF1000F00F006
:106DE000AC80B80210D52920FEF79CF8FFF70CFA0A
:106DF00040B18249824A834B53668B668249496817
:106E0000490424D445F0040517F4800BDFF8F0A101
:106E100029D00420FDF74AFE2720FEF783F8FFF76C
:106E2000B9FB4FF48003CAF86430784BD3F8E42EF2
:106E300050067CD4764B02221A6045F0020528E009
:106E40000B784FF40053A8E74FF400433CE76A493E
:106E500020208B665366FEF765F82D2045F00C0563
:106E6000FEF760F8D0E7FA024CD50420FDF71EFECD
:106E70002820FEF757F8DAF87030002B3FD1FFF7E3
:106E800089FB5D4A5F4B936602F17C4245F0010548
:106E900053665B4B00221A657B0509D55D4A9378E2
:106EA000002B00F09880013B9370002349EA03090E
:106EB0004A4620462946FEF7E1FF0EB1FDF7C2F82B
:106EC00018F4002F00F08C804F4B4FF40022DA6151
:106ED00018F0206F00F0888018F0007F01D0FDF7D7
:106EE000A7FB18F0006F01D0FDF7BEFB00220020C9
:106EF0004FF4006105B0BDE8F04FFEF7BFBFCAF820
:106F000070B0BEE7FB04C4D50420FDF7CFFD424BB3
:106F1000CAF86C30FDF71AFFDAF85C3013F4A00FF2
:106F2000B7D12A20FDF7FEFFFFF734FB7DE7D3F84A
:106F3000BC3E990681D4394B7DE7364A13794BB173
:106F4000013BDBB2137113B92C4B354ADA660023CF
:106F50001C43A1E70420FDF7A9FD0320FDF7A6FDD2
:106F6000274B2D4ADA66FAF78BFD82460DF10F00AA
:106F7000FEF71AFA2B4B1B7883460BB1FEF7EEFE99
:106F8000BBF1030F0ED1DFF880B00020FEF70CFA42
:106F9000032807D1DBF88C30DA03F6D4DBF8743041
:106FA0000C2BF2D99DF80F30032B06D11E4B01227A
:106FB00050461A70FBF7B0FAC9E71C4BD3F8E03023
:106FC00013F4A02FF2D1FEF7DDFE5046FBF7A4FA32
:106FD0004FF48043BCE70220FDF768FD012365E71D
:106FE000B8F1000F7FF474AF05B0BDE8F08F00BFBB
:106FF000C0170020B3170020005008440050084676
:10700000005008401000000200400840001000211D
:1070100000400844741700200000010100400846A9
:107020000000010DB2170020AF170020001008402B
:10703000014B1B68184700BF54000020FFF718BC25
:10704000FFF716BCFFF714BC0B4B10B55C691A6A4E
:107050001440A2B2DA61E20704D55868C0F30360B5
:10706000FAF785FD630706D5BDE81040042200202D
:107070000021FEF703BF10BD00400840FFF7F8BB3A
:107080000C4A08B5136BD16B0B409363DB070FD52C
:10709000094B187840F6AC22122100F00100FCF7F1
:1070A0004DFDBDE80840002201200021FEF7E6BEAC
:1070B00008BD00BF00700840B8170020044BDA6F0D
:1070C000D207FCD41A6FD96F0A409A67704700BF85
:1070D0000030084070B50D461446FAF7D1FC064B57
:1070E000D3F8BC6E74402C407440C3F8BC4EFBF720
:1070F00013FA06EA050070BD00100021034BD3F817
:10710000BC3E99430CBF01200020704700100021B5
:107110007047436B03F06003402B0DD0602B03D00E
:10712000203B58425841704749B10B68012B06D9A2
:10713000486940F00100704740F20110704700209C
:107140007047000009490A4AD1F8EC0010B5042341
:107150000124C2F8EC308C624FF4005151624107B7
:1071600044BF02F10072C2F8EC3010BD00100840BC
:107170000010084437B5204D0C4641B90A46072196
:10718000FFF7A8FF1D4B2C635C6003B030BD0722E6
:107190001146FFF79FFF1A4B07225A60237985F8A3
:1071A000303063790193012101A801F04DFA019B70
:1071B000C2B2D34000F00F0040EA031085F831005E
:1071C000A27985F83220E27985F833202068686357
:1071D00083B1028801218B4205D82379013B1344F6
:1071E000084A9361D1E730F81150AA4228BF2A46D5
:1071F0000131F0E71A46F0E7001F0021301F00219F
:107200000000084400000840431C07D0044B6FF006
:10721000FF029A6103F1007310409861704700BF4C
:1072200000700844034670B10268022A0BD9426A12
:1072300012F47F4FC2F3072006D01B6AD2B25A4322
:10724000B2FBF0F0704700207047000000F0180318
:10725000182B0AD003070AD410F0100040F20113D3
:1072600018BF1846034BD86470470020FAE7012086
:10727000F8E700BF001F0021344B2DE9F7431E68DB
:1072800001F4007900F00103174653EA09020546AC
:107290000C462ED04FF0000803B30023002201203B
:1072A0000021CDE90088FEF701FE41463046FEF799
:1072B00011F8414670830120FCF7CCF9716B06F19F
:1072C000A400FEF785F822490868FFF79DFF4FF0FC
:1072D000FF330B60337C43F004033374B9F1000FC8
:1072E00007D001213046FCF7DBFB24F40074054392
:1072F0000C43D6E93E232A40234052EA030103D03F
:107300001449304609688847FB070FD51249134ACC
:107310000868136800211160114A0121117003B13E
:107320009847104B00215B680220984717F00E0F1A
:1073300008D040F2F3123B21002003B0BDE8F04337
:10734000FCF7FCBB03B0BDE8F08300BF6013002076
:107350005C00002060000020E8170020EC170020EF
:10736000F017002028000020F7B50446D4E93EC7F6
:107370001046DDE908268CEA020587EA0601054089
:10738000194085EA0C057940C4E93E5123F40041D7
:1073900006EA010320F00100002543F400730240D7
:1073A00043F00203CDE90055FEF780FD237C9A07E8
:1073B00017D5D4F8FC309B0513D54FF4881120461F
:1073C000FCF76EFB237C65F341032374D4E93E2371
:1073D00002400B4052EA030103D0034920460968EA
:1073E0008847002003B0F0BD6000002038B103687A
:1073F000044A002B08BF1346034A13607047014B31
:10740000FAE700BF1171000060000020024B986B8A
:1074100000F00F00704700BF001F00210F2938B592
:1074200005460C460ED800F0BFFF01280CD1074AD4
:10743000936B23F00F0323439363284601F00FF867
:10744000002038BD0120FCE70220FAE7001F0021E0
:10745000014BD86B704700BF001F0021014B00207B
:10746000D9637047001F002103282DE9F7434CD84A
:10747000274B13F80080274B1E5C274B13F8009016
:10748000FAF7FEFA0746FEF7C7FE054640B10023AD
:10749000CDE900330022002301200021FEF706FD84
:1074A000FEF7C2FE48B10023CDE9003300220023DD
:1074B00000204FF40041FEF7F9FC26B3174B5C6C3B
:1074C00004F00804164B31465C644046FFF7AEF802
:1074D0004A4631464046FFF70BF9124B5C6465B1F2
:1074E000114B1868416BA430FDF772FF0F49086813
:1074F000FFF78AFE4FF0FF330B60384603B0BDE85C
:10750000F043FBF709B83446DCE703B0BDE8F0838D
:107510006C96000068960000649600000000084029
:107520000000084400000846601300205C000020B2
:10753000104AD2F8883013F0A00F16D1D2F88C0080
:1075400010F0040013D10C4BD3F8E43E23F07F433A
:1075500023F0FF035BB15368C3F30362092A07D02A
:10756000B2F10C0018BF01207047002070470120C5
:10757000704700BF004008400010002170B50D4664
:10758000064620B9194B1B68A3B1032011E000F097
:107590000BFF012828D1164B93F90040C4F11C04BD
:1075A000641BC4F11C03002BB8BF5B42232B0CDD12
:1075B000012070BD81EAE173A3EBE173DBB2232B01
:1075C000F6D80B4B19700020F3E7B574FAF758FAA8
:1075D000084A5369E40223F4FF2304F4FF241C4304
:1075E0005461FAF799FFEEE70220E2E7601300200A
:1075F000E01700200070084090F8C23053B9074BE4
:10760000DA69920208D49B6F13F4706F14BF0120E3
:10761000002070470020704701207047006008403C
:10762000F8B5436B02EA010523EA01032B434363E8
:10763000344A01F00B030C4623EA0501516402F1C0
:1076400000722B4061070646536411D50121FFF7F4
:10765000D3FF68B1FEF780FF15F0040F14BF2A4A6C
:107660002A4A4FF40073D361294B0422C3F88820BF
:10767000E20606D515F0100F264B14BF00221B2280
:10768000DA6423061DD52F0616D51F4B4FF40012C2
:107690009A6103F17E430122C3F8F820FAF7F0F96A
:1076A0000E2107460320FDF7C7FD1A4B40F20122C9
:1076B0005A623846FAF730FF294606F1A400FDF772
:1076C00087FEE00503D5E90516D5FDF77FFDA20588
:1076D00003D5AB0513D5FDF789FD14F0600F09D074
:1076E000D6F894103046FFF714FD0B4B98640B4B03
:1076F00080229A600020F8BDFDF760FDE7E7FDF706
:107700006DFDEAE700000844006008460060084498
:107710000040084400000840001F002100400840CD
:10772000014B9869FDF79ABD00600840D0F894308D
:107730004BB11A68022A06D993F8250028B11B6AB2
:10774000B3FBF0F07047FBF797BF7047014B9869A8
:10775000FDF79ABD0060084008B50146D0F89400D6
:10776000FFF760FD20B9BDE808400846FBF786BF7B
:1077700008BD000070B50E46FAF782F9054600F024
:1077800037FE044620B12846FAF7C6FE204670BDF3
:10779000FEF7E2FE114B3278D3F8E43E022A23F0E2
:1077A000F00316D0101F42424241520043EA021336
:1077B0007278022A0FD0111F4A424A41520043EA0E
:1077C0008213064AC2F8E43E054B0422C3F888201F
:1077D000D9E70122EAE70122F1E700BF001000210A
:1077E0000040084470B50E46FAF74AF9054600F025
:1077F00017FE044620B12846FAF78EFE204670BDDB
:10780000FEF7AAFE104B3278D3F8E43E022A23F0AA
:107810000F0315D0101F42424241520013437278A9
:10782000022A0FD0111F4A424A41520043EA820302
:10783000054AC2F8E43E054B0422C3F88820DAE783
:107840000122EBE70122F1E700100021004008448B
:10785000F8B50E7890F8D070044630460D46FCF727
:1078600013FD002844D094F8D030B34208D1AA8840
:10787000636C9A4204D16A88B4F8D2309A4235D007
:1078800084F8D060AB88A4F8D4306B88A4F8D230E8
:10789000AB886364FF2363753046FCF7B3FD04F1E6
:1078A000D00520752846FDF70DF810BB2846FCF7DB
:1078B000E1FCF0B9D4F8903053B194F8D010B9424B
:1078C00006D0B3F912202046FAF752F984F8D9000D
:1078D0002046FCF7F9FE0949A4F8D400084AD1F87B
:1078E000F810012304F1A400FEF73EF80020F8BDD3
:1078F00001200E2384F8D030F9E700BF001F0021DB
:107900006C1F002170B5054690F8D0000E280C467B
:107910001DD0FF291DD01AB10F4B4FF0FF321A6056
:10792000FCF770FD064695F8D000FCF757FD844241
:1079300028BF0446E4B2B44238BF3446E0B26875AA
:10794000FCF70AFEA0F1FF035842584170BD022027
:10795000FCE70120FAE700BF3400002010B590F8E2
:10796000D0300E2B04462BD00175D0F8900020B3F8
:10797000D4F8A0304BB994F8D9308B420BD32046C1
:107980000022BDE81040FFF7BDBFB4F92420B0F9D4
:1079900012309A42F3DD94F8D91000222046FFF706
:1079A000B1FF60B9C4F890002046FCF700F801462A
:1079B0002046BDE81040FBF7A7BFFF23637510BD4D
:1079C0000220FCE70346D0F8D0000860B3F8D430BA
:1079D0008B80002070470000C36B012B01D1002079
:1079E000704770B5364BD0F89060D3F8F830C0F8D7
:1079F000943086B03146058B0446FDF739FEB389D5
:107A00008DF80600D6E90121EB1A9BB201FB032297
:107A100068460021ADF804300092FDF78BFE38B9BE
:107A2000284B228BDA63FCF71BFF20B106B070BD38
:107A3000022006B070BD227C60F341022274FDF783
:107A40008DFAD4F890305969431EDBB2096802916F
:107A5000FD2B02460BD9CD1C09D91B4B01311B68EC
:107A60000CD0D81C07D802A92046029301E002A935
:107A70002046FCF7CFFB002006B070BDD91C04D80F
:107A800002A920460293FCF7C5FBD4F8FC309B0505
:107A900004D4237C43F002032374ECE74FF48031D9
:107AA0002046FBF7FDFFD4E93E2302400B4052EA9B
:107AB0000301E0D00549204609688847DBE700BF9D
:107AC000001F00210030084044000020600000201A
:107AD0004FF48071FFF712BB38B590F8DC400546D3
:107AE000ACB1F9F7CDFF0A4B1F22DA61013C03F17B
:107AF00000731440DC6103F17A43D5F8E0201A6684
:107B0000D5F8E4205A66BDE83840FAF705BD38BD1F
:107B1000006008442DE9F74F06461546084619B996
:107B2000012003B0BDE8F08F002AF9D0032904D862
:107B30000021FCF7A9FA0028F2D0827804880379A2
:107B400090F805B0C788B0F90000002802F00701DE
:107B5000C0F2D180A1F1070CDCF1000040EB0C0079
:107B6000052928738CBFC2F300100020C2F3801CCB
:107B70006873900985F810C000F00200C2F3C00CD1
:107B800040EA0C00C2F340126874AA74AF820BB9C9
:107B900096F8CA30013BDBB2EB74736BD80600F188
:107BA00096800639012900F29280544BDB6C544BCD
:107BB0005A6B1B6B03F0070306334FF0010909FAF8
:107BC00003F909F1FF39083C42F0005804EA0904BE
:107BD000002318F804A0AB60013404EA0904631D13
:107BE00003EA09035A1C02EA090218F8037018F89C
:107BF0000220BAF1800F47EA0227727C18BFAAF16F
:107C0000320A3BB214BF4FFA8AFA6FF07F0AC7F309
:107C10000B079AB30020D6F89C300BB15146984719
:107C2000631C03EA0903E87385F80EA018F8031033
:107C3000013303EA090318F80320013303EA0903B7
:107C400041EA022118F80320013303EA090341EA5B
:107C5000024118F803006A7C002341EA00613046C3
:107C6000FDF7A8FF2860737C042B03D1022FDCBF33
:107C7000013028600423AB71002052E7D90422D5DB
:107C8000D6F894209AB11368022B10D992F82400E8
:107C9000FB0008B1B3FBF0F39B45BBD8002BB9D078
:107CA000CBEB0B20B0FBF3F0C043C0B2B3E73046E0
:107CB000FFF752FD01903046FFF738FD019BB3FB03
:107CC000F0F0C0B2E4E718F804004000EDE700234C
:107CD000EB730C4BDA68C2F30723120448BF63F05E
:107CE000FF035AB212F1800F1CBF323B5AB200237D
:107CF000AA732B60BFE7022013E700BF0000084013
:107D00000010084000700840F8B597790646144600
:107D1000FFF700FF054640B9A37933B1A77130469C
:107D2000FFF71AFD2146FDF7FDFE2846F8BD3F2B63
:107D3000084610B5114619D9B3FA83F3C3F11902F5
:107D4000D2B2062A01D8192B0ED0062A28BF062245
:107D5000931DDBB201249C40A4B2A14228BF21465E
:107D6000FBF7A0FF204610BD0022F1E70024F9E751
:107D700013883F2B10B5084616D9B3FA83F3C3F125
:107D80001901C9B2062901D8192B0BD0062928BF21
:107D900006218C1DE4B20123A3401380FBF7A0FF52
:107DA000002010BD0021F4E70120FAE7FFF7CAB96F
:107DB00070B50A4B0A4DD3F8EC604FF48064C5F8F7
:107DC000EC400020FEF770FC4FF400536B65730528
:107DD00044BF044BC3F8EC4070BD00BF0010084026
:107DE0000010084400100846082318B1024AC2F8DF
:107DF00088307047014AFAE70040084600400844CE
:107E000010B5084614460121FDF782F920460121EC
:107E1000BDE81040FDF77CB9F8B504460E4641B9FF
:107E2000037C5A0641BF4FF6FF7261F386138283CB
:107E300003743C4BD4F894701B680BB120469847F0
:107E4000394BA18BD3F8842012F4E05F04BF2022C9
:107E5000C3F810224FF6FF73994204D0334B1B68CE
:107E60000BB120469847324DD4F894102A689142BD
:107E700007D02046FFF74DF92E4B98642E4B8020FB
:107E80009860974245D02D4B1B684BB11FB13A68A3
:107E9000002A40D0BF68394620469847D4F894104D
:107EA0000846FFF7BFF930B32549FDF7CFFC072798
:107EB0002046FCF709FC16B3224B94F9122093F9E3
:107EC00000302149D4F89400C3F11C039B1A4A697D
:107ED000DB0222F4FF2203F4FF2313431B4A4B610E
:107EE0001B4B286006211167204601221A7000F002
:107EF000B6FA0020F8BD2046FBF7C0FBD4E70D4BD7
:107F00000F4AD3F8F81004F1A4003B46FDF72CFD0E
:107F1000D2E70127CCE71746394620469847D4F8E0
:107F20009410BDE7F417002000600840E41700201B
:107F3000D8170020001F002100400840DC17002057
:107F40006C1F0021E017002000700840000008446A
:107F5000E117002002484822002101F031B900BF9A
:107F6000E81E0021002373B583746423C0E92C3319
:107F7000C0E92E334FF0FF35C0F8AC30A0F8C03068
:107F80000E264FF6FF73C0E9075580F8D0604564B0
:107F90008582837504461120FAF78EF9042834D1BE
:107FA0001B4B5B6813F4403F2FD12046FEF744F98A
:107FB0002046FFF7CFFF94F912102046FFF7DEFAB4
:107FC000144A6023536402F5805240F6FF715162F7
:107FD0005165114A5364114B4022C3F88820626BEB
:107FE00029462046FFF71CFB002240F202231046E0
:107FF0001946CDE90066FDF759FFFCF7D9F920468F
:1080000002B0BDE87040FBF761BD022002B070BD58
:1080100000300E40000008400000084600400844C0
:1080200070B50C68B0F8D4208D680346013404BFE5
:10803000D3F8AC400C604C68013404BFD3F8B840AE
:108040004C606E1C00F1A40038D1D3F8B440CE6867
:108050008C60751C38D1D3F8B0500E69CD600136F4
:1080600004BFD3F8A4600E614E69013604BFD3F893
:10807000A8604E618E69013604BFD3F8BC608E6182
:108080008E693EB34132B24238BF32460E688A61D1
:10809000C3F8B4404C68C3E92E420A69C3F8A4206F
:1080A0004A690D49C3F8A820C3E92B650B4AD1F8EA
:1080B000F8100723FDF758FC002070BD02F14104C1
:1080C000AC4238BF2C46C2E702F16405B54238BF66
:1080D0003546C2E76422D9E7001F00216C1F00214A
:1080E00038B5F9F7CDFC0B4A13884FF6FF718B4278
:1080F00003D1FAF711FA032038BD074C074DE565A7
:1081000004F100741B04E3651180FAF705FA0020FE
:10811000F2E700BF58000020006008440000FFFFA5
:108120002DE9F34105460F461446FFF701FA80B1E9
:10813000DFF81882D8F80C30DE0740F1EA80F9F752
:108140009FFC06460320FCF7D3FD38B13046FAF712
:10815000E3F90226304602B0BDE8F081D8F80C30D1
:1081600013F0060FF2D13046FAF7D6F96A4B4FF406
:1081700000612846D3F8E48ED3F8C46EFEF7BEFF44
:1081800040B1664B4FF400720121C3F888200846C5
:10819000FBF760FA39462846FBF7B6FB5E4BC3F89F
:1081A000C46EC3F8E48E06460028D3D12B7CD806D3
:1081B00001D4002C66D0C4F34000FEF793F914F408
:1081C000807F14BF564A554A4FF002031BBFC2F8C6
:1081D0008830544AC2F8883000211CBFD1609362B5
:1081E0004D4BD3F8BC7EFEF7B7F94F4A14F0040F9D
:1081F00007EA02034FF480616BD04C489342C1619F
:1082000006D14B4A92F8D03043F0020382F8D030C6
:10821000424B042214F0400FC3F8882014BF454A93
:10822000454A40232046C2F88030FFF70FF8284621
:10823000FFF74EFC40B114F0010F14BF384A374A23
:108240004FF48073C2F88830A1064CD56B8C4FF682
:10825000FF7293420FD0394A3949D26D100CC2F3E4
:108260000112088001323749B3FBF2F32F4A364836
:10827000C8651B04D3652B7C003C18BF012464F344
:1082800004132B74284600F0E7F8F0B12846FFF7F6
:108290001FFCD0B14FF400312846FEF72FFF431CDE
:1082A0009BB203221F4801A9FBF780FD9DF8042023
:1082B00002F00703052B9DF805301DD1120715D4D8
:1082C00043F480731A4AC2F8CC300020FBF7B9FFA0
:1082D00040E71C489342C1619AD1154A92F8D030C8
:1082E00023F0020392E7FFF7FBFEC4E713F0040F4D
:1082F00009D19DF80630E3E703F03002202A05D1CA
:1083000013F0010FF4E74FF48073DBE79DF80630BC
:10831000D8E703261EE700BF0010002100400844F4
:1083200000400846001008408000004000600846F9
:10833000001E0021007008460070084400600840DC
:1083400058000020006008440000FFFF0050084073
:1083500038B504461D46FFF7E3FE28B929462046F6
:10836000BDE83840FEF778B838BD7047054BD3F804
:10837000880003F180634FF40022C3F88820C0F323
:10838000C040704700400840014B024A1A607047E5
:10839000DC17002075710000024BD86800F0010066
:1083A000704700BF005008400F4B5B68C3F3036386
:1083B000013B0B2B0FD8DFE803F006060C06060680
:1083C00006080A08080802207047042070470520A4
:1083D000704703207047054BDB6813F0060F0CBF96
:1083E00001200420704700BF0040084000500840B2
:1083F0000A4A5368C3F303630B2B08D06FF4905001
:10840000184100F0010080F0010040007047D2F8F0
:10841000880010F48030ECD1704700BF0040084065
:108420000C4A5368C3F30363062B07D8042BD8B256
:108430000CD8C31E5842584140007047072B07D143
:10844000D2F8440110F00050EBD170470220704781
:1084500000207047004008408021FEF74FBE38B52D
:108460000546FEF7F5FF04462846FEF7CFFF07282E
:1084700011D1D5F89030DB6924F47F4121F0080157
:1084800003B15B7841EA032141F020012846BDE8B1
:108490003840FEF7E3BF24F02001F7E708B5437C3E
:1084A000033BDBB2072B96BF044A0021D15CFEF7E9
:1084B000D5FFBDE808400120FCF742BD70960000E2
:1084C000012310B580F8C2302823C0F8A830042357
:1084D0004374054B04461968FBF734FA2046FFF74E
:1084E000DDFF002010BD00BF1CB10000012310B54E
:1084F00080F8C2302823C0F8A83002234374054B0B
:1085000004461968FBF71EFA2046FFF7C7FF002054
:1085100010BD00BF20B1000010B50446FFF7E6FF14
:108520002046BDE81040FFF7B9BF0000F8B5D0F80D
:10853000E0308B4204460D46164601F0010703D198
:1085400090F8DC30202B19D04FB3002E14BFAA2393
:10855000552393FAA3F31B0B03F4702395FAA5F2AA
:1085600043EA12432364202384F8DC300023C4F858
:10857000E050C4F8E4302046FFF7AEFA164A174937
:108580000F23D365164BDFB15EB90120D865C2F861
:10859000FC10226CC2F31302C3F8FC20F8BDAA231E
:1085A000D7E70220D865C2F8FC10226CC2F3130290
:1085B000C3F8FC200B4BE5640222C3F8B820EDE7BA
:1085C0000220D865C2F8FC10226CC2F31302C3F873
:1085D000FC20002EE2D0EDE700600844FFFF0F0012
:1085E0000060084600100840134A072310B5536383
:1085F000124C134B89B14421E16240F0400001214B
:10860000206359634FF48043C2F8A030C2F8A4300D
:10861000C2F8A830C2F8AC3010BD4FF48042E1621D
:1086200021635963C3F8A020C3F8A420C3F8A8208D
:10863000C3F8AC20F0E700BF000008440000084089
:10864000000008460020704700228A4202D14FF005
:10865000FF30704750F8223093FAA3F30BB9013280
:10866000F3E7B3FA83F000EB4210704753B94AB90D
:10867000002908BF00281CBF4FF0FF314FF0FF302A
:1086800000F06AB9ADF1080C6DE904CE00F006F80F
:10869000DDF804E0DDE9022304B070472DE9F0477E
:1086A000089D0C46002B4ED194468C458646B2FA66
:1086B00082F262D94AB1C2F12003914020FA03F359
:1086C0000CFA02FC194300FA02FE4FEA1C471FFA9B
:1086D0008CF6B1FBF7F44FEA1E4307FB141143EA93
:1086E000014304FB06F199420AD91CEB030304F190
:1086F000FF3080F01381994240F21081023C6344C4
:10870000591A1FFA8EF3B1FBF7F007FB101143EA79
:10871000014300FB06F69E420AD91CEB030300F15D
:10872000FF3180F0FD809E4240F2FA8063440238BF
:108730009B1B40EA044000211DB1D3400022C5E943
:108740000032BDE8F0878B4205D90DB1C5E90001C3
:1087500000210846F5E7B3FA83F1002946D1A34288
:1087600002D39042C0F0F180861A64EB030301202B
:10877000002DE6D0C5E90063E3E7002A40F09180D0
:10878000A1EB0C044FEA1C481FFA8CF70121B4FB43
:10879000F8F64FEA1E4308FB164443EA044307FB7E
:1087A00006F0984208D91CEB030306F1FF3402D20D
:1087B000984200F2CE8026461C1A1FFA8EF3B4FBB4
:1087C000F8F008FB104443EA044300FB07F79F421C
:1087D00008D91CEB030300F1FF3402D29F4200F2E0
:1087E000B1802046DB1B40EA0640A5E7C1F1200628
:1087F0008B4022FA06F71F4320FA06FC04FA01F325
:1088000043EA0C03F44000FA01F8380C4FEA13492C
:10881000B4FBF0FE1FFA87FC00FB1E4449EA044447
:108820000EFB0CF9A14502FA01F20AD93C190EF12E
:10883000FF3A80F08580A14540F28280AEF1020EC1
:108840003C44A4EB09041FFA83F9B4FBF0F300FBEA
:10885000134449EA044403FB0CFCA44507D93C1922
:1088600003F1FF3068D2A44566D9023B3C4443EA99
:108870000E40A0FB0293A4EB0C049C42CE469C4607
:1088800052D34FD055B1B8EB0E0364EB0C0404FA8D
:1088900006F6CB40CC401E43C5E900640021BDE88C
:1088A000F087C2F1200320FA03F10CFA02FC24FA4B
:1088B00003F394400C434FEA1C4800FA02FE1FFAEF
:1088C0008CF7B3FBF8F008FB1031230C43EA0143AB
:1088D00000FB07F1994208D91CEB030300F1FF36B6
:1088E0002CD299422AD9023863445B1AA4B2B3FB52
:1088F000F8F108FB113344EA034401FB07F3A342F8
:1089000008D91CEB040401F1FF3613D2A34211D99C
:1089100002396444E41A41EA004138E70446EFE6CC
:10892000084605E7C845ADD2B9EB020E63EB070C6C
:108930000138A7E73146EDE7034698E73046D4E72C
:10894000D6467EE7634402384CE70646234608468F
:108950000EE7023E63442FE7704700BF81F00041FD
:1089600002E000BF83F0004330B54FEA41044FEA14
:10897000430594EA050F08BF90EA020F1FBF54EAAF
:10898000000C55EA020C7FEA645C7FEA655C00F04B
:10899000E2804FEA5454D4EB5555B8BF6D420CDD1C
:1089A0002C4480EA020281EA030382EA000083EA9F
:1089B000010180EA020281EA0303362D88BF30BD3F
:1089C00011F0004F4FEA01314FF4801C4CEA113195
:1089D00002D0404261EB410113F0004F4FEA0333F4
:1089E0004CEA133302D0524263EB430394EA050F7F
:1089F00000F0A780A4F10104D5F1200E0DDB02FAEE
:108A00000EFC22FA05F2801841F1000103FA0EF281
:108A1000801843FA05F359410EE0A5F120050EF147
:108A2000200E012A03FA0EFC28BF4CF0020C43FA78
:108A300005F3C01851EBE37101F0004507D54FF085
:108A4000000EDCF1000C7EEB00006EEB0101B1F5D5
:108A5000801F1BD3B1F5001F0CD349085FEA30001B
:108A60004FEA3C0C04F101044FEA445212F5800F26
:108A700080F09A80BCF1004F08BF5FEA500C50F1C3
:108A8000000041EB045141EA050130BD5FEA4C0CA6
:108A9000404141EB0101013C28BFB1F5801FE9D203
:108AA00091F0000F04BF01460020B1FA81F308BF26
:108AB0002033A3F10B03B3F120020CDA0C3208DDF2
:108AC00002F1140CC2F10C0201FA0CF021FA02F1CD
:108AD0000CE002F11402D8BFC2F1200C01FA02F13D
:108AE00020FA0CFCDCBF41EA0C019040E41AA2BF62
:108AF00001EB0451294330BD6FEA04041F3C1CDA2A
:108B00000C340EDC04F11404C4F1200220FA04F049
:108B100001FA02F340EA030021FA04F345EA0301F3
:108B200030BDC4F10C04C4F1200220FA02F001FAB5
:108B300004F340EA0300294630BD21FA04F0294637
:108B400030BD94F0000F83F4801306BF81F48011D0
:108B50000134013D4EE77FEA645C18BF7FEA655C43
:108B600029D094EA050F08BF90EA020F05D054EA15
:108B7000000C04BF1946104630BD91EA030F1EBF1A
:108B80000021002030BD5FEA545C05D1400049411E
:108B900028BF41F0004130BD14F580043CBF01F511
:108BA000801130BD01F0004545F0FE4141F47001F7
:108BB0004FF0000030BD7FEA645C1ABF19461046D2
:108BC0007FEA655C1CBF0B46024650EA013406BFD3
:108BD00052EA033591EA030F41F4002130BD00BF92
:108BE00090F0000F04BF0021704730B54FF480644F
:108BF00004F132044FF000054FF0000150E700BFD0
:108C000090F0000F04BF0021704730B54FF480642E
:108C100004F1320410F0004548BF40424FF000011B
:108C20003EE700BF42004FEAE2014FEA31014FEA5E
:108C300002701FBF12F07F4393F07F4F81F06051AD
:108C4000704732F07F4208BF704793F07F4F04BFF8
:108C500041F40021704730B54FF4607401F00045D5
:108C600021F000411CE700BF50EA010208BF704735
:108C700030B54FF000050AE050EA010208BF704726
:108C800030B511F0004502D5404261EB41014FF48F
:108C9000806404F132045FEA915C3FF4D8AE4FF097
:108CA00003025FEADC0C18BF03325FEADC0C18BF7A
:108CB000033202EBDC02C2F1200300FA03FC20FACB
:108CC00002F001FA03FE40EA0E0021FA02F1144418
:108CD000BDE600BF70B54FF0FF0C4CF4E06C1CEA31
:108CE00011541DBF1CEA135594EA0C0F95EA0C0FA2
:108CF00000F0DEF82C4481EA030621EA4C5123EA15
:108D00004C5350EA013518BF52EA033541F4801143
:108D100043F4801338D0A0FB02CE4FF00005E1FBF6
:108D200002E506F00042E0FB03E54FF00006E1FB40
:108D300003569CF0000F18BF4EF0010EA4F1FF0483
:108D4000B6F5007F64F5407404D25FEA4E0E6D41C3
:108D500046EB060642EAC62141EA55514FEAC520D4
:108D600040EA5E504FEACE2EB4F1FD0C88BFBCF550
:108D7000E06F1ED8BEF1004F08BF5FEA500E50F101
:108D8000000041EB045170BD06F0004646EA0101C7
:108D900040EA020081EA0301B4EB5C04C2BFD4EBF9
:108DA0000C0541EA045170BD41F480114FF0000EF2
:108DB000013C00F3AB8014F1360FDEBF002001F060
:108DC000004170BDC4F10004203C35DA0C341BDCDA
:108DD00004F11404C4F1200500FA05F320FA04F0AC
:108DE00001FA05F240EA020001F0004221F00041E0
:108DF00010EBD37021FA04F642EB06015EEA430E53
:108E000008BF20EAD37070BDC4F10C04C4F1200582
:108E100000FA04F320FA05F001FA04F240EA020035
:108E200001F0004110EBD37041F100015EEA430E06
:108E300008BF20EAD37070BDC4F1200500FA05F226
:108E40004EEA020E20FA04F301FA05F243EA0203A5
:108E500021FA04F001F0004121FA04F220EA0200B4
:108E600000EBD3705EEA430E08BF20EAD37070BDFA
:108E700094F0000F0FD101F00046400041EB0101DA
:108E800011F4801F08BF013CF7D041EA060195F0BC
:108E9000000F18BF704703F00046520043EB030376
:108EA00013F4801F08BF013DF7D043EA0603704763
:108EB00094EA0C0F0CEA135518BF95EA0C0F0CD06E
:108EC00050EA410618BF52EA4306D1D181EA0301B4
:108ED00001F000414FF0000070BD50EA410606BFAE
:108EE0001046194652EA430619D094EA0C0F02D1F3
:108EF00050EA013613D195EA0C0F05D152EA033638
:108F00001CBF104619460AD181EA030101F0004155
:108F100041F0FE4141F470014FF0000070BD41F09E
:108F2000FE4141F4780170BD70B54FF0FF0C4CF478
:108F3000E06C1CEA11541DBF1CEA135594EA0C0F97
:108F400095EA0C0F00F0A7F8A4EB050481EA030EE4
:108F500052EA03354FEA013100F088804FEA0333CB
:108F60004FF0805545EA131343EA12634FEA022299
:108F700045EA111545EA10654FEA00260EF000415A
:108F80009D4208BF964244F1FD0404F5407402D2AC
:108F90005B084FEA3202B61A65EB03055B084FEA3D
:108FA00032024FF480104FF4002CB6EB020E75EB3A
:108FB000030E22BFB61A754640EA0C005B084FEA62
:108FC0003202B6EB020E75EB030E22BFB61A7546DF
:108FD00040EA5C005B084FEA3202B6EB020E75EB2A
:108FE000030E22BFB61A754640EA9C005B084FEAA2
:108FF0003202B6EB020E75EB030E22BFB61A7546AF
:1090000040EADC0055EA060E18D04FEA051545EA9D
:1090100016754FEA06164FEAC30343EA52734FEA46
:10902000C2025FEA1C1CC0D111F4801F0BD141EABF
:1090300000014FF000004FF0004CB6E711F4801F24
:1090400004BF01430020B4F1FD0C88BFBCF5E06F04
:109050003FF6AFAEB5EB030C04BFB6EB020C5FEA14
:10906000500C50F1000041EB045170BD0EF0004E69
:109070004EEA113114EB5C04C2BFD4EB0C0541EA9B
:10908000045170BD41F480114FF0000E013C90E698
:1090900045EA060E8DE60CEA135594EA0C0F08BF5C
:1090A00095EA0C0F3FF43BAF94EA0C0F0AD150EA5B
:1090B00001347FF434AF95EA0C0F7FF425AF1046EE
:1090C00019462CE795EA0C0F06D152EA03353FF416
:1090D000FDAE1046194622E750EA410618BF52EA93
:1090E00043067FF4C5AE50EA41047FF40DAF52EA67
:1090F00043057FF4EBAE12E74A0011D212F50012DD
:1091000011D20DD56FF47873B3EB62520ED44FEADF
:10911000C12343F0004343EA505323FA02F070475F
:109120004FF00000704750EA013002D14FF0FF309D
:1091300070474FF00000704708B5064B044613B166
:109140000021AFF30080044B1B6803B19847204611
:1091500000F036F9000000003019002070B50D4D08
:109160000D4C641BA4100026A64209D10B4D0C4CDB
:1091700000F028F9641BA4100026A64205D170BD9A
:1091800055F8043B98470136EEE755F8043B9847FD
:109190000136F2E7BC000020BC000020BC0000202B
:1091A000C00000200A44914200F1FF3300D1704713
:1091B00010B511F8014B03F8014F9142F9D110BDE0
:1091C00002440346934200D1704703F8011BF9E7BC
:1091D0007047704770B50F4E0C463168054611B99F
:1091E00000F09EF830602146284600F099F8431CB4
:1091F00003D14FF0FF34204670BDC41C24F003049B
:10920000A042F8D0211A284600F08AF80130F2D1A5
:10921000EFE700BF3C1900202DE9F041CD1C25F0FF
:10922000030508350C2D38BF0C25002D064601DB43
:10923000A94204D90C2333600020BDE8F081314FEE
:1092400000F062F83B681C4644BB29463046FFF7F5
:10925000C1FF431C044650D13C682146002941D13E
:10926000002C44D02368304604EB030800F058F883
:1092700080453CD121686D1A29463046FFF7AAFF88
:10928000013034D023682B4423603B68002B36D058
:109290005A68A24229D100225A600EE02268521B6D
:1092A0001DD40B2A16D96119A342256018BF596035
:1092B000636808BF396062514B60304600F02AF89D
:1092C00004F10B00231D20F00700C21AB5D01B1AB1
:1092D000A350B2E7A3426268DED13A60EDE72346CD
:1092E0006468B1E70C464968B8E71346CEE70C233B
:1092F0003360304600F00EF89EE70560DDE75B6006
:10930000FFDE00BF401900200148FFF761BF00BF2A
:10931000341900200148FFF75CBF00BF341900205A
:1093200038B5064D0023044608462B6000F03AF895
:10933000431C02D12B6803B1236038BD38190020CB
:10934000024B01461868FFF767BF00BF6C000020A2
:1093500010B501390244904201D1002005E00378A4
:1093600011F8014FA34201D0181B10BD0130F2E7E4
:10937000884210B501EB020402D98442234607D883
:10938000431EA14208D011F8012B03F8012FF8E782
:10939000024401468A4200D110BD13F8014D02F883
:1093A000014DF7E7044A05491368002B08BF0B4637
:1093B00018441060184670474419002048190020CE
:1093C000FEE700BFF8B500BFF8BC08BC9E4670477A
:1093D000F8B500BFF8BC08BC9E467047B814B6F19B
:1093E000E0CFF3ADB7DD25C9FA79B7130002010666
:1093F0000409004F544100081B00011800052A0011
:10940000022900F01921B4478FA4BFA14F63FDEEDC
:10941000D6141D00636032E0375EA488534E6DFBA6
:109420006435BFF70053A1811F582CD0A54540FCDF
:1094300034F3274298009F3EE22E0ECFFFBF1E4519
:10944000CA8C68234A4F0016531EC44CBAAD9D32D5
:109450004B6808CF7BC04C00FE5A24E12BAAA5B272
:10946000E94617E90A5CF02500F8927AAC96CDA996
:10947000BFF249C14A11CC770D0000007D95000074
:109480000200000003280000849400000200000095
:1094900000028000080002002000000140000400DB
:1094A000010010000806020004090703010500007E
:1094B00040787D0100000000005A620200010000B7
:1094C000C0CF6A0002000000809FD50002010000AA
:1094D000002D310102020000000301030303020119
:1094E00002030405060708090A0B0D0E0F101112DE
:1094F000131415161718191A1B1C1D1E1F202122C4
:1095000023242526000C270013B779FAC925DDB7D7
:10951000ADF3CFE0F1B614B8010200000000000086
:109520000000000008000000000003070000000029
:10953000000000000000000000000000000000002B
:10954000000000000000000000000000000000001B
:1095500000000000000000000307000300000043BB
:1095600007000000839500000200000080950000C5
:10957000020000000101020A0000000000002800B3
:10958000002A000018000000000800FCFC95000004
:1095900001000107A8950000000800F8B895000038
:1095A000000000000000000083FFBFFFE2FFF1FFAA
:1095B000F9FFFEFF000000009600FCFEF8006D239E
:1095C000441FEEFFC700F20E8E37FAFF5C00A403C3
:1095D00024A7FFFF3200D601AD3400001F00300188
:1095E000004D00001200C000CA4A00000B006E00CF
:1095F000F73C000005001F002F2000008C00FCFE3F
:10960000FFFF000000000000FC00D2104C06FAFF33
:1096100075009B05F132FFFF3E0062020B35000032
:1096200025004B01885F00001700E0005E5D000030
:109630000E008C006A4F0000070025008328000000
:10964000000000004801000078130020FA04FA002E
:109650000033330A0A0A084000210000000000001D
:1096600000000000000000010000010100010101F4
:109670000101020300000001A806000048704C0D23
:109680004470D80C307064123C70AE163870340DD3
:1096900034705A0D30700A0F2C700A0F2870DC10CD
:1096A0002470F41020703E0D1C7080111870F2119F
:1096B00014703A0DB110076001D80A7108B87F78AC
:1096C000020C7E78641000C6A01F00218CB8707850
:1096D00001B007680F305CB30F330111C048069822
:1096E0004A022FB006D80C7109DD087100B853A8E2
:1096F00009BB1110076801682148076004100112B6
:10970000FF322150076051480760008806984413D3
:1097100000C4401F002103DD087214BA281400A001
:1097200000BA03DF107109DF0672029860058CB879
:10973000507800A04413281441158110076002D806
:109740001471108806982E1800C00C7008400698F6
:109750007C1A0091069860020060B83020D806712B
:1097600090BC637C784D5412F03240DE0472404865
:1097700004DB08720DDD0C72044BEF3014480698C0
:10978000FC0600C4E0100840441207620132214088
:10979000084C287C811140D91C72B1123032CF4A5A
:1097A000013AB1DA107208D8067104D80871B04CC9
:1097B000237C4070684C4412FF328722047580B8C5
:1097C000D84C81D8327140D90472237C084B06985A
:1097D000FC0604BA88B9767900C11860084035796A
:1097E000E049007906B904A901D86E72227CBC4C0C
:1097F000307C0298320208D83C7100C14C0008400D
:10980000141110D93071104C00C11400084014110B
:109810001814076100C5206008405415FF35047115
:1098200010491814A84C44120762013206710298BC
:109830001201B84C08D80C7107BA24D8047106BAC2
:10984000187004D80C7101BA40D80E7102BA0A70AF
:1098500005BA20D8047203BA227C604C4411404CF3
:1098600018140761181491113831114291110769C8
:1098700010D90472EF3200C1006008401411103199
:10988000016911422814A111076118140698621A7F
:10989000181400C10060084014110769FF31181442
:1098A00000C13C30084014111814076118143088A6
:1098B00002480698C005009308DB047101F800A077
:1098C0005CB00F3000A01088B111076980D90A710F
:1098D00000C1800008400811009100A000C40001F0
:1098E0000840441000A000C020300E4004110410B5
:1098F0001050F47200A054155045127106980607D6
:109900000698960618B8707800B841780698400313
:1099100090BA5B7A5C7A5D7A00C2185008402412D3
:1099200000C1501F0021281106983818208800888F
:1099300000C5441F002154155112FF350762FF3244
:1099400006986A020159512904751159009021297C
:109950002075069886040698A2040698FA020092DA
:1099600003D80C728111076102D90472FF0FBA701B
:1099700018B8727800F804D842710088308800C0A6
:10998000FC1F0021041000C1501F00211412012AE5
:10999000215A00C3185008403413312A1A7500C0E8
:1099A0000060084004100730FE200C76381108B81B
:1099B0007F78020C7E780093009000A000C0F41F16
:1099C0000021041000BB1DB400A000C1DC1F002159
:1099D00014111088FF3100C5FFFF0000311207622B
:1099E0000762513A513B0E720698720C11590112DE
:1099F00001131E703114008831100698720C115931
:109A0000415C41280698740C513801130090012BD9
:109A100000902088076001140760FF30215D41122B
:109A200007620762312D0876FF34415C4128015DF1
:109A300031100698740CFF303088011300C0E01F0D
:109A400000210410512B0C76076801150768FF35BB
:109A50006070315BFF32212B0C75076001150760C8
:109A6000FF354E7000C5E41F0021541507650765DA
:109A70005112FF35FF30012B08752110076032703D
:109A800021100768FF30012B0A752110076007605D
:109A9000207000C2E81F0021241221100760076017
:109AA000FF30012B08752110076806702110076030
:109AB000FF300093009200C10060084014142C494C
:109AC0000734FE242A761415F0BC076C513C076855
:109AD00003680154107100C4FF0FFFFF513C0144A3
:109AE0004811311200C5E81F00215415FF350762E7
:109AF00007622143544914122155FF355152281150
:109B000000A001D81871008800C00470084004103B
:109B10008020FF30067106984E03009000A002D806
:109B2000047200A00088069896061DB428B9112C6E
:109B3000408800C3EC1F0021341440445A71441380
:109B400006982005411500C0006008400410073049
:109B5000FD20447500C20870084024100760FF30E3
:109B600080DC34710698AE0C01591C4A2410076041
:109B70000260FF300698AE0C0158B2200129541340
:109B800031100698AE0C11280A750425541550455D
:109B9000EE72069820050094009000A07FB906613F
:109BA00000C01C60084006984A1304155153113B2D
:109BB0003155581002984413EBBD00C0401F0021DE
:109BC0000411113D10D91271FF33076B00C1904091
:109BD0000846381118B97479581000A00698600228
:109BE0008024E4240D300472044800C11C51084054
:109BF000141100C3DC1E0021911504351A721813CC
:109C000088BB08D804716C7B04D804716A7B8CBB58
:109C10002F7C5B7B16703C4B181388BB08D80471F3
:109C20006F7B04D804716D7B217C0C300160069839
:109C300082060698680B0698320700B8B1110769CA
:109C400040D906720298660601BC00C20060084056
:109C500000DC0A7124150165604A0A701C4A24154B
:109C600007657C4A043508D920712024512A241222
:109C700000C180000840320C2811076228110762D9
:109C8000281107622811500C00C1381F002114123E
:109C900000DC1A7120D8067101B80C70F0DA0C7271
:109CA0000CDB087102B806988A064824044914118E
:109CB00000C380000840FFB8012011410871014134
:109CC00018130824014200C120000840141101416A
:109CD000036D514191152035016D51411813281321
:109CE000481300C37C000840341003D80C710730BF
:109CF00005DC0671084B227B8CB8507800B800C197
:109D0000381F0021141203682150F030015228112D
:109D100000A04024066400C0FFFF0100013C1DB00C
:109D200002200158402806751EAC01EC00A02088D6
:109D300000C01850084004121DB421130412305200
:109D4000F871066C402400C3741F002134101411F4
:109D50000698C00C0669009211592129067600BBAD
:109D600011590698960C80B80158013A0662313BA9
:109D70000472215A412A00A000C200010840317A31
:109D800000A0308880B9076900C30000C0FF31100F
:109D9000312800BC002D0C7511541EAC01EC312D86
:109DA000F470066C51134155312C009300A000C093
:109DB00028400E400413315107610C3107691153DB
:109DC000381000A006984A0800C0F41F00210411B2
:109DD00006983207217A237A00C300001000069803
:109DE000720700C0581F00211DB1181000A000C04C
:109DF000541F00211DB1181000C09C1F0021041029
:109E0000002D067500B826A80698060700C09C1FFE
:109E100000210410012C06750698960628B010B98A
:109E2000115911380EB9114028A880B800C144302A
:109E30000840081100C1F01F00211410303B0671CA
:109E40000760076000C40830084044111150FF301B
:109E5000015118146FB8076826A8217A050C211043
:109E60002048267800C063EF0000314026A8050C8A
:109E700020ECB11140D90872247A20EC217A1848DC
:109E800026A828B00AB901510F31115028A8050C95
:109E9000207A20EC0F0C98B84678417806986A0230
:109EA00000C2441F002124100151FF31115008123B
:109EB00000A006984A0800B826A800C05C1F002130
:109EC0001DB1181000A030B840780DB101D9FC7256
:109ED000427800C074300E4004114CBA407A181019
:109EE000144804115C7A1810A4BB707B4E7B4F7B26
:109EF00000C20430084000A006984A08217A227A5D
:109F000000BB0698720700C0681F00211DB1181021
:109F1000A4BB00C040300E40041103310149287237
:109F2000B112076207623048041121510F311872D3
:109F30006E7B6F7B104804114CBA7C7A1810144861
:109F40000411607A1810B11002D81071707B30B80B
:109F5000627860780DB001D8FC7100C0F8600840EC
:109F6000041101D90C7100C01800084002B9181082
:109F700008B86E780EB84EB110D90C723EA8140C09
:109F80000FB83EA8107044A8140C01B800C1B0303E
:109F90000E40081100C077801F003DB201423DAA6B
:109FA00000C0FFFFFFFC013A3DAA140C00C077E09F
:109FB0001F0001423DAAFFB845207D7808B87E7891
:109FC00000C124600840141107610631087100B90E
:109FD00006985A1006984A13B11101D90E710698C5
:109FE000881A02D906720698AE0B069844135114CB
:109FF00006989606F4B845780A0C00C0641F002144
:10A000001DB1181002983410FFB845205D7803B8D0
:10A01000076044A83EA800C1B0300E40081110B837
:10A0200007683DB101393DA908B86F7800A046A87E
:10A0300000C0FFFF0000013B076356AB94BA437AB0
:10A0400001D91471013C47B300C0FE20FFFF013B62
:10A05000314447AC637AFFB82120407802D90471BB
:10A06000607800A0C8BC066C415C512C067506984F
:10A07000960606986E0DB110076805D8347140BA7F
:10A0800006981A1308B86578911004D8187188B822
:10A090006E78577800C064000840217806988210D6
:10A0A00001400A728CB84278069856130298400B09
:10A0B00008B86C7820B859785B7800C0F440084044
:10A0C0007878797800C1C81F0021141040A8184979
:10A0D00014130449408814140C4914118112076A9E
:10A0E000006A01DA187188B8577800C0CC1F0021C7
:10A0F0000410016107630763076407640698B209E7
:10A1000000944EB010D842724DB161B80158113868
:10A1100040B102D90A72604804BB4154087020481B
:10A1200002BB02BC4DA8F8B87078190C3EB1414191
:10A130003EA9F4B973797378717800C4F840084087
:10A1400000C200410840227000C20000010044AA81
:10A15000230C00C200000B0044AA00C410410840B8
:10A1600000C21841084004BB587C050C597C0C24E3
:10A170000F0C2FAB050CB11008D81471647A657AF6
:10A180001CB879787B7820B879787B78607CF42467
:10A1900041130698FC06511440440675069896062D
:10A1A000727BFFB84D20050C687840EC00C0601F42
:10A1B00000211DB11810911004D8147100C0BC1EEC
:10A1C0000021041080D806711CB8737800F818B804
:10A1D00000C1D81E002100C21850084024122811C6
:10A1E000767800F800C0B860084004110761076184
:10A1F00080D9047240EC00C4F84008404EB010D83A
:10A200000471182441130C23527C407B11512FA957
:10A21000050C797C0A0C00C0000001020814787C4F
:10A22000050C507C08B86D7800A000C0287008406C
:10A230000411108800C1001800401810444804118F
:10A24000108878480411108800884CBA757A181064
:10A250003DB11088F4B84278442072782848737869
:10A26000F8B873784FB200C4FFFF8080413A4FAA1C
:10A2700001BC01644113076300C06C70084003B95E
:10A2800018100110011001B918100110011001106F
:10A29000011068480411076101B80160003A0471B7
:10A2A000044904D9047241520760003A0471084914
:10A2B00008D9047231520460003B0E7200630064DE
:10A2C000314241424FAAB2704FAAF8B853781820D1
:10A2D00053782848527800913DA9009000911810B9
:10A2E00000917848181000914448181000A01159A6
:10A2F00010D906710760076008D90471076004D996
:10A300000471036002D90471016001D90471006015
:10A3100000A000BA01D806710148112A0069006046
:10A3200001D8F6720138F67200A08020FF30FF4895
:10A33000812000A000C21850084024121159212980
:10A34000127300210E7100C2305008402412012106
:10A35000212900A006984A0888B8577800C57C1FB4
:10A3600000215088044D88BC00C0C81E0021811106
:10A3700001D91E71407C00950115044D50881C4D7B
:10A38000FFBB076B315B04110698B80C3129F875D7
:10A390000698761954150698881A01D908720698F5
:10A3A0007C0806700698DE0888BB547B009500F890
:10A3B00006988C090E700698680B06988C0906980A
:10A3C0006011069836089112211900C024600840D7
:10A3D0000A78097800F810B901BA0698101306989F
:10A3E000341000C57C1F002100F89112033288B997
:10A3F00000C3BC1E0021341300C4A81008408CB850
:10A400004278707903DE067144786E707179A1101C
:10A4100020D806710298160F80DB507102D84C725A
:10A4200005B830880763076302DB2A7100C3AC00FC
:10A4300008403413066380DB0472804800C3102098
:10A4400008403413315B04724048312831280260DF
:10A450000814076800930814A1101030024808146B
:10A4600000B808149110076008148CB86278A11025
:10A4700000DC0676517900BA80DB587100C000001C
:10A480000200003B4E7150884110344803DE0471D5
:10A490009048041508200411F82058101C20217839
:10A4A0000698AE0E00C0A40008400E7810D91C71AA
:10A4B00051451A7100C53400084407B8081500C595
:10A4C0003400084604B8081504702E7806987416EF
:10A4D0000095911120310269911004D80E7200C1CB
:10A4E0004C1F0021141101D90A71208806985A10B6
:10A4F000009200C1180008400533054B1872184C33
:10A5000003DE0471904C441400C3FF1F0000413B64
:10A51000FF233811B849076A0698A20E0449087942
:10A52000097914102140081100A000C5540008400A
:10A53000541551455071108800C13400084407B8C3
:10A54000081101B83088076B40DB247100C0370C5C
:10A5500000000811364800C5D01E0021541102D950
:10A560000E72104801D9087100C01104000000C12A
:10A5700034000846081100C1340008401415303575
:10A580000093009100A000BD0698440210B903DCBE
:10A59000047100B901BA0698101302D9067100407F
:10A5A0004E7201B107690F3106988210FFD82872E8
:10A5B000811008D8187106DD0A710698440203DC80
:10A5C0000C720698C810069856130C7006DD1071B0
:10A5D0000698CE10487020B802A806DD10720698C2
:10A5E0008C090698360801F840B802A800F800C0A7
:10A5F000BC1E00210413076301DB227191100111BD
:10A60000076911388CB910D8087144790298160F6F
:10A6100002DBFA72A11328DBF47203BD069828103E
:10A6200006988C098CBA7F7A0698FC0600C5801FB4
:10A6300000210698440200BA03DC3272044DA110D6
:10A6400002D804710C4D00C01400084004100268C8
:10A6500000C3701F002134111128FC233411069807
:10A66000960C00C10C5108400698B2065415212DD5
:10A6700000C0F8600840041101D9227100C03C1FDD
:10A6800000210410033001DC147200C014000840E3
:10A690000411FD21087602BA076A212D06984807A1
:10A6A0000298E8099110015503355150011900A095
:10A6B00000C1481F0021141001D8427101480760F1
:10A6C000FE200E75811020D8087100C14C1F00219A
:10A6D000141101D9287100C02460084004122151CE
:10A6E00007610F3107691152281000C0006008404F
:10A6F00004119112215120311152211900A081130E
:10A7000080DB067201B800A000C30C500840341072
:10A71000063030727C4B34122C4B341007600760CB
:10A7200040302072811080D8DC713410014A0762F9
:10A730000360803021508C480A717F2355233410E8
:10A74000013000A000BD0698281088B847784578E9
:10A75000437800B8447800A006988C090698C81081
:10A7600000C58C1F00215415069848070298E80977
:10A7700000C374000840027B06984A1350BA06983A
:10A780001A1306988210FFD84A71911004D84872A3
:10A79000811007601CD8407220D938721112FF3224
:10A7A0002151347180218021111400C0E41E002148
:10A7B0000413FFBA3151113A215111538CB9381099
:10A7C0007B7940440E7200B900C2C41E00211812E9
:10A7D000067008B860780698441300F800B900C203
:10A7E0009C1008401812244A0AB9181288BA507AE4
:10A7F000517A577A8CB942795F7900A00698440261
:10A8000007DC1072911000200A75069860110298FA
:10A81000660D0698360801B9911004D8047100B984
:10A8200010BA0698101300BA00402A7100C0BC1E6E
:10A8300000210411076101D9127104D9E27281105B
:10A84000076001D8DA718CB8647800C11C510840E7
:10A850000698B2060698601100C5901F0021541595
:10A86000212D06987C0800C5941F002100F800BC2B
:10A87000811108D9167280D9207201B910BA0698D0
:10A88000101300400E7101BC10700698C810069895
:10A89000561320B802A800F8069860118111023101
:10A8A000127100B900C20C1008401812244A02B9F3
:10A8B00018120698C81000C5981F00215415069854
:10A8C000001A0298E80904110121147188BA737AF8
:10A8D000042004122811042004110121F47200A0A4
:10A8E0000698FC0601F8911010D8347106984003C0
:10A8F000069886040698A20400C51C51084054110D
:10A900000698B80C00C5D41E002154155129E275D3
:10A9100018B875788CB8447801B802A800F8B1105E
:10A92000076810D82E7100C04810084000C300000E
:10A9300008403114884C44113411076101D9FA716F
:10A940004412281007622810076228100762281096
:10A95000E87000C1BC1E0021141080D82C7100C109
:10A960005400084014111141207100C10000024040
:10A970001038167100C03400084407B9181000C020
:10A980003400084601B9181002987A02069860024D
:10A9900011380472016A00BB00C1E41E00211411C9
:10A9A00020390C72911210DA0672417B00A00698D1
:10A9B0004A1300C2BC1E0021241220DA0472617BFB
:10A9C00088BA527A00A088BA727A811204DAFC72CC
:10A9D00000A088B86B78577800C0640008402F78D2
:10A9E00000A006986E100763076390B9637900B9F9
:10A9F00002DB36713112076240DA2E7200C2540057
:10AA0000084024100140227202EC00C909B801D9A3
:10AA1000507200C2AC0008400E7A10D904722E7A2F
:10AA200006987416E031076102EC00CD114502EC86
:10AA300000CC01DB087100BB0298CA1703B84111B2
:10AA40000731FA211C760621911210DA087102DD15
:10AA500010721E7020B80698720C3038147208B844
:10AA60000698820600C0240008402978207800F863
:10AA7000046020D8067102982C1502EC00CA05B8B3
:10AA800023DA187104DBDA7120DAD67110DAD272A7
:10AA900090B8617800B801DA067202EC00C8911132
:10AAA00010D9267100C1CC1E002114111150FF30A5
:10AAB0000C720661A110115002300A7180DB0A721B
:10AAC0000AB89E708CB97C790768911111402111E8
:10AAD000C0311140011990B8411108D9047166784C
:10AAE00020D904726578A11002D80672C0DA1E71EE
:10AAF00090B8273123DD087210DB1072607825DDF5
:10AB00000A7121DD087208DB0471627803B8411113
:10AB100007310872A1152035AA7102DD3272A11128
:10AB200020D9A07102D92872CCDA9872411140D98B
:10AB3000927206B802DB1071046500C11020084053
:10AB40001411112D112D054D5C720298BA132111AB
:10AB50004049C0D94E71A031411540350165514180
:10AB60000361076308DA1E7204DA38721049A1150E
:10AB70000235067110DB0E7201340A7108DB247194
:10AB800090B86778CC3211101A300ADC0872CCDE2B
:10AB90000471FD3100C00D0F0C0D0698740C01D826
:10ABA000607207B80298E41300BA411108D90C7119
:10ABB00002EC00CA05B830DAEC720734F0310261F9
:10ABC00001DA0471014900C0F300A3E30698740C94
:10ABD00001D8D07100C0981440680698740C4030B9
:10ABE000014440DA0471204C04320162204A111001
:10ABF00006300068014218310269114202980214BD
:10AC0000204A00C0051708500698740C1130014204
:10AC10002088FFBB0DDA507100C1DE1B250180BC0E
:10AC200004DA107208DA0A7200C120841000E024ED
:10AC3000A02407634143016401DA06711E49024BF7
:10AC400000C02C1F002107633810BC2002DA1271EB
:10AC500001B91159A11380DB087100C100FCFF018B
:10AC600018100298561700C4BC1E0021441080D84A
:10AC70007C710092D0DA06710DDA0C7190BD437DC3
:10AC8000EFBD06983E0503620DDA8672A11105D963
:10AC90005C7100C23810084024120C24281401D919
:10ACA000067202D9327140D91E7102EC00CA21101D
:10ACB00018320471FA2220D804720822FE22087584
:10ACC00002EC00C8F87001D90E7102EC00C802D97C
:10ACD000067204DC187200C0BC1E00210410026859
:10ACE00001D8067190B8647818B873780298CA17BA
:10ACF00000C50020084000C00417000008D90472F5
:10AD00000A480815104D00B808D90472FF2008152C
:10AD1000084D00C00884000008D9087200C02083D4
:10AD2000B8ED0815104D207D00A000B8011A00C034
:10AD300074000840027891101030011905BA069885
:10AD40001A1302D9067101B802A800C0BC1E002166
:10AD5000041380DB0671029866138CBA7C7A01DBDF
:10AD60006C7100C2301F002124111114FF3402EC59
:10AD700000C8FF24FA7607610698820C0361113837
:10AD80000F3003611114011141100698820C01D893
:10AD9000087203B80298E413044A02DB24712410F9
:10ADA000112811280412023006710762076200C0E0
:10ADB000FFFF0000213800C218000840FF200812E1
:10ADC000411007600698820C01D87C7120BC1033BA
:10ADD000767100BB00C12C1F00211415C021112C5D
:10ADE0005112076A0F320E71408851140698FA17F3
:10ADF0004143009451120765036A0F320E714111ED
:10AE000051140698FA17036C41430765513B00C182
:10AE1000E81E00211411111231100F30127100BA06
:10AE2000046101D80471114200600FD8F47231102E
:10AE300002601E30047201B8003A087204B8029829
:10AE4000E4130298EA1500C0381F002104110F31E5
:10AE500003DD1A7200C000600840041007D80E72AB
:10AE600000C01040084004B9181000F806986E1091
:10AE700006983C0500F830885088FF34087102ECD1
:10AE8000FF24F87002EC00CD141001BB5150FFD824
:10AE9000047131440760006B10DBF2710421FF2262
:10AEA000E4720F4C0095009300A000C1C01E002169
:10AEB000141100A030880698381A8111076102D950
:10AEC00006720298141988BB557B076120D9067158
:10AED000029804190088A110076806982E18082106
:10AEE0001415FC2590BB5C7B5D7B00C100600840B5
:10AEF00014110731FE21307608D82A725113FC2331
:10AF0000341304DB2071076BFF33315B00C1087021
:10AF100008401411076180490C71FF3130295475C4
:10AF200090BB7B7B10707B7B7C7B00DD04717D7B29
:10AF300001BB3815EC25541300DF5471042505DFDF
:10AF400054715415211120880698B80C009251298B
:10AF50003E7500C100600840141102DB0C7107311E
:10AF6000315B31292A760C7004DF0872006180D9C8
:10AF70001E7206982E1800C00870084006987C1AA9
:10AF800006982E181411FFD9607202985A19009071
:10AF9000009300A05415A111076910D9A6720825C5
:10AFA00008D8A071082510D89A7120882111069818
:10AFB000B80CFC255412112AF82554110C2520D860
:10AFC0000871F025541110252029047621591815EF
:10AFD00000920298C61818B97179811010D80A71B8
:10AFE00088B8447800B8417888B9747908B9677925
:10AFF00000F88110A0D8087188B9497900A00760CD
:10B0000002D8FA7106982E18108806984A1307621B
:10B01000076210DA087108211415F025541100C2D6
:10B020000020FEFF202912750698881A01D90A729D
:10B0300006988C090698360800941CBB41100C2019
:10B0400006984A1241110821141006984A12312814
:10B05000441111120761FF31FF32012210521072A8
:10B060000769181404244413042438140C70076965
:10B070002141181408240814029844134044147100
:10B0800000C1C41E002114155113036B0FDB0C7299
:10B09000066D06980607411500A006983608069822
:10B0A0004A1308BB51140698C0194415FC255415C1
:10B0B0000298480788B900C3BC1E002134130763F7
:10B0C00008DB1A718113A0DB067149791070697968
:10B0D000076302DB087208B9677900F800A08111E4
:10B0E000076102D9107188B9757906982E18141164
:10B0F000FF3100A0FFB900A0041008211411F421B1
:10B10000081100A081110761076110310E710698C6
:10B110002E1808211411F821141100A024B10000E8
:10B120003CB100008CB400000000000054B10000ED
:10B130000600000000000000000000008CB40000C9
:10B14000000000002CB2000004000000000000001D
:10B1500000000000BCB20000809C2B8F80841E0089
:10B16000000000002200FF7F6400002000000000BB
:10B170000000000000000000BCB20000809C2B8F8B
:10B1800080841E00000023002300B600640000201D
:10B19000000000000000000000000000BCB2000041
:10B1A000809C2B8F80841E000000240024009D00C2
:10B1B000640000200000000000000000000000000B
:10B1C000BCB20000809C2B8F80841E0000002500F4
:10B1D00025007D0064000020000000000000000049
:10B1E00000000000BCB20000809C2B8F80841E00F9
:10B1F000000026002600530064000020000000002C
:10B200000000000000000000BCB20000809C2B8FFA
:10B2100080841E00000027002700FF7F64000020BC
:10B22000000000000000000000000000A4B30000C7
:10B23000809C2B8F80841E00000000002400FF7F74
:10B24000640000200000000000000000000000007A
:10B25000A4B30000809C2B8F80841E00000025007A
:10B260002500B40064000020000000000000000081
:10B2700000000000A4B30000809C2B8F80841E007F
:10B280000000260026009900640000200000000055
:10B290000000000000000000A4B30000809C2B8F81
:10B2A00080841E00000027002700FF7F640000202C
:10B2B000000000000000000000000000F81F010175
:10B2C000D4B50000380002000000000000000000BB
:10B2D0003030010011491000B840010000C0E30007
:10B2E00040410100EA00880018600400000000C628
:10B2F0001FC000000050000000D032005060040069
:10B30000FC006900410C0000000000001100080072
:10B31000786003000804000000000000BE031A006B
:10B320008C60070001040C1A2F465361686258496B
:10B3300035201407C491A06356443323225292242B
:10B34000E46007008108A1CB000000001984070514
:10B350009411CB4899200600016120008294EA876D
:10B360000461030065B611001E37000089BB0000B0
:10B3700020610100FFDF00001470011000F80700D9
:10B3800014700130F8020000187002000003000081
:10B390006000278470700200C30000000F9C03004F
:10B3A000FFFFFFFFF81F010120B600003800020078
:10B3B000000000000000000030300100E338100001
:10B3C000B840010000C08300404101006D008800CA
:10B3D00018600400000000C61FC0010000500000FB
:10B3E000008000005060040018000500410C0000BF
:10B3F0000800000091000400786003008C000C003D
:10B400000000000014001A008C60070001040B19F2
:10B410002C404C59605B534736251B114AF3389634
:10B420006745231211090000E46007008F0846CB2E
:10B430000000000023086404D007CB4891200600D8
:10B44000F9541C008294EA870461030051551100ED
:10B45000B01B000089BB000020610100FFDF00007D
:10B460001470011000F8070014700130F80000009B
:10B4700018700200000300006000A58370700200D5
:10B48000054100000F9C0300FFFFFFFFDC1F0401CC
:10B4900000000000000000000000000000000000AC
:10B4A000F01F02013F00370000000000FC1F0101F7
:10B4B0000000000004000200018101000001000002
:10B4C0001800020000000000010000002800040035
:10B4D000000000000000000000000000000000006C
:10B4E00040000100A007000048000100000000002B
:10B4F000540002000000000000000000A000040052
:10B50000FF4C0000FF4C0000FF4D0000FF4D00000D
:10B51000002001000807000010200100AAAAAA00CC
:10B52000182001000060DA000830010013AC0001AF
:10B530003430010001000000403001000000000034
:10B54000A04001007A27000FF44001002010000005
:10B550003441020080080000E687000044410100F9
:10B56000C0E6524D604104000000000000000000F1
:10B57000060000000600000014600100100000003A
:10B58000286003000000000300000000000000002D
:10B5900060600200294176710000000084600200B2
:10B5A0000000000000000000207004000000000007
:10B5B0008200000000008001D500000048700200F9
:10B5C0003C3D0000BC1900007870010006E0490015
:10B5D000FFFFFFFF0D000000388EE30000000000B9
:10B5E0007CB600006CB6000000000000E070720045
:10B5F00080DE800280841E000101000011490002EB
:10B60000000000000000000000000000000000003A
:10B610000000000041841E00000000000000000047
:10B620000D0000001CC77100000000007CB6000087
:10B6300074B600000000000018CC660080DE8002B6
:10B6400040420F0001010000E3380002000000004A
:10B6500000000000000000000000000000000000EA
:10B660005B420F00000000000000000008520000D4
:10B67000B20C0000A5A00000C4090000193F01069B
:10B68000041001000001010600102700000C00005A
:10B69000000000000000000000000000FC4AFF7FE6
:10B6A00001000000B0B60000100000202D000000D6
:10B6B000FF000000E40C0A00050500004135000011
:10B6C00040960000FFFFFFFFF93B0000F53B000044
:10B6D000FF0EFE01FFFFFFFFFF000E000000000055
:10B6E000614F0000FFFFFFFFFFFFFFFFFFFFFFFFB6
:10B6F000FFFFFFFF71680000FFFF0000FFFFFFFF7B
:10B7000011710000FFFFFFFF00000000700000202B
:10B7100000000000F817002060180020C818002062
:10B720000000000000000000000000000000000019
:10B730000000000000000000000000000000000009
:10B7400000000000000000000000000000000000F9
:10B750000000000000000000000000007501000073
:10B760004D010000FFFFFFFFFFFFFFFFFFFFFFFF97
:10B77000FFFFFFFFFFFFFFFFFFFFFFFFFFFFFFFFD9
:10B78000FFFFFFFFFFFFFFFFFFFFFFFFFFFFFFFFC9
:10B79000FFFFFFFFFFFFFFFFFFFFFFFFFFFFFFFFB9
:10B7A000FFFFFFFFFFFFFFFFFFFFFFFFFFFFFFFFA9
:10B7B000FFFFFFFFFFFFFFFFFFFFFFFFFFFFFFFF99
:10B80000C00A002085D400009B8F02009B8F02009D
:10B810000BA002009B8F02009B8F02009B8F0200F7
:10B820009B8F02009B8F02009B8F02009B8F020068
:10B830009B8F0200F04F0300B98802009B8F02002B
:10B840009B8F02003D5102009B8F02009B8F0200E4
:10B850007D49020017340300133403005D510200D8
:10B860000B34030079DC00009B8F02009B8F0200E9
:10B87000C5C90000698902009B8F02009B8F0200EE
:10B880009B8F02009B8F02009B8F02009B8F020008
:10B890009B8F02009B8F02009B8F02009B8F0200F8
:10B8A0009B8F02009B8F02009B8F02009B8F0200E8
:10B8B000915102000F34030009260100CD5102000E
:10B8C0009B8F0200BD3502009B8F02009B8F020000
:10B8D0009B8F02009B8F02009B8F02009B8F0200B8
:10B8E0009B8F02009B8F02009B8F02009B8F0200A8
:10B8F0009B8F02009B8F02009B8F02009B8F020098
:10B900009B8F02009B8F02009B8F020000000000B3
:10B91000013800D0FCE77047000000000000000084
:10B9200001F0FF01102A2BDB10F0070F08D010F8F0
:10B93000013B013A8B422DD010F0070F42B3F6D1F4
:10B94000F0B441EA012141EA014122F007047FF00D
:10B9500000070023F0E80256083C85EA010586EA64
:10B96000010685FA47F5A3FA87F586FA47F6A5FAA0
:10B9700087F68EB9EED1F0BC01F0FF0102F00702AC
:10B9800032B110F8013B013A83EA010313B1F8D157
:10B990000020704701387047002D06BF3546033838
:10B9A000073815F0010F07D1013015F4807F02BF71
:10B9B000013015F4C03F0130F0BC0138704700BFC2
:10B9C00070B5414C00238AB0E363054618B1008886
:10B9D00023600DF035FB3D4E3D4827F0EBF93D4B24
:10B9E000336030463C4B736022F073FC00213046DC
:10B9F00015F0C6FB32A3D3E90023A062C4E90623F5
:10BA000022F072FCD4E9062319431043C4E906016D
:10BA1000CDE900014FF0FF334FF0FF32A06A27F06D
:10BA200045FA02224FF0FF31A06A27F041FA0120C7
:10BA30000CF0A0FF2949A06A4FF40073002227F000
:10BA400088FAB0F5007F38D10023CDE90733099398
:10BA500094223C23CDE903320593A06A962303A9DF
:10BA6000069315F0ABFC35B3287C0DF089FB054639
:10BA7000F0B9A06A27F04AFB0DF030FB0CF05CFF38
:10BA800020B14FF48070002109F0D2FE0CF064FF69
:10BA900020B14FF40060002109F0CAFE22F0EFFC53
:10BAA000012015F0C1FB0E4A0E49A06A22F00FFCDE
:10BAB00028460AB070BDFF20D7E70725F8E700BF8A
:10BAC0000DD5015520000000880D00209C17002096
:10BAD000690345ECF9870100AC1700209C15002094
:10BAE00077E20200B7E202000348044B834202D02F
:10BAF000034B03B118477047680D0020680D002004
:10BB0000000000000548064B1B1AD90F01EBA301EA
:10BB1000491002D0034B03B118477047680D00204D
:10BB2000680D00200000000010B5064C237843B9D2
:10BB3000FFF7DAFF044B13B10448AFF30080012391
:10BB4000237010BD421F002000000000447B030052
:10BB500008B5054B1BB105490548AFF30080BDE8AA
:10BB60000840FFF7CFBF00BF00000000A80F002073
:10BB7000447B0300A3F5803A704700BF174B002BAE
:10BB800008BF134B9D46FFF7F5FF00218B460F467C
:10BB90001348144A121A27F06FFE0E4B002B00D0E8
:10BBA00098470D4B002B00D098470020002104003F
:10BBB0000D000D48002802D00C48AFF300801BF0A8
:10BBC0004FFD2000290000F0D3FC1BF0C9FA00BF94
:10BBD000000008000000000000000000C00A002073
:10BBE000680D002080200020000000000000000000
:10BBF00038B50B7801330B7003200C4601F0E4F8E4
:10BC000070B10A4D0A4928681EF02BF81CF0F7FEA7
:10BC10001CF0F6FE2378074A074928681EF021F831
:10BC2000BDE83840012010F0C1B800BF98100020D6
:10BC300000470300FD4903000547030038B50B78B2
:10BC400001330B7003200C4601F0BEF870B10A4DB1
:10BC50000A4928681EF005F81CF0D1FE1CF0D0FE41
:10BC60002378074A074928681DF0FBFFBDE83840E4
:10BC7000012010F09BB800BF98100020004703007F
:10BC8000EA4903000547030010B5032001F09CF8C2
:10BC900078B1084C084920681DF0E3FF1CF0AFFEA6
:10BCA0001CF0AEFE2068054A0549BDE810401DF0B5
:10BCB000D8BF10BD98100020004703000C4A0300B5
:10BCC000184703002DE9F0410368944A23F47F43A9
:10BCD00023F00703934286B0044600F0B1810FD8E9
:10BCE000A2F18272934200F0ED8002F180729342E1
:10BCF00000F03C818A4A93423BD006B0BDE8F08117
:10BD0000884A934200F0268302F51022934200F005
:10BD10005F8202F17F429342EFD1C57A032001F0A6
:10BD200053F868B1804E814930681DF09AFF1CF0CD
:10BD300066FE1CF065FE7E4930682A461DF091FFC4
:10BD400000F04CFE002D00F05D83012D00F0B88363
:10BD5000032001F039F8002800F06983724D73491F
:10BD600028681DF07EFF1CF04AFE1CF049FE714958
:10BD70005AE3714E304610F03DF8054610B36A4C58
:10BD80006E4920681DF06DFF6D4920681DF069FF48
:10BD90001CF035FE1CF034FE6A4B00936A4A6B4976
:10BDA000206879231DF05DFF69496A4A20682B46A7
:10BDB0001DF057FF284601F04DF8674920681DF037
:10BDC00050FFFEE73078022110F04EF8044610B321
:10BDD000554D5A4928681DF044FF594928681DF0FF
:10BDE00040FF1CF00CFE1CF00BFE564B0093564A15
:10BDF000564928687E231DF034FF5549554A286866
:10BE000023461DF02EFF204601F024F852492868F1
:10BE10001DF027FFFEE70090A02203461146307870
:10BE200010F000F8054610B33F4C444920681DF05F
:10BE300018FF434920681DF014FF1CF0E0FD1CF0C2
:10BE4000DFFD404B0093404A4049206887231DF0A6
:10BE500008FF3F493F4A20682B461DF002FF284655
:10BE600000F0F8FF3C4920681DF0FBFEFEE730784B
:10BE7000022110F00DF8054600283FF43EAF2A4C91
:10BE80002E4920681DF0EDFE2D4920681DF0E9FEC9
:10BE90001CF0B5FD1CF0B4FD2A4B00932A4A2B4937
:10BEA00020688B231DF0DDFE29492A4A20682B4695
:10BEB0001DF0D7FE284600F0CDFF274920681DF071
:10BEC000D0FEFEE7254D037B2B70032000F07CFFA6
:10BED00068B1154C154920681DF0C3FE1CF08FFD9C
:10BEE0001CF08EFD1E4A1F4920681DF0BAFE03207B
:10BEF00000F06AFF00283FF400AF0B4C0B492068AC
:10BF00001DF0AFFE1CF07BFD1CF07AFD2A7816496F
:10BF1000206806B0BDE8F0411DF0A3BEA0000A01F4
:10BF2000A0000100A00001039810002000470300BA
:10BF3000544903007D490300250D00209E4703005E
:10BF40001D470300DB490300224703002B47030082
:10BF50003A470300374703004F470300240D0020F2
:10BF6000CC4903006047030077470300032000F03B
:10BF70002BFF68B1834C844920681DF072FE1CF0D1
:10BF80003EFD1CF03DFD814A814920681DF069FE9F
:10BF9000804C022120780FF067FF054610B3794CE2
:10BFA0007D4920681DF05DFE7C4920681DF059FE2A
:10BFB0001CF025FD1CF024FD794B0093794A7A4949
:10BFC00020689D231DF04DFE7849794A20682B4654
:10BFD0001DF047FE284600F03DFF764920681DF021
:10BFE00040FEFEE7744B2078FF2202211A700FF00A
:10BFF0004FFF054600283FF480AE624C664920683A
:10C000001DF02FFE654920681DF02BFE1CF0F7FC8B
:10C010001CF0F6FC624B0093624A63492068A3233C
:10C020001DF01FFE6149624A20682B461DF019FE73
:10C03000284600F00FFF5F4920681DF012FEFEE762
:10C04000B0F8053005791B2B47D1032000F0BCFE6A
:10C0500068B14C4C4C4920681DF003FE1CF0CFFC2D
:10C060001CF0CEFC494A554920681DF0FAFD05AE8A
:10C0700030461CF013FC0446032000F0A5FE78B106
:10C08000404F414938681DF0ECFD1CF0B8FC1CF035
:10C09000B7FC0094059B3D4A494938681DF0E1FD15
:10C0A000032000F091FE70B1364C374920681DF036
:10C0B000D8FD1CF0A4FC1CF0A3FC344A41492068C4
:10C0C0002B461DF0CEFD03ABCDE900630022042317
:10C0D0001B2128460FF018FF0FE61E2B7FF40DAE34
:10C0E000032000F071FE68B1264C274920681DF03E
:10C0F000B8FD1CF084FC1CF083FC244A3249206803
:10C100001DF0AFFD04AE05A930461CF0AEFB0446A1
:10C11000032000F059FE90B11A4F1B4938681DF0FA
:10C12000A0FD1CF06CFC1CF06BFC059B00930194C3
:10C13000BDF91030154A254938681DF092FD0320DD
:10C1400000F042FE70B10F4C0F4920681DF089FDD0
:10C150001CF055FC1CF054FC0C4A1A4920682B4674
:10C160001DF07FFDBDF9103040F2AB2293FBF2F3DE
:10C17000ADF8103003ABCDE90063002202231E218D
:10C18000A7E700BF9810002000470300CC49030038
:10C1900087470300250D00209E4703001D4703002D
:10C1A000DB490300224703002B4703003A47030003
:10C1B000374703004F470300240D0020A04703002A
:10C1C000BB470300E6470300FA4703001448030097
:10C1D000A84D2B78032083F001032B7000F0F4FDB1
:10C1E00060B1A54EA54930681DF03BFD1CF007FC71
:10C1F0001CF006FCA24930681DF033FDB4F8053090
:10C200001B2B4BD1E379012B40F08B80032000F0F6
:10C21000DBFD60B1984E994930681DF022FD1CF09D
:10C22000EEFB1CF0EDFB974930681DF01AFD032072
:10C2300000F0CAFD68B1904E904930681DF011FDC4
:10C240001CF0DDFB1CF0DCFBE2798F4930681DF04F
:10C2500008FD032000F0B8FD68B1874C87492068CD
:10C260001DF0FFFC1CF0CBFB1CF0CAFB2A788749B1
:10C2700020681DF0F6FC2B7853B10023CDE9003384
:10C28000834A844B84484FF47A7105F0F7FF34E514
:10C29000814806B0BDE8F04105F00CBF1E2B40D12F
:10C2A000E379012B3DD1032000F08EFD60B1724E89
:10C2B000724930681DF0D5FC1CF0A1FB1CF0A0FBFE
:10C2C000764930681DF0CDFC032000F07DFD68B19B
:10C2D000694E6A4930681DF0C4FC1CF090FB1CF0EC
:10C2E0008FFBE279684930681DF0BBFC032000F049
:10C2F0006BFD68B1604C614920681DF0B2FC1CF018
:10C300007EFB1CF07DFB2A78604920681DF0A9FCAB
:10C310002B78002BBCD00023CDE90033604A5D4B65
:10C32000B0E7032000F050FD00283FF4E6AC524D8A
:10C33000524928681DF095FC1CF061FB1CF060FB65
:10C34000E379B4F805205749286806B0BDE8F04104
:10C350001DF087BC03A81CF0A1FA05A9064604A895
:10C360001CF083FA049B40F2AB2293FBF2F304939C
:10C370006368012B05467FF4C0AC4B4F03AB3878A4
:10C3800004221B210FF002FEA8B9032000F01CFDBF
:10C3900088B1DFF8E4803949D8F800001DF061FC6D
:10C3A0001CF02DFB1CF02CFB039A4049D8F8000030
:10C3B00033461DF056FC6368012B7FF49EAC387841
:10C3C00004AB04221E210FF0E1FD00287FF495ACA0
:10C3D000032000F0F9FC00283FF48FAC264C2749DD
:10C3E00020681DF03EFC1CF00AFB1CF009FBDDE997
:10C3F0000423009540F2AB214A4320682C491DF0EC
:10C4000030FC7AE42B4B18681CF005FE032000F08A
:10C41000DBFC60B1184D194928681DF022FC1CF0A6
:10C42000EEFA1CF0EDFA244928681DF01AFCE379B5
:10C43000132B4FF003006CD0522B55D0122B78D118
:10C4400000F0C2FC60B10C4D0C4928681DF009FCDD
:10C450001CF0D5FA1CF0D4FA184928681DF001FC2C
:10C46000B4F805102079002206B0BDE8F0410FF0C5
:10C4700075BD00BF441F0020981000200047030036
:10C48000484803005A4803007148030086480300E7
:10C49000F1BB0000431F0020C00F0020994803009B
:10C4A0003DBC0000AF480300240D0020E448030019
:10C4B000184903008C4D03006A49030095490300A5
:10C4C000244B18681CF091FD032000F07DFC00282F
:10C4D000ADD0214D214928681DF0C3FB1CF08FFA17
:10C4E0001CF08EFA1E499FE700F06EFC00283FF416
:10C4F00004AC194C194920681DF0B3FB1CF07FFAFD
:10C500001CF07EFA1749206806B0BDE8F0411DF026
:10C51000A8BB00F059FC00283FF4EFAB0E4C0F49CC
:10C5200020681DF09EFB1CF06AFA1CF069FA0E49A7
:10C53000E9E700F049FC00283FF4DFAB064C07496F
:10C5400020681DF08EFB1CF05AFA1CF059FA0749BE
:10C55000D9E700BF8C4D030098100020004703006E
:10C5600074490300A4490300B3490300C34903000D
:10C5700008B51DF0F9FDFFF787FB00F0AFFB00F0F9
:10C580004FFB032000F020FC68B10A4C0A492068E8
:10C590001DF067FB1CF033FA1CF032FA074A084919
:10C5A00020681DF05EFB1DF0ECFD1CF05DF905F050
:10C5B00043FAF8E79810002000470300284A0300D8
:10C5C000154A030030B503687C4A23F47F4323F007
:10C5D0000703934289B040F0EE80794B0822002196
:10C5E00012200FF07BFC044610B3764D7649286884
:10C5F0001DF037FB754928681DF033FB1CF0FFF96F
:10C600001CF0FEF9724B0093724A734928683D236F
:10C610001DF027FB7149724A286823461DF021FB53
:10C62000204600F017FC6F4928681DF01AFBFEE752
:10C6300001466D4B032214200FF050FC044610B34A
:10C64000604D614928681DF00CFB604928681DF0A9
:10C6500008FB1CF0D4F91CF0D3F95D4B00935D4A44
:10C660005D4928684B231DF0FCFA5C495C4A286848
:10C6700023461DF0F6FA204600F0ECFB59492868E5
:10C680001DF0EFFAFEE70146584B052216200FF089
:10C6900025FC054610B34B4C4B4920681DF0E1FAD0
:10C6A0004A4920681DF0DDFA1CF0A9F91CF0A8F930
:10C6B000474B0093474A4849206859231DF0D1FA57
:10C6C0004649474A20682B461DF0CBFA284600F021
:10C6D000C1FB444920681DF0C4FAFEE70DF10F01CB
:10C6E00004A80FF069FC044610B3364D364928689B
:10C6F0001DF0B7FA354928681DF0B3FA1CF07FF930
:10C700001CF07EF9324B0093324A33492868642387
:10C710001DF0A7FA3149324A286823461DF0A1FAD4
:10C72000204600F097FB2F4928681DF09AFAFEE793
:10C73000BDF814305BBAADF818309DF813308DF8A1
:10C740001A30FF238DF81B30FE238DF81C309DF826
:10C7500012308DF81D30BDF810305BBAADF81E30C8
:10C76000014606AB082218200FF0B8FB054610B3AF
:10C77000144C154920681DF074FA144920681DF006
:10C7800070FA1CF03CF91CF03BF9114B0093114A74
:10C790001149206874231DF064FA1049104A20687A
:10C7A0002B461DF05EFA284600F054FB0D49206828
:10C7B0001DF057FAFEE709B030BD00BFA000010030
:10C7C0002D4A0300981000209E4703001D470300D8
:10C7D000684A0300364A03002B4703003A47030028
:10C7E000374703004F4703005E4A0300624A0300D5
:10C7F00038B501F087FE0E480E4C012101F000FB18
:10C8000001221146002001F0E1FD0225012211461E
:10C81000C4F88050002001F0D9FD0122C4F88450F2
:10C820001146002001F0D2FDC4F88850002038BD28
:10C8300030253E0000400E4008B5234B01225A64CB
:10C8400002F0B4FF214B90B94AF6E852C3F89021A8
:10C85000D3F8982142F00402C3F89821C3F890015C
:10C86000D3F8642142F40052C3F8642101E00128A6
:10C87000F6D0174A136A23F4441343F4881313625F
:10C88000A2F58042136843F48073136002F54052AE
:10C89000D2F8A43143F4F843C2F8A43104F0E0FB29
:10C8A00000F074FC04F07AFB04F0C6FB04F08CFB8F
:10C8B000FFF79EFF1DF07CF900F05AFC00F07CFEB3
:10C8C000BDE8084004F0E8BF00000E4000300E4014
:10C8D00000400E4008B50448012101F091FABDE87E
:10C8E0000840024800F026BF00350A00C00A0020B8
:10C8F00030B5204D0FCD97B00FAC0FC495E80700B1
:10C900001D4B84E807001D4ACDE903234FF08073D7
:10C91000059303F1022306934FF0F0511E23CDE956
:10C9200007130E2200210DF12E0026F0A5FF144B57
:10C930004FF44020CDE909030C238DF82C300D2352
:10C940008DF82D300F4B0C9320230D9301238DF880
:10C9500039300D4B00930FAA03AB09A90B4804F023
:10C96000AFFD002104464FF4E1301CF0B3F820463F
:10C9700017B030BD704D03000042040000000140BC
:10C980001C000140451F0020E00F00203410002053
:10C99000012905D8034B1B68186808B1436A18477A
:10C9A000704700BFDC0A002008B50449044805F0C0
:10C9B00021F8BDE80840FFF79BBF00BFE00A002058
:10C9C0005810002001481DF0B8BA00BF34100020F4
:10C9D000014B1A6A186810473410002001481CF0F7
:10C9E00001BB00BF8C4D0300184B834237B52AD1E1
:10C9F000174B1B783BB3C8B20FF05EFA054610B375
:10CA0000144C154920681DF02CF9144920681DF0BC
:10CA100028F91BF0F4FF1BF0F3FF114B0093114AB0
:10CA20001149206885231DF01CF91049104A20681F
:10CA30002B461DF016F9284600F00CFA0D49206827
:10CA40001DF00FF9FEE703B030BD00BF60100020FD
:10CA5000651F0020981000209E4703001D4703001B
:10CA6000124E0300A44D03002B4703003A47030076
:10CA7000374703004F47030030B503685A4A23F491
:10CA80007F4385B023F007030025934204460295B7
:10CA9000ADF80C507DD002F5802293420ED0A2F169
:10CAA0008272934240F09D80504B1B78002B00F027
:10CAB000988005B0BDE8304005F002BEB0F8053002
:10CAC000252B40F08E80FF2304A91A4611E90300AC
:10CAD0001BF08EFF01280ABF444B41F2FC15187071
:10CAE00005F0FC02207925210FF038FA054610B335
:10CAF0003F4C404920681DF0B4F83F4920681DF0C4
:10CB0000B0F81BF07CFF1BF07BFF3C4B00933C4AD2
:10CB10003C49206859231DF0A4F83B493B4A206852
:10CB20002B461DF09EF8284600F094F938492068FD
:10CB30001DF097F8FEE7374900902379364A0968D7
:10CB4000364800F0E1F9054600284AD0284C29492A
:10CB500020681DF086F8284920681DF082F81BF037
:10CB60004EFF1BF04DFF254B0093254A25492068B9
:10CB700062231DF076F82449244A20682B461DF0D4
:10CB800070F8284600F066F9214920681DF069F820
:10CB9000FEE7B0F8053007EE903AB0F80730F8EE4F
:10CBA000677A0133B7EE047A67EE877A07EE103AB8
:10CBB000B8EEC77A67EE877AB1EE047A67EE877AC5
:10CBC00017EE900A1BF076F807EE900AFCEEE77A73
:10CBD000104A17EE903AB3F57A7F38BF4FF47A7364
:10CBE000136005B030BD00BFA0000602651F002025
:10CBF000981000209E4703001D470300214E0300AC
:10CC0000A44D03002B4703003A47030037470300B6
:10CC10004F470300E80A0020E9C900006010002027
:10CC200037B5022000F0B6F8044602201BF0EBFEF8
:10CC3000054600B9FCB9154C154920681DF011F8DE
:10CC4000144920681DF00DF81BF0D9FE1BF0D8FE2A
:10CC5000114B0093114A1249206833231DF001F84B
:10CC6000104A114920681CF0FCFF104920682A4630
:10CC70001CF0F7FFFEE720461CF05AF80C4AB0FA09
:10CC800080F35B09137003B030BD00BF9810002023
:10CC90009E4703001D470300144F0300414E03004D
:10CCA0002B470300A44E0300D34E0300EB4E0300BA
:10CCB000661F002038B5084B1B7804460D4643B16B
:10CCC000022000F067F82A462146BDE8384000F00F
:10CCD00093BB112038BD00BF661F002013B5012093
:10CCE00000F058F8044601201BF08DFEF4B9154CF5
:10CCF000154920681CF0B5FF144920681CF0B1FFED
:10CD00001BF07DFE1BF07CFE114B0093114A124973
:10CD1000206838231CF0A5FF1049114A20681CF038
:10CD2000A0FF104920681CF09CFFFEE74021204630
:10CD30001CF01CF90C4AB0FA80F35B09137002B0C6
:10CD400010BD00BF981000209E4703001D47030040
:10CD5000B84F0300294F03002B470300D34E0300B5
:10CD6000884F03009B4F0300671F0020084B1B7870
:10CD700070B504460D464BB1012000F00BF82B4670
:10CD800022464021BDE870401CF0A6B8112070BDBD
:10CD9000671F00200B4B042810B51C680BD004DC67
:10CDA0000138012807D9002408E0082808D01028F5
:10CDB000F9D1022000E0012000F08CF9204610BDDE
:10CDC0000420F9E7D80A00200B4B1B78024683B1F8
:10CDD0000A4B1B78834234BF00200120084B1B788C
:10CDE00033B1084B1B78134113F0010F08BF00202B
:10CDF00070470120F2E700BF2B0D00202A0D002014
:10CE0000681F0020290D002008B5084B01221A7068
:10CE1000074B00221A70074B04221A70064B1F2280
:10CE20001A7004F047F9054B186008BD2B0D00205F
:10CE3000681F00202A0D0020290D002098100020D6
:10CE4000024B034918681CF00CBF00BF981000206B
:10CE5000CB4F030070B50C4C0C49064620681CF003
:10CE600000FF04F027F90546206804F017F9304662
:10CE7000FFF7E6FF284604F011F920680449BDE8F1
:10CE800070401CF0EEBE00BF98100020CD4F030094
:10CE9000CF4F030038B505461CF01BF90B4A146848
:10CEA00000235CB1AC4206D1A96A6BB199621CF057
:10CEB00016F9012007E02346A46AF2E7002DF3D01B
:10CEC0001CF00DF9204638BD1160F0E79C100020E1
:10CED00010B5044698B105F0EDF82046FFF7DAFFEB
:10CEE00010B194F82C300BB9002010BD1CF0F1F8F3
:10CEF000044A1368013B13601CF0F1F8F4E72220A8
:10CF0000F3E700BFA01000202DE9F04385B00546EF
:10CF10009DF83070914698460E4609B9002F5CD1B5
:10CF20002846FFF7D5FF0446002836D185F82C00A7
:10CF3000686305F0E5F9864233D905F04DF92146DD
:10CF4000844640F2E7304FF47A720023E6FB0C018E
:10CF500019F086FF4FF0FF32002319F081FF2B46B6
:10CF6000E8861146CDE900441D4A28461DF0C9F85F
:10CF7000044690B9C5E9089885F82D702E631CF019
:10CF8000A8F8184A136833B31A469B6A002BFBD1E2
:10CF900095620023AB621CF0A2F8204605B0BDE804
:10CFA000F08347B1CDE900440D4A2B46314628466F
:10CFB00005F064F9DCE703A9304605F041F90446C1
:10CFC0000028EAD1CDE90077054A03992B46284687
:10CFD0001DF073F8CCE71560DBE72124DDE700BF27
:10CFE000E9CF00009C10002091F82C3013B50C46BE
:10CFF00083B98B8ECA8E93420ED243B9CDE90033EA
:10D00000114A0B4620464FF0FF311DF03AF8A38E2F
:10D010000133A38602B010BD52B191F82D307BB11F
:10D0200001230093D1E908232046096BFFF76CFF29
:10D03000064A012384F82C30136801331360E9E7B2
:10D04000084605F037F8F3E7E9CF0000A01000200C
:10D050002DE9F041144E336823B3144F4FF000080C
:10D060001CF037F83C68054624B92846BDE8F04175
:10D070001CF035B894F82C3093B1336884F82C80C8
:10D08000013B336094F82D3013B92046FFF702FFBF
:10D0900028461CF024F8D4E9083120469847DFE7F9
:10D0A000A46AE1E7BDE8F081A01000209C100020F8
:10D0B000034B1B68002B14BF04200120704700BFE6
:10D0C000A0100020024B1868B0FA80F040097047A9
:10D0D000A010002038B5244D2B7804462BBB01232B
:10D0E0000A220521022001F07BFF01230A220421EC
:10D0F000022001F075FF012318460A22092101F0E0
:10D100006FFF012318460A22082101F069FF01235D
:10D1100018460A22072101F063FF012318460A225C
:10D12000062101F05DFF01232B70022C0DD0042C91
:10D1300011D0012C15D10D4B00225A6441F211126D
:10D140009A6403225A64002038BD084B00225A64B6
:10D1500040F20662F4E7054B00225A6440F60802EA
:10D16000EEE72120F0E700BF691F002000C4004067
:10D1700008B50548012100F043FE1BF0C7FBBDE8E0
:10D18000084000F01DB800BF00350A000148012129
:10D1900000F036BE00350A0007B508201BF00BFF73
:10D1A00002238DF800306846044B01931BF056FCB7
:10D1B000082003B05DF804EB1BF008BF006A1810EC
:10D1C0002DE9F0433B4D3C4FDFF80091DFF8008143
:10D1D0000FCD89B001AC0FC495E80700374D84E846
:10D1E00007003748012100F00BFE384601210124D9
:10D1F00000F006FE334B039301A928468DF8124038
:10D200001CF020F92346042200210A2001F0E8FE48
:10D210002246002302210A2001F0E2FE23460422D6
:10D220000721052001F0DCFE0422214623460A20C6
:10D2300001F0D6FE244BAB670B236B6702264FF43D
:10D24000487005F01DFAC9F8EC61142005F018FAD1
:10D25000C8F8EC61232005F013FAC9F8EC61B92194
:10D2600028461CF02EF900231A461946C8F8EC612E
:10D270000A2001F0B5FE00231A4631460A2001F0CB
:10D28000AFFE234600220721052001F0A9FE234618
:10D29000002221460A2001F0A3FE284602F0DAFA15
:10D2A0000021A9673846696700F0AAFD09B0BDE80A
:10D2B000F08300BFD44F0300006204000008014067
:10D2C00000350A0000127A001E1D001200A0004462
:10D2D00000A00046B0F57A5F13B50C46114602DC9B
:10D2E000B2F57A5F07DD074B0093072204231BF09A
:10D2F00000FC02B010BD044B00930F22092320460E
:10D30000F5E700BFDC0C0020EC0C002010B586B067
:10D310000A4B01938DF80010012301A91446CDF8A2
:10D3200008D0ADF80C300492ADF8143000F066FA75
:10D3300010B1FF232370312006B010BDAA000400F5
:10D3400000B589B00C4B039302AB04930223ADF8F4
:10D35000143001AB8DF80810069303A900238DF853
:10D360000920ADF81C3000F049FA002814BF312024
:10D37000002009B05DF804FBAA00010030B58BB0B5
:10D3800005460F4805908DF808100DF10900194663
:10D39000144626F07CFA02AB0693013401AB0893E5
:10D3A000E4B2002305A92846ADF81C40ADF82430AE
:10D3B00000F024FA002814BF312000200BB030BD4B
:10D3C000AA00010010B586B00A4C8DF800100121AA
:10D3D000ADF80C1001A90194CDF808D00493ADF874
:10D3E000142000F00BFA002814BF3120002006B0F2
:10D3F00010BD00BFAA0004002DE9F04188B0054629
:10D400000F4616461BF054FC0446C82004F0FCFEF0
:10D410000DF10B0212212846FFF778FF9DF80B80D3
:10D42000B8F10F0F044426D103A928461BF0E2FCF3
:10D43000DDE9062105989FED117AFFF74BFF07EE16
:10D44000900AF8EEE77A0E4B049967EE877A424627
:10D45000C7ED007A0020009302231BF04AFB07EE81
:10D46000900AF8EEE77A204667EE877AC6ED007AF2
:10D4700008B0BDE8F0810520C8E700BF0000803992
:10D48000D40C002008B500F083F8124B12498B42EF
:10D4900012D3124B124900208B4218D3FEF76EFBB9
:10D4A000186850F82240586840F8224001329868C5
:10D4B0008242F5D30C33EAE70022F8E71C6844F80F
:10D4C000220001325C68A242F8D30833E4E700226C
:10D4D000F8E700BF4C7B0300587B0300587B030038
:10D4E000587B03000048704700F04902104AD2F808
:10D4F000943003F00703023B032B13D8DFE803F05B
:10D500000C14020E0B4B1B68D2F80001C0F3042070
:10D510000130B3FBF0F07047074BF4E7074B1B6893
:10D520005B08F1E7054BEEE74FF40043ECE700BF83
:10D5300000400E40F40A0020F80A0020EC0A002007
:10D5400008B5FFF7D3FF054BD3F80831C3F3082321
:10D550000133B0FBF3F0024B186008BD00400E40F1
:10D56000F00A0020014B1868704700BFF80A00203D
:10D57000054B1860054BD3F8943003F00703022BDA
:10D5800001D1FFF7DDBF7047F80A002000400E40D0
:10D59000044B054A9A60D3F8882042F47002C3F81D
:10D5A0008820704700ED00E000B80000014B1868CB
:10D5B000704700BFF40A00200F4BD3F82838A3F1BE
:10D5C0007E62A2F58432B2F5104F10B511D21968FF
:10D5D0000A4A91420DD10A4C227812F0FD0F01D077
:10D5E000002010BDDB6998470028FAD10123237081
:10D5F000F6E74FF48170F4E70000E10F07B0CD5E6D
:10D600006A1F0020054A06490346106803448B42FE
:10D6100094BF13604FF0FF30704700BFFC0A00203A
:10D620000000042008B52948012100F0E9FB01238E
:10D6300004220221052001F0D3FC002001F0C4FCEB
:10D64000234B0122C3F810281146042000F0BEFE2F
:10D65000204800F027FD204BD3F8F02042F00102D3
:10D66000C3F8F020D3F8FC2042F08072C3F8FC200D
:10D67000A3F55D43194A1A6000F5D520184B00F256
:10D68000FC40B0FBF3F0174B013802221861C3F8DD
:10D69000F0204FF48072C3F804234FF06043124A25
:10D6A000C3F8B02F114AC3F8802ED3F8002E42F4ED
:10D6B0008072C3F8002EFF2283F82020D3F8002EBA
:10D6C00022F48072C3F8002E002008BD00350A0045
:10D6D0000080144206000E0000ED00E0FF03004051
:10D6E000F8590D00000004E055CEACC5090001005A
:10D6F0004FF0604330B5D3F8802ED20715D5012402
:10D700000B4D8440D5F8FC2042F08072C5F8FC2017
:10D71000D3F8002E2243C3F8002E53F82020002A0D
:10D72000F0D003F82010002030BD1120FCE700BF2E
:10D7300000ED00E02DE9FF41044601212B4800F0F7
:10D740005FFB23682A4A93424ED002F580629342DF
:10D7500047D12848012100F053FB6179207901234A
:10D760000A2201F03DFCE179A07901230A2201F0AF
:10D7700037FC0A2701263025237962794FF00C08FF
:10D7800015FB038303F1884303F5204306FA02F2F5
:10D790001A60642004F074FF2379627915FB038317
:10D7A00003F18C4303F5204306FA02F21A60642069
:10D7B00004F066FF013FDFD120680323436423891F
:10D7C0005BBA9BB2836440F20113ADF80030236969
:10D7D0000293E36801936946237D8DF80C3001F0D4
:10D7E0007BFC04B0BDE8F0810348B3E7404105008D
:10D7F00000C00040009204000082040038B50546D5
:10D8000001F082FD044C012801D1013C00D138BD5A
:10D81000284601F07DFCF6E7E193040010B50121F4
:10D820000446094800F0ECFA0848012100F0E8FA43
:10D83000A37820786178B3FA83F35B09042201F0BE
:10D84000CFFB002010BD00BF4041050000350A009D
:10D850002DE9F04F9A46554B85B01B78DDF83C908A
:10D860009DF844B0DDF8508006460F461546002B63
:10D8700000F09680072A00F295800E9B002B00F0A6
:10D880009180B9F1000F00F08D80129BB3F5006F0D
:10D8900000F38880012803D1109B002B00F08280C8
:10D8A000434B03EB05131B7B002B7DD0414C102217
:10D8B0000021684625F0E0FF04EB451410229FBBD1
:10D8C0003946204625F0D8FF43F210036380BBF1B0
:10D8D000000F03D1E37843F00303E370354A0E9B56
:10D8E000CDF800A002EB451CCCE90193129B581E19
:10D8F0009DF84C30690103F00303C0F30A009B0656
:10D9000043EA001E53582C4818404EEA0003012EEB
:10D91000535017D0B8F1000F2ED19CF8023068F3A5
:10D9200004138CF8023027E00021204625F0A4FFE4
:10D930004FF444736380BBF1000FCFD1E37843F021
:10D940003003CAE71323CCF80C309CE80F000CF12D
:10D95000100E8EE80F00DCF81C20109BCCF8143061
:10D960006FF0030161F39F02012FCCF81C2003D15B
:10D97000CCF81890CCF804300D4A290102EB0513BD
:10D9800042F80180159A5A600027284622466946C7
:10D990009F605E7301F042FD384605B0BDE8F08F30
:10D9A0000648FAE70648F8E70648F6E76B1F002046
:10D9B000A4110020A41000200F80FFF3028000F0CB
:10D9C000018000F0078000F038B5124B1B78054647
:10D9D000DBB1E0B11BF07DFB0F4A00231146147B45
:10D9E00054B92B601A0101EB031301258C501D73F0
:10D9F0001BF075FB204638BD0133082B02F11002E5
:10DA0000EDD11BF06CFB0548F5E70548F3E7054849
:10DA1000F1E700BF6B1F0020A4110020048000F07C
:10DA2000028000F0018000F038B51BF052FB0C4A78
:10DA300005460023147B6CB90133082B02F1100258
:10DA4000F8D101F0A1FC074B28461C701BF047FBE6
:10DA5000204603E028461BF042FB034838BD00BFC8
:10DA6000A41100206B1F0020058000F00D4B1B78D7
:10DA700010B5044693B1072812D81BF02AFB0A4BB5
:10DA800003EB04131A7B2AB100241C731BF027FB41
:10DA9000204610BD1BF023FB0448FAE70448F8E7D2
:10DAA0000448F6E76B1F0020A4110020068000F058
:10DAB000028000F0018000F013B5164B1868019049
:10DAC00000238DF804301BF004FB134B1C7824B1A9
:10DAD0001BF005FB114802B010BD01221A701BF0AB
:10DAE000FEFA0F4B1C731C7783F82C4083F83C40E4
:10DAF00083F84C4083F85C4083F86C4083F87C40AA
:10DB000004230DEB03008DF8073001F05DFC204687
:10DB1000E1E700BF405003006B1F0020038000F0CE
:10DB2000A41100200A4A127808B55AB107280BD868
:10DB3000084A02EB00131B7B43B1002101F03AFCC1
:10DB4000002008BD0448FCE70448FAE70448F8E769
:10DB50006B1F0020A4110020028000F0018000F063
:10DB6000078000F00A4A127808B55AB107280BD886
:10DB7000084A02EB00131B7B43B1012101F01AFCA0
:10DB8000002008BD0448FCE70448FAE70448F8E729
:10DB90006B1F0020A4110020028000F0018000F023
:10DBA000078000F00A4A127808B552B107280AD84F
:10DBB000084A02EB00131B7B3BB101F07FFC002005
:10DBC00008BD0548FCE70548FAE70548F8E700BF47
:10DBD0006B1F0020A4110020028000F0018000F0E3
:10DBE000078000F00D4B1B7893B1072812D889B13C
:10DBF0000B4B03EB00131B7B73B10A4B1A6E012313
:10DC00008340134214BF012300230B700020704790
:10DC10000548704705487047054870476B1F00204E
:10DC2000A411002000200E40028000F0018000F0CE
:10DC3000078000F00B4A127810B50C4662B1072835
:10DC40000CD859B1084A02EB00131B7B43B101F019
:10DC50004BFC2070002010BD0448FCE70448FAE7A4
:10DC60000448F8E76B1F0020A4110020028000F098
:10DC7000018000F0078000F02DE9F041DFF86480BA
:10DC8000D8F86070D8F86C301F4000D5FEE7134C10
:10DC900001260025374218D02368C8F86860A3B170
:10DCA000A16862680131A16028469847637B012B17
:10DCB0000BD150B90A4B03EB45131A7B60F34102B9
:10DCC0001A731A7F60F341021A770135082D4FEA63
:10DCD000460604F11004DDD1BDE8F081A411002056
:10DCE000A410002000200E400C4B984205D90C4B8C
:10DCF000984210D80122012301E00022134609496D
:10DD00000B640949D1F8003123F0807343EA0263C0
:10DD1000C1F8003170470222EDE700BF0048E8017A
:10DD20000090D0030000C84300400E400F4B5B68DA
:10DD30000F4B30B500221C46C9B21D798D4202D16D
:10DD40001D6885420DD20132052A03F10803F4D182
:10DD50000321064A536823F0407343EA016353608A
:10DD600030BD04EBC2046179F3E700BF00000E4050
:10DD70006450030038B5074C41F67133256C2364B9
:10DD8000FFF7B0FBADB20021FFF7D0FF0DB10023CC
:10DD9000236438BD00000E40044BDB6B5B0604D4EB
:10DDA000034AD2F8C830002BFBD1704700300E4038
:10DDB0000000C64308B5FFF7EFFF024B5868C0F3F9
:10DDC000014008BD00300E40044BD3F84421D20777
:10DDD00003D4D3F840211042FBD1704700400E40DD
:10DDE00038B5064C256C41F671332364ADB2FFF7AC
:10DDF0009DFF0DB10023236438BD00BF00000E401D
:10DE000038B5C0F30323013B092B11D8DFE803F039
:10DE1000052710102B221D101511154DC0F30434C9
:10DE200005F1424505F5801504EBC5008000016051
:10DE300038BD104DC0F30434F2E70F4DC0F3043485
:10DE40004FF48030FFF7C0FFEAE7C0F304340B4D16
:10DE50001020F7E7C0F30434094D0120F2E7094D23
:10DE6000C0F30434DCE7084DC0F30434D8E700BF46
:10DE700000400E4050410E40F0400E40E8400E4041
:10DE8000E0400E40C0400E40B0400E40C0F30313CF
:10DE9000013B092B2AD8DFE803F0050B0F192929CC
:10DEA0001F23374B274BD3F80001C0F304207047E2
:10DEB000244BD3F81401F8E7224BD3F80031C3F315
:10DEC0000063013301209840013870471D4BD3F89F
:10DED0000C01C0F3082070471A4BD3F80801F8E78B
:10DEE000194B984204D0194B984207D00020704734
:10DEF000144BD3F8203103F00F03E3E7114BD3F8B1
:10DF00002031C3F30113DDE7114B98420CD003F528
:10DF1000B01303F580539842E8D10A4BD3F8283167
:10DF2000C3F301230433CDE7064BD3F82831E8E7E8
:10DF3000084B9842DAD1034BD3F8300100F00300CC
:10DF4000704700BF00400E408006160080162E006D
:10DF500090171A00A009140000F00F0001380728DC
:10DF600050D8DFE800F00415244F34384F402B4BD5
:10DF7000D3F8943003F00703023B052B06D8DFE803
:10DF800003F049243F0305430B20704705207047E9
:10DF9000224BD3F8800000F0070002283DD004286F
:10DFA00036D0012808BF032018BF012070471B4B43
:10DFB000D3F8843003F00703013B032B03D8DFE8D9
:10DFC00003F0041F25270120704703207047134BDF
:10DFD000D3F88800DFE7114B1B6F13F0010F0CBF64
:10DFE0000720092070470D4BD3F85C3103F0300354
:10DFF000202B0FD0302B0FD0102B08BF0720D3E7DA
:10E0000002207047002070470C20704706207047A0
:10E010000A207047042070470820704700400E40D7
:10E0200008B50146FFF798FF1A4B994211D01A4BD9
:10E03000994212D0194B994204D1194BD3F8800060
:10E0400000F007000138032821D8DFE800F00A0EAD
:10E050001612134BD3F88400F2E7114BD3F8880063
:10E06000EEE7BDE808401AF099BFBDE80840FFF7A9
:10E070009DBABDE808401AF094BFFFF737FA084B85
:10E08000D3F80031C3F300630133D84008BD00204A
:10E09000FCE700BF030020000500240002001E0072
:10E0A00000400E4000F47813B3F5B01F10B50446DD
:10E0B00074D025D8B3F5402F5ED010D8B3F5802F9B
:10E0C00049D005D83BB1B3F5003F4FD0002010BD7B
:10E0D000B3F5202FFAD1BDE81040FFF707BAB3F52A
:10E0E000801F00F08480B3F5A01F4DD0B3F5602FE2
:10E0F000ECD14A48FFF730FF072878D00928E9E734
:10E10000B3F5381F53D013D8B3F5001F58D00AD831
:10E11000B3F5D01F56D0B3F5F01FD7D14048BDE8B6
:10E120001040FFF77DBFB3F5101FCFD13D48F6E794
:10E13000B3F5481F4DD0B3F5781F65D0B3F5401F38
:10E14000C4D13948FFF76CFF384BD3F82831C3F3FB
:10E150000123043320E0FFF7C9F9344BD3F80C3125
:10E16000C3F308230133B0FBF3F0B0E7FFF7BEF9C8
:10E170002E4BD3F80831F3E7FFF7B8F92B4BD3F860
:10E180001431C3F30423EDE72648FFF749FF274B7B
:10E19000D3F8303103F00303D84098E72048FFF765
:10E1A0003FFF224BD3F8203103F00F03F4E71C4864
:10E1B000FFF736FF1D4BD3F82031C3F30113EBE714
:10E1C0001948ACE71848FFF72BFF184BD3F8283154
:10E1D000F3E71748FFF7C0FE072808D0082809D042
:10E1E00004287FF473AFBDE81040FFF7BBB9114BB3
:10E1F00018686CE7FFF77AF90C4BD3F80031C3F3DA
:10E20000042303FB000062E7FFF770F90146204694
:10E210001AF053FFB1FBF0F059E700BF06000E0003
:10E2200002001E00050024000300200000400E40F4
:10E23000B8003200000B002010B5FFF79BFD094B22
:10E2400007225A67FFF752F9FFF74EFDFFF778F9FB
:10E250000446FFF7AFFD01462046BDE81040FFF73A
:10E26000BFBD00BF00400E4008B5FFF775FE022895
:10E270000ABF024B4FF6FF70188808BD120D002030
:10E28000014B1880704700BF120D0020014B188011
:10E29000704700BF100D002010B5042813D8DFE828
:10E2A00000F047032F132100294AC1F30801D2F8D7
:10E2B0006838002BFBD1274A136A23F4FF7323F03D
:10E2C00001030B43136210BD214A01F07F01D2F814
:10E2D0006038002BFBD11F4A136923F07F030B43E7
:10E2E0001361F0E71A4A01F07F01D2F86438002B7D
:10E2F000FBD1184A936923F07F030B439361E2E754
:10E30000144AD2F89030536A23F0300343F01003DC
:10E310005362146B104BC1F3C31003300F2803EA90
:10E32000040328BF0F200B4343EA00731363CAE7BB
:10E330004F29074A28BF4F21D2F87438002BFBD150
:10E34000044A936B23F07F030B439363BBE700BF47
:10E350000020C84300400E4000F8FF0F104A536AE7
:10E3600013F0300F18D0202913D0302914D00029F1
:10E370000C4B08BF4FF44003D2F8901033EA010170
:10E38000FAD15B0246BFD2F8A000C0F38020012082
:10E3900070474FF40003EFE74FF44003ECE700BF92
:10E3A00000400E40FF33E10702280AD129B1064B95
:10E3B0004FF48060C3F8A800596612B10220FFF73D
:10E3C000CDBF0120704700BF00400E400428F8B5C3
:10E3D00048D8304B13F800C02F4B1D5C2F4B33F83F
:10E3E00010702F4B33F810402E4B002940D00228DC
:10E3F00039D15C6A14F0300F35D12B4CE46B5C6A78
:10E40000E40705D55E6A26F0300646F010065E6227
:10E41000264C244B25441F66AD002B68002BFCD0F6
:10E4200002B36444A4002368002BFCD0022819D155
:10E43000C1B11C4D696A11F0010116D001222021E1
:10E44000FFF7B2FFD5F89C60012200210220FFF700
:10E45000BDFFC6F30A010220FFF71EFF2F662368E7
:10E46000002BFCD0F8BD0021D2E7FFF777FFE9E7EA
:10E4700001211C66A940D3F890000842FBD1002A74
:10E48000F0D00123074903FA0CF3D1F890201A4287
:10E49000FBD1E7E75D500300585003004E500300E6
:10E4A0004450030000400E4000300E408004F21043
:10E4B00010B50246B8B901221146FFF787FFFFF7F2
:10E4C00059FC0F4B04225A67FFF710F8FFF70CFCBA
:10E4D000FFF736F80446FFF76DFC01462046BDE81D
:10E4E0001040FFF77DBC012807D10146FFF76EFF02
:10E4F000FFF740FC024B0322E5E7FFF73BFCE3E7B5
:10E5000000400E4038B5FFF72DF80021044600F01A
:10E5100003FB1248FFF7E8FB012211460220FFF738
:10E5200055FFFFF727FC0CB1FFF736FC0C4B02221E
:10E530005A67FEF7DBFFFFF7D7FBFFF701F8054649
:10E54000FFF738FC01462846FFF74AFC2CB9204665
:10E550000121BDE8384000F0DFBA38BD0148E801CC
:10E5600000400E401C4B70B51C681C4B9C4221D8CF
:10E570001B48FFF7B9FB012211460320FFF726FFD6
:10E58000FFF7F8FB0024174B01265E67FEF7AEFF8E
:10E59000FFF7AAFBFEF7D4FF0546FFF70BFC014689
:10E5A0002846FFF71DFCB4B931462046BDE870404F
:10E5B00000F0B2BA0021204600F0AEFA0848FFF79A
:10E5C00093FB012211460320FFF700FFFFF7D2FB68
:10E5D000FFF7E2FBD7E770BDEC0A0020002D310108
:10E5E0000148E80100400E40012210B51146032009
:10E5F000FFF7ECFEFFF7BEFB084B05225A67FEF75C
:10E6000075FFFFF771FBFEF79BFF0446FFF7D2FB98
:10E6100001462046BDE81040FFF7E2BB00400E4037
:10E6200010B504461120FFF797FC002101220220BB
:10E63000FFF7CCFE184A217C536A23F0010302291C
:10E6400008BF43F001035362144B2178C3F8A014B0
:10E65000637AA18843EAC123D362136BA07A217A3B
:10E6600003F07F630343E08843EAC02343EAC11316
:10E6700003310F2928BF0F2143EA01731363A37BE2
:10E68000617B1B0143EA0133E17B0B43217B43EABE
:10E690000143536310BD00BF00400E400000C8435B
:10E6A00038B50E4D0E4C01461120FFF755FCAA6BF4
:10E6B0004B7814400A78144344EAC3248B7844EA24
:10E6C0000364CB7844EA0324AB6BA34205D000215A
:10E6D00001220846FFF77AFEAC6338BD00400E40C9
:10E6E00080E4FFF8034B5868C0F30800003818BFF7
:10E6F0000120704700ED00E0034BD86B80F0400034
:10E70000C0F38010704700BF00300E4042EA032281
:10E71000B2F5007F10B5194C29D00AD8B2F5807F28
:10E7200022D040F201139A4215D062B9D4F81C32BB
:10E730000BE0B2F5407F1DD040F201339A4210D079
:10E74000D4F8283201E0D4F82432C3F30722DBB234
:10E7500003600A6010BDD4F824321A0EC3F30743D5
:10E76000F6E7D4F82832F8E7D4F81C32F5E7D4F805
:10E770002032EAE7D4F82032EFE700BF0081E00F53
:10E7800008B5FFF7B9FF20B1024AD2F8C830002B14
:10E79000FBD108BD0000C64308B5FFF7ADFF80B14F
:10E7A000FFF7EEFF074B19685A68C1F30121C2F366
:10E7B000014291421A688CBF42F0100222F010020E
:10E7C0001A6008BD00300E40064B1B68DB0608D5FA
:10E7D000054B1B69C3F30443082B02BF034B044AD8
:10E7E0001A60704700300E4000400E40EC0A0020D6
:10E7F000C0EA210170B5FFF77FFF38B12D4B1A78C1
:10E800001023C2F1020293402B4A13612B492C4D75
:10E81000D1F8804145F60E03C1F880312B6823F012
:10E82000AA03DB05DB0D0B66FFF7AAFF224B1B6873
:10E83000D80604F0010415D5D1F84031DA01FBD433
:10E84000204B1B680B61204B1B78052B0AD11F4BFB
:10E850001E68FFF795FF184B59683046C1F3014118
:10E86000FFF7BEFA184B1B78023B0A2B0AD8DFE8E9
:10E8700003F00615170909090909091A1D000020E6
:10E88000FFF716FE2B68DB075EBF0C4B02221A66F1
:10E890001CB10A4B0022C3F8802170BD0120EFE7B4
:10E8A000FFF730FEEEE7FFF79FFEEBE7FFF7C4FC54
:10E8B000E8E700BF6C1F002000300E4000400E4013
:10E8C00028120020241200206D1F0020EC0A0020D6
:10E8D00010B50B4C0B4BD4F890201A601120FFF7A9
:10E8E0003BFB094B1870FFF74BFF084B084A5B686E
:10E8F000C3F301431370074B22691A6010BD00BFB8
:10E9000000400E40281200206D1F002000300E40F5
:10E910006C1F002024120020064942780B6823F463
:10E92000407343EA0223022A0B6004BF024B5B6A76
:10E93000704700BF00300E4000400E4038B505461D
:10E9400008B1FFF7C5FFFFF727FF1A4A136943F025
:10E95000040313611AF012FD1AF011FD164B174A49
:10E96000C3F8242403F559231B68DB0614D51AF0D9
:10E97000A9FB25F0B1FE1AF0A9FB1AF001FD104C1D
:10E9800003F004FA55B1FFF735FFD4F84C3123F00A
:10E990000043C4F84C3138BD30BFEEE7FFF714FF39
:10E9A000D4F84C3123F00043C4F84C31BDE8384072
:10E9B000FEF7C6BD00ED00E000A000400000FFFF34
:10E9C00000300E4038B5054608B1FFF781FFFFF76C
:10E9D000E3FE1F4B1F4CD3F8802145F60E01D207F2
:10E9E000C3F8801148BF00224FF42071196648BF58
:10E9F000C3F88021184A136943F004031361174BCD
:10EA0000174AC3F824241AF0B9FC2368DB0611D591
:10EA10001AF058FB25F060FE1AF058FB03F0B6F927
:10EA200055B1FFF7E7FED4F84C3123F00043C4F8AA
:10EA30004C3138BD30BFF1E7FFF7C6FED4F84C319A
:10EA400023F00043C4F84C31BDE83840FEF778BDF0
:10EA500000400E4000300E4000ED00E000A00040FD
:10EA60000000FFFF0E4A0379916921F03F010B433B
:10EA7000017843EA8103417843EA4103817843EA1C
:10EA8000C103C178012908BF43F0010393611368F2
:10EA9000417923F4403343EA01431360704700BFD8
:10EAA00000300E402DE9F04104460D46FFF724FEEC
:10EAB00060B3DFF86080FFF763FED8F80430C3F37B
:10EAC00001439C4222D0124BD3F80031FEF70EFDD9
:10EAD000022C07464FF0100609D12146FFF780F9B6
:10EAE000C8F8106095B1BDE8F041FFF749BEC4F128
:10EAF00002039E40C8F810600DB1FFF741FE2CB92B
:10EB000021463846BDE8F041FFF76AB9BDE8F0811B
:10EB100000400E4000300E4038B505460C46FFF769
:10EB2000EBFDB8B145B90C4BD3F80051FEF7DEFC54
:10EB3000C5F3042505FB0005084B1B7821463BB1B6
:10EB4000074B9D4204D80220BDE83840FFF7AABF1A
:10EB50000020F9E738BD00BF00400E406E1F0020C6
:10EB6000002D3101034B02781A7001210020FFF7BC
:10EB7000D3BF00BF6E1F0020234B4AF6E85210B5EA
:10EB8000596B5A639A6FD207FCD41B6C13F00303C2
:10EB900006D01E4A01249842C2F8B44A1AD110BDC8
:10EBA000A0B1431E012B17D8174A4FF40023D3629C
:10EBB000936FDB07FCD4136C23F0030343F00103D2
:10EBC0001364114A536A1C03FCD505E00F4BC3F8CC
:10EBD000B40AE4E7032BE4D00B4B9A6FD207FCD4C2
:10EBE0001A6C22F0030202431A649A6F12F00102B7
:10EBF000FBD10038054C18BF01200129C4F8B40A24
:10EC000008BF5A63CBE700BF00300E400000C64388
:10EC10002DE9F04F00238BB0CDE90433CDE9063365
:10EC2000CDE90833A0F5E163B3F5966F0546019190
:10EC3000934603D900200BB0BDE8F08F624BDFF89C
:10EC40008C81D3F81842B0F5E16F15BF4FEA146A12
:10EC5000C4F3072AC4F30744E4B20694CDF824A011
:10EC6000D8F84C60C6F301768CBF012200223346EF
:10EC700007A904A815BF4FF4E1674FF496674FF456
:10EC800096694FF416790392FFF740FDD8F8EC30FF
:10EC9000039AC3F3012308A905A80293FFF736FDE1
:10ECA000A5EB070CAAEB04020CFB02F2B2FBF9F293
:10ECB00014445445079F0498089A0599BAD8A2EBC2
:10ECC000010E0CFB0EFEBEFBF9FE11EB0E012CBF7C
:10ECD0004FF0010E4FF0000E8A42ABD3BEF1000F91
:10ECE000A8D13A1A0CFB02F2B2FBF9F280182CBF41
:10ECF0000122002287429DD3002A9BD1029BBBF1B7
:10ED0000000F0FD0D8F85C20B5F5E16722F4FE4281
:10ED100018BF012722F0020242EA470242EA042217
:10ED2000C8F85C20019A0AB9012084E7264A022E1D
:10ED3000D2F830223ED0032E3FD0012E14BFD2B2E3
:10ED4000C2F30722120312F4702F7FF473AF1F4E29
:10ED5000F46E24F470442243F2661B4A022BD2F86C
:10ED600030222CD0032B2DD0012B14BFD2B2C2F3F2
:10ED70000722120312F4702F7FF45CAF134CD4F807
:10ED8000EC3023F470431343C4F8EC30636E8842D4
:10ED900038BF084623F4FF73E72823F0010328BF98
:10EDA000E720B5F5E16F18BF43F0010343EA4003E4
:10EDB0006366B9E7C2F30742C4E7120EC2E7C2F3C3
:10EDC0000742D6E7120ED4E70081E00F00300E4074
:10EDD0002F4B1A6FD96C11F0010F02F0060242D0CE
:10EDE000002A40D013284FD9143813288CBF102381
:10EDF00008232749013BCA6C180322F47F4240EAEA
:10EE000003231343CB64234BCA6C1B88C2F3032236
:10EE10002833013202EB820003EB5303B3FBF0F320
:10EE2000C86C013B072B28BF072320F0EE6040EAA7
:10EE3000036343F48013CB64174BB3F90030002B0A
:10EE400010DB2833500800EB420203EB5303B3FB03
:10EE5000F2F30A6D072B28BF072322F0700242EA63
:10EE600003130B657047D96C01F00101114304D104
:10EE7000092809D90A380928B8E7DB6C13F001031F
:10EE8000B7D01AB92728B1E70423B2E70023B0E7C7
:10EE900000300E40041F0020001F0020064A074BD0
:10EEA000D3F88039136F23F0070303431367044B30
:10EEB0001888FFF78DBF00BF00300E400000C6432A
:10EEC000021F0020394B02222DE9F0419A639B6B0F
:10EED00003F00F039342044603D000252846BDE803
:10EEE000F081C288B0F808808588B0F90C60477856
:10EEF0004A2A4ED9B2F5FA7F4DD340F6C3139A424F
:10EF00008CBF4FF040524FF000522849CB6C23F099
:10EF1000405323F00103002EA8BF43F00103134325
:10EF2000CB64D1F8EC3043F44073C1F8EC30204BA3
:10EF30001D80CB6E43F08073CB661E4BD3F88009E7
:10EF400000B10420FFF7AAFF1B4BA3F800801B4B66
:10EF500028461E80FFF73CFFA37BFBB1012B21D08D
:10EF6000012260881146FFF753FE05460028B4D001
:10EF70000E4AD36B43F48063D3633846FFF7FCFD3E
:10EF8000A37AA3F12002534253410A4AC2F89437AC
:10EF9000A4E70022B9E74FF08052B6E7034B084AD6
:10EFA0009A65DDE7014B074AFAE700BF00300E40E3
:10EFB000021F00200000C643041F0020001F002085
:10EFC00077402057372110B7044AD2F8443423F051
:10EFD00003030343C2F84434704700BF00A000405D
:10EFE00000EB4000F8B50D461F46040116463AB145
:10EFF000154801238B402044C7B100F1C060036075
:10F00000072D4FF00F0114D8AB00104806FA03F299
:10F01000994020441AF0B9F93EB90B4A0123AB409C
:10F02000224477B102F1C0621360F8BD00F1806044
:10F03000E5E7A5F108039B00054806FA03F29940AD
:10F04000E7E702F18062EFE70CA0004004A0004077
:10F0500008A00040F8B505460E46144662B303F01A
:10F060000307036823F4407303601AF02BF82A683F
:10F0700082EA072303F4407353402B601AF026F80A
:10F0800036B9104B9D4218D10F48FFF70BF80646D2
:10F090002B680E4BDA5D62430ED0A2EBC403013B3A
:10F0A0003344B3FBF2F32A68920703F1FF3302D52E
:10F0B000002B08BF01232B61F8BD054B9D42E7D112
:10F0C0000448E2E700C00040008204008C500300C6
:10F0D00000C400400092040038B5002303640B4BC9
:10F0E000C3634A78430103F1844382F001020C4672
:10F0F0005A600B7B0546D1E90112FFF7ABFF21787F
:10F100002846BDE838401AF04FB900BFFFFF07009E
:10F110007A4B984270B51AD003F58063984240F05C
:10F12000EA80774B9968426B12F4C06F15D0910555
:10F130000FD5FD225A7009221A700022026493F939
:10F140000110012900D15A7093F9010070BD6D4B77
:10F15000E8E75605EFD5FE22ECE71C78082C00F214
:10F16000C680DFE814F009001F0041004D006A006E
:10F17000760094009D00BD004C880A88E5060AD5FB
:10F18000120A02F0060242F0F00201211970C26276
:10F1900041600120DAE702F0FE02A10748BF42F019
:10F1A0000102F2E7160606D58022C2634FF6087206
:10F1B0001A80022316E05506EBD54022C2634A8826
:10F1C000D40604D502221A700B78C362E1E79607D1
:10F1D00064D507221A701B7901EBC3031B89012B2D
:10F1E000D7D108234360D4E71506DDD45406D0D523
:10F1F0004022C2634A88920750D503221A7092E7D0
:10F200004C880A88E60643BF120A02F0060242F062
:10F21000F00202F0FE02650709D51C7901EBC4017A
:10F2200042F001020989012904BF0821416004213B
:10F23000197001234360C262ABE71406B4D45206CE
:10F24000A7D54022C2634A88560727D507221A70DD
:10F250009FE71A795D8801EBC2042689AE420FD878
:10F260000132D2B200241A715C804C886507C4D484
:10F27000E40702D4012A7FF656AF08221A7098E7F5
:10F280006268691C5980525DC2620622DFE7160679
:10F290008AD455067FF57DAF4022C2630522ADE7D3
:10F2A00094067FF576AF1A795C88C56901EBC201D7
:10F2B0000A89A24281BF4968661C5E800D55598843
:10F2C0008A42DAD90424012A446004D0013A9142E6
:10F2D00001D1082242601A78092A3FF42EAF58E77C
:10F2E000D2057FF556AF4FF48072C26323E74FF625
:10F2F00009321A8021E76FF0030027E700C00040C1
:10F30000381200202C1200201B4B984210B408D059
:10F3100003F5806398422AD06FF003005DF8044B38
:10F320007047164B8268D20744BF202242604A8849
:10F33000940702D50C89002CEED0520702D50A8A18
:10F34000002AE9D04FF480721A6000221A71996085
:10F35000C0234360C368DB050BD4094BC363036C54
:10F360005DF8044B43F4FC630364FFF7D1BE054B27
:10F37000D8E7C369EEE700BF00C000402C120020B0
:10F38000FFFF070038120020084B4FF40072C3F84B
:10F390008020BFF34F8FBFF36F8F054B0021D966DD
:10F3A0004FF4AA401962FEF72BBD00BF00E100E058
:10F3B00000200E40034B03449B0081F001011960C3
:10F3C000704700BFA001F11010B5044601214FF4B1
:10F3D000AA40FEF715FDB4F8013022785BBA9BB263
:10F3E00043EA02630B4A136000231362D362536340
:10F3F0004FF00043D3664FF0FF339366064A4FF455
:10F400000071C2F88011E3785B01DBB282F8093346
:10F41000116010BD00200E4000E100E0F8B5254D60
:10F420008F7AD1F800C0C3B201269E404FF0300E53
:10F43000CB7A0EFB00500C461B05097BAE6643EAF7
:10F440000743C0F880C094F80DC0C0F888C043EAF4
:10F45000415322F00302C0F88430C0F8982019F01C
:10F4600038FEEB6E3343EB66237A13B16B6B334399
:10F470006B63637A13B1EB6A3343EB6223792A68D7
:10F4800023B1DB431B0263F47F431A4063790BB162
:10F4900042EA0322A3790BB122EA0302E379134380
:10F4A000044A1360044B9E62D663BDE8F84019F02D
:10F4B00016BE00BF00200E4000200E4410B5C0B2A2
:10F4C0000124844019F005FE054AD36E23EA0403A3
:10F4D000D366044B1C62BDE8104019F000BE00BFAB
:10F4E00000200E4000200E4410B5C0B2012484401C
:10F4F00019F0EFFD074B1A6A224208D19B6A9C4320
:10F500000CBF0124002419F0EAFD204610BD0024A0
:10F51000F9E700BF00200E40054B5A685B68054BB9
:10F5200041F671321A649A6822F001029A607047BB
:10F5300000300E4000000E40034B9A6822F001029A
:10F540009A6000221A64704700000E40094A0A4B74
:10F55000D969C90705D512B96FF002007047013AA1
:10F56000F6E7002AF8D001221861DA60D86940F382
:10F57000800070478096980000000E4070B509B971
:10F58000002070BD0E4A0023082550F823409461E6
:10F590000C4CD5600133D669F60705D514B96FF068
:10F5A0000200EEE7013CF6E7002CF8D0D469A4078E
:10F5B00002D49942E9D1E3E76FF00100E1E700BF2F
:10F5C00000000E40809698002DE9F8431C4B0D4634
:10F5D00041F671311E6C19641A49804648684968C1
:10F5E000996841F00101B6B2996097084FF000099F
:10F5F000B94501D3002005E008EB89042046FFF758
:10F60000A5FF48B10E4B9A6822F001029A600EB134
:10F6100000221A64BDE8F883C4F30A01C1F5006151
:10F620008908A7EB0903994228BF19462846FFF726
:10F63000A5FF0028E6D1894405EB8105D8E700BF86
:10F6400000000E4000300E40234B41F671311A6C21
:10F6500010B5196421494C684968996841F0010165
:10F66000996001211861D960D9694C0792B209D516
:10F67000996821F0010199600AB100221A644FF0E3
:10F68000FF3010BD0221D9601549D869C00700D5E7
:10F6900069B9D86910F002000BD0996821F0010116
:10F6A00099600AB100221A646FF00100E9E701399C
:10F6B000EBE741B9986820F00100986002B1196445
:10F6C0006FF00200DDE7996821F0010199600AB945
:10F6D0000020D6E71864FBE700000E4000300E4023
:10F6E000809698008B784A789B0143EA82030A78D7
:10F6F0001343CA7843EA02130A7943EAC2234A79D8
:10F7000043EA02338A79043043EA42430001014A62
:10F710001350704700200440014B1860704700BF31
:10F7200000008442437882789B0043EA0213027807
:10F730001343C27843EA4213027943EA022342792F
:10F7400043EA0233827943EAC233C27943EA02438D
:10F75000027A43EA4243014A1360704700200440A2
:10F760000D4AD2F8E430D2F8E0109B0003F03C03DD
:10F77000C1F381110B438370D2F8E03003F03F03F3
:10F780004370D2F8E830D2F8EC2003F0F003C2F373
:10F79000031213430370704700FF0FE0024BD3F8CE
:10F7A000F000D3F8F41070470081E00F024BD3F85B
:10F7B000FC00000E704700BF0081E00F024BD3F841
:10F7C000F80080B2704700BF0081E00F70B50546B9
:10F7D00016461C4619B91448FEF764FC0146402C35
:10F7E0001BD003D8DCB1202C1BD070BD602CFCD109
:10F7F000042303FB06F2530803EB4113B3FBF2F3BC
:10F800000A4A203B02EAC3032A6822F060022A6007
:10F810002A6814432C606B61E7E70623E9E71023AD
:10F82000E7E70823E5E700BF40410500F8FF7F0058
:10F8300038B50546144619B90548FEF733FC0146AC
:10F8400001396400B1FBF4F10902696138BD00BF00
:10F850004041050040F6AA63C36041F2050200235F
:10F8600003604260104A83604361C36482640F4A4C
:10F870000366904243678367C3670DD002F58062D9
:10F8800090420BD002F58062904205D002F5806272
:10F89000904203D0836570470365FBE7036583658A
:10F8A0000023C365704700BFF9FF0100000001405D
:10F8B00038B5044623F031FB0FCC044D0FC594E856
:10F8C0000F0085E80F00002038BD00BF4412002063
:10F8D00047F6FF739A42F0B572D0062972D83A4BB8
:10F8E0005B5C022B6ED8394D05EBC304DF00A178B9
:10F8F00015F83330012938BF0121012B13D1E078ED
:10F900000025401AA84202D80844C0B2F0BD431BEB
:10F91000A0EB5303666836F913609642CCBF03F13F
:10F92000FF301D46EEE760680028EFD0B0F90040D8
:10F93000944204DBB0F902409442B8BF1446838875
:10F94000FF2B04BFB0F90620B0F908C03D440FBF3B
:10F9500001260026C8224FF0280C131B93FBFCF352
:10F9600033446E781BB29E4201DD002B01DA731E18
:10F970001BB201339BB24FF47A7C071D5D1E2DB282
:10F980004FEAC50E00EBC5059E42EA88AD6814FB40
:10F99000025222EAE27202F15C02B2FBFCF205DDE5
:10F9A00037F83350954203F10103E7D200EB0E0321
:10F9B0009888904228BF1046884238BF0846A4E77E
:10F9C000FF20A3E70020A1E790500300441200208D
:10F9D0000629F0B561D8324B595C02295DD8314B0C
:10F9E00013F83100012816D103EBC1039C78D878B5
:10F9F0005B68012C214638BF0121904294BFC1EBC6
:10FA00000001C1EB0201CAB2001B8242C8BF002242
:10FA100033F91200F0BD002A3DD003EBC103596851
:10FA200000293AD09878904202D3B1F90200F1E768
:10FA3000DC78B1F900009442ECD95C788B88A3F1B2
:10FA4000FF06013C734201F10405E4B2734101F188
:10FA50000C07DEB2B44216D805EBC3034FF47A7537
:10FA6000B3F902405B686A43D21A04EBD47302EB29
:10FA7000630292FBF4F29042CCDBB1F902009042B7
:10FA8000C8DC10B2C6E737F833C0944503F101066D
:10FA9000E2D33346DDE70448BCE70448BAE700BFD9
:10FAA00090500300441200200CFEFFFF0080FFFF77
:10FAB00008B50448FFF7FCFEBDE80840012023F02C
:10FAC00030BA00BF9850030000487047140D002062
:10FAD0007FB5094B09490222CDE901234FF0837319
:10FAE000CDE903134FF0FF300D2301A9059323F057
:10FAF00049FA07B05DF804FB006A180006010C0023
:10FB000000230C4A0360032910B5026304464363D3
:10FB10000ED1052119F0DDFB636823F4407343F433
:10FB200000736360636823F4406343F400636360BD
:10FB300010BD00BF200010002DE9F04F1E46044606
:10FB4000894692461F460FCE8BB001AD0FC596E891
:10FB50000F0085E80F000025099519F0B3FA51460A
:10FB6000064604F5827019F03FFB494604F584709F
:10FB700019F03AFB394604F5867019F035FB30462A
:10FB800019F0A4FA5F4E604BDFF8BC91DFF8BCA11E
:10FB90002365DFF8BCB119F095FAC4F850B0D4F879
:10FBA000148019F093FA18F0807F19D0574B236511
:10FBB00019F088FAC4F850B0656919F087FAEB01BA
:10FBC00040F1888019F07EFA1499054604F5887092
:10FBD00019F012FB284619F079FA0BB0BDE8F08F46
:10FBE00018F4807F1CD14A4B2365013D9023A3600C
:10FBF000636913F4807F474B23650ED019F062FAD6
:10FC00003946834604F5807019F0EEFA584619F02B
:10FC10005DFA414B2365414B63658823A360B8E7D8
:10FC2000002D13DA3E4BC4F850A0636519F04AFA70
:10FC300001A9834604F5807019F0DEFA636958461D
:10FC4000C3F30343099319F041FA6D42354B236521
:10FC50006369DFF800C113F4407F4FF08803A360AD
:10FC60004FF001016269266561656369C4F850C09F
:10FC70000ABF01204FF0FF3005F1FF358842C3F382
:10FC80000723C2F300220BD132B1D90704D5264B8A
:10FC90002365264B6365A9E7254B2365254BF9E7CB
:10FCA0009AB9DA0711D5244B2365244B6365A16506
:10FCB00001A904F5807019F097FA099B03F00F036E
:10FCC000C4F848318323A36090E71D4BC4F85090DB
:10FCD0006365EDE719F0F6F904F5807639460546D7
:10FCE000304619F081FA284619F0F0F9154B2365D2
:10FCF00019F0E8F914990446304619F07DFA2046C7
:10FD000069E700BFC93E81983084880198390100B5
:10FD1000C93E8101D23E8201C024D0340982010053
:10FD200099830100D9080100C8340981E20C8201DD
:10FD3000C80881E20C82010083D9341181E2148267
:10FD4000E2148201E010010083D9108190A284881E
:10FD500035393801DB3E01002DE9F04F89B081468D
:10FD60000D4616460021202268461F4623F084FDDA
:10FD70004FF00A0A99F80030022B40D0032B07D02D
:10FD8000012B44D06FF0710B584609B0BDE8F08FDD
:10FD9000202269463846B0478346BBF1000FF3D1B5
:10FDA00000F08CFC99F800100446FFF7A9FE19F04A
:10FDB00089F96946804604F5827019F015FA4046C3
:10FDC00019F084F9374B2365204619F04AFC19F0E5
:10FDD00079F904F5807883466946404619F00CFAB3
:10FDE000584619F073F9009B012B18D8204600F0F3
:10FDF0006FFCBAF1010ABDD1DFF8BCB0C4E71C2228
:10FE000069463846B047002383460793C5E7182262
:10FE100069463846B047002383460693F5E719F054
:10FE200051F905F108070646294604F5847019F0D2
:10FE30001CFC05F11009394604F5867019F015FC13
:10FE4000494604F5887019F010FC304619F03EF967
:10FE5000154B2365204619F004FC4946404619F02D
:10FE60003EFC8346C8B9114B2365114B63652046A0
:10FE700019F0F7FB2946404619F031FC834660B97A
:10FE80000C4B23654FF48E736365204619F0E9FB34
:10FE90003946404619F023FC8346204600F018FC02
:10FEA00072E700BF30C80C0181E11C018CE11C81AC
:10FEB000D11C0100E11C81D900B3FFFF2DE9F843FB
:10FEC000064610460F4690461D461BF09EFA28B186
:10FED00029463846BDE8F8431BF081BA2B69002B50
:10FEE00040F0AD8000F0EAFB31780446FFF708FEF1
:10FEF00019F0E8F804F5807608F1100181463046E3
:10FF000019F0B3FB484619F0E1F8574B236540F26E
:10FF100081136365204619F0A4FB19F0D3F8294634
:10FF20008146304619F0A1FB484619F0CFF84F4BF7
:10FF3000236501232046636519F093FB4C4B236531
:10FF400019F08FFB19F0BEF805F108018146304623
:10FF500019F08BFB484619F0B9F8464B236520464B
:10FF600019F07FFB19F0AEF808F10809494605467B
:10FF700004F5827019F079FB284619F0A7F83E4B7A
:10FF80002365204619F06DFB19F09CF841460546A3
:10FF9000304619F06AFB284619F098F8374B23656C
:10FFA000374B6365204619F05CFB07F110013046C2
:10FFB00019F095FB054600283BD1324B23652046BE
:10FFC00019F04FFB304B236519F04BFB2F4B23658A
:10FFD00019F047FB2E4B23654FF48A73636519F0C4
:10FFE00040FB2C4B236519F03CFB3946304619F099
:10FFF00076FB0546E8B9284B2365284B6365204608
:020000021000EC
:1000000019F02FFB19F05EF849460546304619F005
:100010002CFB284619F05AF8214B2365214B6365C8
:10002000204619F01EFB07F10801304619F057FB76
:100030000546204600F04CFB2846BDE8F8832846DC
:100040001BF0E3F908B1414643E72B69002B3FF46D
:1000500049AF012105F110001AF04CFA00283FF4D5
:1000600041AF114DE8E700BF8184E11C83D91C83B7
:10007000E11C810182D11C01C81482019983D91429
:1000800081E11C018CE11C01811C8401D91C8301CC
:1000900091D11CE0D814140181CB1481D11C8201B0
:1000A00081E11C84E214010080B0FFFF2DE9F047DC
:1000B00088B0904605460F4600F000FB2978DFF82F
:1000C00054910446FFF71CFD18F0FCFF04F5807600
:1000D00008F110010546304619F0C7FA284618F015
:1000E000F5FF40F28313C4F850902046636519F081
:1000F000B8FA18F0E7FF08F108010546304619F094
:10010000B4FA284618F0E2FF4FF0010A354B236598
:100110002046C4F854A019F0A4FA07F110013046A3
:1001200019F0DDFA0546002854D12F4B23654FF412
:1001300086736365204619F094FA18F0C3FF4146B0
:10014000054604F5887019F090FA6946304619F0B2
:1001500053F8284618F0BAFF244B2365244B6365F7
:10016000244BA365204619F07CFA234B2365234BCF
:10017000636519F076FA224B2365224B6365C4F858
:1001800058A019F06EFA3946304619F0A8FA05461B
:1001900000BB1D4B23651D4B6365204619F061FABA
:1001A00018F090FF69460546304619F01DF82846BC
:1001B00018F08CFF164BC4F8509063654FF48A73A7
:1001C000A365204619F04DFA07F10801304619F0F1
:1001D00086FA0546204600F07BFA284608B0BDE8BE
:1001E000F08700BF821CC00C91D11CC0C00C81E103
:1001F0001C82DC0C81148401E11C81C80C0C81017F
:10020000D20C848BD91CE01484E21482D11C8301AB
:10021000C00C82D38182D11C2DE9F047A2B00E46DA
:10022000054600F04BFA15F8041B044606F11007CA
:10023000FFF766FC1C22002103A823F01DFB4FF0F2
:10024000010839460AA80DF16809CDF8088019F0AF
:1002500093FA294612A819F08FFA12AB0AAA02A93A
:10026000CDF800902046FFF767FC18F02BFF4946B9
:10027000054604F5867904F5827018F0B5FF06F19D
:10028000080A3146484619F0F0F9514604F58870DD
:1002900019F0EBF9284618F019FF134B2365204697
:1002A00019F0DFF9114B236519F0DBF9104B2365C9
:1002B00019F0D7F90F4B236519F0D3F9514604F51E
:1002C000807019F00CFA58B93146484619F007FA0F
:1002D00030B9204600F0FCF9414638461AF021F8C2
:1002E00022B0BDE8F08700BF8AD11C0181D91C0172
:1002F00083D11C0181E11C0110F1860F06D038B1B9
:100300009330044808BF6FF06F0070476FF07100C2
:10031000704700BF009FFFFF70B58CB004460D46CC
:100320001646002122220DF10E0023F0A5FA4FF40B
:100330001053ADF80C302CB323681BB315B39B7965
:10034000022B1AD0042B20D14FF48073206CADF80F
:100350000E304C2198B9012019F03FFFC0B1206444
:100360000C4B0093206CF3082A4603A900F03AFDD9
:100370000CB0BDE87040FFF7BFBF8023E6E703F095
:10038000E1F8EDE704480CB070BD6FF07100FAE7DA
:100390000248F8E70002C003009FFFFF809EFFFFB6
:1003A00010B550B1046844B139B1006C28B100F007
:1003B00057FDBDE81040FFF79FBF014810BD00BFCB
:1003C000009FFFFF07B578B102686AB1006C58B1B1
:1003D00051B100230193102201AB00F0ABFD03B03B
:1003E0005DF804EBFFF788BF014803B05DF804FB3C
:1003F000009FFFFF2DE9F04190B0DDE916870D4623
:1004000014461E4680B379B373B36FB38379022B5E
:1004100006D0042B25D06FF0710010B0BDE8F0813C
:10042000802A21D1202200210DEB0200069123F029
:1004300023FA4FF41053ADF81C3006AB049310238D
:10044000CDE90273CDE90068084BADF81E40E20823
:10045000294607A800F076FC10B0BDE8F041FFF790
:100460004BBFB2F5807FDCE70148D6E70002C0034E
:10047000009FFFFF012908B50BDC074B074A002945
:100480000CBF1146194600F0B3FABDE8084019F058
:1004900099B96FF0730008BD08000002090000025E
:1004A0002DE9F74F0F9D0190F520164695F800B005
:1004B000DDF834900F469A4600F024F900230446F4
:1004C0000360082243600E9904F1800818F0C5FE0D
:1004D0002946404618F04AFE0BF0070B2A780BF12C
:1004E000010B002302F00702CBF1100019462A701D
:1004F00028445A4623F0C0F9294604F1840018F034
:1005000035FE0523A360109BF34200F08780102B7B
:1005100011D086B1C3F11002B24228BF32460F3368
:1005200039462B44D01911F801CB03F801CF814291
:10053000F9D11744B61A05F1100104F18C0018F036
:1005400015FE5923A3600523A3604623A360B6B11B
:10055000002326636363514B2365012363650F2EDC
:1005600053D80023C5E90033C5E90233FA5CEA54E5
:1005700001339E42FAD82946404618F0F7FD002381
:10058000C4F830906363019B002B4AD0444B236531
:10059000444B6365444BA365444BE36501232366E9
:1005A0000026B9F1000F1ED0B9F10F0F4BD8C5E9E5
:1005B0000066C5E9026600231AF80320EA540133F5
:1005C0009945F9D12946404618F0D0FD29464046C4
:1005D00018F0EBFD0C9B33B100230C99EA5CCA5474
:1005E00001339945F9D12946404618F0DEFD2046F1
:1005F00000F092F8019B002B47D11A4612998B42CA
:1006000045D1002A3DD02C203CE03946404618F028
:10061000AFFD103E07F11007A1D1B0E74623A3605C
:10062000ADE7234B236503F1BC4303F5262303F613
:100630004D43636503F12243A3F5C053A3651D4BEE
:10064000E3651D4BABE75146404618F091FD0C9B0E
:10065000A9F110090AF1100A3BB11946404618F0F9
:10066000A6FD0C9B10330C939BE72946404618F0DF
:100670009CFD96E71199EA5CCA540133129A9342A1
:10068000F8D1002003B0BDE8F08F0023F6E7119801
:10069000E95CC05C41400A430133AFE7705905464D
:1006A000F870455905460348055163FB0448055950
:1006B000F803480546FB044805590100024B03486E
:1006C0000122C3F8002670470010C84300000F4005
:1006D000094B98420ED003F58063984209D101225C
:1006E000064B03EBC2035A68054B13449B000022E0
:1006F0001A6070470022F3E700000F4050510300DA
:100700008005F210024B03480122C3F8002670470F
:100710000010C84300000F40044B984203D003F57B
:100720008063984201D1FFF7D3BF704700000F40AC
:1007300070B5114C114E0A25236843F4807223F4DE
:100740008073226030462360FDF7ACFC0023800AF2
:1007500062680AB983420AD1636853B9013DEBD19B
:10076000236823F0010323606FF0920070BD013312
:10077000EEE70020FAE700BF00D001407000020061
:100780002DE9F04F85B0634D0092634AD2F8C03036
:1007900043F40033C2F8C0302B68DC0781468A4638
:1007A00016D500245B4D4E46D04627464FF00A0B27
:1007B000B8F1000F2BD144B114F1940F05D042468B
:1007C0000021484623F058F80027009B1F601AE0DC
:1007D00040F271632B60FFF7ABFF044698B96B687A
:1007E000032BFCD9D5F800312B61D5F800316B61B2
:1007F000D5F80031AB61D5F80031EB61FFF798FF18
:1008000004460028CDD0204605B0BDE8F08F6C68C6
:10081000A40005D02B6B13F45C7F12D1002437E0C9
:100820003E48FDF73FFCC00A844205D16B68002BAF
:10083000F0D16FF09304C8E76B68002BF6D1013458
:10084000F2E7D80514D523F480732B636B6853B992
:10085000BBF10107EDD04E46D0466FF09304002265
:10086000BB461746A4E7D5F800310393039BEDE799
:100870000193FFF75DFF044620B9019B13F41C7F31
:10088000CCD0E5E710F1930F99D010F1940FDFD0A1
:100890006B686A689B00434528BF4346B1073246F0
:1008A00034D123F003013144914212D103F003010A
:1008B00049B11848D0F80001114402F8010B8A42EE
:1008C0004FEA1020F9D1FA181E44A8EB03085F463E
:1008D000C6E7D5F8000142F8040BE5E7DCF80011A3
:1008E00002F8041C4FEA112E02F803EC4FEA114EF5
:1008F000090E02F802EC02F8011C0438032802F188
:100900000402EBD823F003023244CFE7DFF804C03F
:100910001846F3E700D0014000400E40700002008E
:100920002DE9F04788B00746884615461E46FFF772
:10093000C5FE044607F17E400838012850D804233C
:10094000236000236360E364626822F440626260B3
:100950006A46236391466363A8F1040308F11C0807
:1009600053F8041F09BA434542F8041BF8D118F0A4
:10097000A9FB4946074604F5827018F035FC384655
:1009800018F0A4FB184B2365109BDFF8609005EB73
:10099000831704F5D27A18F095FB29468046504615
:1009A00018F032FC4035404618F090FBBD42C4F8C8
:1009B0005090F0D118F086FB3146054604F5807062
:1009C00018F01AFC284618F081FB2046FFF780FE3D
:1009D000331F1C3653F8042F12BAB3421A60F9D1F0
:1009E00008B0BDE8F08700BF888AC801070D810103
:1009F00038B50D46044630B36C22002122F03CFF8E
:100A0000124B9D4205D001339D4210D06FF08500FE
:100A100038BD0F4B04F10C0203F1200153F8040B15
:100A200042F8040B8B42F9D125600020F0E7094B16
:100A300004F10C0203F1200153F8040B42F8040BFB
:100A40008B42F9D1F0E76FF08600E1E70800000281
:100A500060510300815103002DE9F3410E461F460A
:100A6000054600285FD083B9002A5CD12B68324A42
:100A700093425ED0013293420CBF6FF089046FF055
:100A80008804204602B0BDE8F0810029ECD003685C
:100A900029498B4244D001318B4247D14FF0200885
:100AA000904546D86A68D3008DF8073053098DF811
:100AB0000630530B8DF80530530D8DF80430AB68BC
:100AC000D90001EB52718DF8031002F03F02590971
:100AD000372A8DF802104FEA53318DF801104FEA92
:100AE000535316498DF8003094BFC2F13802C2F159
:100AF0007802284618F072FF04460028C1D1082267
:100B00006946284618F06AFF04460028B9D1C7F89C
:100B10000080424605F10C01304622F0B8FEB0E7F5
:100B20004FF01C08BCE76FF08604AAE76FF088045A
:100B3000A7E76FF08904A4E708000002A2510300B0
:100B40002DE9F04F91B00546BDF870909DF8747096
:100B500092469B460E46002900F0BB8001F1FF380B
:100B60004FEA1818FFF7AAFD09F1FF330F2B0446CF
:100B700000F2D880BAF1000F00F0D480BBF1100F62
:100B800003D0BBF1200F40F0CD8018F09BFA00237A
:100B9000236023636363654B23656549029004F119
:100BA000840018F0E3FABBF1100F14BF10230823E0
:100BB0001A4651462046019318F04FFB5D4B2365C2
:100BC0005D4B63655D4BA3655D4BE3654FF4C1739E
:100BD000236623699A07FCD106F00F03C3F11003C3
:100BE0005FFA83FBBBF1100F04A901D1002E72D173
:100BF00004F1800018F0D9FA029818F067FA102270
:100C0000002108A822F038FE4FEA0813A6EB0812CC
:100C100005EB081108A8029322F039FEBBF1100F72
:100C20005CD010ABA3EB0B028021BBF1010F02F8EB
:100C3000101C08D0CBF1110008AB0BF1FF320021E2
:100C4000184422F019FE08AA04A80423116850F8D9
:100C5000046B013B81EA060142F8041BF6D118F04F
:100C600031FA236B019A039043F01003236351463A
:100C7000204604F1800818F0F0FA1A99404618F05E
:100C800077FA029B2B449A4604F1A00B40F205161A
:100C9000AA452ED108A9584618F068FA40F2051363
:100CA000236523699B07FCD10CA9404618F07DFA07
:100CB00037B31B984A460CA922F0E9FD002503989A
:100CC00018F004FA2046FFF703FD284611B0BDE8EE
:100CD000F08F884646E704F188008BE7002EB2D1FA
:100CE0005A46314608A822F0C7FD80238DF82030EF
:100CF000A9E72946584618F03BFA10352665C7E79C
:100D00001B9B0CAA994413F8011B12F8010B99457F
:100D100081EA000147EA0107F5D1002FCED06FF03C
:100D20009405CCE76FF08605CFE700BF3082010065
:100D3000E4510300F50536F024FC31FE36833624F9
:100D4000FC31FE362DE9F04389B00E46DDF84080D7
:100D5000149FDDE91291002839D0002E37D0B8F168
:100D6000000F34D0B9F1000F31D081B37FB30488C4
:100D7000B4F5105F2ED14488E408182C2AD0202C1A
:100D800001D0102C23D1944221D1154A23F47E1096
:100D900090421FD113F47C1FC3F3054508BF1025F3
:100DA0008D421AD804AB10220021184622F064FDAF
:100DB0000122CDE90252CDE90009119923463246BC
:100DC0004046FFF7BDFE3D6009B0BDE8F0836FF01F
:100DD0008600F9E76FF08500F6E76FF08900F3E72A
:100DE0000002C0032DE9F041DDF818800C461746DB
:100DF0001E46054630B329B302B91BBB4C22002165
:100E0000284622F039FD2388B3F5105F09D108F098
:100E1000FE43B3F1407F15D1104B28F47E129A4265
:100E200003D06FF08500BDE8F0816488C5F80080CC
:100E3000E208B2426A6205D8182AF2D0202A04D009
:100E4000102A02D06FF08600EDE7B242FAD139469F
:100E5000281D22F01CFD0020E5E700BF0002C003B2
:100E60002DE9F74F0D461646044600285DD051B9CE
:100E7000002A5AD103682E4A23F47E13934244D0A9
:100E80006FF088001DE00368294A23F47E13934223
:100E9000F6D1002E39D0806CE8B1C0F11002B24218
:100EA00019D23830204422F0F2FC04F128020092DA
:100EB000616A04F13803201D18F019FE20B16FF0AB
:100EC000920003B0BDE8F08FA36CA064C3F11002E0
:100ED000103E15441E4406F10F084FEA18182F461D
:100EE0004FF0010904F1280A04F1040BC1450ED3A7
:100EF0003544ED1B09D0A06C38302A4639462044D1
:100F000022F0C5FCA36C2B44A3640020D9E7CDF8E4
:100F100000A0616A3B465246584618F0E8FD00289A
:100F2000CDD1103709F10109E0E76FF08600C8E77D
:100F30000002C0037FB51D4608B301B3FAB1F3B197
:100F40000368154C23F47E16A6421BD113F47C1FB4
:100F5000C3F3054408BF1024944216D80123CDE9F9
:100F6000024300F1280301910093436A816C021D42
:100F70003830FFF7E5FD58B92C6004B070BD6FF054
:100F80008600FAE76FF08800F7E76FF08900F4E772
:100F90006FF09200F1E700BF0002C0037FB5094B7C
:100FA0006A4603F11006154618685968144603C4CA
:100FB0000833B3422246F7D12846FDF783FF0020CD
:100FC00004B070BDF451030070B5184B86B001AA8F
:100FD00003F11006154618685968144603C408330F
:100FE000B3422246F7D11B882380114BD3F8B4209B
:100FF000120316D5A3F500434FF6FF721B889342E8
:1010000008BF4FF4A6730B48ADF80A30FCF7B0FAEE
:101010002846FDF705FB3220FDF738F9002006B021
:1010200070BDD3F8B830C3F30803ECE704520300F3
:101030000081E00F00F0490207B5084B18680190E5
:10104000202301A88DF80430FDF72AFB3220FDF79C
:1010500017F9002003B05DF804FB00BF165203002F
:1010600010B50C480C4C6FF00403A02113F0800F56
:1010700003F1010207D12344332A83F800131346F6
:10108000F4D1002010BD03F00F03043B0344197694
:101090001346EBE700ED00E000E100E010B5044688
:1010A00018F010F8024B1C6018F010F8002010BD6A
:1010B0006412002010B518F005F8034B1C6818F0F6
:1010C00005F8204610BD00BF64120020034B1868CD
:1010D000002380680222194616F0AEB9140C0020D5
:1010E00030B5144687B00546104618F004FE636913
:1010F00083423CBFD4E903315B181B1A02467BB123
:101100000F4903910021CDE901310123049400939B
:10111000D4E90013284617F0B6FF002007B030BD11
:101120000122627694F82D20002AF6D084F835301A
:101130001321E36920469847636A20469847ECE705
:10114000E11001002DE9F04788B004460F4616462D
:10115000984617F0BEFF8146002E7BD0237E03F019
:10116000FF02002B00F0A380204618F0C4FD656943
:10117000A84205D1637ED4E9033213445D1B01E02C
:10118000F9D9451BB54228BF354617F0A2FF94F8A0
:101190002D308246002B6ED161692A46384622F0F6
:1011A00076FB63692B4463612E4621E0037803F0EC
:1011B000FD0111295CD1216B814205D1A3F11101FF
:1011C0004B424B4184F83430013E6369216B8B42C2
:1011D00003F1010308BF2363636101329542606933
:1011E000E4D1D4E90323216B1344994200D1226353
:1011F000D4E903236169207A134499424FF0000532
:1012000008BF62616576FCF78DFC204618F073FD1F
:101210006369834232D194F82D302576E5686561A3
:1012200003B12563636A20469847224B039300234A
:101230000494029323690193012300936368216856
:10124000207A2A4617F01FFF207AFCF78BFC5046C5
:1012500017F045FF4846C8F8006017F040FFD8F87F
:101260000030002B0CBF1B20002008B0BDE8F08729
:1012700007F8013BA9E72E460022AFE701232376BA
:10128000207A0DF11E01FCF7D5FC9DF81E30002BD5
:10129000DAD00DF11F01207AFCF7A4FC9DF81F1095
:1012A0000029D1D1207A2246FFF71AFFCCE7164653
:1012B000D0E700BFE1100100002807DB044A410924
:1012C000012300F01F00834042F82130704700BF27
:1012D00000E100E0002808DB4309044900F01F009A
:1012E00001226033824041F82320704700E100E092
:1012F00070B504460568FFF7DDFE844202D1002088
:10130000FFF7CCFE95F936603046FFF7E3FF002E7D
:101310000CDB7309194906F01F0620330122B24085
:1013200041F82320BFF34F8FBFF36F8F95F93760DC
:101330003046FFF7CFFF002E0CDB73090F4906F094
:101340001F0620330122B24041F82320BFF34F8F04
:10135000BFF36F8F287AFCF725FC287AFCF786FB11
:10136000FCF762FB0023C4E90033C4E90433A36043
:101370002846AB6ABDE87040184700BF00E100E0B6
:101380002DE9F0430C461546064687B04022002161
:1013900020461F4622F070FA002395E803002A69D0
:1013A0002376EB68E360C4E904232A7D84F82C20CB
:1013B000AA7D2363012384F8343084F835300E9BF2
:1013C000236284E803000F9B6362109B84F82D2046
:1013D000E761A3622B7A84F836306B7A84F8373071
:1013E0002D4B73602D4BB3602D4B33612D4B34600F
:1013F00073612D4BF360FCF75FFB38B12B4B9842C8
:1014000004D01024204607B0BDE8F083002104F189
:101410000800FCF7D9FA07460028F2D1244B3362C2
:101420004FF00108234B84F83C80B361224BF361F9
:101430009DF8483084F83B309DF8443084F83A30C9
:10144000697D84F8390084F83880204618F064FCFF
:1014500095F909904846FFF73DFF4846FFF72CFFF6
:10146000164B0494CDE902732369CDE900836368C8
:10147000E2682168207A17F006FE04460028C0D1F1
:1014800095F908502846FFF725FF2846FFF714FF77
:101490003046FFF703FEB5E7699D020045110100E4
:1014A000E59C0200EB9C0200F1120100038000F0B9
:1014B000BF9C0200199D0200F19C0200E110010096
:1014C0002DE9F04186B01C46524B0C9D0293524BC5
:1014D00001930126514B0093CDE90366504B904692
:1014E0000A462946FFF74CFF0746002856D12368D5
:1014F0002B6463686B64637A85F84930237A85F8D6
:101500004830E37A85F84B30A37A85F84A30637B1C
:1015100085F84D30237B85F84C30E37B85F84F30E0
:10152000A37B85F84E303F483146FCF769FC3E48C6
:101530003146FCF765FC617A207A33460422FDF7D8
:101540004FFD33460222E17AA07AFDF749FD60683B
:101550003146FCF755FC88F800704146206817F0CA
:1015600033FF2268536F43F003035367936F617C2B
:1015700023F4F85323F01F0343EA0123A17C0B4318
:1015800093670323536785F8507098F81920202A31
:1015900028D007D8E2B1102A38D02327384606B021
:1015A000BDE8F081302AF8D185F8503002220023BE
:1015B000617B207BFDF714FD2368E27CDA675A6EBD
:1015C00042F004025A665A6F42F010025A6766B936
:1015D0002A6C2068D36C43F00403D364052117F010
:1015E000ECFEDBE7022385F85030E17BA07B002393
:1015F0000422FDF7F5FC2368217DDA6F42EA01221F
:10160000DA675A6F42F020025A67E1E733463E46F6
:10161000CAE700BF959E0200899E0200219F02003A
:10162000159F02004041050000350A00BFF35F8F9F
:10163000074B5A6A22F480325A62D3F8942022F07F
:101640000102C3F89420BFF34F8FBFF36F8F704731
:1016500000ED00E0F0B5374D37493848002387B03A
:10166000CDE90333FFF7E2FF2C68354B4FF0005212
:10167000C3F89840661CC3F89C208142314AC3F8E5
:10168000A0202E6041D005AB019304AB0A1A009351
:1016900003AB18F09BFCDDE90372059BDFF8A8E0C3
:1016A000072BA2EB01024FF001018CBF4FEAD30CD4
:1016B0004FF0200CB2FBFCF201FA02F2013AD2B276
:1016C000AEEB070EC01BB3FA83F3BEFBFCFEB0FB10
:1016D000FCF08E44814002FA0EF20139C3F11E0380
:1016E00011435B0001F0FF0103F03E0343EA0123D5
:1016F000134A43F0407343F001130234C2F8986078
:10170000C2F89C70C2F8A0302C60BFF35F8F0C4B06
:101710000522C3F894205A6A42F480325A62BFF319
:101720004F8FBFF36F8FBFF34F8FBFF36F8F07B034
:10173000F0BD00BF68120020600D0020480D0020A1
:1017400000ED00E0390001135F0D0020BFF34F8F63
:101750000549064BCA6802F4E0621343CB60BFF34D
:101760004F8F00BFFDE700BF00ED00E00400FA0569
:10177000054B1A782AB95B78002B0CBF0320022096
:1017800070470120704700BF781F00200329F8B57B
:1017900098BF134B054698BF5C5C0E4688BF00247B
:1017A000032805D8DFE800F002080B0E44F002041D
:1017B0000C4B1F684FB9F8BD44F00804F8E744F03B
:1017C0002004F5E744F08004F2E77B681A681442CD
:1017D00003D05B683146284698473F68EAE700BF78
:1017E0001A5203009812002038B5104D2B78ABB177
:1017F0000F4C23781BB118F01BFC00232370002032
:1018000018F017FC0B4C50B100F0DEFA00232078E2
:101810002B700121FFF7BAFF0123237038BD064B5F
:1018200001221A70054B22781A70F7E7741F002006
:10183000721F00207A1F0020751F0020761F0020D5
:1018400010B517F03FFC064B1B7804461BB1BDE8F2
:10185000104017F03BBCFFF7C7FF2046F7E700BF7B
:10186000711F0020094A137830B101331370084BFF
:101870001B78012B03D87047013B13707047054B51
:101880001B780BB9FFF7B0BF704700BF781F00206F
:101890007A1F0020751F002070B5144E17F012FC3F
:1018A00033780546ABB900F0CBFB044620B128469F
:1018B00017F00CFC204670BDAFF300800C4817F009
:1018C00073FB00F0C5FE0B4B1C6000F085FC0A4B5F
:1018D000186000F0EFF918F0AEFB084B1860012318
:1018E00028463370002417F0F1FBE3E77B1F00204C
:1018F000981200206C120020941200207012002018
:101900002DE9F843284A0138135C39B1274F39785B
:1019100001330129135404D8BDE8F883013B135463
:10192000FAE7FFF725FF0128044635D8DFF888805D
:1019300017F0C8FB98F80030054613B31C4E3378F7
:101940001BB9012232701B4A1370DFF8709099F8AE
:10195000003023B118F06CFB002389F800302846D2
:1019600017F0B4FB012018F064FB17F0ABFB3378E1
:1019700005461BB100F028FA00233370002388F8D5
:101980000030284617F0A2FB38788442C4D02146A4
:10199000FFF7FCFE3C70BFE70329F5D10228F3D125
:1019A00000F05EFAF0E700BF781F00207A1F0020E9
:1019B000711F0020751F0020741F0020721F00205F
:1019C00038B517F07FFB094B1B78012B054604D86F
:1019D00017F07CFB0024204638BD054B1C6800F046
:1019E00031FA0444284617F071FBF4E77A1F00200F
:1019F0006C12002038B54160044617F063FB2146A5
:101A00000546044817F0D3FA2846BDE8384017F0D9
:101A10005DBB00BF98120020054B1B68584300F5C2
:101A20007420044B00F23F20B0FBF3F0704700BF7E
:101A30009412002040420F002DE9FF47EFF310877A
:101A400072B6AFF3008016F095FF002871D0714E8A
:101A5000DFF8E481337823B10020FFF703FF002390
:101A60003370FFF785FE0446002869D0841EE4B277
:101A7000012C6CD9FFF77CFE0128674CDFF8BC9184
:101A8000054600F28E802078A84205D099F80030F3
:101A9000002B00F0B2802570207800F0BDF999F895
:101AA000003013B15D4B1B782370AFF3008007B992
:101AB00062B6EFF3108772B6594B1A7852B1002212
:101AC0001A70564B20781B78984203D1012121705F
:101AD000FFF75CFE534800F0EDFA16F05AFF05469A
:101AE0000028B7D1DFF8588198F80030A3B189F801
:101AF0000000DFF8409199F800301BB118F098FA17
:101B000089F80050002018F094FA002879D000F0ED
:101B10005BF9002388F80030337823B10020FFF709
:101B2000A1FE0023337020780021FFF72FFE002351
:101B30002370AFF3008007B962B604B0BDE8F08748
:101B40003378002B96D0FFF78DFE347092E703A90F
:101B5000002000F0FDFA044600288BD1D8F80030B0
:101B6000039A9A4205D80120FFF77CFE01233370C7
:101B700080E72D4B1D6800F065F9039B05449D42ED
:101B8000F1D200F083F982000399264842F0020264
:101B900092B2CDE900422346244A491B18F052FA7A
:101BA00068E7DFF89CA09AF80030CBB918F03DFA4E
:101BB0002078854203D099F80030D3B125709AF887
:101BC0000030002B7FF468AF194B1B7823B918F055
:101BD0002EFA184B01221A7001238AF800305BE7B5
:101BE000207885423FF458AF99F80030002B7FF4FD
:101BF00052AF2946FFF7CAFDE0E72946FFF7C6FDC9
:101C000049E7012000F008F907B962B6EFF3108741
:101C100072B677E7731F00207A1F0020761F00201E
:101C20006F1F0020741200206C1200204118010068
:101C3000771F0020721F002070120020751F0020E7
:101C4000741F002010B517F03DFA054B00221C78D8
:101C50001A7017F03BFA00F015FC2043C0B210BD1B
:101C6000701F002073B5114E3378834204460ED0A6
:101C700000230F4DADF8043058B101A8FCF74CFE1D
:101C80001E20FFF7C9FE2B681B1A2B60347002B0B0
:101C900070BD022301A88DF80530FCF73DFE1E2023
:101CA000FFF7BAFE2B680344EFE700BF2C0D0020BE
:101CB000A012002073B52D4C002501A8636A636A49
:101CC0008DF80450FCF74EFF2846FFF7CBFFD4F801
:101CD000903003F00403AB42254B14BF01222A4687
:101CE0001A70D4F89030234CC3F30033237005D01E
:101CF0004FF41670FFF790FE1F4B186023781F4DAE
:101D0000EBB11120FCF7CEF91849D1F80031C3F33B
:101D1000042303FB000292B14C6C194EC4F30B4434
:101D2000002301341946501E04EB8404E4FB060131
:101D300015F096F8FFF770FE2B6803442B60114BEB
:101D40001B680120C3F303239840C0F1010000EB9E
:101D500080006430FFF760FE2B6803442B60034B68
:101D6000D3F89020084B1A6002B070BD00400E40BE
:101D70007E1F00207C1F0020A8120020A01200203F
:101D800040420F00002004409C12002008B50B4B7D
:101D90001B7893B1022000F027FC70B100F008FA24
:101DA00058B1002201210220FCF710FB18F0CEF9F7
:101DB000034B1860034B01221A7008BD7E1F0020E0
:101DC000A41200207D1F002038B50E4C0E4D237844
:101DD0002BB92B781BB118F0B9F90C4B186017F020
:101DE000D2FA2B786BB10A4AD2F890301B07FBD598
:101DF00018F0ACF9054B1B68C01A064B186000239D
:101E0000237038BD7D1F00207E1F0020A4120020FB
:101E100000400E40A812002002280AD003280BD050
:101E200001280CD1064A136923F00403136130BF63
:101E300070470020FCF782BD0020FCF7C3BD70474F
:101E400000ED00E0044B1B680BB103EBD303034A26
:101E500010681844704700BFA8120020A01200208C
:101E6000084B45F60E02D3F88011C3F88021064ACC
:101E7000126802F4A0721A66CA0744BF0022C3F8AF
:101E80008021704700400E409C120020014B1878C2
:101E9000704700BF7E1F002038B500F043FB094C9F
:101EA000094B1A6823680025C31A2AB123B1516966
:101EB000994203D3C91A5161206038BD55615B1A3C
:101EC0009268F2E7B0120020B4120020C38870B507
:101ED00004460D463BB9FFF773FD8542064602D224
:101EE00018F097F835460E4965610B688BB90C60A0
:101EF000A3600DE0AD1A9A68656118466AB1134691
:101F00005A69AA42F6D930B18460521BA3605A6163
:101F100070BD0020F4E70C60F7E79C60A260F7E773
:101F2000B412002038B5134D2B685B6993B1124A87
:101F3000146802201C4400F029FB204600F0F8FA47
:101F40000E492A6800230B70D088800709D5012329
:101F50000B7038BD022000F019FB022000F03CFBA2
:101F6000EEE79268002AF4D050690344012BEBD9C4
:101F7000EFE700BFB4120020B0120020801F002045
:101F800070B516469DF814200271049A0260C0E9EB
:101F900003360022BDF81830826004460D46C38027
:101FA000EEB900F0BFFA2844A0619DB12E4617F0AB
:101FB00089F80546FFF770FF31462046FFF786FF98
:101FC000104B1B68A34201D1FFF7ACFF284617F066
:101FD0007DF802E0E36865617BB9002070BD00F028
:101FE000A1FA3044A061002DE0D1E3686561002BC7
:101FF000DDD0216820469847D9E7216820469847D8
:10200000EBE700BFB41200200C490B6800227BB143
:1020100083420AD183687AB1936083681BB15A699D
:1020200041690A445A61002070471A469B68EEE7EE
:102030000028EFD0022070470B60EEE7B4120020BA
:1020400070B5154E17F045F834780546FCB9134BBA
:102050001C60134B1C60134B1C8000F01FFA012006
:1020600000F094FA00F0E8FA0F4B0246186020B92D
:10207000284617F034F8232070BD23460B4840F261
:10208000E73114F0EDFE0A4B186001233370284647
:1020900017F025F80020EFE7811F0020B412002080
:1020A000B0120020061F0020B812002018FCFFFF0D
:1020B000AC12002070B5044640B317F003F8144E7C
:1020C0000546FFF7E9FE3068A04209D02046FFF739
:1020D0009BFF0446B0B1284616F0F8FF204670BDBD
:1020E000FFF792FF04460028F5D133683BB9022080
:1020F00000F05AFA284616F0E9FF0024EEE7FFF751
:1021000011FFF7E73368002BF4D1F0E72224E5E76D
:10211000B412002038B50C460546A8B1A1B1002381
:102120000B7016F0D6FF094B1B68012133B916F06E
:10213000D6FF002038BD9D4204D121702278002AAC
:10214000F9D0F4E79B68F1E72220F3E7B41200200E
:10215000F8B506460F4616F0BCFF134B1B68044645
:10216000002523B9204616F0BAFF1B2011E05A695A
:102170001544DA88B2420DD10C4E00F0D3F9336821
:10218000C01AA8420AD3002320463B6016F0A7FFDE
:102190000020F8BDFF2EEFD09B68E2E700F0C2F907
:1021A00033682B441B1AEFE7B4120020B012002052
:1021B00008B5074B187848B117F0C8FF054B1B68E6
:1021C0009B69C01A02288CBF0020012008BD00BFF7
:1021D000801F0020B4120020014B1868704700BF18
:1021E000B812002038B5074B1D680446002140F2A4
:1021F000E7304FF47A720023E5FB040114F030FE5F
:1022000038BD00BFB812002000B58DB001238DF895
:102210000F30FFF7E7FF0023CDE900330146074AFF
:102220000DF10F0304A817F048FF18B99DF80F30FF
:10223000002BFBD10DB05DF804FB00BF3FA00200F6
:10224000F8B50C4B1B68834205460E460FD30A4B6C
:1022500000241F6840F2E73021464FF47A720023D1
:10226000E5FB070114F0FCFD30602046F8BD21209D
:10227000FCE700BFAC120020B81200202DE9F041AD
:1022800086B0984600230D4617468DF81330064653
:1022900080B30DF11301FFF73DFF9DF813305BBBD9
:1022A00005A92846FFF7CCFF0446F8B9134B186878
:1022B0004FF47A720023A5FB000114F0D1FDC2F5A2
:1022C0007A7189B2B1F57A7FBDF83430F48308BFF2
:1022D0000021B183059A02939DF830301146CDE973
:1022E000008330463B46FFF74BFE0446204606B0CF
:1022F000BDE8F0812224F9E70224F7E7B8120020B4
:10230000014B1868704700BFAC1200200F4B1A68D1
:1023100010B59AB1531E4FF47A711342A0FB01011C
:102320000ED1B2FA82F2C2F11F04531CE040D24334
:1023300001FA03F3184321FA02F20243104610BDDA
:10234000002314F08DFD0246F8E700BFB81200200C
:10235000C2072DE9F84304460BD5474A13880133D9
:102360009BB21380FFF798FD444B1B680BB1FFF73E
:10237000D9FDA3077DD516F0ACFE0546FFF78CFD11
:102380004FF000083D4F46463C680CB163698BB185
:102390003B4B0022012E1A7003D118F0020F18BF18
:1023A0001E70002C61D0FFF7BDFD2846BDE8F84344
:1023B00016F095BE23465A693AB91A7921799142A5
:1023C00088BF1C469B68002BF5D1284616F087FE77
:1023D0002569DDB100F0A6F8A269A0EB02084FEA7A
:1023E000E873A84573F1000311DB23691344A3616B
:1023F000E368B4F80680013613B121682046984797
:1024000016F067FE0546FFF747FDBDE7A84616F044
:1024100060FE81462046FFF7F7FD484616F05FFE56
:102420002369002BE4D0A38BB5EB080533B1E28B15
:1024300013449BB2B3F57A7F0FD2E38316F049FEC3
:10244000294680462046FFF741FDA36922691344CF
:10245000A361404616F043FECAE7A3F57A73E3830F
:10246000A369013B013DA361E8E7022000F09CF86D
:102470009BE7BDE8F88300BF061F0020B4120020D0
:102480007F1F002010B516F024FE034B1C7816F0B9
:1024900026FE204610BD00BF7F1F002010B51D4B3B
:1024A00086B01868596803AA03C2197AD3F80900DC
:1024B00011700190B3F80D201748DB7BADF80820B0
:1024C00001218DF80A300024FBF79AFC03A88DF84F
:1024D0000C408DF81040FDF725F901A901208DF879
:1024E0000440FDF7FFF80D4A536A23F4FF6323F01D
:1024F0000703536240F2FF73136201209460FDF7FB
:102500000BF9074B4FF08042C3F880211A6006B0E8
:1025100010BD00BF1E520300A0091400002004409B
:1025200000E100E0014B9868704700BF00200440C4
:1025300010B5044616F0C6FD124A9368516D9269B3
:10254000520704D4CA1A032A01D899420DD1E21ABB
:10255000022A98BFDC1C0B4BB4F1FF3F38BF013C93
:102560005C655A6A42F004025A6216F0AFFD064AF0
:10257000137833B103490B6D43F002030B6500235D
:10258000137010BD002004402D0D00208207054A65
:1025900000F00103516A48BF43F004030B43536248
:1025A000704700BF00200440820700F0010309D5F6
:1025B000074A0121117007490A6D22F0030243F016
:1025C00004030A6503494A6A22EA03034B6270471F
:1025D0002D0D002000200440830742BF014B042240
:1025E000DA61704700200440064B01289B6904D043
:1025F000022805D1C3F38000704703F00100704743
:10260000002070470020044010B516F062FD094A12
:1026100093690446590703F0010003F0070348BF1C
:1026200040F002001362FFF793FE2046BDE8104021
:1026300016F055BD002004400148FBF733BD00BF34
:10264000A00914000148FBF70FBE00BF05002400DD
:102650000A4BD3F8883003F00703013B012B10B578
:102660000BD816F02FFD012104460220FFF748F990
:102670002046BDE8104016F029BD10BD00400E40B8
:1026800010B50446FAF75CFF0B4BA0F57A729A423C
:1026900010D84FF47A735C43B0FBF3F0074BB3FBF5
:1026A000F0F3B4FBF3F0032804D9BDE81040800830
:1026B000F9F72EB910BD00BFFFC99A3B40420F0089
:1026C0004FF0005302221A60BFF34F8F0549064BAB
:1026D000CA6802F4E0621343CB60BFF34F8F00BFC0
:1026E000FDE700BF00ED00E00400FA05024A0349DF
:1026F000034807F051B800BF3052030054520300A2
:10270000AC520300044B1B68584043085B424042F4
:102710001843C017704700BFBC120020F8B50E4622
:10272000C9880546144617F088FD0746D0B92046EB
:10273000FFF7E8FF104B31681A68B5F904304240E2
:1027400023EA0203B6F90420024013430446AB8097
:10275000F2880346286800F00DFAF388E888E4431D
:10276000834201D33846F8BD296851F8232022401E
:1027700041F823200133F3E7BC1200202DE9F04F8C
:1027800099B083460F46184600211646049317F069
:10279000B1FE002800F08781784B149300240125B6
:1027A00015AB049913933046CDE90B45CDE90D45A2
:1027B000CDE90F45CDE9114517F025FEA04228DAF5
:1027C000BBF1000F05D1E7B90024204619B0BDE8E0
:1027D000F08F2146584617F0A4FD04460028F2D099
:1027E0000BA817F01CFD0DA817F019FD0FA817F086
:1027F00016FD11A817F013FD0C2115A800F0A2FE7C
:10280000E3E73146384617F057FD04460028E7D184
:10281000DAE731460BA817F04FFD04460028DFD158
:1028200004990DA817F048FD04460028D8D1F18876
:10283000ADF8385002310FA8ADF8305017F0FDFC5C
:1028400004460028CCD101460FA817F06AFD0446C3
:102850000028C5D1F18811A8023117F0EEFC04461A
:102860000028BDD10DA817F088FD00F01F001F281B
:1028700073D0C0F11F0319460BA8019317F09DFDFB
:1028800004460028ACD101990DA817F096FD044626
:102890000028A5D1BDF83250BDF83A80A5EB080A52
:1028A0004FEA4A1949460DA817F087FD044600284B
:1028B00096D14FEA8A0A0DA90BA817F0D3FD00287C
:1028C0004DDA49460DA817F095FD0446002887D13A
:1028D00008F1FF3302939B0005F1FF3A069305F1DF
:1028E000804508F18043023B013D9B00A5EB0805B4
:1028F0000993AB000393029B9A4541D8BBF1000FAB
:102900000DD00FA9584617F0D7FC002840F0C7801B
:10291000049AB388928813FB02F3ABF80430002FBB
:102920003FF45EAF01990BA817F064FD002840F05A
:10293000B680B388ADF830300BA9384617F0BCFC30
:102940000146002840F0AD80384617F0D3FD00283E
:102950007FF446AF0123BB8042E701949AE70F9AC8
:1029600052F80A300BA9013342F80A3008460DAA82
:1029700017F0A6FE044600289DD031E701000300B1
:102980000D9B069A05931344DDF82C900893059B44
:1029900059F82A109A580F9D4FEA8A08A8F10403A3
:1029A0000793039B91421D4474D20798002359F862
:1029B000000014F055FA002914BF4FF0FF3303460E
:1029C000BAF1010F2B6016BF09EB0803002353F87F
:1029D000083C1593079B099A59F80330169359F848
:1029E000083017932B6801332B60059B13449846DE
:1029F0002B68013B2B60002111A817F092FC0028E6
:102A00004DD1029B002B48D0D8F80020119B1A60B2
:102A1000089A12685A6011A92A68084617F0D9FE68
:102A200000283CD113A911A817F01CFD0028DFDCF9
:102A30002A680DA911A817F0CCFE80BB039B4FEAB2
:102A4000C308414611A817F0B8FC40BB0BA90846C3
:102A500011AA17F035FE014618BB0BA817F04AFD66
:102A6000002812DA0DA911A817F026FCB8B94146C2
:102A700011A817F0A2FC90B90BA911AA084617F0EB
:102A80001CFE60B92B68013B2B60039B0AF1FF3AE7
:102A9000043B2FE74FF0FF3392E7029AB6E7044674
:102AA0009EE60C469CE66FF00B048EE6044B1B681A
:102AB000584043085B4240421843C017704700BF6C
:102AC000BC12002010B50B4C2268236842405940CC
:102AD00081EA0200C00FFFF7E9FF2368521A434062
:102AE00022EA030208401043BDE81040C00FFFF780
:102AF000DDBF00BFBC120020F8B50D4601462868B6
:102B00001746FFF7DFFF084B1E68C1430124BC4294
:102B100002D346EA0100F8BD55F82400FFF7C6FFCE
:102B200001340643F3E700BFBC120020104B2DE92F
:102B3000F0471E68884619681D680746541E631CC6
:102B400002D13046BDE8F08758F824A057F8249009
:102B500050464946FFF7B6FF514605434846FFF742
:102B6000B1FF20EA05031E430543013CE7E700BF30
:102B7000BC1200208842F0B504D0094F043800256B
:102B8000AA4200D1F0BD3E6850F8044F5E4024EAEE
:102B9000060451F825601E40344304600135EFE718
:102BA000BC1200202DE9F04F85B0DFF8889003912A
:102BB0001C46064621461046D9F80030D9F80030A8
:102BC00017F088FEC51D272D4FEAD50325F0070510
:102BD000904602938CBF4FF01E0A4FF0FA0A2D1A4E
:102BE0000F9B0093029A0E9B2146304618F06FF817
:102BF0000746C0B92A462146304617F0E4FEBAF12E
:102C0000010A14D0224631460398FFF775FF224689
:102C1000834641463046FFF789FFD9F800200BEA8A
:102C200000039A42DCD0384605B0BDE8F08F6FF063
:102C30000D07F8E7BC120020044B0246586800B9A3
:102C4000704719789142FBD00833F7E7DC52030054
:102C500010B50446A8B1006C10B14C2118F039FD34
:102C6000E06B40B12368074ADB79C3F3840352F871
:102C700023305B69984720464821BDE8104000F0AA
:102C800061BC10BD040B002038B505460C4681B16F
:102C90004822002120F0F0FDE379084AC3F38403C1
:102CA00052F823301B699847E86320B12C6000205C
:102CB00038BD0348FCE70348FAE700BF040B0020D7
:102CC000009FFFFF809EFFFFF0B58BB0044604A875
:102CD00017461E460D4618F01FFB00230293119B5A
:102CE0000193109B009320463B46324604A900F016
:102CF0001BFB044640B904A818F087FB50B904A98F
:102D0000284617F0D9FA044604A818F034FB2046E8
:102D10000BB0F0BD004CF7E780B0FFFF70B50C467C
:102D20000646114620461A4617F0E6FC0546A0B9AD
:102D3000B36C33B9321D21462046BDE8704017F010
:102D400079BDB4F90430002B09DB204617F015FBE0
:102D5000F36BB0EB430F09D9184D284670BD0146FF
:102D6000204617F0C7FB0028EFD0F5E7B36C2046EC
:102D7000984705460028F0D10436B4F90430002BFA
:102D800004DA0021204617F0B5FB68B93146204629
:102D900017F068FB0028E0DB32462146204617F09A
:102DA0000AFC0028F2D006E032462146204617F001
:102DB00084FC0028E1D00546CFE700BF80B0FFFFCC
:102DC00038B50D460446002105F1100017F092FBBE
:102DD00050B1204616F0EEFC28B129462046BDE849
:102DE0003840FDF719BA014838BD00BF80B1FFFF78
:102DF0002DE9FF410E460546012106F1100017F0AE
:102E000079FB044650B9284618F07DFA01287AD19A
:102E10002146304617F06EFB002801DA3B4C6EE08D
:102E200006F108082146404617F064FB0028F5DB50
:102E30002F1D3946304617F015FB0028EEDA3946CB
:102E4000404617F00FFB0028E8DA684617F0E2F971
:102E500002A817F0DFF94346424669462846FFF7C5
:102E60005DFF0446002844D13346324602A9284675
:102E7000FFF754FF044600283BD1EB687BBB02A957
:102E80000322084617F020FC044690BBBDF90C3025
:102E9000002B04DA002102A817F02CFBC8B902AA03
:102EA000334611462846FFF739FF044608BB02AAFD
:102EB00005F114031146284618F0BAF90446C0B9C2
:102EC00002A9684617F0CEFA104B041E18BF1C4624
:102ED0000FE002A93A46084617F0EFFBD4E702AA32
:102EE00005F10C031146284618F0A2F90446002803
:102EF000D5D0684617F093F902A817F090F920464C
:102F000004B0BDE8F081024CF9E700BF80B3FFFFD9
:102F100080B0FFFF38B5054618F0F5F901280C46DA
:102F200001460DD1204617F0E5FA002806DB05F131
:102F30003401204617F096FA002803DB024838BD1A
:102F40000248FCE70020FAE780B3FFFF80B0FFFFF4
:102F50002DE9F04FB5B0054601919246994616F01D
:102F600029FC0290A0B1284616F029FC044658B965
:102F700051462846FFF7CEFF044628B94946284661
:102F8000FFF736FF044698B1284616F01AFC81E197
:102F900051462846FFF7BEFF0446002840F07A81DC
:102FA00049462846FFF724FF0446002840F0728176
:102FB000284618F0A8F9012840F0AD812B6C1821A3
:102FC000013302204FEA530817F007F9064600289C
:102FD00000F09F8106F1180718F09EF9384618F0A6
:102FE0009BF9002413AB1819083417F013F9202C9F
:102FF000F8D14946304618F0F2F90446002841D18C
:103000008346D84520D139462846FFF7D9FE0446E5
:10301000C0BB284616F0CEFB30B33B46324639469D
:103020002846FCF74BFF044660BB39462846FFF7AD
:10303000C7FE044630BB06F1100017F0F0F806F1A9
:10304000280017F0ECF81DE00123BBFBF8F103FAB0
:1030500001F2D2B2182308FB11B103FB026929B1B6
:10306000284616F0A7FB50BBAC4C0BE002F0FE016B
:1030700001EB520106EBC101484618F0B0F90446D5
:103080000028EDD04FF0000913AB03EB090009F164
:10309000080917F0C4F8B9F1200FF5D1D4B1AB6D20
:1030A0009E4208D0304618F066F9384618F063F9A9
:1030B000304617F0A2F8019818F05DF9E6E04A46AC
:1030C00049462846FCF7F2FF04460028DAD10BF106
:1030D000010B96E705A817F09DF805F1340B0BA836
:1030E00017F098F82146584617F037F9012840F0B4
:1030F000D8802146504617F030F95146814605A840
:1031000017F0DAF8044630B10BA817F088F805A8D4
:1031100017F085F8C3E7524659460BA817F0D0FAC6
:1031200004460028F0D1B9FA89F94FEA59194A46FC
:103130000BA905A8FFF7F2FA04460028E4D10146DE
:1031400008F1010213A80DF14C0B20F095FBA246EB
:103150005B46D045039300F0A180514605A817F0C7
:10316000FCF8039B1C7808EB0A01044305A817F040
:10317000F4F8E4B2039B44EA400403F8014B0AF17B
:10318000010AE6E79BF801009BF8003080EA020C98
:103190006FEA0C0101F0010113FB01F3104003EA97
:1031A0000C0283EA0C030BF8013F1BF8013C43EAD5
:1031B000C11302430BF8013C0134A245E2D20BA833
:1031C00017F02DF805A817F02AF805A818F0A4F8AC
:1031D00000240BAB1819083417F01CF8202CF8D178
:1031E0000AF1D0036B44019913F8843C3246284617
:1031F00018F048F8044648B93E9B002B00F0848044
:10320000284616F0D7FA00284DD1444C05A818F0EE
:103210002BF84FF000080BAB03EB080008F108088F
:1032200016F0FDFFB8F1200FF5D1002C7FF437AF79
:1032300001994A46284617F0D7FF044600287FF434
:103240002EAF3E9B73B1284616F0B4FA00285ED02C
:10325000DDE93E2301992846FCF77EFD044600285F
:103260007FF41DAF01992846FFF7AAFDAB6D9E4282
:10327000044608D0304618F07EF8384618F07BF83F
:10328000304616F0BAFF002C7FF415AF029B002BDE
:103290007FF47AAE204635B0BDE8F08F00220124DD
:1032A0008BE71F4CFBE6DDE93E2301992846FCF73E
:1032B00053FD48B30446A9E728460AF1FF3A16F041
:1032C00079FA0028A1D0019A28461146FCF7EEFEB3
:1032D0000028EFD118F80A30324605A9284617F021
:1032E000D1FF0028E6D1284616F064FA00288CD0D9
:1032F000019A05AB11462846FCF7E0FD0028D9D11C
:10330000BAF1000FD8D181E70DF14C08F8E7034C72
:10331000C5E6044CCFE6024CB8E700BF80B1FFFF22
:1033200080B0FFFF80B2FFFF30B4DDE9024524B179
:10333000CDE9024530BCFFF70BBE014830BC7047F9
:1033400080B0FFFF73B505461E4617F0DCFF01286D
:103350000C4601460ED11346009605F13402204674
:1033600017F09AFA044B10F10E0F18BF03461846D7
:1033700002B070BD014BFAE700B3FFFF80B0FFFF62
:1033800038B504460D4617F0FAFF204617F0D2FF75
:10339000032D257023D1144B144AA3606260A361EE
:1033A000134AA3632362A362124B62616362124AEF
:1033B00062634FF00113114A2363114BE362E26130
:1033C000201D16F0DAFFE06304F1340016F0D5FF9B
:1033D00020640020C4E916000123636438BD002383
:1033E00008482370FAE700BF01000800D05303002B
:1033F000B053030070530300505303009053030075
:103400000C0B002080B1FFFF37B50446002529468C
:1034100045612822183020F02FFA2046256118F047
:1034200020F901230093044920232A46204618F05E
:1034300083F803B030BD00BF2B980200082804D0E9
:103440000928034818BF002070470248704700BF92
:10345000F0530300F353030070B50D4616460446BF
:1034600000B109B9104870BD0023C0E90233016002
:103470000B78082B01D0092BF4D16C21012016F018
:10348000ACFEA06070B116F0B9F90EB90020EAE701
:10349000A978022016F0A1FEE0600028F6D12046AF
:1034A00018F0E3F80148DEE700AFFFFF80AEFFFF52
:1034B00030B1036823B11B78082B03D0092B05D04A
:1034C0000348704701218068FCF7D4BF0021FAE768
:1034D00000AFFFFF30B1036823B11B78082B03D086
:1034E000092B01D002487047806816F08BB900BFE5
:1034F00000AFFFFF30B1036823B11B78082B03D066
:10350000092B01D002487047806816F082B900BFCD
:1035100000AFFFFF10B40446084611461A4624B116
:103520002378082B05D0092B08D005485DF8044BFB
:10353000704701235DF8044B18F0D5B80023F9E774
:1035400000AFFFFF10B50A46044619B1024B002137
:103550001B68984710BD00BF100B0020F7B516463A
:10356000174A05460C46106851686B4603C395F828
:103570002A3008336B4413F8087CAB8DDA0609D483
:10358000334622463946284618F00BF900F5FA7002
:1035900003B0F0BD204620F04DFDAB8D00F10A04D4
:1035A0009B074FEAC40405D0304620F043FD04F5E4
:1035B0000C740444781EE823584304FB0700E5E735
:1035C000F6530300174B10B51C68902202FB004411
:1035D0000021204620F050F9134B1B68DB786376FE
:1035E00004F10800002119F0B2F94FF40063E384FC
:1035F0002385072384F82A301323A385236AFF2217
:1036000043F0130384F82420236284F85420074BEA
:10361000074A2046C4E91C32C4E92032BDE8104004
:1036200018F0EAB8C012002094140020D6BE898E8B
:1036300055555500F0B5104B1E6893F804C002466E
:1036400035464FF0FF3400239C4508DC91B1631CE4
:1036500010D0902303FB046080F82420F0BD95F87F
:10366000247097422846F9D0FF2F08BF1C4690359A
:103670000133E9E70020F1E7C012002070B5244DC6
:103680000446002842D0083001F016FD0026FF2332
:1036900084F8243004F14000E66120F046FC04F197
:1036A000440020F042FC04F1480020F03EFC04F10C
:1036B0004C0020F03AFC04F1500020F036FC286861
:1036C000144B201A00115843C0B218F061F801469B
:1036D000304618F058F8E06E10B100F039FEE6669A
:1036E000606E18B118F067F800236366A06E18F0DA
:1036F0005EF80023A36670BD286806FB0400FFF790
:10370000BDFF01342B79A342F6DCF4E79026F9E7FC
:10371000C0120020398EE338F7B504461AF0ABFD2D
:10372000C0F30F23542B3ED9AA2B34BF012302230D
:10373000C0B27E288CBF0222012203218DF8043002
:103740001344B3FBF1F000EB40001B1A8DF8053079
:103750001344B3FBF1F202EB42029B1A13498DF8BA
:10376000063000234B7501AF18461D461A4617F860
:10377000016B44FA06FC1CF0010F06D053009E407A
:1037800030430132C0B2D2B201230135EDB2032D74
:10379000EDD103B148754B7D43EA82134B75FF238E
:1037A0000B7503B0F0BD0023C2E700BFC0120020BC
:1037B000064B1B68D97ADA78437E5B1A9342A8BF1E
:1037C000DAB24276002118F053B800BF94140020FA
:1037D000B0F862302BB9836813F4601F08BFA0F8FB
:1037E000623011B1012911D070474369417E23F045
:1037F00010034361064B1A68D37A92780B449342C4
:10380000D8BFDAB24276012118F032B8FFF7D0BF44
:10381000941400202DE9F041344E8AB0002533790C
:10382000AB4203DC01200AB0BDE8F081346890238C
:1038300003FB054494F82430FF2B0DD0236A980134
:1038400006D504F15008404620F0ECFB074628B9A5
:10385000226A12F0A06F1ED10135E0E7BB790C336C
:103860003B4408A99A7AD8681B8AADF82430C2F381
:10387000801200238DF81F2008901A460DF11F00BA
:1038800017F0A0FF9DF81F2094F8241008AB3846CD
:1038900019F0F0F8D7E7A38D1D2B18D13C23FF2199
:1038A0000020CDE90431CDE90200CDE9000004F1AA
:1038B0002E03C2F38022012119F0B7FB0028B2D0F9
:1038C0004FF0A06104F1200017F03BFFC4E712F0B5
:1038D000807F94F8393094F824004FF000020CBF38
:1038E0003C21432119F047FAE8E700BFC01200204D
:1038F0002DE9F0411F46C36904460D4616468BB1BB
:1039000069B915F0E6FB29460646A06E17F04BFF95
:103910002046294617F095FF304615F0E0FB0020C1
:10392000BDE8F0810029FAD0036A03F01203022BEC
:1039300000F0BA80236ADD0700F1BE8094F82430DD
:10394000FE2B0CD104F1550001F0D6FE01F0CCFEA7
:1039500028B14FF4800104F1200017F0EAFE256A37
:10396000614B2B40B3F5807F00F0B980A8052FD5BF
:10397000C5F3802504F12E0800224146284617F0A1
:1039800027FF002184F8540017F033FF414600223E
:10399000284617F022FFA18D20B194F95400002889
:1039A00080F296804FF4007104F1200017F0C9FEF8
:1039B000A28D02F00302012A0AD14146284617F0DF
:1039C0000CFF28B14FF4006104F1200017F0B1FEA4
:1039D000236AD90600F18180D4E910122046FFF74E
:1039E000BDFD012F0ED0E28C40F271235A4390426C
:1039F00008D9228D5A43904273D800F51C70B0FB51
:103A0000F3F0E084394BE361002384F83930236A12
:103A1000B4F86250E16884F8387023F4803222628E
:103A200021613DB913F0100F0CBFC8253C25257648
:103A300005F2B3154EB1238D40F27121C3EB06138D
:103A40004B4342F48032E3632262236A43F400234F
:103A50002362274B1B68DB78637615F03AFB6369BA
:103A600043F010030746636104F10800294618F08B
:103A70006EFF012003F09CFB28B963691A075CBF45
:103A800043F00403636126B11AF031FCE36B034495
:103A9000E363204603F096FB384615F020FBA06E4A
:103AA000012117F080FE3AE7406C20F0C3FA0028AD
:103AB0007FF440AF0C2033E7E36E002B7FF43EAF82
:103AC00000F0F0FBE06600287FF438AF092027E71C
:103AD00001F0010117F08DFE6AE7064B93E7122013
:103AE0001EE745201CE700BF000140006BB7020045
:103AF000941400202D3C010070B50A4D002490263E
:103B00002B79A34200DC70BD286806FB040090F806
:103B10002430FF2B04D000231A461946FFF7E8FE95
:103B20000134EDE7C01200202DE9F04F91F806B006
:103B30008DB00BF10C0B04460E4601EB0B05012278
:103B40000AA90DF1270017F04EFE824668B19DF8D4
:103B500027100AAF384600F023FC60B1304614F05D
:103B60004FFC00200DB0BDE8F08FA97A05F10C07DD
:103B7000C1F38011EEE7E36EE06695F807900793D6
:103B8000236A298956F80BB0484603F0100804F060
:103B900085FD8344B8F1000F39D1A9F10303012B4E
:103BA00094BF032302235B0040F2712202FB03B2A5
:103BB0001D4B1B685B79637605F11803BAF1000FA2
:103BC00027D09DF8271094F824E0B8F1000F24D0F6
:103BD000A87A4FF0010CC0F3401095F90550CDE9DB
:103BE00002E0CDE90071CDE904C50798012100F09C
:103BF0004DFCB8F1000F05D01AF020FB0121204642
:103C000017F01FFE304614F0FBFB0120AAE701234A
:103C1000C9E7A97AC1F38011D5E794F88FC00120D4
:103C20000CF00F0CD9E700BF94140020012810B548
:103C30000C461CD0022822D030BB084618F035F8BC
:103C4000E38C228D94F82A00D21AE36803F59C5382
:103C500040F27121083301FB02332361FFF75CFD61
:103C60000A4B20469968BDE8104003F001BD03F0FF
:103C70000FFC844208D1BDE810401AF0DFBABDE85D
:103C800010400846FFF794BD10BD00BFC0120020D1
:103C900038B50A4D0020FFF7F1FCAB6813B10022E4
:103CA0001A60DA8018F068FF00242B79A34200DC48
:103CB00038BD2046FFF786FC0134F6E7C01200202D
:103CC00070B52A4C0546A06818B114F099FB002382
:103CD000A360FFF7DDFF002017F05EFD55B903205C
:103CE00025712560E58214F0D7FA207917F054FD8C
:103CF00028B970BD022020F0DDFAA06048B9A068A4
:103D000000252571256060BB002017F045FD0720C8
:103D1000EFE70026032025712660E68214F0BCFA46
:103D2000B542E2DD05EBC5010901334689B2012246
:103D3000032014F063FA06460028E0D1032014F0B3
:103D4000DBFA20600028DAD090226A4331461FF067
:103D500093FD2379B342C8DD3046FFF733FC0136CB
:103D6000F7E714F04DFBA560CEE700BFC0120020BE
:103D700030B5174B826A1B681206597925D51C7914
:103D8000028F436B1203B2FBF3F2631AB2FBF3F23E
:103D9000B0F89C3003B1013BD0F8A05005B15B10E6
:103DA0001B02B3FBF2F35B180BD090F895200F2A9F
:103DB00007D91209B3EB820F4FEA8201ACBF5B1A3D
:103DC00000239C42A8BF1C46E1B2417630BD00BF33
:103DD00094140020084B9A7E82420AD91B684FF443
:103DE000A47202FB0030836A13F0100F08BF00209A
:103DF00070470020704700BFD8120020084A0949C8
:103E00001368C31AD810002B01FB00F005DB937E6A
:103E10008342D8BF4FF0FF3070474FF0FF307047FC
:103E2000D8120020199C8FC170B504460E4615F0BB
:103E300050F93146054604F1300017F07AFF20466C
:103E4000FFF7DCFF01218140054817F072FF4FF4B6
:103E5000807005F0A7FE2846BDE8704015F03FB918
:103E6000FC120020F329F8B5744E04460D4626D105
:103E7000338D6BB9A36813F4601F00F0BB80238FF0
:103E8000626BF32D4FEA0313B3FBF2F39FB22DD114
:103E9000204617F0F0FFB4F89C70002F40F0B3807C
:103EA000A36A13F0800F0CBF3E23082384F87730F9
:103EB0002046FFF75DFFF32D36D1012057E07369EF
:103EC000590640F18F80836A1A0740F18B8033696D
:103ED000436000F1400119F084FA338D002BC9D002
:103EE000238F626B1B01B3FBF2F39FB2618FB4F8B7
:103EF0009C209BB25B1A9A427EDC736994F836016F
:103F00009B074CBF002102211AF06FFA726940F240
:103F100002239343BCD1A4F89C70204617F0ACFF59
:103F20002046FFF725FF0127A36A1807C5D5628F32
:103F3000002AC2D013F4C05FBFD1726912F00C0F17
:103F4000BBD140F202239343B7D1D4F8A430002B65
:103F5000B3D1A18F204619F0F3FB002855DD638F04
:103F60000133984251DC0128A7D0013880B2236B7D
:103F7000A4F87C00590409D54FF4804104F13000C5
:103F800017F0DFFE00212046FFF74EFFB4F87C203B
:103F9000A38F94F870101344A387B4F89C309B1A35
:103FA000A4F89C3094F86F3002FB01332522B3FB58
:103FB000F2F102FB113384F86F304FBBA36A1A078A
:103FC00002D41F4B1B6898472046082119F072FA4B
:103FD00020460221FFF728FF20460121BDE8F840D6
:103FE00003F040B9318D238F626B00293FF442AF5B
:103FF0001B0178E7338542E7737F002B86D094F866
:104000003601032180E7012752E7608F0130ADE7D9
:10401000204617F0B1FBA18F204619F01BFAA36AC6
:104020001B07054602D4064B1B689847002DCBD0D2
:104030002046BDE8F84017F0C5BF00BFD8120020E9
:104040000C130020074B002210B55A77202204469B
:104050005A6117F0BAFE84F83601204618F016F8B7
:1040600010BD00BFD8120020012810B50C462AD080
:10407000022830D000283DD191F8953060F3071325
:1040800081F895300846FFF7DDFFA36A1B0720463D
:1040900016D503F081FD042001F0C4FB50B3164A8D
:1040A000937F3BB3D37F0133DBB2D37792F82120E8
:1040B0009A421FD8BDE810404FF0806005F072BDF5
:1040C00003F03EFFE7E703F0E3F9844212D1BDE8D5
:1040D000104003F055BD91F89530C3F3031201323F
:1040E00062F3071381F895302046F321BDE81040B4
:1040F000FFF7B8BE10BD00BFD812002010B501F008
:10410000F1FB124BFB2210F0020F1A770CBF0122B9
:1041100003224107197E48BF42F0040262F3030103
:1041200019761A7EC2F3030161F307121A764FF46F
:1041300041710022DA76DA8319845A621A611A858B
:10414000034BBDE810401B68184700BFD812002081
:10415000041300202DE9F8434B4C0546A06818B124
:1041600014F04EF90023A360022014F095F85FFAD2
:1041700085F8002017F00EFB404617F042FE064679
:10418000002867D1404617F047FE0746002861D156
:10419000002D74D005EB850105EBC101C90089B282
:1041A00033460122022014F029F800284FD10220C2
:1041B0004FF4A47984F81A8014F09EF809FB05F7EF
:1041C0003A46314620601FF057FB2368324603EB26
:1041D0000901681E824232DB002DA7F5A472D8BF08
:1041E0000022002199502846636017F0D3FA88BB5B
:1041F000404617F0F8FD68BB404617F0FAFD074649
:1042000040BB002D16DD022020F054F80223A060F0
:10421000C3718379C3F102020C33D2B23946184418
:104220001FF02AFBA3689A79134401211A7B61F3DA
:1042300001021A73FFF762FF3046BDE8F88309FBFD
:1042400002FC013243F80C1001F5A471C2E7C4E985
:104250000077A7760020002517F0D3FD002017F087
:10426000DBFD2846C4E90055A57617F0BCFD2846BD
:1042700017F090FA022014F00FF80726DCE7A57675
:1042800025602B46AFE700BFD8120020014B987E77
:10429000704700BFD8120020014BD87E704700BF86
:1042A000D8120020F8B5284D14F013FF6C681CB923
:1042B00014F015FF2046F8BD23686B60EB7E4FF4C9
:1042C000A4760133EB76012714F009FF3246002172
:1042D00020461FF0D1FA04F128006761402117F051
:1042E00028FD2B8BA4F8443194F83731A4F886606C
:1042F00067F3030384F837314FF6FF73A4F87A307D
:104300002B7F84F8423144F29023A4F8403194F892
:104310008530072262F3030384F885300B4BC4F821
:10432000883003F1CE5303F59813C4F88C3041F66E
:104330001B33A4F890301B2384F89230002104F141
:10434000080018F004FBB5E7D81200204801480126
:1043500070B5044617F012FE04F1080000F0ACFE40
:104360000D4B20461B6800269847C4E90A6614F0E6
:10437000B0FE4FF4A4720546314620461FF07CFA89
:10438000064B5A682260DA7E5C60013ADA7628468B
:10439000BDE8704014F0A3BE08130020D81200201E
:1043A0002DE9F04106464FF480400F4601F03AFAFD
:1043B000044630B90E4B1D6893F81A807135A0453C
:1043C00002D80020BDE8F08155F8493CDA0609D54D
:1043D000C3F38003BB4205D10622294630461FF0B5
:1043E00021FA18B1013405F5A475E8E70B20E9E7D7
:1043F000D812002008B5B0F894305A1C62F30B03B1
:10440000A0F89430042001F00DFA70B1074A937FB0
:104410000133DBB2937792F820209A4205D8BDE8A9
:1044200008404FF0806005F0BDBB08BDD8120020E9
:1044300038B58B790B4405469B7D03F00303032BB2
:104440000C4609D101212C3017F073FC4FF40061A8
:1044500005F1280017F06DFC0548A56021461FF006
:104460004BFEBDE838404FF0005005F09BBB00BF4D
:10447000E4120020014B1877704700BFD8120020CB
:10448000014B187F704700BFD81200202DE9F74F6D
:104490001D4616469DF8383080F89B302A469DF818
:1044A0003C8052F8103BC0F8283104460F4600F11A
:1044B0004401B8F1000018BF0120DDF830A09DF8DC
:1044C00040909DF834B005F06BF8204618F0EBFFF3
:1044D000204617F0A3FC19F08EFF494602462046FD
:1044E00017F096FCC8230DF106012046ADF8063002
:1044F00017F081FC47F6FF73A4F83031AB88A4F8BD
:104500002C31AB7984F82E31DAF80030C4F87130F0
:10451000BAF80430A4F8753004F1280ABBF1000F92
:1045200003D00421504617F004FCB8F1000F04D06A
:104530004FF40051504617F0FCFB4FF4607001F04F
:1045400071F9C0F3C018C3054FEA881848BF48F096
:104550008008810548BF48F4807814F0BAFD4FF414
:1045600082618346504617F0E4FB414604F12C007B
:1045700017F0DFFB584614F0B2FDBB1E012B7AD8B2
:104580004FF40021504617F0D4FB01212046FFF7DD
:104590004BFC0421204618F08DFF6B7DC3F3040310
:1045A00084F870306A8952006263697B2A7B42EA30
:1045B00001226287E97BAA7B42EA012222876A7D87
:1045C00084F86F30C2F3421284F83E2000220523A3
:1045D000A2870122A4F87C20A4F89C309DF9441005
:1045E000204617F020FC01F077F920F40060C4E9C0
:1045F00008012046FFF7BCFB3B4A3C4BB2F8288041
:1046000007F0FD07B8F1000F68D1002F38D16660C0
:10461000E36140F2C7182046166117F09BFBB9F121
:10462000010FE0600AD094F8373169F3030384F88E
:10463000373109F00F01204617F0A0FD04F1080002
:10464000414618F084F9012002F0B2FD28B96369EF
:104650001A075CBF43F0040363616B8940F2712168
:10466000013B5943204617F094FB204602F0AAFD77
:1046700003B0BDE8F08F012F87D140F2014185E7FB
:10468000E3614FF4D7782B8940F271275B0007FB79
:104690000366666040F6080104F14006504617F0D4
:1046A00048FB3146204618F09CFE2B8901335B0005
:1046B00031467B4304F13402204601F021F9EB79C5
:1046C0005B0031467B430122204618F090FE236CAC
:1046D00020469E0817F03EFB3044A0E76660E36189
:1046E000002FD0D197E700BFD81200206940010009
:1046F00070B51D46C36A1B070446164613D408212D
:104700002C3025F4105517F014FB25F01005064B3E
:104710002D0433402D0CC4E9083520464021BDE866
:104720007040FFF781BB70BD2FCF87F72DE9F04FA9
:1047300085B004460191084689B34B799A071FD486
:104740001FF078FC019D70B96B79DB0705D54FF43C
:10475000803104F1280017F0ECFA01A81FF0E5FB06
:1047600005B0BDE8F08FA36ADF0309D54FF48031AF
:1047700004F1280017F0E5FA6B7943F001036B713F
:10478000019E14F0A6FC737931469E0705461ED59E
:1047900004F1AC001FF0BFFC284614F0A0FCDFF8C9
:1047A000909114F096FCA36ADD05074614D5D4F861
:1047B000AC3043B19A7913441B7B392B03D829FAC7
:1047C00003F3D80711D4384614F089FCC8E704F184
:1047D000A8001FF091FCDFE794F94631022BF2DCD0
:1047E000D4E92A2372B9002BEDD004F1AC001FF0FC
:1047F000BAFB0546384614F072FC2946204617F0ED
:104800006BFECEE7002BF0D194F89280039304F175
:10481000A80BD4F8A86096F807A0B379AAEB030A0E
:104820005FFA8AFAC24527DC58461FF0FBFBA8EB6B
:104830000A0805466B796FF3C3036B71294603A819
:104840001FF05AFCD4F8A8302BB15B79990702D13C
:10485000B8F1000FDDD1039B002BB4D09B79022B64
:1048600040D800201FF026FD014670BB039904F1DB
:10487000A8001FF050FCA6E700201FF01BFD054616
:1048800030B9039904F1A8001FF045FC03959AE79D
:104890008079B1790C300C314246314428441EF005
:1048A000F6FFEB7953FA88F3EB71B379727953FA27
:1048B00088F3B3716B7962F300036B7173796FF3F3
:1048C000000373714FF00008B4E7039B4A795879ED
:1048D00060F300024A715A796FF300025A7103A81B
:1048E0001FF014FCE36A9A0512D50398034600688A
:1048F0000028FBD1DB79C3F14503DBB2032B07D8DA
:104900001FF0D8FC01460028B0D003A81FF0F4FB2C
:10491000D4F8A83013B15B79DB0704D5039A537937
:1049200043F008035371384614F0D9FB039965E747
:104930007C2C020070B5036B990786B0044601D544
:1049400017F01CFB236BDA0733D5A66A330723D590
:1049500016F4002F14BF032501252046FFF74EFA59
:1049600094F89B3005930023049394F83E3003930E
:10497000238F0293638F0193636BC3F34F03009301
:10498000C6F3800204F17103294680B218F04DFB92
:1049900030B9002006B070BDB50C05F00205DCE7AB
:1049A000012104F1300017F0CCF94FF4005117F059
:1049B000C0F9236B980410D52046FFF71FFAA16AAF
:1049C000C0B2C1F3403118F06EF80028E1D04FF4C6
:1049D000005104F1300017F0B4F9236BD90409D564
:1049E00000212046FFF7A2FE4FF4805104F1300071
:1049F00017F0A7F9236B5A0512D52046FFF7FEF9E9
:104A000094F89B500023C2B21946284618F0B3F917
:104A10000028BED04FF4806104F1300017F091F906
:104A2000236B5B0711D52046FFF7E8F9616B238FF5
:104A3000628FC1F34F0180B218F0D7FA0028A8D0D6
:104A4000042104F1300017F07CF9236B1E0709D50F
:104A5000204619F0BBF800289BD0082104F1300053
:104A600017F06FF9236BDD0618D52046FFF7C6F95E
:104A7000E16A11F4805180B200F0C580002118F085
:104A800049FB002885D04FF4805104F12C0017F029
:104A900058F9102104F1300017F053F9236B580630
:104AA00015D52046FFF7AAF994F877300093D4E99A
:104AB000082380B218F011FB00283FF46AAF0023EE
:104AC00084F87730402104F1300017F03AF9236B75
:104AD000190516D52046FFF791F900230093B4F885
:104AE0009830B4F8962094F89A1080B217F08EFFA0
:104AF00000283FF44EAF4FF4006104F1300017F08E
:104B000020F9236B13F4804532D19A0516D520463F
:104B1000FFF774F994F8371194F8772001F00F013A
:104B200080B200F03FFD00283FF433AF84F87750A7
:104B30004FF4007104F1300017F003F9236B1B06EA
:104B400016D52046FFF75AF9B4F88C30009394F844
:104B50009130B4F88A2094F8901080B218F00CFBD1
:104B600000283FF416AF802104F1300017F0E9F877
:104B7000236B9E0612D52046FFF740F994F8771074
:104B800080B218F0DEFA00283FF403AF002384F867
:104B90007730202104F1300017F0D3F8236BDD05C6
:104BA00008D504F130004FF4807117F0CAF82046A0
:104BB00018F049FE236B180408D504F130004FF4B7
:104BC000004117F0BEF8204617F0D4FA236BD90342
:104BD00008D504F130004FF4803117F0B2F82046C8
:104BE00017F011F9236B9A0308D504F130004FF444
:104BF000003117F0A6F8204617F013F9236B9B0736
:104C000004D40120C6E618F09CFA3AE700221146C7
:104C1000204617F004F9204617F003F92046FFF765
:104C2000EDF894F8771080B218F041FB00283FF4BB
:104C3000B0AE022104F1300017F083F82046FFF7F0
:104C400087FB024B1B689847DBE700BF041300207B
:104C5000134AF8B5002302F1240151E8004F41E85E
:104C60000035002DF7D1012734B9BDB10D482946D3
:104C700017F05FF82046F8BD94FAA4F0B0FA80F07F
:104C800007FA00F624EA0604FFF7A4F80028EBD0A0
:104C9000FFF750FE0028E7D13543E5E70120EAE7BA
:104CA000D8120020FC1200202DE9F74F0446019095
:104CB000002860D0C579314F0C35054414F009FA4D
:104CC0004FF000080090464640464FF4A47ABA7E62
:104CD0005FFA88F94A4517D93A680AFB09FB5A4432
:104CE000916ACB0644D5B2F89420C2F30B02002A95
:104CF0003ED0E279C2F14502D2B2032A15D8022091
:104D00001FF0D8FA044640B900230098FB8314F042
:104D1000E6F9304603B0BDE8F08F014601A81FF068
:104D2000EBF9E5790C35254400200422012312FB20
:104D30000033002105F82090E9543B685B4402FBF6
:104D4000005CB3F894308CF80230032312FB00327D
:104D50000136A9543B685B440130B3F8942061F3F9
:104D60000B02A3F89420E3790433E371C0B2F6B2E6
:104D700008F10108ABE70646CBE700BFD8120020D8
:104D8000F7B5684604F000FC134E00254FF4A477F5
:104D9000B37EAB4201DC03B0F0BD346807FB0544D1
:104DA000A36A03F01803102B13D10522694604F1FE
:104DB00045001EF037FD60B10121204618F064FD6A
:104DC00038B901201FF076FA014610B1204601F0F3
:104DD00067F90135DCE700BFD81200202DE9F74F55
:104DE00014F077F9424BDA6800920022DA6014F08E
:104DF00076F9009B13B903B0BDE8F08F68461FF049
:104E0000B2F882798768019002F10C0404440146EB
:104E1000A07A10F0200F14BF032002200A320244AF
:104E20008A71FA6A52050FD5E07AA27A42EA002224
:104E3000384617F03FFD38B901A81FF076F83D213C
:104E4000384617F029FCD4E7BA6A94F80AB00199F9
:104E500012F400720BF0030013D003288A79EBD10F
:104E60000A44127B392AE7D8224B23FA02F2D307ED
:104E7000E2D54A7942F002024A71384600F018FE43
:104E8000B7E70328F5D0487962F341004871084636
:104E900094F8069094F905A01FF0CCF8019DAC7928
:104EA000063CE4B20646AC713846FEF7A7FF0C3468
:104EB00005EB04080BF0030BC0F3032343EA0B13C9
:104EC000F6B288F8033088F80200A8F804602B4690
:104ED00005F804A088F801905A796FF341025A71DD
:104EE0001B68002BF8D1284617F0F4FD81E700BFBE
:104EF000D81200207C2C020030B5D368C4688BB077
:104F00001BBA0D46C1780293002361F30703817831
:104F100061F30F23417861F31743916809BA039154
:104F2000816809BA07915168126809BA12BA0491E6
:104F300005920178426861F31F6312BACDE9082334
:104F400024BA069406AC00942346802202A90120CC
:104F500014F0C8FC0028F6D1DDE90810DDE90632BE
:104F600000BA09BA12BA1BBA28606960AA60EB607D
:104F70000BB030BDF8B5094F044600260CB9074800
:104F8000F8BDA179E5796D1AEDB20C312144B8195B
:104F90002A461EF07CFC2E442468EFE71413002000
:104FA000F8B5094F0446002604B9F8BDA079E579A3
:104FB0002D1AEDB20C30B91920442A461EF067FCB8
:104FC0002E442468F0E700BF14130020104B1A7819
:104FD00042F0F0021A701A7C42F0F0021A7493F850
:104FE000202042F0F00283F8202093F8302042F095
:104FF000F00283F8302093F8402042F0F00283F86A
:10500000402093F8502042F0F00283F8502070477F
:10501000241400200368054A23F07F6323F400234F
:1050200002EAC14213430360704700BF0000F80F5B
:10503000F8B544881E4E04F00704072C054628D115
:1050400014F047F80022110106EB0217735C1B09EC
:105050000F2B0AD00132062AF5D1164A13880133E4
:10506000138014F03CF81920F8BD2B687B801123C5
:10507000735494B214F033F819F039F906EB0413B1
:10508000D8602B6823F4E02343EA04432B6000201C
:10509000EAE72301F15CC1F30312013202F00F02CF
:1050A000052A28BF002262F30711F154E4E700BF8C
:1050B00024140020081F002038B5448804F0070499
:1050C000072C05460FD014F004F82401064A135D9E
:1050D00043F0F00313552B6843F4E0232B60BDE845
:1050E000384013F0FCBF38BD241400202DE9F047F0
:1050F000458805F00705072D0746894637D01D4C22
:105100004FEA051804EB051A14F8086019F0EFF8D7
:105110003609DAF80C3006EBC50604EB4606C01A71
:10512000708014F8083003F00F02042A9EBF013289
:1051300062F3030304F80830B9F1030F14D114F833
:10514000081004EB0514A01C01F00F0118F07CFFFF
:10515000044613F0BEFF3A68074B134023433B60FD
:10516000BDE8F04713F0BBBF4FF6FF74F1E7BDE8B1
:10517000F08700BF241400200000FF7F064A9268D9
:10518000824208B507D0427922F0030242F00302BE
:10519000427104F06FFD08BD8414002010B5064C68
:1051A00020461EF0C2FE201D1EF0BFFE04F10800C6
:1051B000BDE810401EF0B9BE8414002010B50220D6
:1051C0001FF078F8034C606002201FF073F8A060B5
:1051D00010BD00BF8414002008B5FFF7DFFF034BAC
:1051E0000022DA60BDE80840FFF7E8BF8414002021
:1051F000014B5868704700BF84140020014B986829
:10520000704700BF8414002038B50C4CE3681BB114
:10521000E36898470023E36023686BB107481EF0FA
:10522000A2FE054640B123681BB14FF0004004F0D8
:10523000B9FC284618F054F838BD00BF841400208B
:1052400010B5064CE0604FF0004004F0ABFCE368A2
:105250001BB1E36898470023E36010BD841400206D
:1052600038B58379034404465B7B13F0300F4379F0
:1052700023F0030308BF43F00103437113F029FF38
:105280002146054605481EF037FF4FF0004004F068
:1052900089FC2846BDE8384013F021BF8414002063
:1052A000F7B5144F7C68A3790C331C4400F01AFB4B
:1052B0006679E6B116F0020519D136EA000016D17A
:1052C000E378B4F80920B4F80710A079019624799E
:1052D000009401F031FB002808BF0C25B8682A466D
:1052E00042F2410103B0BDE8F04017F087BB112541
:1052F000F4E700BF8414002010B50D4C6268937968
:105300000C331A441179D078B2F80730B2F805207E
:10531000003918BF0121003818BF012001F074FCCA
:1053200042F242010246A068BDE8104017F066BB99
:105330008414002010B5084C6068837918440F303D
:1053400000F09EF90023A0681A46BDE810404FF611
:10535000284117F011BB00BF84140020242816D860
:105360000F2805D802280CD8B0FA80F04009704701
:10537000084B103880B2C34003F0010383F00100F2
:1053800070470538012894BF002001207047012094
:10539000704700BF2D2011002DE9F04F95B0FFF7A9
:1053A00027FF86790C3642F2360330F8068098459E
:1053B000054600EB06040ED1FFF71AFF02211EF08E
:1053C0008BFDA3787F220233A370AA5500232022ED
:1053D000627023776377E0780121FEF72BF90023D1
:1053E0000646002800F0D780CDE91233237A8DF8E5
:1053F0004A30E37A8DF84E30A388E288ADF8482031
:1054000013F01000B4F80920ADF84C2003F00503A8
:1054100006D093B1E37D012B51D00025122614E074
:105420007BB3E37D657E012B37D16B1EDBB2022B94
:1054300009D800F057FA012338E04FF48043DDE942
:105440001212914220D900251126FFF7D7FE012321
:1054500032464146ACB217F08FFA002DCCBF05346E
:10546000053C24B2002E40F099800A2394FBF3F40B
:10547000E4B2FFF7C3FEC3791844C47215B0BDE8A7
:10548000F08F4FF6FF73DAE71F29DCD99A42DAD89A
:10549000E37D657E0028BED1C5E7032BD3D16B1E0B
:1054A000DBB2022BCFD800F01DFA04230342CAD08E
:1054B000032D08BF04252840C0B20028C3D0E078DF
:1054C00016F06DF920B1A088FFF748FF0028A4D09E
:1054D000334A237F1278002A54D0042B9DD8637F4F
:1054E000042B9AD8A388DB0653D418F084FF01213B
:1054F000C822084003F0BEFE94F91630B4F804E068
:10550000677EE18894F80C9094F815A094F818B090
:1055100003EB8303B0EB430F4FEA4302637B0F932C
:10552000A37B109304F10F031193637F0546E07D85
:10553000C8BF15B2B4F809200C93237F0B93E37E08
:10554000032808BF0420032F08BF0427003B18BF0F
:1055500001230A93A37ECDF80C90CDE90873119B2B
:1055600002931FFA85FC109B0193CDE9060BCDE950
:1055700004AC0F9B009330465FFA8EF316F0CBF924
:10558000064662E7002B7FF45EAF637F002BA9D055
:1055900059E70020ABE70546072656E7002468E7F1
:1055A000821F0020F8B5074601200D4616461EF062
:1055B00081FE0446C0B106220C2117F0F0F9691EE5
:1055C000A379C9B2032998BF084A03F10C03234405
:1055D00098BF525C9F8088BF00222046DE70DA713F
:1055E0009A71FFF7CBFD0120F8BD00BFFE53030009
:1055F000F8B5FFF7FDFD83791844B0F80F60B0B23D
:10560000FEF7E8FB0446C0B116F020FF0138C0B237
:10561000032814D80B4B1C5C0027FFF7EFFD054651
:1056200004233A4642F2300117F0A6F9AB790C3365
:10563000E818C68004724472F8BD0227EDE7002422
:105640002746EAE7FE5303000B4610B50649074C10
:105650000622002808BF214618461EF0E3F8B0FADB
:1056600080F0400910BD00BF841F00208A1F002069
:10567000024B1A6802609B88838070478A1F002053
:1056800013B50D4C28B1036823608388A38002B052
:1056900010BDFAF783F8CDE900019DF80230A37040
:1056A000BDF80530BDF80020A4F803309DF80730A0
:1056B00022806371EBE700BF8A1F002010B504460B
:1056C00013F007FD064B22681A60A2889A80054AEB
:1056D000137843F00103137013F001FD012010BD96
:1056E000841F0020831F0020024B1878003818BF49
:1056F00001207047831F0020024B1A6802609B88BC
:1057000083807047841F0020024B186908B104F0A1
:1057100049BA7047680D002010B53D4A002302F1D8
:10572000100151E8001F02F1100C4CE80034002C6D
:10573000F5D140EA0104A10201D501F0AFFD22013B
:1057400001D503F0D9FA002C01DAFFF75DFD630003
:1057500001D501F0C9FCA00001D5FFF73FFBE10036
:1057600007D5FEF757F820B92A484FF0805117F0B7
:105770000BFE620107D516F034FF20B925484FF023
:10578000806117F001FEA30105D518F02DFEFFF78B
:10579000F7FA16F009F8E00108D516F028FB0728FB
:1057A00004D11C484FF0807117F0EEFD610201D565
:1057B00015F0F4FF220201D515F0E4FFE30207D54E
:1057C00016F013FB20B913484FF4801117F0DCFDDD
:1057D000A00507D500F03AF920B90E484FF4007142
:1057E00017F0D2FDE10507D5FFF732FA20B90948D5
:1057F0004FF4807117F0C8FD620503D517F0BAF8B1
:1058000017F0B9F8230501D517F0C6FD10BD00BF8C
:10581000680D0020780D00200146014817F0B4BD46
:10582000680D0020014B1B6818407047680D002070
:10583000044B10B5D3E9064204430A43C3E90642C8
:1058400010BD00BF680D002070B51E4D2B68002BE9
:10585000044603DAFFF7C0FC002031E01A4E4CF298
:105860000C000021FFF7E4FF0023336024B16368DC
:105870002B60A36803B133604FF00040FFF7CCFF0B
:1058800033680BB9114B3360114B1248AB600023E6
:105890002B7312F0F1FDFFF799FB2046F6F790F815
:1058A00070B92CB1B4F90E10B4F90C0002F024FF59
:1058B00018F0A5FD03F03AFE03F0C0FD0028C9D0A2
:1058C00070BD00BF680D0020941400202E0D002034
:1058D000095701006C0D0020014BD3E90601704708
:1058E000680D0020054B9B69DA054CBF03200120A1
:1058F0001B0548BF40F00400704700BF680D002042
:10590000F8B517461C4606460D4603F093FB1C4BA4
:10591000BA7A53F8222053F820301A44194B9C428B
:1059200024D9194B9C4214D9184B93FBF2F3002B4A
:10593000B8BF0333013C9A1004EBA304B4FBF2F3A9
:1059400071682A68A1EB930102EB430271602A603F
:10595000F8BD0F4B0F49A3FB04435B0902FB03F3A4
:1059600003F6C313A1FB0313DB0AE9E702FB04F30D
:1059700003F57433084A8F33A2FB03231B0CDFE7C4
:10598000545403004C6210001366660640420F0038
:105990001F85EB515917B7D183DE1B43024B1A68A1
:1059A00002601860704700BF9C140020024B002268
:1059B0001A6000F0FBB900BF9C1400202DE9F843E9
:1059C000064616F079FA0446002835D045784DB9D8
:1059D00013F07FFB237863701B4B1B68636025709B
:1059E00013F07DFB4FF00108677837B923781BB3BC
:1059F0004FF4007004F0D6F81EE097FAA7F5B5FA58
:105A000085F508FA05F55FFA85F9636833B90E4B39
:105A100027EA050565701B686360E5E79B681BB9AD
:105A200063681B686360F0E7494630469847012881
:105A300005D163681B6863600120BDE8F883022814
:105A4000EED10020F9E700BF9C14002070B50E4E87
:105A50000025FEF71BFCA84201D8012012E03068A7
:105A6000FEF7B8F950B93468FEF710FC0134B4FB06
:105A7000F0F303FB104434600135EAE7FFF79EFFC3
:105A80000028F0D170BD00BF9814002010B58379B4
:105A9000034404461B7B392B96BF044AFF21D15C8B
:105AA0001EF01AFAA0790C30204410BD02540300F5
:105AB0002DE9F34105460C46019116F0EDF98306F8
:105AC00005D501A81EF031FA02B0BDE8F081019FB2
:105AD000BE790C36BB5D392B18D8164A12F80380F4
:105AE000B8F1FF0F12D038461EF0A4FA0138404535
:105AF0000CD1114B1E6896B9A379234421461A7B19
:105B0000284602B0BDE8F04117F036BD01981EF0FE
:105B10000CFABA5D0199284617F02EFDD4E7736898
:105B20000BB93668E7E72146284698470028F8D0A1
:105B3000CAE700BF025403009C14002037B5044696
:105B40000D46202116F0AAF92946204616F013FA30
:105B50002146012017F0B7FD2146002017F0B3FDC4
:105B60000120044A00900023214617F03DFD03B0B8
:105B700030BD00BF51D4020073B50C461646054631
:105B800017F013FF80F001002946C0B216F07BF930
:105B9000C368012C9A7907D032462146284602B0C4
:105BA000BDE8704017F007BF13441022DB8A009253
:105BB0002946034A002017F017FD204602B070BDA9
:105BC000B7D9020037B5044617F02FFF032120464E
:105BD00016F082F900250346044A0095214601206B
:105BE00017F002FD284603B030BD00BF9DD802006B
:105BF0002DE9F347074602200E461EF05BFB0546E3
:105C0000002846D0B3790C3333440021B3F8048024
:105C1000B3F806A0B3F8089017F064FC2846FFF725
:105C200035FF02210446384616F056F9A4F80480E0
:105C30006081A4F806A0A4F8089018F01CFB08F1F5
:105C40000108B0FBF8F303FB1800022360806370C7
:105C5000AB79B371EA79F27103F10C00D21AD2B2C6
:105C6000291830441DF013FE3946012016F00BF9B7
:105C70001022C660638900923946074A012017F056
:105C8000B3FC3846294617F02BFC002002B0BDE8D3
:105C9000F0870720FAE700BFB7D902002DE9F341EA
:105CA00004460D460146012016F0EDF80121074695
:105CB000284617F017FC2846FFF7E8FE064600F1D5
:105CC0000108404603F060FCD6F80130C7F81230F6
:105CD0007379BB750221204616F0FEF82946074667
:105CE000F080204617F0FCFB20230093044A3B463B
:105CF0002146012017F078FC002002B0BDE8F081B9
:105D000083D902007FB504460D460146012016F0F6
:105D1000BAF850E8003F43F4806340E80036002EB4
:105D2000F7D1204617F041FED8B3204616F0BCF854
:105D3000430715D5334632460DF10F01204616F0C4
:105D40006CFB9DF80F30062B0AD8284612F058FB42
:105D5000012200232046FEF7CBFC002004B070BDDA
:105D60000E21284617F0BEFB2846FFF78FFE064699
:105D7000FFF7B2FDC6F80510FFF7AEFD2946C6F8DD
:105D80000100204617F0ACFB0321204616F0A4F8D2
:105D90000022034600922146034A012017F024FC0A
:105DA000DBE70821DDE700BFA1D8020010B5054CF4
:105DB000054A0649204617F062FD2046BDE810401E
:105DC000FFF7ECBDA014002069DA0200395F010082
:105DD000F7B58B790C33CE18CB5C023B04460D46ED
:105DE0000F2B00F2A080DFE803F0089E9E9E9E73BA
:105DF0009E829E9E2C689E9E9E4F13F06AF971783B
:105E00000746204616F0B7F82021204616F046F83F
:105E10002146012017F057FC2146002017F053FCC3
:105E20000123009300231846404A214617F0DCFB6B
:105E3000284612F0E5FA384613F051F9012003B074
:105E4000F0BDB3887288717816F0CDFA204616F04E
:105E50002BF8830708D42946204617F0E6FD0121D8
:105E6000204617F027FBE9E72146012016F00BF842
:105E70002F4B82689A4203D12146012017F0F3FB91
:105E8000284612F0BDFAEAE77778B678084612F0AD
:105E9000B7FA162F05D132460321204617F0D5FF59
:105EA000CCE72146012015F0EEFF8368002BC5D01A
:105EB0003246032120469847C0E70146012015F0ED
:105EC000E2FF07462846767812F09AFABB68EDE7BB
:105ED0000146012015F0D7FF07462846767812F0D4
:105EE0008FFABB68002BA9D032460421E2E70146B5
:105EF000012015F0C8FF0F4B82689A4203D0284654
:105F000012F07EFA9AE7D6F80120D6F8053020463E
:105F1000FEF7EEFB284612F073FA2146012017F037
:105F2000A2FB02219CE7002089E700BF1FDA0200E4
:105F30009DD80200A1D802002DE9F3410C46054688
:105F400017F033FDA37900286BD00C33E61814F852
:105F50000380B8F1010F41D0B8F1080F39D0B8F182
:105F6000000F51D17189284617F02CFBB188738836
:105F700072788B4294BF0746002709290B4638BF29
:105F80000923013B9BB29A420FD8002A08BF002781
:105F9000F3883289084617F034FA40B9204612F0E7
:105FA0002FFA012002B0BDE8F0814746F0E7002F4C
:105FB000F4D02946002015F066FFC46073891022D2
:105FC000013B00921B4A9BB22946002017F00CFBB4
:105FD000E7E72146284617F086FCE2E7F1882846E5
:105FE00017F0F0FA0746701C18F017FA0028D5D001
:105FF000002FD3D02946002015F045FF2023C46090
:106000000093F3880C4ADFE72146284618F00AF887
:106010000028C6D12146284602B0BDE8F041FFF76E
:10602000D7BE23441B7B0E2BD3D02146284617F026
:10603000E8FFEDE7795B01003BD9020038B5044683
:106040000D4615F031FF42070BD4204615F02CFF0A
:10605000830706D429462046044ABDE8384017F095
:10606000A3BB284612F0CCF9002038BDC55B010067
:1060700038B505460C4615F00FFF00F01800102843
:1060800006D121462846054ABDE8384017F08CBBAA
:10609000204612F0B5F90C2038BD00BFF15B0100BD
:1060A000014A17F081BB00BF9D5C010070B5054639
:1060B0000C460146012015F0E6FE0646284615F07E
:1060C000F3FE020704D5204612F09AF9002070BDB5
:1060D00033685B05F7D4284617F067FC40B12146CA
:1060E0002846FFF7ABFF18B91EF0E4F8044630B1BC
:1060F00021462846034ABDE8704017F055BB0720EB
:10610000E5E700BF055D010073B504460E4615F0D6
:10611000C3FE00F0300010284FF0020031D11EF015
:10612000C9F8054678B3437943F00203437102216D
:1061300017F0D8F92846FFF7A9FC294646702046F3
:1061400017F0CEF91621204615F015FF2021204624
:1061500015F0A4FE2146012017F0B5FA21460020D3
:1061600017F0B1FA204617F054FB0121204615F034
:10617000B3FE034601200090044A214617F034FA8A
:10618000002002B070BD0720FBE700BFCBD80200A3
:106190002DE9F04387B004460E4615F085FE00F465
:1061A000C060B0F5C06F06D102201EF083F805462E
:1061B00010B9072054E000252146012015F063FEA8
:1061C00096F8068008F10C08B044814608F10F03E8
:1061D00000F1120208F11F0153F8040B42F8040BFE
:1061E0008B42F9D10321304617F07CF93046FFF796
:1061F0004DFC0A22074608F1050101301DF022FB83
:106200000C210DEB010003F02DF903AB03CBC7F814
:106210000B00C7F80F10059BC7F8133007F10B02EE
:106220000DB30A21284617F05DF92846FFF72EFC2A
:106230002946204617F054F9C9F80C604FF48071D4
:10624000204615F02BFE0321204615F045FE0025C3
:1062500003460D4A00950120214617F0C5F928464E
:1062600007B0BDE8F08307F113032046012116F0C3
:1062700069FA2046314617F033F9C9F80C50204628
:1062800016F07CFADFE700BFABDA0200F0B589B0A8
:106290000D46044617F003FCAB79002800F0A380FC
:1062A0000C33EA18EB5C033B082B00F23881DFE883
:1062B00013F009003601360184003601360136013B
:1062C0005D007E00D2F80100D2F80510B2F8097026
:1062D00003AB03C302F1130301210B32204616F076
:1062E00031FA0421284617F0FDF82846FFF7CEFBC7
:1062F0000C21064605A803F0B5F805AB03CB3346E1
:10630000C6F80100C6F80510079A43F8092F0021C6
:10631000721C204616F016FA2146002015F0B3FD37
:1063200003AA0346478303CAC3F81200C3F8161032
:1063300020460821FDF778FD4FF40071204615F046
:10634000ADFD204616F01AFA2946204617F0C8F887
:106350000321204615F0C0FD03460020714A00903D
:10636000214617F041F9012009B0F0BD0B21284664
:1063700017F0B8F82846FFF789FB2946204617F0A2
:10638000AFF812F0A6FE4FF440710546204615F016
:1063900085FD4FF48051204615F088FD284612F007
:1063A0009EFE4FF48061204615F083FDDBE7284612
:1063B00012F026F84FF40071F5E70621284617F091
:1063C00091F82846FFF762FB204616F037F8294679
:1063D000204617F085F8204616F0F6F921460020F1
:1063E00017F041F9BFE72B441B7B043B072BBBD8BD
:1063F00001A252F823F000BF196401003F640100BC
:10640000A16401006963010069630100696301001F
:1064100069630100B764010020464FF4007115F074
:106420003DFDAA790C322A4402F1090320460132CB
:10643000002116F087F9284611F0E2FF93E74FF4A8
:106440008060FFF7EFF9B0B14FF40061204615F01E
:1064500025FD00272046CDE90577FDF7CFFC064650
:10646000204615F017FD0095034605AA3946B0B23F
:1064700016F0C5FE77E72146012015F004FD00F176
:106480001201204616F0B5F90621284617F02AF821
:106490002846FFF7FBFA2946204617F021F862E765
:1064A000284611F0ADFF2146012017F00CF92046D7
:1064B00016F08AF957E712F00CFE4FF40071064609
:1064C000204615F0EBFC4FF48051204615F0EEFC11
:1064D000304612F004FE4FF4C061204615F0E9FC8E
:1064E0002946204616F0FCFF2146012015F0CBFC82
:1064F000C268054682B193790C331A4402F1130342
:1065000001210B32204616F01DF9204616F036F90F
:10651000E968204616F0E4FF0023EB6023E7002043
:1065200022E700BFABDA020010B5074C074920464E
:10653000002217F0A4F92046FFF730FABDE810401A
:1065400001200021FFF774B9AC1400208D62010016
:1065500038B505460C4615F09FFC00F018001028D1
:1065600006D121462846054ABDE8384017F01CB937
:10657000204611F045FF0C2038BD00BF916101009D
:1065800038B58B790C460C331944E35C142B054663
:1065900003D0152B0FD0002038BD013117F057FB69
:1065A00015212846224617F09AFB2146284616F068
:1065B00097FF0120F0E70146012015F064FC0B4B2A
:1065C00082689A4203D0204611F01AFFF1E7A179C0
:1065D00021440D31284617F03AFB204611F010FFF8
:1065E0002946012017F03FF8E3E700BF33DD020042
:1065F00037B504460A460D46142117F070FB2946AC
:10660000204616F06DFF0321204615F065FC302270
:10661000034600922146034A012016F0E5FF0020C0
:1066200003B030BD33DD020010B5074C0749084AFE
:10663000204617F024F92046FFF7B0F9BDE81040D6
:1066400020200021FFF7F4B8B81400208165010074
:1066500037DD020073B5ADF800208DF802301E461C
:106660000446009B019301A80D46114617F0D9FA84
:106670009DF80630B34203D1BDF804308B4205D0FB
:10668000284611F0BDFE122002B070BD204615F064
:1066900073FD9DF80230827A9A4209D18288BDF852
:1066A00000309A4204D1284611F0AAFE0020EBE700
:1066B0006946204616F01CF8024A2946204617F083
:1066C00073F8E1E7F16501002DE9F04116461A4340
:1066D000BDF8188007460C461D4605D120461146D8
:1066E000BDE8F04117F07ABB4146204616F056FF50
:1066F00078B12146384615F0C6FB40238674C57430
:106700002146069338464346034ABDE8F04116F059
:106710006BBFBDE8F08100BF95DE0200F7B505460E
:106720000E460146012015F0AEFB036813F0F00F92
:1067300003D02946012016F0C6FF284615F083FE37
:10674000B3790C3333445F789B781F400378C3F3ED
:10675000030000EA1310384017F01AFB044668B92A
:10676000284617F01EFB384017F012FB044628B9E4
:10677000284615F06BFE01F0B5FF044628460021BF
:1067800015F0FCFC1721304616F0ACFE3046FFF742
:106790007DF9314644708470284616F0A1FE03212D
:1067A000284615F099FB4022034600922946034AE9
:1067B000002016F019FF03B0F0BD00BF4BDE020051
:1067C00008B581B2074816F0C2F8012000F0F0FCCD
:1067D00030B9054A536919075CBF43F0040353619C
:1067E00008BD00BFCC140020C41400200123834046
:1067F0000649DB4301F1240252E8002F1A4001F15F
:10680000240C4CE800200028F4D17047C414002068
:106810000123074A03FA00F002F1240353E8003F82
:10682000034302F1240C4CE800310029F4D17047F5
:10683000C4140020044A536A4FF0804043F40023FC
:10684000536203F0AFB900BFC414002038B50E4D39
:10685000044601F091FBE86B18B111F0D1FD002363
:10686000EB6316F084F80948FEF726FCAB6B0BB11E
:10687000FFF7E0FF0448214600F0F4FCBDE8384093
:1068800003481DF052BB00BFC4140020CC140020EC
:10689000E4140020034B586A10F0050001D1FFF703
:1068A000D5BF7047C414002038B51E4C4FF01013EC
:1068B000E3624FF4E063238647F6FF73A4F8603089
:1068C00094F86730012262F3030384F86730164AB4
:1068D000164B0025C4E916326562FFF703F84FF442
:1068E0008073A4F84830124BE361124B84F85600D1
:1068F0001A68656113785278A4F8BC5013445B1091
:10690000294604F108006376A4F8B45016F01FF885
:10691000294604F1940016F01AF8BDE8384017F043
:106920008EBD00BFC414002055555500D6BE898EBB
:106930001BE10200941400202DE9F0411F4C9DF84A
:106940001C609846636A0F46D907154633D460B376
:106950000120FFF75DFF626A9DF8183084F85460EB
:1069600022F4C07242EAC312052E626207D101F01E
:10697000F9FF68B96D00ADB2BD4228BF3D4694F83D
:1069800054309A0715D413F0040F14BF03260126C0
:1069900094F86730A78566F3030384F86730E585CC
:1069A00084F830800120BDE8F0810120FFF71EFF50
:1069B000D1E70226ECE70020F5E700BFC414002071
:1069C000024B586AC0F38000704700BFC414002017
:1069D00010B51D4CFFF7F4FF636A13F0010313D1E8
:1069E000A8B994F8663094F83110253BDBB2013336
:1069F000DBB2032B28BF002341FA03F2D207F6D5FE
:106A0000253384F8663018E094F8543010B194F8C7
:106A10005520134303F00503052BE2D101F0A2FF3B
:106A20000028DED194F8673003F00F02012A05D167
:106A3000032262F3030384F8673010BD012262F37E
:106A4000030384F86730CCE7C4140020024B586A73
:106A500000F00100704700BFC4140020F8B52C4CB2
:106A600018B1636943F01003636117F040FCE28DD5
:106A7000E66C236DA78D151F40F271214D43AE4288
:106A800018D2A3F5967301FB0733181AE768238918
:106A90003B4483420EDA6369514343F01003891B80
:106AA00063618142D4BF21612061BDE8F84018488C
:106AB00000F088BB40F271277A43A2F5AF722261E1
:106AC000FFF786FF236DA28D07FB0233636023650A
:106AD000AE424FF00003E3640E4B0CD31A68616AB8
:106AE000137B4907617E4CBF927912780B44934225
:106AF0000CDC6376D9E7626A1B685207197B4CBFCE
:106B0000DA795A78637E5B1A9342F2DA6276CCE7DE
:106B1000C41400209414002038B51A4C636923F083
:106B200010036361054601F027FAB4F8BC302BB9B5
:106B3000A36813F4601F08BFA4F8BC3011480121FA
:106B400000F090FB104BE361636A5A0405D485F0B2
:106B50000100BDE83840FFF781BFA26A6168521AA0
:106B6000002AF4DA23F0010343F400436362FFF7E1
:106B700091FE4FF0804003F015F8FFF721FF002849
:106B8000E5D138BDC41400201BE1020008B5FFF7B1
:106B900017FFB0B10B4B586A20F0040210F001004F
:106BA0005A6203D1BDE80840FFF750BE01F0E4F996
:106BB00015F0DDFEFFF73EFEBDE808400020FFF7C0
:106BC000ABBF08BDC414002038B50E4C054680B1DB
:106BD0000320FFF70BFE002384F845300123A4F8BF
:106BE00046300420FFF702FEBDE838401020FFF7D2
:106BF000FDBD0520FFF7FAFD0123A4F8B83084F8A5
:106C0000B650EEE7C414002070B53B4C636A1646DC
:106C100003F0010270B95AB112F05BFA636A23F013
:106C2000010305466362FFF735FE284612F057FA66
:106C3000002070BD002AFBD19B0704D5E36BBBB1DC
:106C40000120FFF7C1FF94F8303003F0FD03012B62
:106C500016D012F03EFA0546C6B10E20FFF7D8FD59
:106C600017F045FB42F2107303FB0600A06210E030
:106C700002201DF01FFBE0630028E1D10720D8E7C8
:106C8000FEF732FD0028E4D11220D2E70E20FFF7F4
:106C9000ADFD0020FFF7BCFD636A13F00403C4D10F
:106CA000E364E38D40F27122023B5343E2602361CF
:106CB00017F0E1FA0323B0FBF3F303EB4303C31A2A
:106CC000253384F86630FFF783FE17F010FB606011
:106CD0002065B4F8BC00002808BFF520FFF770FD60
:106CE000064B05481A681378527813445B10637694
:106CF00000F068FA99E700BFC41400209414002043
:106D0000274B70B55A6A0D4609B3160747D503F1EC
:106D1000450603F1460428B3D1061FD52388012B6D
:106D20001CD95B0823800420FFF760FD1020FFF7CB
:106D30005DFD17F0A0FA2388B0FBF3F202FB13000D
:106D4000307055B30320BDE87040FFF74FBD940687
:106D500025D503F1B60603F1B804DCE70420FFF7FC
:106D600057FDE3E7D20314D5B3F84610B3F8482033
:106D700091420ED22288520092B22280B3F848305B
:106D8000934228BF134623801020FFF72FFD0420D5
:106D9000CDE71020FFF73CFDF9E70520D3E770BDF4
:106DA000C41400202DE9F04F314CA56B636BAE7914
:106DB00000278BB00C36C4E90D7705EB0608079366
:106DC00083468946D8F824A001F064FFAA5D08F143
:106DD0000806C2F3C01231460DF127008DF82720B6
:106DE00014F005FDCDE904B9636A0798C3F3802365
:106DF0000393FF2302939DF8273052463946CDE98D
:106E0000006308F10E03FDF741FB284611F0F8FA84
:106E1000636A23F02402D907626205D40120FFF7D8
:106E200015FD0BB0BDE8F08F124B94F854501A6862
:106E30001378527813445B10052D637602D101F06C
:106E400091FD40B994F854309A070ED413F0040F12
:106E500014BF0325012594F86730012065F303036F
:106E600084F86730FFF758FEDBE70225F3E700BF41
:106E7000C41400209414002070B54A4A0546516895
:106E80001068AC79127A8AB06B4603C30C340820C0
:106E90001A702C44FEF7C6FC20B10122A11D284621
:106EA0001DF026F8A3798DF80F30A37A03F00F03B5
:106EB00003F128026A44002112F8282CADF81020B2
:106EC000CDF82110ADF825108DF82010062B08D82C
:106ED000DFE803F0044F07075F074B000D20FFF7C3
:106EE00097FCA37AC3F380138DF81230E368CDF8D2
:106EF0001330238AADF8173000231A460DF1130121
:106F00000DF1120014F05EFCE3798DF819304FF4A6
:106F10007F43ADF81A307F238DF81C3063798DF8EC
:106F20001D300023ADF81E30AB791233AB711C213C
:106F300028461DF03AF8AB792B4403AC0C3309AE6C
:106F4000224603CAB24218605960144603F108038E
:106F5000F6D110681860294613481DF0CDF84FF09F
:106F6000804002F01FFE0AB070BD0D20FFF73EFC0E
:106F7000B7E7D4F81230CDF82130E38AADF82530E8
:106F8000EB79063BEB71A37AC3F3C0138DF8203085
:106F9000A7E7064B5B6A9B0444BF42F00102ADF8D1
:106FA00010209EE73C540300E4140020C414002089
:106FB00070B583790C33C4182379DA0702D44FF003
:106FC000FF3070BDA37AE27A03F00F05082DF6D8E2
:106FD000062D01D92846F4E7911F1F29EFD8012D6E
:106FE0001FD10C2AEBD1244E736A13F0060F01D186
:106FF000DB05EFD414F0F3FB20B914F0E7FB002815
:10700000E8D1DCE7A37A96F83020B2EBD31FC3F3C4
:10701000C010D4D104F1120100F00100FEF714FBFE
:10702000EDE7042DD6D11449144A486A0240002ADB
:10703000C5D0C96B0029CDD08A790C3288188A5CFA
:10704000C3F38013B3EBD21F08D014F0C8FB0028A1
:10705000C0D114F0B2FB0028BCDBB0E704F10C0196
:10706000062208301CF0DEFB044614F0B8FB0028B2
:10707000B0D1002CAED0ECE7C4140020080004000E
:10708000F0B5184C606B87B000B3A76BBE790C36B7
:10709000FCF7B4FE0223FF21BA5DCDE90431BD192E
:1070A000D20995F823305B090393AB8B02936B8B6A
:1070B00001932B8B0093002105F1080380B215F09A
:1070C000B4FF606BFDF744F900236363A06B11F01C
:1070D00097F90023A363636A23F00403636207B094
:1070E000F0BD00BFC414002013B5154C11F0F1FF22
:1070F000236A01930023236211F0F1FF019BA3B9DE
:10710000636A1A0406D515F0A8FCA0B1636A23F4DB
:1071100000436362636A1B0305D5FFF7B1FF636A2F
:1071200023F40023636202B010BD01A81CF01BFF12
:1071300015F0FEFCE2E74FF0804002F033FDE9E796
:10714000C414002010B5074C2368DA0607D523F0D5
:107150001003236018B9A168012014F007FB002375
:10716000A36010BD84150020014610B5044602201E
:1071700014F0FCFA054B1B68D90305D463691A07A0
:107180005CBF43F00403636110BD00BF84150020A1
:10719000014BD868DC3870478415002010B5034BCC
:1071A000DC6817F0A4F8DC3C201A10BD8415002020
:1071B000034B1B6813EA004314BF012000207047F3
:1071C00084150020F8B5002303604369044658077E
:1071D0000DD5204650F8081FC90C01F4FC7141F090
:1071E0000501FDF717FF636923F004036361636919
:1071F0002589D90603D517F07AF828446060184E1F
:10720000606831462D1A51F8043F8BB923600C6039
:10721000B3684BB1617E5A7E914219D26269D2063F
:107220000FD50020FFF78EFFBDE8F84016F0D1B86B
:107230005A681F892A44D21B002AE7DA19461B68BC
:10724000E3E75A681B6913441B1A002BECDBE8E7E1
:107250001A895B68D31AE2680344D342E4D5E0E7B5
:107260008415002038B50B4DAB680446A342084690
:1072700001D1FFF767FF6B68074A1BB1A34219688A
:1072800004D11160BDE8384016F0A3B81A460B4689
:10729000F3E700BF84150020881500202DE9F04792
:1072A000754D2B685B0700F1B080AB68002B40F098
:1072B000AC8055E8003F43F0040345E80032002A63
:1072C000F7D16C689CB117F012F8D4E9043717F0C5
:1072D000100FA268064619D010FA82F26260206888
:1072E000D4F8048038BBDC334344C5E9024355E895
:1072F000003F23F0040345E80037002FF7D1AC68C6
:10730000002C75D1BDE8F04701F030BD606892B245
:10731000811AFF07A1EB060109D40029DFDAE7682B
:10732000DF1BCF4205D432441844831AD6E7002924
:10733000D5DA204650E041690289D0F804E0CF0652
:1073400048BF06EB020E11F0010C08BFD0E9037133
:10735000AEEB020206BFC91B8918114608EB0307F2
:107360007F1A002F28DDBB4205D9E768A1EB080191
:10737000DC378F423AD9D4F814A01AF0010F1DD18E
:107380002169D0F80C9027894144A1EB0901C91B60
:10739000E768A1EB0E01DC37B9420FDD971BBCF1AA
:1073A000000F03D10169A1EB09010F44002F05DB98
:1073B000C0F804E04B460446006891E7477E617ED2
:1073C0008F42F9D2921BBCF1000F03D1D0E9031315
:1073D0005B1A1A44002A02DAFFF7C6FE71E71AF0B8
:1073E000100FA6D0C368C0F804E0E4E70B46E3E75B
:1073F000A36813F4601FC3F3C24008D12B6843F0A5
:1074000010032B60214614F0B1F9BDE8F08704F1B8
:1074100008063046FDF70CFE2B6843F010032B6086
:107420002146F8B914F0A2F9A36813F4601F4FEADB
:10743000D341C3F3C24517D0013DEDB201F4FC7155
:1074400029433046FDF7E6FD03213046FDF74EFEA9
:1074500075B1A268237E1344120C9BB2120413432D
:10746000A360D2E73846CEE703213046FDF73EFE63
:107470003046FDF721FEECE78415002008B5034BEC
:10748000996809B114F072F908BD00BF8415002095
:10749000014B9868704700BF841500200A4B70B5F7
:1074A0009C6884420FD12146012014F05FF9666880
:1074B000258916F01CFFAD1BC54221464CBF00209C
:1074C000022014F053F970BD84150020054B1B6891
:1074D0001B6A13F0100003D013F0030018BF012043
:1074E000704700BF941500202DE9F341344B9C6890
:1074F000A5790C356719635D03F04F036355838DE0
:107500000622103B064688467A700D2B32D8DFE8FB
:1075100003F054315007310C313131313131310CFC
:10752000635D6FF30303635524E0625D006A01232A
:1075300063F30302625510F4006F4FF00C027A708F
:1075400006F12E0107F108020CD001924FF0FF3234
:107550000092C0F380201A4614F03DF9635D43F0B9
:107560008003E0E7D6F82E30BB608B889380336AC7
:107570005B05F3D4B28D635D62F345136355B91CAB
:10758000304616F008FF635D60F386136355A379F8
:107590007A7802331344E371B38D03F01403142B90
:1075A00004D0B8F1000FC4BF42447A7002B0BDE805
:1075B000F081635D62F30303B5E7635D0222F9E7DF
:1075C000C012002038B529490B7D4A7D0133DBB25A
:1075D000B3EB921F04460B7503D303230B750020F6
:1075E00038BD016AC90234D590F87E200323243ABD
:1075F00092FBF3F303EB4303D21A2532D2B2A18DEF
:1076000094F87F30B4F9340084F87E2011F0100132
:1076100003F00F0323D116F0E9FE01F085F8B4F969
:107620007820824204F1700504D0A4F8780001F0BB
:1076300023FD6881284601F0E3FB00221146104635
:1076400014F096F894F87E00002116F0CEFE01208A
:10765000C6E75B001A4102F003022532CFE702467B
:107660001946002001F006FED7E700BFC012002037
:107670001F4B2DE9F04104461860006C1D4E1CF0B4
:10768000D9FC01462046FFF72FFFA38D03F014031A
:10769000142BB36814BF226C00221A602046FFF737
:1076A00091FFFFF713FF144B051E144808BF18463F
:1076B00001F0DCFC6369676803F0100816F017FE40
:1076C0006D000346627EE8B2B8F1000F03D1FF1AE5
:1076D000B7F59B7F07D5114601F072FCB068BDE895
:1076E000F04101F041BC616816F007FEF6E700BF0B
:1076F00094150020C01200208D770100D979010077
:1077000070B50546FFF7E2FE104B114E041E1148FE
:1077100008BF184601F0AAFC2846FFF753FF0546AC
:1077200060B133686000597E00F0FE0001F048FC53
:10773000094BBDE87040986801F016BC01F096FC5A
:1077400030682946BDE87040FCF742B88D770100EB
:1077500094150020D9790100C0120020034610B50D
:10776000094C052B20680AD0062B0CD1002001F013
:107770007DFC20680121BDE81040FCF729B8BDE878
:107780001040FFF7BDBF10BD94150020032803D1A2
:10779000024B1868FFF7B4BFFFF7E0BF9415002055
:1077A0000C4B032810B51C680FD1206C1CF042FC58
:1077B00001462046FFF798FE074B226C9B68204647
:1077C0001A60BDE81040FFF79BBFBDE81040FFF70F
:1077D000C5BF00BF94150020C01200202DE9F8435A
:1077E0008B790C33CC1806462379DA0703D44FF093
:1077F000FF30BDE8F883E77A252FF8D83C4B9A682C
:1078000093790C33D118D35CA27AC3F38013B3EB12
:10781000D21FECD1056AEB064CBF023104310622BF
:1078200004F112001BF0FEFF0028E0D194F80A904A
:1078300013F0D5FF05F4C04580F001032A1EC9F3FB
:10784000801904F10C084146DBB218BF01224846FA
:1078500016F05DFD014658B1A37A03F00F03032B28
:1078600016D1336A9807C2D50C2FC0D10320C0E7C8
:1078700013F0BBFF0028BAD1A37A03F00F03002D49
:10788000EDD0032B85F4C04513D1A904AFD5E8E7AB
:10789000052BACD1306AC207A9D500F01403142B14
:1078A0000CD004F1180016F0A0FC00289FD0052091
:1078B0009FE7052B9BD16B04ECD498E706F12E05CE
:1078C0002946C0F3802013F07FFF0028E9D1A27A77
:1078D000336AC2F38012C3F380239A4287D106220F
:1078E000294640461BF09EFF0028DAD07FE700BF04
:1078F000C01200202DE9F74F4FF0FF31074600245A
:1079000001A8019401F050F8019949B13846FFF7F8
:1079100065FF032806D005284BD001A81CF005FB05
:1079200001203FE0DFF8A8802848DFF8A89001F0A8
:107930009DFBD8F800302046597E01F065FBD8F851
:1079400000B0D9F80860DBF844001CF073FBB47990
:107950000C3406EB040A335D03F0400343F00403E8
:10796000054633550AF10201584616F014FD335D01
:1079700060F386133355D8F80030D9F808005B6CF3
:10798000002DA4BF06358AF80150036001F0ECFA1F
:10799000D8F800301B6ADB0407D50199384614F08B
:1079A000BCF9002003B0BDE8F08F01A81CF0BDFABF
:1079B000F7E7019801F0B0F80199384614F056F94C
:1079C0000028ADD0204601F051FBEAE7A177010085
:1079D00094150020C01200200E4A032810B5146828
:1079E00005D0042809D0BDE81040FFF7B7BE617E7E
:1079F0000120BDE8104001F09FBA2046FFF77AFF52
:107A000030B101F047F92046BDE81040FFF778BEDD
:107A100010BD00BF9415002038B50D460446002067
:107A200001F024FB01F036F929462046FCF71AFA4A
:107A3000014B00221A6038BD981500200123074A27
:107A400003FA00F002F1140353E8003F034302F18C
:107A5000140C4CE800310029F4D17047D8120020F2
:107A6000F8B5244F7B6913F4C07F05460C4603D05C
:107A700099063BD401200CE039B15A0705D4D5F85A
:107A8000A43013B90820FFF7D9FF7B699B0601D505
:107A90000020F8BD7B7FAE6A022B06F0080604D9F1
:107AA00016B114B90220F4E7E4B995F8921095F8EC
:107AB0003701063100F00F0000F0F0FD85B20EB97D
:107AC00004B16D00FFF76AFBA8420DDB7B6913F080
:107AD0001C0FDDD11EB1002CDAD10520D9E7002C16
:107AE000FBD1D5E70320D4E70420D2E7002CCFD088
:107AF000C3E700BFD812002038B5124D6B690446A9
:107B000043F400734FF4806128306B6116F09EFBE4
:107B10000121204614F0CDF900212046FFF7A0FFF7
:107B2000014620B12046BDE83840FFF775BF6869BF
:107B3000617E80F48070BDE83840C0F3002001F021
:107B4000FBB900BFD812002038B50C4B04461860B2
:107B500000F5947001F054F92046FCF74FF9C4B2D7
:107B6000204613F011FE0546204613F00FFE29466D
:107B70000246022013F0FCFD38BD00BF981500201E
:107B800008B5002001F072FA01F084F8014B0022E0
:107B90001A6008BD9815002010B50446FFF7D4FF01
:107BA000064801F063FA6168226C637E01EB920281
:107BB000BDE81040112001F081B900BF897E0100AD
:107BC0003F4B37B51C68A26A002350050193D4F8D7
:107BD000A03012D504F1A40001931CF0C4F9C4F83C
:107BE000A00050B194F84631013B84F846314FF47F
:107BF000806104F1280016F029FBD4F8A0500DB9DB
:107C0000304B9D6894F94631022B0DDCD4F8A83036
:107C100013B1A36AD90502D5D4F8AC3023B14FF41F
:107C200080512046FCF700F9D4F8A410A36AAA7981
:107C3000002902F10C024FEA830314BF0121002145
:107C400003F00C0343EA0113A95C21F01C0143EA91
:107C50000103AB540DD11B4A02F1140353E8003F5A
:107C600023F0080302F1140040E800310029F3D1A9
:107C700002E00320FFF7E2FE284601F075F9019BC0
:107C800053B15B7903F00A03082B02D12046FCF7BD
:107C9000B1FB01A81CF049F96B799A070ED5A36ACC
:107CA0001B040BD50820FFF7C9FE4FF4004104F177
:107CB000280003B0BDE8304016F0C8BA03B030BDAC
:107CC00098150020D81200202DE9F04385B000233C
:107CD0000446032103A8039300F066FE039D35B913
:107CE000F4212046FFF798FE05B0BDE8F083AB799C
:107CF000644F0C331D447B692A79D6074ED4DD06C8
:107D00004CBF07200420FFF799FE002601212046E2
:107D1000FFF7A6FE054650B97869617E80F4807051
:107D2000C0F30020400001F06FF9FFF749FF03980E
:107D300000F0F2FEDDF80C807A6998F80630510602
:107D400003F10C0308EB030915D458F803303B6129
:107D50000620FFF773FEA36A1A060CD404F128026A
:107D600052E8003F43F0800342E800310029F7D198
:107D70000120FFF763FE4946204614F0A0F899F869
:107D80000430DB077BD5002E52D11DB12946204699
:107D9000FFF742FE03A800F0E1FCA5E723F0100383
:107DA00001207B61FFF74AFEAE7AF0062FD5022054
:107DB000FFF744FEA36AAA7A83F00203C2F38002AB
:107DC000C3F340039A422FD104F128004FF400611D
:107DD00016F03CFA50E8002F42F4806240E800239D
:107DE000002BF7D1A26A82F00202A2627B77AA7A04
:107DF000A36AC2F3C00203F001018A4285D183F075
:107E0000010316F00306A36218BF01267EE707F1FF
:107E1000140353E8003F23F0040307F1140141E881
:107E20000032002AF3D1C5E77B7F0133DBB2DDE707
:107E30002046FBF7E3FFC0B213F0A6FC064620463F
:107E4000FBF7DCFFCDF80480A38F009382B2002300
:107E50003146022013F094FC4FF0FF3103A800F0EC
:107E6000A3FD03998B790B44DB7D002B8DD020463D
:107E7000FCF7DEFA002D3FF437AF294631E7002E3C
:107E800083D0E9E7D812002008B5124A0346042B34
:107E900010680BD002D8032B18D008BD053B012B6E
:107EA000FBD8BDE80840F121FFF7B6BDFFF70CFF96
:107EB000094A02F1140353E8003F23F0200302F1C2
:107EC000140040E800310029F3D1E6E7BDE808409E
:107ED000FFF712BE98150020D8120020164B033869
:107EE00010B51C68032818D8DFE800F00702181E38
:107EF0002046BDE81040FFF7E7BE2046FFF7FCFD37
:107F00000E4A02F1140353E8003F23F0200302F16C
:107F1000140040E800310029F3D110BDF1212046C2
:107F2000BDE81040FFF778BD4FF4806104F12800F0
:107F300016F08CF9F221F2E798150020D8120020F3
:107F400010B50446FFF700FE054801F08FF8FFF773
:107F500037FE627E61680220BDE8104016F0CDB9A0
:107F6000DD7E0100034B5B6A13F0060F0CBFE220BD
:107F7000F1207047C414002008B5FFF789FA054BBB
:107F8000834206D100F086FEBDE80840002001F0E3
:107F90006DB808BDC414002070B5214C214801F013
:107FA00065F894F8673094F8662003F00F03002119
:107FB000C82016F01BFA00F0B7FBB4F9602082422B
:107FC00005D0A4F8600001F057F8A4F86200164844
:107FD00000F016FF00221146104613F0C9FB666838
:107FE00016F085F90246FFF7BDFFB61AB6F5FA6F2F
:107FF000054609DCFFF7CCF8627EA0F5AF71284694
:10800000BDE8704000F020BF6668FFF7C1F8637EEE
:10801000A0F5AF7231462846BDE8704000F04EBF73
:10802000C4140020C18401001C15002038B500F0E4
:1080300031FEFFF7B3F8B0F5967F0D4C0CDDFFF77E
:1080400091FF0546FFF7A4F8627EA0F5AF712846C0
:10805000BDE8384000F0F8BE16F049F9E36C6268FC
:108060009B1A0344E3640020BDE8384016F062B870
:10807000C4140020F7B5104C94F8455006460F463E
:108080002DB1013D84F84550002003B0F0BD0B4BED
:108090001B680220597800F0B7FF94F83030CDE922
:1080A00000533A46E06B0323314616F074F8E06B58
:1080B00000F05AFF0120E8E7C414002094140020C7
:1080C000094A02F1240353E8003F43F0080302F198
:1080D000240040E800310029F3D1044B1B68012043
:1080E000597800F029BF00BFC41400209414002068
:1080F000438902895B0040F2712043435B1AD0B28E
:108100004343120AB3FBF2F3024A126811445818AF
:10811000704700BFC417002030B58C1AE41A002C39
:1081200008DA124C6468551A1D44B5FBF4F505FBDA
:10813000044421441344CB1A40F2E242B3FBF2F36D
:108140009BB242892BB9530040F2712404FB031106
:1081500013460132B3FBF2F402FB143202819B1A84
:1081600040F2E24000FB131030BD00BFC4170020F6
:108170002DE97043064618469DF818308946144686
:10818000E3B9C31E012B8CBF02250325222100F079
:1081900085FA164B5B686D0040F2712808FB05F507
:1081A00081446BB121463046FFF7A2FFABB20146D6
:1081B0004A463046BDE87043FFF7AEBF0125E5E70C
:1081C000738934890133B4FBF3F203FB1244F3796E
:1081D00034815B00640008FB03F308FB04F404EB48
:1081E000530404EB09002844BDE87083C417002041
:1081F0002DE9F041134E736A5B0780461BD58B79DE
:108200000C33CF18C8B9FD79CC583989284600F00D
:1082100045FA0444B8F1000F11D1033D012D94BF7C
:10822000032302235B0040F2712202FB0344346407
:108230007B7986F84430BDE8F0810125E4E701232D
:10824000F0E700BFC41400202DE9F04F1F46984B03
:108250009D6B5B6AAC798DB00C341646021E05929C
:108260002A5D069108BF002161F345122A55314667
:1082700003F040023846C3F3801A039213F0B1FAB8
:1082800005EB04080790285D08F1080B5946C00962
:1082900013F0A7FA039B8146002B44D1002844D158
:1082A00013F09DFA80F00103DBB203F001035246A4
:1082B0003146384616F02BF80490002800F08A80EA
:1082C000039B002B33D1B9F1000F75D1079B002B15
:1082D00072D013F075FA00286ED001220AA90DF1B0
:1082E000270013F080FA002874D09DF827302A5D0B
:1082F000591E4B424B41B3EBD21F6BD106220AA948
:1083000058461BF08FFA002864D13368C8F808304B
:10831000B388ABF804302B5D67F3C7132B554FF0D0
:108320000009CA4619E00123BFE7039BBDE7604B84
:108330005B6A13F400791CD115F804A0CAF3801A03
:10834000484613F055FA3368C8F80830B388ABF8DC
:1083500004302B5D67F3C7132B55059B544E002B40
:108360003ED196F8B630002B3AD0013B86F8B630B5
:1083700030E013F022FA002806DA15F804A04FF0D6
:108380000009CAF3801ADBE700221146104613F0F9
:1083900024FA15F804A08146CAF3801A0028CFD029
:1083A000002302211A4608EB010015F0CCFE2B5DDC
:1083B00060F386132B55C3E77A1E57422B5D574156
:1083C000B7EBD31F06D10622314658461BF02AFAD6
:1083D0000028A4D00023049304980DB0BDE8F08FCA
:1083E00015F085FF074613F04AFD059B00930246F2
:1083F00039469DF8583008F10E00FFF7B9FE2D4BB5
:10840000059A1B680746D9799AB9022000F0FCFD4D
:10841000B06B00F0A9FDB36B9A7913441F63FFF7AB
:1084200037F8254BC361069BB3B9736A23F48063A5
:1084300015E0002000F0E8FDB06B00F095FDB36B97
:108440001E489A7913441F6300F010FE069BC3B9BF
:10845000736A23F4806317E0736A43F48063736282
:10846000039B9BB1B9F1000FB6D000231A465146C9
:1084700008F1020015F067FE2B5D60F386132B55A3
:10848000AAE7736A43F480637362EBE72B5D002213
:10849000C3F3C01359460AA88DF8283013F0A3F986
:1084A0002B5D9DF8282062F3C7132B55DAE700BF38
:1084B000C4140020941400206DC9020071860100CC
:1084C00004282DE9FF471ED005D8032800F0C180FD
:1084D00004B0BDE8F087431F012BF9D805384FF0F1
:1084E000010118BF0120FEF70BFC15F000FF5E4AEA
:1084F000D36C51685B1A03440020D36404B0BDE818
:10850000F04715F017BE03A800244FF0FF31039485
:1085100000F04AFA039858B1FEF74AFD08280746CA
:1085200003D8524B1E5C31070AD403A81BF0FDFC94
:108530004D4B5B6A13F0060F12D0FFF777FD0FE08B
:108540000728039D13D148482246294614F005FA0E
:108550000028EDD014F00CFA10B10120FEF77EFADD
:108560000121084604B0BDE8F047FEF7C9BBDFF8BB
:10857000F880D8F8244014F0040410D016F0020457
:108580000DD0AA790C322A440120917A0090C1F3CF
:1085900080130C32C1F34011FFF756FE0446284603
:1085A00000F0BAFA29460120FFF722FED8F824305D
:1085B000DA072DD595F8069003F0800A09F10C0929
:1085C00013F00DF9A94480F0010399F80A00BAF1FB
:1085D000000218BF0122DBB209F10C01C0F38010C8
:1085E00015F095FE60B134BBD8F824309B072846BF
:1085F00034D5F40710D4730732D5FEF73DFC97E766
:10860000BAF1000F04D1514613F0EFF80028EAD078
:1086100028460FF0F5FE19E015F032FF044650B180
:10862000A8790C3028440C3010F8021CC1F38011DA
:10863000FFF720FD0446042F03D1D8F82430990712
:10864000E6D57207E4D52846FEF716FC002C87D144
:108650006EE704B0BDE8F047FFF732BD042FCAD182
:108660000FF0CEFE64E700BFC414002046540300A0
:10867000032808B50AD1074800F0F8FC064B012092
:1086800093F94410BDE80840FEF78CBBBDE80840F4
:10869000FFF716BFC1840100C4140020064B10B5BB
:1086A0005B690C4610B101F03BF8034618795B8812
:1086B00004FB003010BD00BF880D0020084B10B532
:1086C0005B690C4610B101F02BF803465A88A242B0
:1086D0003BBF1B79A41A0020B4FBF3F010BD00BF10
:1086E000880D00200138C0B203289ABF014B185CE6
:1086F000002070474F5403008BB20029054AB4BFD5
:10870000053B05331BB20A21108093FBF1F39370F4
:10871000704700BF101F0020024B9B78C01A40B268
:10872000704700BF101F0020024B1B88C01A00B208
:10873000704700BF101F0020074B186840F20D1350
:1087400038B9002BC1BF44334522B3FBF2F0C0B2AD
:1087500070470068453BF3E7880D00202DE9F041A4
:10876000064610F0B6FC0746FFF7E6FF354604461E
:10877000286818B16CB928461BF0D7FB31680A4845
:108780001BF0BAFC384610F0AAFC00233360BDE8A9
:10879000F081D0F800801BF081FD2B68013CC3F80C
:1087A00000802D68E4B2E3E7880D0020024BDB6B0C
:1087B00003B11847FEF762BE880D002010B5064AC7
:1087C000C043131D53E8003F0340141D44E800312B
:1087D0000029F6D110BD00BF880D002010B5054A54
:1087E000131D53E8003F0343141D44E800310029E2
:1087F000F6D110BD880D002070B519461546064605
:1088000010461C4615F068FD2A46454D2346304665
:1088100015F067FDD5E9062300EA020401EA030624
:1088200054EA060313D0630104F0806010D56B682E
:10883000180623D43B4B234093BB3B4B06F020024E
:108840002340134356D12046314615F041FD70BDFB
:10885000A4F1080333431CD1EB7A012B42D16B689E
:10886000D90743D50323EB726B8C013304206B844F
:10887000FFF79CFF012015F030FDE4E72B1D53E8C6
:10888000003F23F08003291D41E80032002AF5D182
:10889000DDE7A4F10C03334317D115F01EFDDBE730
:1088A00024F0011323F4A0433343C6D1EB7A012B08
:1088B00018D16A6840F20143934314BF0023032395
:1088C0000520EB72FFF772FFBDE7231F334302D190
:1088D00015F004FDB7E704F17F433343AAD1EB7AE7
:1088E000022B0FD0042015F0DDFCACE713F400637D
:1088F000BAD1B8E70420FFF771FF4FF0006001F034
:1089000051F9A0E76B689A0706D50423EB722B8C0C
:10891000013303202B84ABE713F02003F7D1F5E7F5
:10892000880D0020015001000DD50155014B986ABA
:10893000704700BF880D002010B5064CA06A1AF0E1
:10894000ABFB28B9A06A1AF0A9FB00F0010010BD2A
:108950000120FAE7880D0020014B986A1AF0A0BBAD
:10896000880D0020024B5868C0F34020704700BFBC
:10897000880D002010B504464FF40070FFF71EFF6D
:10898000084B986A1AF08EFB38B10CB9002010BD64
:108990004FF40070FFF722FFF8E7002CF6D00C2010
:1089A000F5E700BF880D00202DE9F04F0468594D10
:1089B00089B006468846002C48D0A77920460C3757
:1089C0001BF038FB27440A383C89B8F1FF3FA4EB81
:1089D000000402D04445A8BF4446B5F83890B0EB37
:1089E000090713D4002C0EDD6D6B36683D44FF2C57
:1089F000224629463046A8BFFF221BF079FA241AE6
:108A000036680544F3D109B0BDE8F08FA9EB000941
:108A1000296BD6F800A0A145A8BFA14601EB000B29
:108A2000C846B9F1000F0DD04246FF2A59465046BC
:108A3000A8BFFF221BF05CFAB8EB0008DAF800A030
:108A40008344F1D1A4EB09044F44CBE7A86A03AAFD
:108A500003211AF082FABDF80E700294A146E86272
:108A60000A3702AC09E023601B682B602368C3F857
:108A700000902368002F1C4611DD2B68453F002B1A
:108A8000F1D101201BF016FC034620600028F1D133
:108A9000019002A81BF049FA019B3360B3E72B1D3C
:108AA00053E8003F43F008032A1D42E80034002C3D
:108AB000F5D14FF0006001F075F80298BDF8102074
:108AC000437943F001034371069B30606B63059B60
:108AD0002A872B638379BDF80E200C3303441C7165
:108AE0001A819DF80C20297A9971072ADC711FBF21
:108AF000AB8C0133AB846B8C0ABF012203F1FF33D3
:108B00001A714FF00A0118BF6B841BF0E5F9346845
:108B100053E700BF880D00202DE9F04187790C371D
:108B2000C41986B0237913F0020805461BD1174EED
:108B300043F0020323716A46D6E90A011AF011FADA
:108B40002389B06A03336946ADF804301AF00BFA92
:108B5000009BEB519DF90E00FFF7DEFD6071B37ACB
:108B6000022B03D8E37106B0BDE8F0819DF8113007
:108B7000012B04D0022B04D02BB90423F2E70323EA
:108B8000F0E70123EEE784F80780ECE7880D00208A
:108B900037B5124B00F00F041B88ADF80430012CE0
:108BA00015D0022C15D18DF804400D4D6B6842F2A2
:108BB00022000340A3420ED0FFF700FE2046FFF73D
:108BC0000DFEA86A01A91AF059F903B030BD20249E
:108BD000EBE70024E9E70020F7E700BF7854030043
:108BE000880D00202DE9F043124F85B002234FF08D
:108BF000000881461046CDE902180E461546FB7264
:108C000015F068FB0090797AB86A02AB424608F02A
:108C10003FFB044650B94846FFF7BAFF2B460446CF
:108C20004246012130463D7315F050FB204605B009
:108C3000BDE8F083880D002037B5144B00F00F0419
:108C40001B88ADF80430012C14D0022C16D000245F
:108C50000F4D6B6841F601000340A34213D0FFF7AC
:108C6000ADFD2046FFF7BAFDA86A01A91AF01CF96C
:108C700003B030BD04238DF80430E9E78DF80440DB
:108C80004FF40064E4E70020F2E700BF78540300EB
:108C9000880D002038B5104CE37A23B1002211462C
:108CA000104615F012FB00252846E57215F015FB5D
:108CB000A06A012203211AF06FF8A06A2A46012156
:108CC0001AF053F98020FFF779FDBDE838404FF4E2
:108CD0004050FFF783BD00BF880D002008B5FFF7A7
:108CE000D9FF044AD38C0133D3840620BDE8084061
:108CF000FFF75CBD880D0020F8B51B4D6B68590768
:108D000004D50420FFF75AFDFFF7E8FF6B681A0748
:108D10000FD510F0DEF90646FFF70EFD124F0446A0
:108D200024B101201BF0C6FA0146A8B9304610F064
:108D3000D6F96B68DB0615D51020FFF73FFD00F074
:108D400001FD78B110F0C5F90446FFF7C7FF2046D2
:108D5000BDE8F84010F0C3B93846013C1BF0D6F925
:108D6000E4B2DDE7F8BD00BF880D002010B5002299
:108D7000084C1046114615F0A8FAA06A08F04CFA03
:108D800015F0AEFA20461BF0D0F8BDE810400820E0
:108D9000FFF714BD880D0020014B986A1AF0BEB988
:108DA000880D002038B5154CA37A8342054610D0B3
:108DB000431E042B08D8DFE803F0030D111618003A
:108DC000A06A08F087FE20B92846A57200F0A8FC2A
:108DD000606138BDA06A15F08CFAF4E70121A06A41
:108DE00015F089FAEFE70321F9E7FFF7BBFD00284B
:108DF000EAD0A06AFFF7D0FFE5E700BF880D0020AA
:108E000073B504460F4D408900F094FAA07B287298
:108E100015F033FA6872E07B002600F00F00FFF7D0
:108E2000C1FF0096D4E90021A37BA86A1AF095F946
:108E300032463146304612F09BFC206815F04FFA5E
:108E400002B070BD880D00202DE9FF4100231A4EAD
:108E500000938DF80C30C0F340134FF001088DF8EB
:108E60000E30C0F300130446154686F80B808DF8CB
:108E7000048002918DF80D30FFF7DEFE28B104204A
:108E800015F010FA04B0BDE8F081284615F022FA7A
:108E9000717A03466A46B06A08F006FA2A4607461F
:108EA000C4F380114046357315F00FFA12F061FCDF
:108EB000002FE4D1E6E700BF880D00202DE9FF4137
:108EC0001C4E02921D4600230F460193012103937D
:108ED000C3060446F172009705D573691B888DF8A7
:108EE0000D1013440293C4F3401328468DF80E303E
:108EF00015F0F0F9717A03466A46B06A08F0D4F9C1
:108F000028B1042015F0CEF904B0BDE8F081204668
:108F1000FFF792FE2B468046C4F3801201213846AB
:108F2000357315F0D3F912F024FCB8F1000FE8D135
:108F3000EAE700BF880D002038B50A4D01230C4632
:108F4000EB72FFF779FE10B1042015F0ABF92B7B23
:108F5000A34204D922460021012015F0B6F912F0EF
:108F600008FC38BD880D0020F8B5044612F002FC5C
:108F7000A179E279114E521A0C3107460123B06AE9
:108F8000D2B2214419F0E3FFE579A379ED1A57FA3B
:108F900085F524680CB93561F8BDA179E279B06A2C
:108FA000521A0C310023D2B2214419F0D0FFE379D8
:108FB000A2799B1A55FA83F5EBE700BF880D0020D4
:108FC000F8B5104E02230D46F372FFF7E1FD04469B
:108FD00020B1BDE8F840042015F064B9284615F02A
:108FE00079F92A46074621460120357315F06DF9B7
:108FF000717AB06A3B46224608F03CF90028E8D175
:10900000F8BD00BF880D002038B5094D02230C467D
:10901000EB72FFF7BDFD10B1042015F043F92B7B77
:10902000A34204D922460021012015F04EF938BD93
:10903000880D0020014B587B704700BF880D002031
:1090400068B1084B194653F8042F0AB18242FAD28C
:109050005B1A9B10013BDBB2034A53737047012339
:10906000FAE700BF54540300880D0020014BD86379
:10907000704700BF880D002073B50F4B0F4E9B7DCE
:10908000FF2B044615D1ADF804000023B06A8DF81B
:1090900003300DF1030201A908F0D6FC9DF803503E
:1090A000B06A22462946F6F713FC40EA052002B0D2
:1090B00070BD034B1D78F3E7101F0020880D0020C2
:1090C0000A1F0020044BC2B2C0F30721986A82B085
:1090D00002B0F6F77DBC00BF880D002010B50D4C26
:1090E0000021A06A19F0B0FE0B49A06A19F004FF34
:1090F000FE21A06A19F0EFFEA06A08F0BDFA074B46
:10910000B3F910208242C8BF18821A8A9A805A8AFC
:10911000DA8010BD880D00200A1F0020101F0020DB
:10912000F0B5154C85B0B4F91070ADF80210ADF87B
:109130000420ADF806304FF0C8124FF08213694694
:10914000CDE90223ADF8000002AD04200B46B1F9D1
:10915000002035F9026BBA42A8BF3A46B242A8BF16
:109160003246013821F8022BF1D103CB034BA0602A
:10917000596005B0F0BD00BF101F0020181F00206F
:1091800073B50546F6F7A0FC314E0368336083885B
:10919000304CB3800023A370238033788DF80130E6
:1091A000FF2D18BF1D46A5752B4DA86A0DF10303B1
:1091B0000DF102020DF1010119F069FF9DF8013076
:1091C00040B90133DBB20D2B8DF80130EDD9012010
:1091D00002B070BDA27DFF2A00D0A3758DF80530C6
:1091E00033709DF802308DF804300198FFF76AFF64
:1091F000C828A8BFC8209DF803308DF8043020820D
:109200000198FFF75FFF154B9842B8BF1846608280
:10921000B4F91000FFF730FFADF804000198FFF734
:1092200051FF2082B4F91200FFF726FFADF80400C9
:109230000198FFF747FF4FF6FF73A3826423608214
:109240001A4618461946FFF76BFF0020C0E700BF1B
:109250000A1F0020101F0020880D00200CFEFFFFB9
:10926000034A0346B2F906000BB1FFF75DBA704737
:10927000101F0020084B10B5B3F9044030B903EBC0
:109280004103B3F906309C42A8BF1C46A242A8BFC6
:109290002246104610BD00BF101F0020014BB3F93D
:1092A00012007047101F0020014BB3F910007047E7
:1092B000101F002073B506460FF00BFF0C4D04463F
:1092C000B5F91200B5F91030B042B8BF3046984237
:1092D000A8BF1846FFF7D0FEADF804000198FFF7CD
:1092E000F1FEE880204602B0BDE870400FF0F7BE06
:1092F000101F002073B506460FF0EBFE0C4D044620
:10930000B5F91000B5F91230B042A8BF3046984206
:10931000B8BF1846FFF7B0FEADF804000198FFF79C
:10932000D1FEA880204602B0BDE870400FF0D7BE45
:10933000101F0020F0B5C0F3072585B0FE2DADF855
:10934000040027D0144C9DF804700FF0C2FE637D1A
:10935000AB4206460ED0114B18689B88ADF80C3016
:109360000F4B029002A9986A8DF8085019F0C4FDBD
:10937000FF232375237DBB4206D0094B3946986AEB
:1093800019F0A9FD27756575304605B0BDE8F040B8
:109390000FF0A5BE05B0F0BD101F00200A1F002071
:1093A000880D00202DE9F047DFF8449086B007468D
:1093B0000E4614460DF10808A9F1100ACDE90098EF
:1093C0000B4B3A468021504610F0C1FA0028F5D1E7
:1093D000102C254628BF102530462A4641461AF053
:1093E00056FA641B2F442E44E8D106B0BDE8F0873E
:1093F000A01F002030B589B0202269460D4DFFF72F
:10940000D1FF6A4604AB144603CC9C4228606960D5
:10941000224605F10805F6D1074C08AD1A4603CAE5
:10942000AA4220606160134604F10804F6D109B035
:1094300030BD00BF901F0020A01F002010B588B0D5
:10944000694620200FF0EEF9044630B96846FFF770
:10945000D1FF034B012283F82020204608B010BD25
:10946000901F002070B5134B93F820308CB0054648
:109470000C460BB9FFF7E2FF0023CDE90033CDE93D
:10948000023354B91C22214605A804941AF0F4F9B9
:1094900004A8FFF7AFFF0CB070BD102C264628BF04
:1094A0001026294632466846FFF77CFF3544A41B48
:1094B000E7E700BF901F00202DE9F84FDFF8689024
:1094C000D9F800B0824688461746BBF1000F28D075
:1094D00099F804500026B54207D13D7099F8040070
:1094E000A84214BF0120022017E074196110C1EBDB
:1094F000C1015944C4F34704887900F00100B8EB76
:10950000000003D1062250461AF08CF9002806DB31
:1095100002D0661CF6B2DEE73C70BDE8F88F254647
:10952000D9E70320F9E700BFBC170020014B002258
:109530001A717047BC170020F8B5124C05460FF0A1
:10954000C8FD637985F30705AB42064605D10024C3
:1095500030460FF0C4FD2046F8BD20686571002735
:10956000277110B10FF0DAF827606379002BEED085
:10957000C5EBC5000FF0B4F820600028E7D160719A
:109580000724E5E7BC170020044BD3F80120026054
:109590005B7903F01F030371704700BFB11F002008
:1095A000F0B5244B002918BF0B4614461268C3F8C7
:1095B000012022795A7100218BB019700125C1F365
:1095C000C402CFB2A65C01F0070205FA02F216420D
:1095D00007D01A7802F128066E44013206F8287C7A
:1095E0001A7001312529EAD11A7828B16946981DE7
:1095F0001AF04DF90BB0F0BD002AFBD0053301265F
:10960000C0F3C405C1B2675D00F0070506FA05F5B1
:109610002F4208D1B1FBF2F502FB15110AAD55FA44
:1096200081F111F8281C03F8011F01302528E7D12A
:10963000E0E700BFB11F0020034B002818BF03461E
:109640000B449879704700BFB11F002082EA124294
:109650001FFA82FC8CEA010393FAA3F31BBA9BB2B4
:1096600003EB031363449BB293FAA3F31BBA9BB2BD
:1096700003EB031363449BB293FAA3F31BBA9BB2AD
:1096800003EB03136344154A8CEA030C1FFA8CFCAA
:10969000A2FB0C23ACEB030203EB52035B0903EBCD
:1096A000C30100B503EB81030D4AACEB03030028B3
:1096B00018BF0246C3F3C401114403F0070ED8B229
:1096C0004978012303FA0EF3194201BF13780CFB0A
:1096D00003F302EB134290795DF804FB4D91CFBA8E
:1096E000B11F0020064B074A1A60074B074A1A6051
:1096F000074B084A1A60084B084A1A600120704755
:109700001013002043E402000C1300207BE402004D
:109710000813002041E40200041300207DE402004D
:109720000528044B08BF03200622013802FB003045
:10973000704700BF7A540300014B986D80B27047A8
:10974000005008400A4B586800F07060B0F1106F8C
:109750000CD008D8B0F1E06F08D0B0F1006F14BFA2
:10976000002001207047B0F1406FF8E701207047FA
:1097700000400840431C07B5014606D00023CDE950
:109780000033034A034810F05DFC03B05DF804FBAE
:1097900029E50200EC18002070B50E461546044677
:1097A00010B302F06DFD08B3236813F4807F114BF2
:1097B0001CBF01221A70104A1B7814600F4A1660F1
:1097C0000F4A15601BB902F051FD02F039FD0EF091
:1097D0007BFF02F01BFC0B4B0B48197802F022FCBC
:1097E000BDE8704002F088B9212070BD40F204400D
:1097F000FBE700BFDD1F0020D8170020D417002092
:10980000D01700207B200020E18602002DE9F041E6
:1098100086B00EF02DFF974B974D1A78974911207F
:109820000EF056FD2B685A685423B2FBF3F2002366
:1098300092B2512118460EF0E1FC0446002840F097
:109840000A810EF09FFD10F0A7FC044610F0A6FC64
:10985000844240F2CF8010F09FFC81B200230122AD
:1098600010200EF0CBFC0446002840F0F480844B1E
:109870001968844B186807F087F900F05FF904460F
:10988000002840F0E8802B681C7F002C00F0B58099
:10989000102C28BF10241AF094FA621C81B2002305
:1098A000D2B208200EF0AAFC0446002840F0D38073
:1098B000754A76490D200EF0D5FB0446002840F08D
:1098C000CA800EF055FA04AA0221322000F00CFAE8
:1098D00028B9BDF810104FF0FF3019F036FB6E4676
:1098E0000023324606212C208DF8063000F0FCF9CA
:1098F00058B9304615F002FC08B130287FD13C2021
:1099000000F010FA2C2000F00DFA9DF8063019072F
:1099100040F1868096E80300ADF80C10090C029027
:109920008DF80E109DF8063013F0280F07D1DDE9F1
:109930000201ADF80410090C00908DF806102B6898
:109940001869002840F081802B68586900F03CF9C4
:109950002B6893F82220D20700F1818010F002FCDE
:1099600002A902460746286814F0E2FD04460028D2
:1099700071D108F023FA10F017FC044600286AD1D0
:10998000012000F0D1FC424B18681AF0F6FD0446A5
:10999000002860D116F079F8044602F033FF8046C3
:1099A00015F0EBFB41460246204613F0F6FC044658
:1099B000002850D12B681B689B050CD4B7F5FA7FA3
:1099C00009D90FF07FFB012107460846F7F798FFFA
:1099D00038460FF07BFB2B689A692E4B1A6014F007
:1099E000F5FD2D4B1860304600F036FD2B480EF08B
:1099F00033FB30E010F0D2FB2FE704244BE704AA3E
:109A000001213C2000F070F940B99DF81030012B85
:109A100014BF492372238DF8063076E74923FAE70D
:109A2000F5F7BCFECDE90401030C8DF80A30BDF852
:109A30001530ADF80B309DF817308DF80D304923F7
:109A4000ADF808008DF80E306CE715F0A0FA04466A
:109A500000283FF479AF204606B0BDE8F08193F8C6
:109A6000230015F005FD00283FF478AF40F20C44C8
:109A7000F1E700BF7B200020D8170020E18602001C
:109A80003C1A0020401A0020D1E50200CDE502007A
:109A9000D4170020101900200C1900207597010020
:109AA0000248002203211AF031B900BFA419002096
:109AB000F8B5114815F0E5FBE0B914F087FD0F4D3E
:109AC0000D4E286006F10C07286815F0CBFA0EF051
:109AD0008BF90446304615F0D0FB10B938461AF021
:109AE00024FA02F053FB08B9002CEDD1BDE8F84090
:109AF00015F042BBF8BD00BF140B00200C1900206C
:109B000008B5054B1B782BB914F0F4FCB0FA80F0C3
:109B1000400908BD0020FCE7DC1F002010B5054C03
:109B200001232370044B1B6803B198470023237063
:109B300010BD00BFDC1F0020101900200D4B984203
:109B40000DD8023B984210D870B1023B98420ED01B
:109B500020F0704020F4604000F590607047064BA4
:109B60009842F5D140F21C4070472120704740F2E6
:109B70001B4070470AE000F00BE000F0024B4FF092
:109B800080525A60704700BF00ED00E0044A002395
:109B900052E8000F42E800310029F9D1FBF7BCBDC3
:109BA00018190020064A52E8003F034342E80031FA
:109BB0000029F8D1034B1B6803B11847704700BF59
:109BC0001819002014190020034B002814BF024666
:109BD0001A46024B1A6070477D9B01001419002041
:109BE00037B51C68E10705D515F02FFA1649174857
:109BF0001AF094F8A20723D501F01EFBD0B9144D3A
:109C000001900FF066FA044628461AF0ACF901906C
:109C100020460FF064FA019890B143799B070CD469
:109C200001A802211AF081FA019801F0F5FA15F065
:109C3000BBF9E6E715F0B8F9DEE701F0E1FAF6E77F
:109C4000002003B030BD00BF280B0020A419002065
:109C50001C19002008B505480EF096F8044B187042
:109C6000BDE8084001210EF09FB800BF380B00206E
:109C7000DE1F002038B5044648B10FF02AFA21460D
:109C8000054608481AF038FA28460FF028FA064B1D
:109C9000022193F900000EF087F8BDE83840FFF785
:109CA0003DBF00BF1C190020DE1F0020F8B50C4B83
:109CB0000C4F04460E4638681968154606F064FFD6
:109CC000FFF73CFF50B9386833462A4644F48021F8
:109CD00007F070F9BDE8F840FFF730BFF8BD00BFEE
:109CE0003C1A0020401A0020F8B50C4B0C4F0446DB
:109CF0000E4638681968154606F046FFFFF71EFF46
:109D000050B9386833462A4644F4802107F062F996
:109D1000BDE8F840FFF712BFF8BD00BF3C1A0020B5
:109D2000401A002038B50A4B0A4D196804462868C5
:109D300006F02AFFFFF702FF40B9286844F48021AB
:109D400019F005F8BDE83840FFF7F8BE38BD00BF90
:109D50003C1A0020401A00202DE9F043134B0E4618
:109D60001968134B8DB005461868174606F00CFFAE
:109D700080B9009733460A2202A9284607F04CF919
:109D80000DF1080904464FF00008444505D1002CA8
:109D9000EFD120460DB0BDE8F08359F8041B2846EA
:109DA00018F0D5FF08F10108EFE700BF3C1A0020CA
:109DB000401A0020F8B50C4B0C4F06460C4638688C
:109DC000196806F0E1FEFFF7B9FE054648B9E2431F
:109DD00016FA82F2386842F4802246F48021FFF7B6
:109DE000BBFF2846F8BD00BF3C1A0020401A0020E7
:109DF000034B00221A609A80FF229A71704700BFBD
:109E000001200020064A1379834207D912680123F2
:109E10008340134214BF0120002070470020704788
:109E200020190020054A03461068002208B91A606C
:109E30007047C10748BF01324008F7E720190020EA
:109E4000014B1879704700BF20190020102A2DE916
:109E5000FF4706460F46154623D8DFF84C80DFF84B
:109E60004CA000244FF00109D8F8002009FA04F3AF
:109E7000134213D046EA042040EA0A006A46E9B2D7
:109E800080B2FFF731FF48B92A463946684619F0D3
:109E9000C9FC18B960B204B0BDE8F0870134202CC9
:109EA000E2D14FF0FF30F6E7201900200080FFFFDD
:109EB0002DE9F3411D4E054601460622304619F0B4
:109EC000B1FC20B996F9060002B0BDE8F08100248B
:109ED000EF1CA0462046FFF795FFD8B13B88CDF890
:109EE00000806946ADF80330E0B2BB788DF80530EC
:109EF00017F0B2F921280DD0A8B9032229466846E7
:109F000019F090FC30B92B683360AB88B38060B235
:109F1000B071D9E70134202CDCD12B683360AB88D9
:109F2000B380FF23B3714FF0FF30CDE70120002055
:109F3000034B93F90630013301D1FFF759BF704746
:109F400001200020F7B5044615F03BF9631C39D118
:109F500015F0E1F84FF400410846FFF749FFFFF71D
:109F600029FF4B4B4B480025214620221D6019F04C
:109F700083FC284602F0ECF9474D0446FF267CB9E5
:109F80003720FFF7CFFE424A0C2143F6FF70FFF760
:109F90008DFE404A20213820FFF788FE002017E080
:109FA00094F97530013305D02B7843B9132120463D
:109FB00015F06DFD204602F0CBF90446DFE784F88A
:109FC0007560F7E72046FFF71DFF18B940F206401D
:109FD00003B0F0BD6B4606220021204614F02AFB98
:109FE00000283CD0492368468DF8063015F097F8D4
:109FF0002A484FF47F4140EA04200840FFF7DAFE88
:10A000002349E3B201229A400B6823EA02030B6062
:10A01000234B93F90630A34201D1FFF7E9FE0B79F8
:10A020001C4A0020013B0546C1B2994221DBFF26B4
:10A030000020D65402F08CF9174F0546002DA2D00F
:10A0400095F97530A34205D13B78EBB91321284629
:10A0500015F01DFD284602F07BF90546EEE76B463C
:10A0600006220121204614F0E5FA0028C0D0722310
:10A07000B9E75656A64200D025B1551895F90150BA
:10A08000555401250130CFE785F87560E2E700BF40
:10A0900020190020E11F0020DF1F00200080FFFFAB
:10A0A000012000202DE9FF41354C064601A8FFF7AD
:10A0B000B9FE2379019A93421ED86279012A40D1D0
:10A0C00000274FF0FF383D4610E02368EB40D907EA
:10A0D0000BD5082202AB114668B214F0ABFA20B1DE
:10A0E000039B43453CBF2F469846013523799D424B
:10A0F000EBD378B2FFF726FF236813F0010529D0D0
:10A10000002501220135202D18D002FA05F71F4243
:10A11000F8D13B432360A368194A013373610C21D2
:10A1200043F6FF70A360FFF7C1FDA8B1236823EADF
:10A1300007032360A368013BA36073614FF0FF3501
:10A1400019E0022AFAD10F4A134413F9010D421CF7
:10A15000FBD0CFE70127DCE722790A4C013AD2B2E3
:10A160002146601C19F06EFB6DB22246202138207A
:10A170002570FFF79BFD284604B0BDE8F08100BFC5
:10A1800020190020E11F0020F0B54A4C89B00025BD
:10A1900001AA04213F202570FFF7A6FD00B101951B
:10A1A0002570454C019E22460C2143F6FF70FFF7B7
:10A1B0009BFDC0B10D23A380019B2560032BA560EF
:10A1C00011D803AD2A46142143F6FF70FFF78CFD2A
:10A1D00048B995E8070084E8070022460C2143F6B9
:10A1E000FF70FFF763FD019B042B06D004210DEBEC
:10A1F00001023F200191FFF759FD304A202138200C
:10A20000FFF772FD28B12D4820224FF0FF3119F0E1
:10A2100033FB237903225B00B3FBF2F3284A13706C
:10A22000FFF7E6FD002523799D420DD3012E06D8C8
:10A230003D20FFF777FD002523799D4215D314F0CB
:10A2400070FF002009B0F0BD2368EB40DB070AD5A2
:10A250006FB2082203AB1146384614F0EBF910B97F
:10A260003846FFF76FFE0135DDE72846FFF7CAFDE8
:10A27000F0B16EB202AB04220C21304614F0DAF9D0
:10A2800004280AD1029BC3F300238DF80C3001226D
:10A2900003AB0C21304614F09FF90023CDE90333C2
:10A2A000CDE90533102203AB0D21304614F094F9AB
:10A2B0000135C1E7DF1F002020190020E11F002029
:10A2C000E01F0020F8B5114B04461879104B00220E
:10A2D0001D46D1B2884205D913F9017BA74202F18C
:10A2E000010604D10B4B1B788B4202D9F8BD3246D4
:10A2F000EFE70749481C19F0A5FA2C70BDE8F840B3
:10A30000034A20213820FFF7D1BC00BF20190020CC
:10A31000E11F0020E01F00200149024819F0FEBCA7
:10A32000480B0020A41900200A4B1022DA822821B1
:10A330006422C3E906124FF6FF721A8402225A60A1
:10A34000002283F82B200F2283F82D0083F82C2085
:10A35000704700BF2C19002038B502F0B3FD40B99A
:10A36000094B1A6893F82A1024320346482499426C
:10A3700000DC38BD04FB03F55559ED0601D401336B
:10A38000F5E70120F5E700BF2C19002038B5104C87
:10A3900094F82B30D3B1626812F0010516D104F1A4
:10A3A000080004F0E7F8FFF7D7FF78B194F82C30F5
:10A3B00008484EF6602253434FF482712A460DF04E
:10A3C00075FE18B9636843F00103636038BD00BFD0
:10A3D0002C190020A419002022F00042052A10B5F3
:10A3E0000DD0B2F5827F13D0032A06D1114A5368EB
:10A3F00023F00203536002F06DFD002010BD0D4AF2
:10A400001B88118D9942F8D1002313850120F5E7AF
:10A41000084B5A6893F82B4022F00102012C5A6035
:10A42000F4D102F09DFAFFF7B1FF204602F09CFD47
:10A43000ECE700BF2C190020004870473B190020B2
:10A44000044890F82B1000F10F020830012918BFC2
:10A45000104670472C190020F0B4827912F0280FB2
:10A46000034626D0144A0168C2F80F108188A2F86A
:10A4700013108179517592F82A6011680025AE4257
:10A4800007DC5368F0BC43F004030320536002F080
:10A490006BBD4C6A14F4404F08D1186808609F885F
:10A4A0009879887144F008048F804C6201354831F6
:10A4B000E5E72120F0BC70472C1900204379024ABF
:10A4C0009B09D05C704700BFAC5403000B6810B50B
:10A4D00003608B888380FF2A044602D10723A3717F
:10A4E00009E0032A08D8054B9B5C8371072B02D136
:10A4F000FFF7E4FFA07110BD0023F0E7B0540300A4
:10A500008379024A03F00703D05C7047A454030028
:10A5100010B582798B79094C02F0070203F007032A
:10A52000A25CE35C9A4206D1062219F07BF9B0FAEC
:10A5300080F0400910BD0020FCE700BF9C540300E0
:10A540007FB5134B03930E4605460446A0B115F0A4
:10A55000A6FB78B900223146204615F0D5FC02282A
:10A5600007D10123009303AA04233146204614F0A7
:10A5700038F90DB104B070BD204615F05FFB0446FC
:10A580000028F7D015F08BFB0028F5D1E2E700BFDB
:10A590000100FFFF2DE9F04F97B08346099115F0B8
:10A5A000C4FA099883790C33C518C45C19F042FDCC
:10A5B0001E2C099F064624D8012C26D9C54BE34002
:10A5C000DA0722D5384697F8068019F033FDBBF834
:10A5D0000A2083B29A4228D214F0010240F0A180EE
:10A5E00004F07F03522B00F09C801E2C00F0998019
:10A5F000099B009321460423584614F0DEFF2124D2
:10A600000CE004F07F03522BDCD021460097062398
:10A610000022584614F0D1FF41F20614584615F0B6
:10A6200089FA204617B0BDE8F08F4744013B3A7BDA
:10A630001E2A9BB242D8012ACED9023A1C2ACBD874
:10A6400001A151F822F000BFD9A60100D9A501004F
:10A65000DDA60100D9A50100D3A60100D9A50100FE
:10A66000C9A60100D9A50100D9A60100D9A50100FC
:10A67000DDA60100D9A50100E1A60100D9A50100D0
:10A68000C9A60100D9A501000FA70100D9A50100A5
:10A69000D9A50100D9A5010013A70100D9A5010082
:10A6A00017A70100D9A50100D9A50100D9A501006E
:10A6B000D9A50100D9A501001BA70100522A26D067
:10A6C000D22A89D10D2B05E0062B0FD0142B83D174
:10A6D0000CE0052B80D909E0022BF8E7042BF6E704
:10A6E000032B7FF679AFDB073FF576AF022C00F046
:10A6F000F380DBF800309B689F0516D40BF1440013
:10A7000019F013FC099BCBF84430002486E7012B99
:10A71000E0E7032BDEE7012BD9E7002B7FF45CAFEA
:10A72000E4E709A819F001FC69E71E2C584600F07F
:10A73000928315F0B4FA0746002840F0828058460C
:10A7400015F0A8FA00287CD004F07F03522B00F00B
:10A75000BC80082C68D1B6B2152E14BF0220102080
:10A76000691D15F082FA00285ED0DBF81430D80796
:10A7700049BF23F0010343F00103CBF814303946FD
:10A780005CBFCBF814300121584615F09FFA0998A8
:10A790000D9014F080FEB0F80180B0F803900446EC
:10A7A0000D9819F047FC152814BF02251025053413
:10A7B0002146284603F0B4F821460390284615F0B8
:10A7C00054FA0490B8F1000F00F04481C84500F23B
:10A7D00041810D9A0221092014F080FEBBF80A7015
:10A7E000023FBFB282463E4640464FF0FF35039AD5
:10A7F000494615F03BFD0446002800F06D8115F038
:10A8000008FB002800F0858101222146584615F0FA
:10A81000AAFB03468DF82E00002800F020810D9A37
:10A82000009222460821A4E0DBF8143013F0010660
:10A830003CD023F00103CBF814300021584615F02A
:10A8400045FA1E2C63D8032C66D9231F142B63D81A
:10A8500001A252F823F000BF2DAB010019A901009D
:10A8600019AC010019A901008FA7010019A9010065
:10A87000FFAC010019A901001DAD010019A90100DB
:10A8800033AD010019A9010025A9010019A9010092
:10A8900027AE010019A9010019A9010019A9010099
:10A8A00043AE010019A901004DAE010043F00103C0
:10A8B000CBF814300121584615F008FA00961223FF
:10A8C00032462146584614F078FE09A819F02DFBAF
:10A8D0001BE700BF54554541099D934C284614F091
:10A8E000DAFD2188B0F801602A46584614F07AFE55
:10A8F0002388BBF80A10B34228BF3346172BB8BFD2
:10A900001723ABF80A30584615F0FBF8FDE6522C39
:10A9100000F09082D22CD8D0099B0093002206230D
:10A92000214626E0099F384614F0B5FD0546B0F8EB
:10A930000180B0F803A0384619F07CFB152805F11A
:10A9400005010CBF2046022002F0EAFFB5F80530F1
:10A9500004900793B8F1000F07D0D04505D815F043
:10A96000DCFD50B90097102301E000970123424617
:10A970001021584614F021FEC7E63A460221112064
:10A9800014F0ACFDBBF80A3003939E1E063B9BB24D
:10A990000590B6B244464FF0FF350893049A5146ED
:10A9A000204615F063FC814668B3079A514615F0BE
:10A9B000AAFC0446484615F02CFA40B94FF6FF733E
:10A9C0009C4201D00134A4B25445E7D91BE04FF0BA
:10A9D0000003ADF834300DAA0CAB4946584615F0CB
:10A9E0005FFB039ABDF834300690053A9A42089A04
:10A9F000D8BF1346002DADF8343009DB9D4202D19B
:10AA0000EB1CB34208DB691C1CD100970A23AEE79C
:10AA1000351F9D42A8BF1D46042211A93846ADF836
:10AA20004490ADF8464019F043FD06992A46384651
:10AA300019F03EFD043E4FF6FF73761B9C42B6B202
:10AA4000C0D1E0E7059B04355D703946584601F0FA
:10AA500073FD5AE60D9B009301234246E2E6049BF8
:10AA600013B1204615F0B9F9204615F0EAF9D8B12E
:10AA7000002D54DC0DA819F058FA082358468BF81D
:10AA80001C3050F80C2B92F870208DF844208DF873
:10AA9000483011AA002340F20251ADF84640ADF80B
:10AAA0004A3019F077F930E6ADF844000DF12E0385
:10AAB00011AA2146584615F0F3FABDF84430059026
:10AAC000BB4228BF3B46002DADF844300ADBAB4209
:10AAD00002D16B1CB34209DB6A1C0D9B1FD1009392
:10AAE0000A23BAE7B51E9D42A8BF1D4602220CA943
:10AAF0000D98ADF8304019F0DBFC05990D982A4609
:10AB000019F0D6FC023E4FF6FF73761B9C42B6B29C
:10AB1000E2D0601C80B28145BFF469AEDCE702354B
:10AB20000D998AF8015091E71A0D0020DDF8249064
:10AB3000484614F0B0FCB0F80180B0F8033004933C
:10AB4000B8F1000F41D098453FD84A460221052070
:10AB500014F0C4FCBBF80A400590023C4FF6FF77A6
:10AB6000A4B24546BA462946584615F05AFC504507
:10AB7000064649D04FF400622946584615F0F3F9CD
:10AB800000283CD1304615F0E4FC00280CBF02231D
:10AB90001023574503931ED0304615F0DAFC06907B
:10ABA000384615F0D6FC069B834203D1039B013344
:10ABB000A34211DB384615F0CCFC059B01305870E0
:10ABC0001946584614F0E2FC9FE5CDF800900123A9
:10ABD00042460421CDE637460DF146013046ADF838
:10ABE000445002F0F3FE039B11A99A1C484619F049
:10ABF0005FFC039B023CE41A5545A4B2DAD0049BE7
:10AC00000135ADB2AB42AED24FF6FF739F42D1D108
:10AC1000CDF800900A23DBE7DDF82490484614F0D5
:10AC20003AFCB0F803A0B0F80530B0F80160039327
:10AC30000746484619F0FEF9C51FADB20024102D95
:10AC40000C9458D82A46F91D0DA818F020FE002EA5
:10AC500053D0564551D84A460121072014F03EFCF6
:10AC6000A046074633460A249A45049307D9BBF801
:10AC70000A00394614F015FC0328049B04D8B8F1E7
:10AC8000000F1AD039469CE7ADF84430039BADF86D
:10AC900048300DAB13930BAA0DF12E0311A95846A2
:10ACA000ADF846A0ADF8505015F059FB0A280446FF
:10ACB000E5D0BDF82C3030B11E46CDF800902346CB
:10ACC0003246062155E6ADF83030BDF82E30ADF8ED
:10ACD00032300CAA0423BBF80A00394614F0ECFB0E
:10ACE000BDF82E304FF6FF729342CBD001339BB2AA
:10ACF0004FF00108B8E70424DFE70124DDE7099CF1
:10AD00000A238BF81C30204614F0C5FB2346002292
:10AD1000B0F80110584613F034FEF6E4099C2046C2
:10AD200014F0B9FB0C238BF81C30B0F80320234639
:10AD3000EEE7DDF82480404614F0ADFB05464046C2
:10AD400019F078F90023441EBBF80AA08DF83430BE
:10AD500061D014F001075ED120460DF0C1FC06461B
:10AD600000285ED00AF1FF332246691C039318F0D5
:10AD70008EFD424601210F2014F0B0FBB146049035
:10AD8000002C04DC30460DF0C9FC049919E739F8B1
:10AD9000025B01222946584615F0E5F8023C8DF881
:10ADA000340068B9284614F056FF10B1284615F053
:10ADB00014F8284615F045F860B180238DF834303A
:10ADC00030460DF0ABFC9DF83430CDF800802A46BB
:10ADD0000E21CEE50DAB294611AA584615F060F9B3
:10ADE0009DF834300146002BEAD1039BBDF8442086
:10ADF000DB1B9A42C2BF0AF1FF33DB1BADF84430C4
:10AE0000BDF84420404619F053FBBDF84430984249
:10AE1000B8D31F44B4E7042300258DF834302E4600
:10AE2000CEE71123F8E7099AB5F80110584613F058
:10AE300046FE6AE4099AB5F80110584613F09AFEE6
:10AE400063E40999584613F0D4FE5EE469785846E5
:10AE500013F03AFF39E513F057FF36E57FB5174A8F
:10AE60001368064623F0080342F60520136015F028
:10AE700038FA054650B1684602F044FC002014F050
:10AE8000DDFE044620B92946FFF75AFB04B070BD29
:10AE9000102204F12101684618F0C4FC38B10121E8
:10AEA000204614F013FF636923F0010363611EB1B0
:10AEB0003146204615F0E6FA2046E0E7101A002059
:10AEC00007B5837801916A46082104488DF800305F
:10AED00018F060FF03B05DF804FB00BFA419002068
:10AEE000054B0022C3E90322C3E905221A70DA6187
:10AEF0004FF6FF725A84704780190020014B18608A
:10AF0000704700BF7C1900200D4B827813B55A6042
:10AF1000B0F8032091B2102910D040F60344A142AA
:10AF20000CD041795B8C8DF80210ADF804200548F7
:10AF3000ADF800306A46052118F02CFF02B010BDB4
:10AF400080190020A419002073B5837901900C3377
:10AF5000C418C35C132B0ED8042B10D9053B0E2B41
:10AF60000DD8DFE803F01E0C0C1E0C0C0C0C0C169C
:10AF70001A0C0C0C2300302B13D03E2B1BD0FAF7ED
:10AF80003DF9019B834202D001A818F0CEFF02B028
:10AF900070BD2046FFF7B8FFF1E70F4BE2785A602B
:10AFA000EDE701A9204602F0F7F8E8E701A92046FD
:10AFB00014F0E6F8E3E7094E0025019B3BB156F893
:10AFC000043B01A92046013598470E2DF5D101A873
:10AFD00018F0ABFFD3E700BF80190020B454030082
:10AFE00007B500F013F920B103B05DF804EBFFF7EB
:10AFF000ABBF00F017F9019018B1054B1B681BB1EE
:10B00000984703B05DF804FB01A818F08EFFF8E73D
:10B010007C190020024610B1022804D07047034872
:10B02000032118F073BEFFF7DBBF00BFA419002097
:10B03000024B1A78024B53F822301847801900202F
:10B04000EC54030010B504460120FFF7F1FF034B59
:10B050001C70BDE810400020FFF7EABF80190020F7
:10B0600010B50621044642F2050013F0A3FF236841
:10B07000C0F80330A388A0F807300648FAF7E0F8D4
:10B0800013F0DCFF407920B113F0D8FF407940F491
:10B09000805010BDDBCB020010B5062104464FF6F0
:10B0A000284013F087FF2368C0F80330A388A0F876
:10B0B00007300648FAF7C4F813F0C0FF407920B112
:10B0C00013F0BCFF407940F4805010BD35530100AF
:10B0D00038B505460C4669B9022142F21B0013F04F
:10B0E00069FFB5F86E30A0F803300D48BDE8384070
:10B0F000FAF7A6B8122142F21A0013F05BFFB5F876
:10B100006E30A0F803302146053004F1100351F8E9
:10B11000042B40F8042B9942F9D10248E6E700BF1E
:10B1200025CE020061CE0200014818F01CBF00BF0E
:10B13000901900202DE9F3410D46B0F86E100192F0
:10B1400040F6FF73994205D101A818F0EEFE02B057
:10B15000BDE8F0811146134601229BBB1E4818F042
:10B16000CBFFFFF7E1FF04460028F0D018F062FFA4
:10B170006379A66803F001086FF300030746637163
:10B180000421204619F09AF843798179B6F86E20A7
:10B190008660044668F300030C314371DB4362545C
:10B1A000084403F00103C2F3032242EA031242708F
:10B1B000478022463046294613F0E7FF2046FAF73B
:10B1C0004FF8CEE75C79986024F0030414435C7177
:10B1D00000221B68C1E700BF9019002070B5074C22
:10B1E0000546206800B970BD8368AB4204D106688B
:10B1F0000DF006F92660F4E70446F2E79019002006
:10B200000146014818F078BF94190020014818F051
:10B21000AABE00BF941900200146014818F06CBF77
:10B220008C190020034BD86818B103F10C0018F0FA
:10B230009ABE704780190020044BDA6822B9586919
:10B24000003818BF01207047012070478019002086
:10B250000138C0B20A289ABF014B185C0020704721
:10B26000F454030007B5064818F07DFE0421019050
:10B270000DEB010018F059FF019803B05DF804FBD5
:10B28000A8190020F7B5186810F0020003D0164E78
:10B29000316811B9012003B0F0BD00240422234617
:10B2A0000DEB0200019418F036FEBDF80630DB0706
:10B2B00002D4FFF7D7FF04460C4F002557F8043B94
:10B2C00023B1BDF804002146984748B13368002BEC
:10B2D000E0D0074B022193F900000CF065FDD9E79F
:10B2E0000135062DEAD1F1E7A8190020AC1900209C
:10B2F0000820002010B509480CF046FD084B09490C
:10B300001870002420200C600DF0C4F8064BC3E92F
:10B310000044C3E90244C3E9044410BD580B0020B3
:10B3200008200020A8190020AC19002070B5084E94
:10B33000002596F82A30ECB2A34200D870BD204612
:10B3400001F0A8F910B1204601F0CAFC0135F0E780
:10B350002C19002013B5C37A0093B0F80930D0F847
:10B360000520D0F80110007801F04CFC0446034899
:10B3700000F01AFF848002B010BD00BF2002040359
:10B3800037B5FF230DF107008DF8073001F0C4FC3D
:10B39000044604489DF8075000F006FF848085713C
:10B3A00003B030BD2003040138B54B795B07054677
:10B3B0000C460CD414212046054A13F0E7FE2179EF
:10B3C000204613F094FF10B9A3791C44257438BDAE
:10B3D0001C5503008378132B10B50C4608D1054B80
:10B3E0001B6803B198472046BDE8104018F09DBD8A
:10B3F00010BD00BFC419002010B50021044600781C
:10B4000013F094FE48B16178207814F079FA04467C
:10B41000034800F0C9FE848010BD0224F8E700BF95
:10B420002002560110B54178007801F029FC04464D
:10B43000024800F0B9FE848010BD00BF2002560211
:10B44000024B00201870024B187070470A20002031
:10B45000092000202DE9F04383780D2B91B00D4693
:10B460004FD109AC821C00F11A03264610685168BE
:10B47000274603C708329A423C46F7D113883B80DF
:10B480001C21284618F051FEBDF826402F6814F004
:10B490000C043ED1384618F0CDFDA0F10208A045BD
:10B4A0000DDA4FF0FF3400239C428DF81C301EDB78
:10B4B000A31C0122394607A818F02DFD17E0631CD4
:10B4C0000122394605A818F026FD9DF81430012BFD
:10B4D000E9D023460122394607A818F01CFD9DF843
:10B4E0001C3013B101331C44D9E78DF81C3001F036
:10B4F000E3FC012808D0022843D050B9284618F0B0
:10B5000014FD11B0BDE8F0839DF81C3013F0010F5D
:10B51000F4D09DF82F0000F065FC07469DF8300040
:10B5200000F060FC0DF11C099DF828200DF12901A7
:10B53000804605A8FEF7CAFF9DF836200DF13701B9
:10B540004846FEF7C3FF134B1B78DB071ED405A844
:10B5500013F069F8044605ABCDE90145CDF800903C
:10B5600042463946304600F017F82B68002BC5D00C
:10B57000CDE9004505AB42463946304617F055FA4D
:10B58000BCE79DF81C3013F0030FC1E74FF0FF3408
:10B59000E1E700BF092000202DE9F74FB0F802C015
:10B5A0000C9F9DF934A0DDF838B01CF0100F064652
:10B5B0001C4633D05FFA8CF51CF0080F184614BFF8
:10B5C00005F0080505F00F0514F07DFA81463846B0
:10B5D00014F079FA96F90F30019380465A461348D1
:10B5E0007678042113F017FF019BA0B10571226842
:10B5F000C0F80520A288A0F8092080F80B9080F8F8
:10B600000CA0437386733B68C0F80F30BB88A0F86A
:10B61000133080F8158003B0BDE8F08FCDE90DAB95
:10B620000C9703B0BDE8F04F13F095BD58550300DB
:10B6300010B50021421D03790446084618F065FF45
:10B64000024648B16188208813F0F4F904460348A3
:10B6500000F0AAFD848010BD1A24F8E720020A0237
:10B6600030B5044685B0007814F0E2FAA0B10DF1CF
:10B670000E030193E37800932379B4F80110621D5F
:10B6800013F091FB04460548BDF80E5000F08CFD08
:10B690008480C58005B030BD2524F4E720040A036A
:10B6A00013B50446007814F0C3FA70B10023CDE955
:10B6B0000033E278B4F8011013F0AEFB04460448FE
:10B6C00000F072FD848002B010BD2524F7E700BFB2
:10B6D00020020A0473B5B0F80140C678051D007851
:10B6E00014F0A6FA60B1214600962B46002213F012
:10B6F00037FB0446034800F057FD848002B070BD5C
:10B700002524F7E720020A0F08B50649064818F075
:10B7100005FB0649064818F001FB06480CF0AEFF91
:10B72000002008BD700B0020CC190020800B0020E9
:10B73000C8190020680B0020014813F09EBD00BF0F
:10B74000140B002030B5114B994285B00D461446BC
:10B7500019D193000FD503A902A80CF03BFD0823D3
:10B76000E1B20193039B00930022029B41F0005140
:10B77000284618F0B6FA064813F017FE00B1047117
:10B78000012005B030BD0020FBE700BFC819002034
:10B79000CC55030022F00042B2F1A04F08B504D10D
:10B7A000034813F002FE012008BD0020FCE700BFA3
:10B7B000D055030070B5FFF7BFFF90B1FEF73CFE18
:10B7C000002604462046FEF79BFE0546064800F08C
:10B7D000EBFC86802268C0F80620A28842810573AF
:10B7E00070BD024C0226EDE720090115A8550300A3
:10B7F00008B501F0D3FBBDE808400249024818F043
:10B80000B1BA00BF900B0020A4190020F8B50E4E6D
:10B8100005460020307100F09BFD012704466CB105
:10B820006DB994F872306BB1377113F0A3FC2046F8
:10B83000132114F02CF96468002CF2D1F8BD2046D5
:10B8400014F029F96468EAE7281F002038B50A4C8B
:10B8500000232360A38003682360207814F013F989
:10B86000054630B90548064918F058FA608801F0D5
:10B87000ABFB284638BD00BF281F0020A4190020BC
:10B88000900B002022F00042B2F5887F2DE9F047AE
:10B890001C4600F0E2800ED840F203139A423CD0DE
:10B8A00040F209139A4200F0C2800E2A00F0B380E1
:10B8B0000020BDE8F08740F207239A424AD0B2F553
:10B8C000037F59D040F206239A42F1D120684C30D0
:10B8D000FEF716FE2568A48895F8736095F870A0A9
:10B8E00095F9759095F876800746604813F05DFDF0
:10B8F0000028DDD0EB6C4360B5F850300381731E37
:10B900005E425E418772C67280F80CA080F80D908E
:10B9100080F80E80A0F80F40CAE7207800F00AFDFA
:10B920000028C5D0524894F80090B4F80280A78847
:10B93000E688257A648913F038FD0028B8D080F8AD
:10B940000490A0F80580A0F80770A0F80960C572FF
:10B950008481ADE7207800F0EDFC0028A8D0607865
:10B960002578FFF775FC0446424813F01EFD0028B9
:10B970009ED0057144719BE7A578012D1DD0022D45
:10B980002BD0C5B9E37894F8008094F904706679F7
:10B99000394894F90640023BDBB2022B9ABF374A82
:10B9A000D55C012513F001FD28B180F804804571B4
:10B9B0008771C671047201207BE7E37894F80080F8
:10B9C00094F9047066792E4894F90640023BDBB284
:10B9D000022B9CBF294AD55CE4E7E378294894F818
:10B9E0000180277894F90490667994F90640023B27
:10B9F000DBB2022B96BF214A0125D55C13F0D5FCA2
:10BA00000028D8D0A0F804808771C57180F808900C
:10BA100046728472CFE723461B4813F8014B082275
:10BA2000002113F0D3FC0028C5D00471C3E71748E8
:10BA300094F800806788A688E588248913F0B5FC0F
:10BA40000028B8D080F80480A0F80570A0F807603E
:10BA5000A0F80950A0F80B40ADE70D481C7813F092
:10BA6000A4FC00283FF424AF047121E7285603000A
:10BA7000245603001C56030014560300D45503003B
:10BA800010560300185603000C5603000856030016
:10BA90002056030010B5007800F04CFC40B1132193
:10BAA00013F0F5FF0446034800F07EFB848010BDD0
:10BAB0002524F8E72002060570B5144606460C4A10
:10BAC00020460D46142113F061FB2179204613F026
:10BAD0000EFC58B9A3790C331C44064BA6711B7994
:10BAE000A5801BB1BDE8704013F045BB70BD00BF21
:10BAF00004560300281F0020024B1A68024B002046
:10BB00005A607047D0170020140B002010B5FDF7C5
:10BB10007DFE044630B9044813F085FB044608B99D
:10BB2000FDF7BEFF204610BD140B002073B51C4668
:10BB300022F0004540F20A639D4208D8B5F5C06F77
:10BB400008D8042D47D00D2D4DD0032D1ED0002038
:10BB500002B070BD6FF4C0631D44092DF7D801A376
:10BB600053F825F04BBC0100F9BB01001DBC0100DE
:10BB70002DBC010043BC01004FBB010063BC0100B0
:10BB800079BC010099BC0100E7BC010001A8F3F7F2
:10BB9000E7FD5648BDF8044013F007FC0028D6D056
:10BBA00000234371C371037243720373437383733E
:10BBB000C373282383746FF00B03C3746FF06603A1
:10BBC0000722432103753E23027185718172C2727F
:10BBD00004824375BBE74648246813F0E6FB00285F
:10BBE000B5D08480B3E72346042253F8044B414880
:10BBF000002113F0EBFBF2E7207800F09BFB00281C
:10BC0000A5D03D48267894F90150A47813F0CDFBD7
:10BC100000289CD006714571847198E724783748D4
:10BC200013F0C3FB002892D0047190E725783448C4
:10BC3000646813F0BAFB002889D00571C0F805408C
:10BC400085E725782F486468F3E72F4825786468EE
:10BC500013F0ABFB00283FF47AAF0571A0F8054064
:10BC600075E72A482578646813F09FFB00283FF4A5
:10BC70006EAF057144716AE76378254824780D2B0F
:10BC800096BF244A0125D55C13F08FFB00283FF4B2
:10BC90005EAF047145715AE763781F4826780D2B13
:10BCA00098BF1C4A4FF0000198BFD55C6368A2782A
:10BCB00088BF012513F08AFB08B1067145716378CE
:10BCC000012B3FF644AF8DF804301348247801ABC4
:10BCD0000122002113F07AFB00283FF438AF012342
:10BCE0000471437133E724780C4899E770560300D8
:10BCF000685603006C560300505603005856030064
:10BD00005C560300545603004C560300485603008B
:10BD1000445603002C560300405603003C560300D3
:10BD200002481422002117F0A7BD00BFD01900203F
:10BD300070B51C4C05460DF0CCF963795B070646DF
:10BD40000ED414212046184A13F020FA21792046F7
:10BD500013F0CDFA20B13046BDE870400DF0BFB908
:10BD6000A3790C3323442DB91A79FF2AF3D0013279
:10BD70001A71F0E7012D05D15A79FF2AEBD0013273
:10BD80005A71E8E7022D05D19A79FF2AE3D00132F2
:10BD90009A71E0E7032DDED1DA79FF2A1CBF013268
:10BDA000DA71D8E7D01900206456030010B50446B4
:10BDB0000A4813F062FA60B10948002113F0E3FA6F
:10BDC00048B18279024414610179BDE8104013F052
:10BDD0008EBA022010BD1A20FCE700BF140B002011
:10BDE000605603000428024B28BF0020185C7047EF
:10BDF0007456030038B50546084800F051F904466A
:10BE000048B900F0A3F904461DB1054B1B689B79A6
:10BE10002B7000F0B3F9204638BD00BF80560300F8
:10BE2000EC1900202DE9F84380460D489DF820903C
:10BE30000F4616461D4600F033F978B9094B1C68C9
:10BE400084F80480C4F80570C4F80960A4F80D50A3
:10BE500084F80F90BDE8F84313F01ABABDE8F883F0
:10BE600078560300F019002038B5054606480C4600
:10BE700000F016F938B9054B1B681D715C71BDE8FF
:10BE8000384013F005BA38BD90560300F019002071
:10BE900038B5054606480C4600F002F938B9054B9E
:10BEA0001B681D715C71BDE8384013F0F1B938BDF5
:10BEB00088560300F019002010B50446054800F02C
:10BEC000EFF830B9044B1B681C71BDE8104013F04B
:10BED000DFB910BD98560300F019002038B50546AB
:10BEE0000C460748012100F0EBF838B9054B1B68F8
:10BEF0009D80DC80BDE8384013F0CAB938BD00BF72
:10BF0000B8560300F01900202DE9F04107460E460F
:10BF10000F48154601211A46DDE9063800F0D0F831
:10BF2000044690B90B4B1B681F71A3F80560DD71C7
:10BF300000F00CF90446B8F1000F04D0064B1B6862
:10BF4000DB88A8F8003000F019F92046BDE8F08140
:10BF5000B0560300F0190020EC19002070B5064619
:10BF600008480D46144600F09BF848B9064B1B687C
:10BF70001E71A3F80550DC71BDE8704013F088B95C
:10BF800070BD00BFA8560300F019002038B5054663
:10BF90000C460748012100F093F840B9054B1B6897
:10BFA0001D71A3F80540BDE8384013F071B938BDE4
:10BFB000A0560300F019002070B505460B480E4648
:10BFC00000F06EF8044678B900F0C0F8084B04465B
:10BFD0001B6825B1D3F806202A605A89AA800EB1C1
:10BFE0001B7B337000F0CAF8204670BDC0560300BA
:10BFF000EC190020044A0346106810B102789A42F6
:10C0000000D170470069F8E7E819002008B513F07F
:10C0100008F9FFF785FE024B00221A6008BD00BF39
:10C02000E819002038B5104D104A0446284618F08B
:10C03000C6FA4FF48270A0470D4B0146186028786D
:10C0400018B14FF4827218F0BDFA4FF48270A04715
:10C05000084B01461860287828B1BDE838404FF4F5
:10C06000827218F0AFBA38BD0B200020C85603000A
:10C07000F0190020EC190020084A136833B9417800
:10C08000036141F001014170106070471978027836
:10C090009142FAD003F110021B69EFE7E819002082
:10C0A00010B5044616F0C2FC28B9034B22681C6088
:10C0B000024B1B681A6010BDE4190020F019002023
:10C0C0002DE9F84F04684FEA042A98460AF4E06A1A
:10C0D000C4F307234AEA030A0AEB0209B9F5807F91
:10C0E00083460F46154603D91D263046BDE8F88F16
:10C0F00016F09CFC06460028F7D1124B24F47F442E
:10C10000C3F800B024F0C7040F4B44EA19244FEAE7
:10C1100009291B681FFA89F944EA090443F8044B0A
:10C1200053442A464146184617F0B1FB012F04D16B
:10C13000FF2DD9D800F8015CD7E7022F08BF20F8FF
:10C14000025CD2E7E4190020F019002008B5074B83
:10C150001A68074B52F8040B1968064B49681B68AC
:10C160009847054B1B68988808BD00BFF019002050
:10C17000E4190020A00B0020EC190020024B002243
:10C180001A6016F055BC00BFE4190020054B186872
:10C1900008B1C3681BB1003818BF0120704700699F
:10C1A000F6E700BFE819002010B5034C23681860BB
:10C1B000FDF7B4FC206810BDEC190020F8B504466A
:10C1C0000D4601460020174613F02CF8F2F78AFAC4
:10C1D000194E78BB194B1B681C6033681870587077
:10C1E0009870D870204612F0F7FF18B165B943680F
:10C1F000220E2BB90F250DE05979914204D0083356
:10C200001D68002DF8D1F5E73846A84733681B684C
:10C210004BB9012524F47F4020F0C70040F40070A2
:10C22000FFF7C2FF85803268012052F8041B12F02C
:10C23000F9FFF8BD1425EDE7EC190020F0190020F6
:10C24000094B802283F8012383F8042383F8052314
:10C2500083F8062383F8072383F8082383F81D2334
:10C26000A02283F8222C704700E100E0034AD2F8B4
:10C27000B03043F05403C2F8B030704700400E4075
:10C28000054BD3F8E80010F480501CBFD3F8EC0045
:10C2900000F00100704700BF0081E00F1C4A1368E6
:10C2A00070B504460D466BB393F87D10586811F0D5
:10C2B000040129D110608C22184693F8706017F0A1
:10C2C000DBFA80F870602268C0F85A20A288A0F8D3
:10C2D0005E20A27980F8602003462868D864AA7995
:10C2E000A98883F85220FF2283F8752083F87620EE
:10C2F00040F6FF72A3F86E20064AA3F850101168AA
:10C3000059601360184670BD1A1D0346CBE700BF85
:10C31000F8190020F4190020054A0346106800B9F6
:10C320007047B0F86E209A42FAD04068F7E700BF35
:10C33000F4190020054A0346106800B9704790F8C8
:10C3400070209A42FAD04068F7E700BFF419002045
:10C3500010B9024B1868704740687047F419002004
:10C36000114A00232DE9F0418C21136080460246DA
:10C3700001200BF043FF044620B90C4E0546306007
:10C38000A84502D82046BDE8F08101200BF0B4FF9B
:10C3900007468C220021013517F06EFA87F870509D
:10C3A00037603E1DECE700BFF4190020F8190020AB
:10C3B00010B501238B4090F8711021EA030149B2B6
:10C3C000044680F87110002949D112F0DDFE2046A4
:10C3D00014F06DFF102104F1180018F0B9F8204690
:10C3E000FEF7FCFE04F1380017F09FFD204614F024
:10C3F000BFFE214A13681BB19C42596830D11160BD
:10C40000A36859050BD51A0509D443F40063A18923
:10C4100094F87000A36004F17802FFF74DFB00234D
:10C420006360204617F0A2FC13F02FF894F87030E8
:10C430004FF48072B2FBF0F242430344B3FBF2F1DB
:10C4400002FB1133DBB2591EC9B2FD29F5D884F8BD
:10C45000703000236360094B1A6852B91C6010BD2C
:10C460001A465B68002BCBD09C42F9D163685360BD
:10C47000C6E7131D5268F0E7F4190020F8190020F0
:10C4800010B5084C206830B9074BBDE81040186063
:10C4900001200BF001BF436890F871102360FFF793
:10C4A00087FFEFE7F4190020F819002090F87430A6
:10C4B00003F00B03013BDBB20A2B9ABF014AD05CAD
:10C4C00000207047D65603001FB5014690F8703023
:10C4D0008DF80430FFF7EAFFB1F86230ADF80630AE
:10C4E000B1F86430ADF80A30B1F866308DF80C0060
:10C4F000ADF8083001AAB1F86C300548ADF80E303F
:10C5000040F2031117F046FC05B05DF804FB00BFD4
:10C51000A419002007B590F870308DF8051001AA15
:10C5200040F2072103488DF8043017F033FC03B0C4
:10C530005DF804FBA419002038B50A4B1B680446BB
:10C540000D462BB143699B0702D513F0F8FA30B1C1
:10C5500020682A460421BDE8384014F0B7BDA3691D
:10C560009D6138BDFC190020014B1860704700BF69
:10C57000FC190020024B1868003818BF01207047D2
:10C58000FC19002013B50446019120B901A817F049
:10C59000CCFC212012E008460029FAD017F04AFD11
:10C5A00080B20028F2D0094B01991B6820464BB19C
:10C5B000984728B901992046FDF7ECFF02B010BD5D
:10C5C0000020FBE701F0D2FAF3E700BFFC190020DE
:10C5D00038B5436A5904044615D4134A92F82B20FF
:10C5E000012A03F400430FD1826A92040CD4002B79
:10C5F00001460CBF5320142012F051F818B9636A99
:10C6000043F00803636238BD002BFCD1074D204680
:10C610002946FDF77DFF0028F5D12868AA88AB7967
:10C620002060A280A371EAE72C1900203B190020AA
:10C630002DE9F041164D85F82A0038B300EBC00013
:10C64000C1000023012204200BF0D8FD044650B99C
:10C6500004200BF051FE48272860A04695F82A30A8
:10C66000A34203DC00242046BDE8F0812E6807FBCE
:10C67000046614220021C6F8188006F1340017F071
:10C68000FBF8304613F07EF80134E7E72860E9E76D
:10C690002C190020074B93F82A20824281BF1B6887
:10C6A00000EBC00003EBC003586A8CBF00F0010030
:10C6B000002070472C19002008B50146FFF7EAFF5B
:10C6C00040B1054B1B6801EBC10103EBC103586A84
:10C6D000C0F3C02008BD00BF2C1900202DE9F04F89
:10C6E000384A93B05168074610680FAB03C390688F
:10C6F000354A1860146807EBC70304EBC30412AA99
:10C70000E37B94F82E8094F82F6002EB430333F818
:10C710000C1C636ADA0447D4012641F01001B046CC
:10C7200094F80D9094F83150C3F3404A5B0348BF2E
:10C730004AF0020A8BB289F00809B8F1010F0B9395
:10C7400004F1070BD4E90723C9F3C00994F9324077
:10C7500009D0B8F1020F06D0B8F1040F14BF4FF0A2
:10C7600000084FF00308012E05D0022E03D0042E3E
:10C7700014BF002603263846CDE90C23FFF79CFFA3
:10C780000121CDE90760CDE90051CDE90548CDE9AA
:10C7900003BADDE90C230B99CDF80890384601F077
:10C7A0008DFB13B0BDE8F08FA26A950648BF41F03B
:10C7B0002001500648BF41F04001DA0348BF41F074
:10C7C0000401ADE7E25603002C19002070B50C4BB4
:10C7D00093F82A601C6800218E4202DCFF2528465F
:10C7E00070BDCDB22846FFF755FF28B1E37B012B82
:10C7F00002D1636ADB06F2D401314834ECE700BFB2
:10C800002C190020014B93F82A0070472C190020A6
:10C8100070B504461546FFF73DFFB8B10E4A1368E0
:10C8200004EBC40403EBC403E6005B6A13F01004DA
:10C830000FD0C3F300330B7013683344DB7B5A1EF5
:10C84000042A04D8033B18BF01232B7070BD0023BA
:10C85000FBE72046FAE700BF2C1900203F4A70B5DD
:10C86000146800EBC00304EBC3040646636A5B076D
:10C8700004D500231A46194601F002FC636A9D079D
:10C8800006D53046FFF72AFF636A23F0020363628E
:10C89000636A18070CD5A2792146C2F3C00230465C
:10C8A00001F08CFB0546E8B9636A23F00803636274
:10C8B000304613F013F90546A0B9626AD10611D5C6
:10C8C000D30404D5304611F0E8FE40B11BE0120657
:10C8D000E37B09D4E37B626A023B012B15D9616AD1
:10C8E00048071FD4284670BD03F0FB03012BF6D088
:10C8F0002169304601F088FB636A256123F08003DB
:10C9000063620028E6D00546ECE7D305E7D5616908
:10C91000304601F097FB00236361636A23F4807360
:10C920006362D2E7E37BA28D012B03D1A2B1802AFF
:10C9300028BF802211F0400F94F830304FF00101F1
:10C9400018BF0123304601F09BFB0028DBD1636A4E
:10C9500023F004036362C5E74022EBE72C190020B3
:10C960002DE9F041114D0024482795F82A30A342C3
:10C9700001DCBDE8F081E6B23046FFF78BFE98B1EE
:10C98000286807FB04F84044436ADA060CD55B04C8
:10C990000AD4FFF71DFE2B68434430465A6A42F022
:10C9A00006025A62FFF75AFF0134DEE72C19002015
:10C9B0002DE9F04FDFF84892D9F8004000EBC003B2
:10C9C00004EBC30404F1100A89B0804650460E46B9
:10C9D000174617F0AAFA04F114031846029317F049
:10C9E000A4FA002017F066FC0546002800F0038139
:10C9F000012F40F2726718BF1F27012EA6735CD06B
:10CA0000022E0CBF062604260221284612F0DEFE66
:10CA10000121284612F0DAFE3146284612F0D6FEF1
:10CA2000284617F007FB86B2B91B012300930A22A0
:10CA300042F6072389B2284612F018FF0644B6B220
:10CA4000B91B04230093122242F6042389B228461C
:10CA500012F00CFF0644B6B2BB1B012B06950393E4
:10CA60002DDC002399F82B20002A00F0A4805046EA
:10CA700017F05BFA636A256143F080026262DB04AF
:10CA800000F1AB8099F82B00002840F0A68017F049
:10CA900011FC0790002800F0A080394612F0A1FE9A
:10CAA000002800F0A4800298079D17F03EFA636A00
:10CAB000656143F4807363628FE00526A4E700207C
:10CAC00017F0F8FB07900028CBD0BB1E9B1B022160
:10CAD0001FFA83FB01F014F88345064611D22BF0B0
:10CAE00001018AB2411A07A8049217F045FB049A83
:10CAF000164602223EB90798F0B907A817F015FAB2
:10CB0000AFE70322F6E7711C06980492C9B212F04F
:10CB10005DFE049A0698114612F058FE079906A881
:10CB200017F0A4FB002017F0C5FB0790002836D0B3
:10CB3000ABEB06031FFA83FB5B46022B38BF0223D5
:10CB40009A1E92B20F2A31D91021049200F0D8FF18
:10CB5000049A824203461FD222F00F018AB2934602
:10CB6000411A07A817F008FB5B460622591C0698D5
:10CB70000493C9B2059212F029FE059A069811464F
:10CB800012F024FE079906A817F070FB049BB21C54
:10CB900013449BB23EB965E740B10722E6E707A818
:10CBA00017F0C3F9334602339BB25BE707A817F0CF
:10CBB000BCF93346EEE7039AD11A89B2284612F03F
:10CBC00010FE0646504617F0B0F9636A256143F03F
:10CBD00080026262002E3FF452AF606A10F01000D3
:10CBE0000AD0404609B0BDE8F04FFFF737BE07A8AE
:10CBF00017F09BF9F1E71A2009B0BDE8F08F00BFEC
:10CC00002C19002070B5054614461E46FFF742FD5C
:10CC100030B3144B186805EBC50500EBC500426A3C
:10CC200093050BD4A1F120054FF6DF739D4217D871
:10CC3000A4F120059D4213D8A14211D8C3698B42AB
:10CC400002D1036AA34204D0C0E9071442F00202F1
:10CC500042629DF8103080F830308685002070BD2B
:10CC60002120FCE72C190020044A116800EBC003C6
:10CC700001EBC301CA7B12F052BE00BF2C19002089
:10CC8000F8B505460C46FFF705FD28B3052923D85E
:10CC9000124E336805EBC50203EBC203D7001869D7
:10CCA00017F0C8F91F2817D833683B44586917F0A4
:10CCB000C1F91F2810D8012C0ED0231F012B0BD92E
:10CCC0003168394422464B6A23F482534B6228462A
:10CCD000BDE8F84012F023BE2120F8BD2C19002039
:10CCE00010B50446FFF7D6FC90B10A4A106804EB71
:10CCF000C40300EBC300436A23F0500343F0040372
:10CD0000436212F035FD2046BDE81040FFF7A6BD96
:10CD1000212010BD2C19002070B50546114890F84F
:10CD20002A4003680022944201DC1A2016E0596A66
:10CD3000CE0714D493F83960760710D40A4CD0F893
:10CD40000F00A688186041F00901A0799871D4B24B
:10CD50009E8059622046FFF7C1FC2C7070BD0132E5
:10CD60004833E0E72C1900203B19002070B5FFF78D
:10CD70002DFDFF28044615D00B4D03B2286803EBA8
:10CD8000C30300EBC300DE00436A23F010034362D9
:10CD900012F0EEFC2968314420463431BDE8704081
:10CDA000FEF702BB70BD00BF2C1900208378122B48
:10CDB0002DE9F0410F463CD10B689A790C321344AF
:10CDC000DD781E790DB145F480553046FFF762FCE1
:10CDD000D0B1DFF86480D8F8004006EBC60304EB5E
:10CDE000C304636A23F01003636295B9A069224605
:10CDF000314608F12E0300F089F9A5612222294667
:10CE000008F12E0016F038FD3846BDE8F04117F065
:10CE10008CB8204612F0ACFC636A5A0603D523F0A6
:10CE200040036362F0E704F134013046FEF7BCFAD8
:10CE3000EAE7BDE8F08100BF2C19002073B5144D5E
:10CE4000144C6A68236802F0800103F002030B436C
:10CE50001BD0530654BFA67A0126FDF7F1FA0196BE
:10CE6000837983F00803C3F3C0030093E388A288A7
:10CE7000217A607A00F0DEFF40B9236823F00203D4
:10CE800023606B6823F080036B60002002B070BDEC
:10CE90002C190020001A0020064B0121A3F10802E2
:10CEA0000020C3E9000043F8081C4FF01013536042
:10CEB00051727047081A0020014B187B704700BF61
:10CEC000001A0020024BD87A003818BF01207047A2
:10CED000001A002070B5224E716811F002013AD19B
:10CEE000204D2B68580706D5084600F0C9FF2B686F
:10CEF00023F004032B602B68726803F0080302F030
:10CF00000402134310D0FDF79BFA83791A071FD54B
:10CF1000FEF7C2F80446C8B92B6823F008032B605B
:10CF2000736823F004037360FFF788FF044668B951
:10CF3000EB7A5BB12B685B0708D40121084600F04F
:10CF40009FFF50B92B6843F004032B60204670BD4F
:10CF5000FEF786F8DEE71124F8E70446F6E700BF9F
:10CF60002C190020001A0020032805D10A4A136852
:10CF700043F00803136008E0012808D1064BDA7A71
:10CF800042B11A6842F008021A60FFF7A3BF10F01E
:10CF9000FD0FEBD000207047001A0020094B10B5A0
:10CFA00000205862FFF7D4F904461CB9BDE81040D0
:10CFB000FFF766BA204641F2160112F0EAFC6468F7
:10CFC000F3E700BF2C190020A0F11B03E02B10B5E4
:10CFD000044618D8042142F2240011F0EBFF6FF050
:10CFE0006F03437142238371A0F803400748F8F7A9
:10CFF00027F912F023F8407920B112F01FF8407998
:10D0000040F4805010BD2120FCE700BFC3CF0200D8
:10D0100037B50D46044612F0E3FC6988204612F04D
:10D0200029FA6A7E2B7E43EA0223A4F862306A7FE3
:10D030002B7F43EA0223A4F86430EA7EAB7E43EA06
:10D040000223A4F866301B23A4F86C302D4BDA8B36
:10D050001B8CA4F86A30022384F87230A4F868208C
:10D06000204612F090F8204614F0FCF894F8733043
:10D07000022B15D101F056F970B194F975300133D6
:10D080000AD1A368052143F480532046A36003B06E
:10D09000BDE8304012F0FBBC0021204612F0EDF953
:10D0A0000021204600F02CFA288C4FF6FF7398429E
:10D0B00025D000F0C5F9009400F0B0F96A46ADF84B
:10D0C000040040F20621104816F064FE002240F2EF
:10D0D0000221204616F01AFE2046FFF7F5F92046F9
:10D0E00014F0CCF8204600F079FEA36823F48043C6
:10D0F000A3600121204612F0D2FC03B030BD002015
:10D10000D9E700BF2C190020A4190020F7B5044668
:10D110000F461646991D5A7968461D46FDF7D6F901
:10D120002CB969463046FFF7B9F80446A0B140F281
:10D130000323A4F8723084F876703368C4F85A3048
:10D14000B388A4F85E30B37984F86030294620466D
:10D15000FFF75EFF03B0F0BD032140F2064011F07F
:10D1600029FF6B88A0F803300D2343710148F8F7BD
:10D1700067F8EFE7A7CE020007B54FF4887190F883
:10D18000703004488DF8043001AA16F003FE03B095
:10D190005DF804FBA41900202DE9FF410378302B32
:10D1A00004460E4639D006D8052B25D0082B41D091
:10D1B00004B0BDE8F0813E2BFAD183780C2B4BD81C
:10D1C000022BF5D9033B092BF2D801A252F823F028
:10D1D00069D20100A5D30100B1D10100B1D1010094
:10D1E0003DD30100B1D10100B1D10100B1D10100A5
:10D1F000B1D1010091D30100B0F80300FFF78CF822
:10D2000028B1617909B141F4805112F0C2FB304676
:10D2100004B0BDE8F04116F088BEB0F80300FFF797
:10D220007BF80028F3D0A17809B141F4805112F0C5
:10D2300009FCECE7B0F80300FFF76EF80028E6D031
:10D24000627990F8743022B143F0010380F87430B1
:10D25000E9E703F0FE03F9E7212B00F0B880292B62
:10D260001FD0202BD3D0A3E78088FFF755F80028E4
:10D27000CDD0E278002ACAD1E179A27942EA01222E
:10D28000A0F86220E17AA27A42EA0122A0F86420A2
:10D29000227A617A42EA0122A0F86620FFF714F9A7
:10D2A000B5E7C7783C2F00F1020502D1FFF75EFD1C
:10D2B000ADE790F80680B8F1000F23D1544A546AC4
:10D2C000C2F82480CFB147F480572946204612F097
:10D2D00087FBE76084F8728001AA40F201212046B2
:10D2E000CDE9014716F056FDA36843F48063A360BF
:10D2F00041462046FFF75CF889E729462046FFF7BC
:10D3000087FE84E7408C4FF6FF7398420BD000F005
:10D3100097F840B1FDF794F82B460246FF21002014
:10D32000FFF7F4FE73E73B4B223455F8042B43F828
:10D33000042BA542F9D12A881A8068E7B0F80300C7
:10D34000FEF7EAFF00283FF462AFB4F8053090F82A
:10D350007020A0F86C308DF80420ADF80630227AE9
:10D36000E37943EA0223ADF80830A27A637A43EA0C
:10D370000223ADF80A30227BE37A43EA0223ADF8B8
:10D380000C3001AA40F20911234816F003FD3EE7D4
:10D390008088FEF7C1FF00283FF439AFA179FFF77D
:10D3A000B9F834E78088FEF7B7FF00283FF42FAFC5
:10D3B00090F870308DF80430D4F80630CDF8053090
:10D3C000D4F80A30CDF8093001AA0E21DCE78088B4
:10D3D000FEF7A2FF00283FF41AAF90F870308DF8E6
:10D3E0000430E3788DF80530A3798DF80630E379C1
:10D3F0008DF80730237A8DF80830637A8DF809307C
:10D40000A37A8DF80A3001AA4FF40371BCE700BF7C
:10D410002C1900205A190020A419002050B1074BE4
:10D420001B68C31A807A0C22B3FBF2F340EA032094
:10D4300080B270474FF6FF70704700BFA40B00200A
:10D4400009490B7A09680246FF2B01D10020704779
:10D4500003EB430301EB830031F82330C3F30B03E9
:10D460009342F4D0C37AEFE7A40B002008B5054B34
:10D47000054A1978054817F0A2F8054BF7221A80DB
:10D4800008BD00BF7B200020EE5603000D200020C9
:10D490001A0D002010B5044670B30068836CA342D7
:10D4A00022D1636883641549224616F03BFC04F1DF
:10D4B0000C0016F05BFC04F1440016F036FDFFF79B
:10D4C00059F858B1A06948B1143016F02EFDA06982
:10D4D000183016F02AFDA0690BF020F92046BDE8AF
:10D4E00010400BF01BB91346002BDCD05A68A24247
:10D4F000F9D162685A60D6E710BD00BFCFFB0200C9
:10D50000F8B5054648200E4617F05EF82A4F044647
:10D51000387818B14822214617F054F88CB1FFF73B
:10D5200029F898B11C2017F04FF80146A06138780F
:10D5300010B11C2217F046F8A3692BB920460BF056
:10D54000EDF800242046F8BD00221A700321284679
:10D5500011F093FFAB6C6360AC6417232681002647
:10D5600063811649256022462677666428460AF0BC
:10D57000B9FD03F0FFF93246014604F10C000AF050
:10D58000B1FD02232374FEF7F5FF18B90C4B1B788D
:10D59000002BD7D00B4B19881729D3D9204611F06F
:10D5A000FBFF0028CED11221204612F0D5FA636984
:10D5B00043F002036361C5E70D200020CFFB0200AA
:10D5C0000C2000201A0D0020F8B5054610B30029E4
:10D5D00020DB114C2468247E8C421BDD3F2919DCA2
:10D5E00001F0030600EBA101760091F8314003271A
:10D5F000B74002F0030224EA0704B240224381F854
:10D60000312013B1002112F061FB2846BDE8F8403B
:10D6100012F0B9BBF8BD00BF181A002070B516464D
:10D6200000221A7032800A7A0D46072A4DD8DFE8A8
:10D6300002F004090D111A1E304AE86830F8023B66
:10D64000338043E0EB68981D5B88F9E7EB68981D31
:10D650009B88F5E7697B1E4B12F085FB0222188040
:10D660003280184632E002231A4833802EE01A4CEA
:10D670002B7B23702B88E889013363702B8801335F
:10D680001B12E11CA37000F0A1F90330308020468A
:10D690001CE0124CA889EB89A370020A1B0A2070B7
:10D6A0006270E37000F006FA58B1C3681A88022A63
:10D6B00007D19A782271DB7863710623074833809B
:10D6C00004E00423FAE780221A70002070BD00BF36
:10D6D00027200020FE560300142000200E200020EA
:10D6E000054A064B1860136843F001031360044BAE
:10D6F000828B1A80704700BF101A0020181A002071
:10D700002E1F00202DE9F04F504E37688FB00023B8
:10D7100017F00807CDE90433CDE9063305460DD0EF
:10D720004B4B014603F1100253F8040B41F8040B74
:10D730009342F9D100200FB0BDE8F08F10200AF01D
:10D74000DBFD044600287ED00DF001FB0220F5F73A
:10D7500073FA01462046F5F797FA00286DD180222A
:10D7600004A92046F2F7D8FD002866D1B946394B06
:10D770001B68D988BAB2914219D829462046F2F7D7
:10D7800021FE2046F5F764FA214610200AF0D6FD66
:10D790002F4B294605F1100251F8040B43F8040BF6
:10D7A0009142F9D1336843F008033360C2E71A6845
:10D7B000ADF80E901FFA87FB4FEA0B1802EB0B1B1C
:10D7C0005846019212F0C7FE8246584600F046F9CC
:10D7D00020B3AAF520539BB2032B019A02D9BAF5C4
:10D7E000245F1DD132F80830ADF820300DF10E0263
:10D7F00059460DF10D030020ADF822A0FFF70EFFF2
:10D80000BDF80E20014609A816F041F8BDF80E201B
:10D8100008A904322046F2F7C3FD70B90137A6E724
:10D820000AF55643FF339BB2042BF7D832F8083081
:10D83000ADF82030ADF822A0E8E7014640F20740FD
:10D8400000F014FE9DE71A2075E700BF101A0020B3
:10D8500029200020181A0020144B1B6813F0040321
:10D8600070B5014606D0124B1C68E389002290B2C5
:10D87000834209D80F4A1468E589002290B2854294
:10D880000AD84FF6FF7006E0A56835F812508D42B1
:10D8900002F10102EBD170BDA66836F812608E422B
:10D8A00002F10102EAD1034498B2F4E7101A002011
:10D8B000141A0020181A0020094B1B685B070AD5B0
:10D8C000084B1A68D389834203D9936833F8100050
:10D8D0007047C01A80B2044B1B689B68F6E700BF14
:10D8E000101A0020141A0020181A002038B50468F5
:10D8F000094905460C22204615F094FF50B9074906
:10D90000022204F10E0015F08DFF18B90C342C60C2
:10D91000022038BD1020FCE7015703000F57030019
:10D920002DE9F743102801910BD0022804D04FF6BF
:10D93000FF7003B0BDE8F083019B1888FFF78CFFF0
:10D94000F7E701A8FFF7D2FF0228F5D01028EED1A3
:10D950001B4B019F1E6816F0040608D0194BD3F824
:10D960000080B8F816600024A5B2AE421AD8164B53
:10D97000D3F80080B8F816900025ACB24C45D6D24A
:10D98000D8F81000102200EB0510394615F04AFFB8
:10D9900001350028F1D1A0196FEA40406FEA5040EC
:10D9A00080B2C6E7D8F81000102200EB0410394608
:10D9B00015F038FF01340028D6D145F40040B8E70F
:10D9C000101A0020141A0020181A0020020408B5AA
:10D9D0001DD5124B1B685B07C0F30E0013D5104B0F
:10D9E0001A68D38A98420CD2136903EB001000F135
:10D9F000100350F8042B41F8042B9842F9D1102061
:10DA000008BDC01A80B2074B1B681B69EDE7FFF722
:10DA100053FF0870000A48700220F1E7101A002036
:10DA2000141A0020181A00200B4B1B6870B51D68D3
:10DA3000044642F60306A5420AD2204629B912F04E
:10DA40008AFDB04206D1103402E012F08EFD08B11A
:10DA5000204670BD103CEEE7181A0020437ADA0722
:10DA600002D5C3F380007047034BC2881B881A425B
:10DA700014BF0120002070472E1F00200A4B1B6896
:10DA8000DB0708D570B1094B1B68DB88834234BFC4
:10DA900000200120704728B1054B1B88834294BFAA
:10DAA00000200120704700BF101A0020181A002023
:10DAB000301F002070B50246FFF7E0FFE8B10F4BC2
:10DAC0001968CD88954209D302F1805001380B685E
:10DAD000040103EB00101B5B93420ED0002398B2AD
:10DAE000854201D8002008E00E681C0106EB0310F7
:10DAF000345B944203F10103F1D170BD181A002088
:10DB00002DE9F3410025184F01900E46A8463A68CA
:10DB1000D188ABB299421DD91468ABB204EB03149F
:10DB2000B4F90430002B1CDA2046FFF797FFC0B190
:10DB3000E1680B889E4214D132460198023116F0FA
:10DB4000B7FCE3681B8882B2934207D0114601A854
:10DB500016F012FB404602B0BDE8F08143441FFAC4
:10DB600083F80135D3E700BF181A002037B58B7949
:10DB700001910C33CD180A46C95C11F0010304462B
:10DB800029D01D290AD101211E2011F0A7FC014630
:10DB9000204611F0FBFC012003B030BD032916D153
:10DBA0000E4BB5F801201B884189934228BF1346CC
:10DBB000172BB8BF1723438111F0A3FF636923F02C
:10DBC0000203636140F20941204611F0C2FF01A83F
:10DBD00016F0ABF9DFE71846DEE700BF1A0D0020AC
:10DBE00038B5124B42891B888B4228BF0B46172B36
:10DBF0000446B8BF17234381114611F082FF6369C1
:10DC000023F002036361A3699D693DB100229A611B
:10DC100029462046BDE83840FEF78EBC40F2094157
:10DC2000204611F096FFA3691D7038BD1A0D002023
:10DC30000148FEF799BC00BF7D09020008B500212C
:10DC400042F20E0011F0B6F9BDE808400148F7F7BE
:10DC5000F7BA00BF93CF020038B590F87230032BAB
:10DC60000446154606D1FFF7E9FF012384F8723018
:10DC7000002019E0C9B9012B2DD9032140F206403B
:10DC800011F098F9B4F86E30A0F8033045711348DC
:10DC9000F7F7D6FA11F0D2F98378002BE5D011F01E
:10DCA000CDF9807840F4805038BDA3B102214FF601
:10DCB000044011F07FF9B4F86E30A0F80330084842
:10DCC000F7F7BEFA11F0BAF94379002BCDD011F075
:10DCD000B5F94079E6E70220E6E700BFA7CE0200EB
:10DCE000DDCE0200F8B507460E4642F213000E21C3
:10DCF00015461C4611F05EF9B7F86E30A0F80330F7
:10DD0000BDF81830A0F80B30BDF81C30A0F80D306D
:10DD1000BDF82030A0F80F30A0F80560A0F807503B
:10DD2000A0F809400648F7F78BFA11F087F98078D8
:10DD300020B111F083F9807840F48050F8BD00BF25
:10DD40001FCF0200F8B50D4607461C2142F219000C
:10DD50001C46164611F02EF9B7F86E30A0F80330C5
:10DD60002B68C0F805306B68C0F80930A0F80D606A
:10DD700023460F3004F1100253F8041B40F8041B33
:10DD80009342F9D10648F7F75BFA11F057F980781A
:10DD900020B111F053F9807840F48050F8BD00BFF5
:10DDA000CFCD020070B506460D4642F27A0004213E
:10DDB000144611F0FFF8A0F803604571847106481D
:10DDC000F7F73EFA11F03AF9407920B111F036F93F
:10DDD000407940F4805070BD21D3020010B502217B
:10DDE000044642F2300011F0E5F8B4F86E30A0F8C5
:10DDF00003300F48F7F724FA11F020F9437963B99B
:10DE000011F01CF9C088FEF787FA044628B111F01A
:10DE100015F9017A2046FEF77DFB11F00FF94079E4
:10DE200020B111F00BF9407940F4805010BD00BFD3
:10DE3000F1550100F8B507460E4642F241000821AF
:10DE400015461C4611F0B6F89DF81830C3709DF8C1
:10DE50001C30037147718671A0F80750A0F8094083
:10DE60000648F7F7EDF911F0E9F8407920B111F023
:10DE7000E5F8407940F48050F8BD00BFA1520100A0
:10DE800038B505460C4642F24200062111F092F8E0
:10DE9000002343718371C3710372C5700471064816
:10DEA000F7F7CEF911F0CAF8407920B111F0C6F8B1
:10DEB000407940F4805038BDF95201002DE9F0411D
:10DEC00006460F4642F23600192115461C46DDF87B
:10DED000248011F06FF82B0AC371230A83729DF816
:10DEE000183003739DF81C308571447243732D0CF8
:10DEF0009DF82030C670240C87800572C47283732D
:10DF0000D8F80030C0F80F30B8F80430A0F813305B
:10DF10009DF8283043759DF92C3083759DF830307D
:10DF2000C375002303769DF8343043769DF838306E
:10DF3000C37686760648F7F783F911F07FF84079C3
:10DF400020B111F07BF8407940F48050BDE8F081B9
:10DF50009953010038B505460C464FF61940052186
:10DF600011F028F8C57044600648F7F769F911F018
:10DF700065F8407920B111F061F8407940F48050A3
:10DF800038BD00BF7BCB020038B505460C464FF6C6
:10DF90001A40052111F00EF8C57044600648F7F7E5
:10DFA0004FF911F04BF8407920B111F047F8407962
:10DFB00040F4805038BD00BFABCB020070B50D46B9
:10DFC00006460121DAB1FFF7C5FF0446A8B90721CB
:10DFD00042F2350010F0EEFFC6702B684360AB884C
:10DFE00003810848F7F72CF911F028F8437923B199
:10DFF00011F024F8447944F48054204670BDFFF7B2
:10E00000C3FFE2E73BCD020010B50A4604460421F7
:10E0100042F2370010F0E3FF032303710023437142
:10E020008371C4700648F7F70BF911F007F84079CF
:10E0300020B111F003F8407940F4805010BD00BFCA
:10E040002FCC020010B50A460446042142F23800E3
:10E0500010F0C5FF03230371002343718371C47063
:10E060000648F7F7EDF810F0E9FF407920B110F01D
:10E07000E5FF407940F4805010BD00BF7BCC02002A
:10E08000F8B506460F4642F23900062114461D46F1
:10E0900010F090FF01238471240A0371C770467148
:10E0A000C47105720648F7F7CBF810F0C7FF407946
:10E0B00020B110F0C3FF407940F48050F8BD00BF9C
:10E0C000C7CC02000148FCF719BF00BFD1E0010036
:10E0D0002DE9F04F867987B00C3605900546805BB8
:10E0E000C0F30B00FEF718F9044618B905A815F09F
:10E0F0001CFF4EE090F87230022BF7D1AB5B059A13
:10E10000C3F30B0103F44053B3F5805F9060A95350
:10E1100042D153796FF300035371836B002BE5D029
:10E12000042105A804F1380615F0FFFF05993046D3
:10E1300015F0E2FFA06B002301465A1CA9BBDBB21D
:10E14000012B01D916F049F8A06B15F073FF0328D5
:10E150001FD9D4F8389099F80670484615F06AFF30
:10E160000C3709EB070539F80770A0F1040847459B
:10E1700022D9524FD4F838A007F1100957F804BB40
:10E180005346424629462046D8474F4510D00028DE
:10E19000F4D007B0BDE8F08F383015F0C6FE059A10
:10E1A000537943F001035371BAE709681346C4E792
:10E1B0000028EED130469AE7A06B15F03BFF0437FC
:10E1C0008742F7D36988A1F140033F2B0BD8042184
:10E1D000304615F0AAFFA26B6988204612F0C0FFF6
:10E1E0000023A363D5E705290BD0062961D00429B4
:10E1F000E0D1304615F099FFA16BA06CFEF7C2F993
:10E20000EEE72946204612F0A9FF02460028D1D1A8
:10E210002B79122B06D0132B36D06979204612F0B9
:10E2200075FFC7E794F87330022BF6D029898B1F4E
:10E230009BB240F67A40834224D86A89931F9BB2EE
:10E2400083421FD891421DD8AB89B3F5FA7F19D20A
:10E25000EF89A7F10A0080B240F6764C604511D8EC
:10E26000B4F86A000290B4F86800CDE90070204666
:10E27000FFF738FD021E18BF01226979204612F00F
:10E2800001FF97E70122F8E794F87330012B03D1DF
:10E290006979204612F03AFFA3681A048AD523F45C
:10E2A0000043A3602B89012B84D12046FEF764FF35
:10E2B00080E7A16B204612F0D3FF91E714570300CB
:10E2C0000C4B1A7801469AB95B689B0710D490F9F9
:10E2D0007520013218BF012291F8523013F040002E
:10E2E00005D091F8600010F0400018BFD0B2704720
:10E2F0000122F1E71C1A0020024B586800F00200CE
:10E30000704700BF1C1A0020024B586800F008003C
:10E31000704700BF1C1A0020014B1B68184700BF44
:10E32000B00B002008B510F055F902281BBF034BB5
:10E330005868002000F0100008BD00BF1C1A002023
:10E3400007B502460846042802F0010113D9B1B905
:10E3500003200C4B5A6002F08003019302F040034B
:10E36000009302F0200302F0040200F0C1F9002043
:10E3700003B05DF804FB0029EBD00328E9D121208C
:10E38000F6E700BF1C1A002038B50D490D480AF009
:10E39000F3F90446054688B90B4B0C4A1A600C4A3F
:10E3A0005A600C4A9A600C4ADA6000F0F3F90321D3
:10E3B00004462846FFF7C4FF084B1D70204638BDB1
:10E3C000EFBEADDEBEBAFECAB00B0020E5E601002E
:10E3D0003517030031E7010045FC01001C1A00203D
:10E3E00038B5044603200AF07BF90546D0B194F80D
:10E3F0007030037094F8753043702046FEF756F87D
:10E400002A46A87040F20261074815F07FFC074BCE
:10E410002046DB680121984794F97500BDE8384033
:10E42000FBF786BD38BD00BFA4190020B00B00204B
:10E4300070B5054608200E460AF052F9044680B130
:10E4400095F870300370074B466000212846DB6862
:10E45000984722460448BDE8704040F2016115F03B
:10E4600055BC70BDB00B0020A419002038B505467E
:10E4700008200C460AF034F9024638B1C0E90054CD
:10E480000D21BDE83840024815F040BC38BD00BF42
:10E49000A419002038B5054608200C460AF020F9DA
:10E4A000024650B195F870300370446040F2056147
:10E4B000BDE83840014815F029BC38BDA41900203A
:10E4C00013B504460191114612B301A904200AF0C4
:10E4D000A9F9019B104AB3FBF2F102FB113301933E
:10E4E00045F2180201AB0021204613F086F80820FF
:10E4F0000AF0F6F8024648B194F870300370019BB8
:10E50000436040F20461054815F000FC02B010BD04
:10E5100001AB45F21802E8E740420F00A4190020C1
:10E5200010B5044601200AF0DBF8024648B194F821
:10E5300070300370BDE81040024840F2036115F0EE
:10E54000E5BB10BDA419002038B5054608200C46CF
:10E550000AF0C6F8024650B195F870300370446076
:10E5600040F20761BDE83840014815F0CFBB38BD27
:10E57000A4190020014B5B68184700BFB00B0020B6
:10E5800010B50F4C2068D0B10023037780F83D30E0
:10E5900080F85E3020219F3015F0DAFF206860217E
:10E5A0005F3015F0D5FF206821211D3015F0D0FF18
:10E5B00020682121BDE810403E3015F0C9BF10BDD4
:10E5C000241A0020F0B50D468FB006461446324995
:10E5D0002022284615F026F970B93049202220461D
:10E5E00015F020F940B92E4B1B681B7D002B51D034
:10E5F00040F203400FB0F0BD366C202206F151010D
:10E60000284615F00FF938B9202206F1710120468D
:10E6100015F008F90028EBD068460CF07DFE06AA3C
:10E620002B4605F12007154618685968164603C69B
:10E630000833BB423246F7D12021284615F07AFF35
:10E640002022294668460BF09CFE224602F1200655
:10E650002C4610685168234603C30832B2421C4658
:10E66000F7D12021284615F065FF2022294602A86F
:10E670000BF087FE012104A80BF053FE084B18682D
:10E680006946C030F4F7B4FB044668460CF073FEEC
:10E69000002CADD10020ADE75858030038580300D6
:10E6A000241A002000F0C003402B07D1094B1B683F
:10E6B00073B100F03F0053F820007047802B01D168
:10E6C000054BF4E7054A0648C02B08BF10467047C3
:10E6D000034870472C1A0020281A0020A5190300AF
:10E6E00065E90100014B1B68187A7047241A002065
:10E6F00010B50E4C0039246818BF0121003B18BF2B
:10E700000123A3749DF808302070003A18BF01223D
:10E71000003B18BF0123E3749DF80C302174003BCB
:10E7200018BF01236274237510BD00BF241A002096
:10E7300001280AD002280ED098B90B4B1A689369A9
:10E7400043F00103936100207047074B1A689369F7
:10E7500043F00203F6E7044B1A68936943F004039D
:10E76000F0E72120704700BF241A0020024B034A23
:10E770001A600020704700BF2C1A0020F4570300D5
:10E78000024B034A1A600020704700BF281A00207D
:10E79000CC57030070B51F4D286838B94FF49070FE
:10E7A00015F012FF286058B91A2431E0C0300CF07F
:10E7B000E6FDFFF7E5FE28684FF4907115F0C8FEFE
:10E7C0002B6815484FF0FF310022D9600326102135
:10E7D00019721E7011491A7783F83D2083F85E2064
:10E7E0001A829A749A6109F07DFC044680B92868FF
:10E7F000C0300CF09FFD28683146C030F4F7C0FDF2
:10E8000030B122460549044815F08CFA40F207441D
:10E81000204670BD241A0020301A00206B1503001A
:10E820002DE9F043DFF838911F46D9F8003015463E
:10E830001A7F022A8BB080460E461DD103F15F0479
:10E8400003F17F0254F8041B46F8041B9442F9D1EB
:10E8500003F19F0254F8041B45F8041B9442F9D1BC
:10E86000BF3354F8042B47F8042B9C42F9D1B8F17C
:10E87000000F66D1002442E09C6914F001041BD013
:10E88000334B03F1200253F8041B46F8041B934258
:10E89000F9D1304B03F1200253F8041B45F8041B57
:10E8A0009342F9D12C4B03F1200253F8041B47F893
:10E8B000041B9342F9D1DAE704A80CF02DFD02A85D
:10E8C0000BF0A8FCD9F80000244B009404AA02A97C
:10E8D000C0300CF06FFC0446A8B104A80CF04BFD4E
:10E8E00002A80BF09CFCB8F1000F03D008214046B1
:10E8F00013F036F8214640F20740FFF7B7FD2046F7
:10E900000BB0BDE8F0833146202204A80BF04FFD88
:10E910002946202206A80BF04AFD2022394602A8EB
:10E920000BF045FD04A80CF026FD02A80BF077FCC7
:10E930003046202115F0FEFD2021284615F0FAFD75
:10E9400095E7002245F21601404612F046FE91E797
:10E95000245703004557030066570300BF13030005
:10E96000241A002045F20603994210B504463CD013
:10E970000DD840F2032399421AD045F2020399427E
:10E9800011D040F20123994212D048202CE045F2E8
:10E99000170399423AD045F21A0399421CD045F226
:10E9A0000C039942F1D10521204612F0D9FF1AE05B
:10E9B000174894F8701015F08AF994F87330012B09
:10E9C00014BF80204020FFF76DFE4FF4A0410346A6
:10E9D000002220469847D8E7C02112F0E3FD072126
:10E9E0002046FFF725FD002010BD93791A44517C85
:10E9F00041F49051FFF71CFD94F87330012B14BFC4
:10EA000080214021204612F0CDFDECE70220EBE70B
:10EA1000301A0020B1F5A04F2DE9FF4104461546FC
:10EA200000F0E980A1F5A043DE1F042E00F2EA8089
:10EA30009279066C0C32083B96F86C711544032BE6
:10EA400003D8DFE803F0307987D5F9072ED56F1D9D
:10EA50006F481022394614F0E5FE002865D096F97B
:10EA60007A013B46102203210FF0B6FD06460FF057
:10EA7000B1FD022811D194F87330012B0DD13B4622
:10EA800004F11802153553F8041B42F8041BAB427D
:10EA9000F9D1A36843F48073A3601021384615F0C0
:10EAA00057FD002737E017F001070ED10027226C31
:10EAB00092F86C3123EA070382F86C31204613F098
:10EAC0000DF8002004B0BDE8F0810FF083FD0228AE
:10EAD0000DD0206C6B4690F97A01102203210FF0C3
:10EAE000A9FD0028E2D01021684615F031FD206C08
:10EAF00005F10508434690F97A010A2202210FF038
:10EB00006BFDD5F80530A362D5F80930E362B5F89E
:10EB10000D3023860646002EC9D000213046FFF76F
:10EB2000A5FC0821204612F01BFF2046082112F008
:10EB300017FF40F20340C5E7BA07B7D5053596F988
:10EB40007A0106212B4610220FF046FD10210646C1
:10EB50002846A4E7BB07A9D50FF03CFD02280DD03D
:10EB6000206C6B4690F97A01102206210FF062FDAD
:10EB700000289BD01021684615F0EAFC697989B914
:10EB80006B1D0A4613F8010F60B90132062AF9D14C
:10EB900094F85210206C81F0080104F14C03C1F389
:10EBA000C00107E00039206C05F106034FF00602B2
:10EBB00018BF012190F97A010FF00EFD226CD2F8F6
:10EBC000743143F04003C2F874316B89ADF80430FE
:10EBD0006B790646002BD5F8060000900CBF492340
:10EBE000722368468DF80630022710F096FA92E7F5
:10EBF00007F004075BE712F003FC236C002283F8A4
:10EC000078215BE704B0BDE8F041FFF7ABBE00BF81
:10EC100028580300F0B5B1F5A04F8DB0054608D0D7
:10EC200045F21304A14244D00DB0BDE8F040FFF717
:10EC300099BE046C0023CDE90833CDE90A3394F87A
:10EC40007931042B0DF1200C2CD11F4B1B6893F84C
:10EC50005E205AB103F13E0267464E331068516898
:10EC60003E4603C608329A423746F7D104F22113D2
:10EC7000069305F15303059305F15A030493237991
:10EC8000039363790293A37904F1E102CDE900C310
:10EC900004F2111104F1D103284613F074F9002095
:10ECA0000DB0F0BD013B022B9CBFD4F84831089356
:10ECB000DCE7016C01F2211112F0BEFB4A2128466B
:10ECC00012F070FCEBE700BF241A0020F0B545F20B
:10ECD0000E06B1428DB0044613460BD045F2130325
:10ECE000994260D0B1F5A04F76D112F089FB002097
:10ECF0000DB0F0BD9979026C0C310B44591D02F234
:10ED00003112153351F8040B42F8040B9942F9D132
:10ED1000256C102205F2311105F2211014F082FD4C
:10ED200020B90B21204612F01BFEE0E70023CDE9BD
:10ED30000833CDE90A3395F87931042B0DF1200C15
:10ED40002AD1284B1B6893F83D205AB103F11D02CC
:10ED500067462D33106851683E4603C608329A4212
:10ED60003746F7D105F5AE73069304F15A030593C0
:10ED700004F153030493EB7A03932B7B02936B7B95
:10ED800005F1D102CDE900C305F2111105F1E1034E
:10ED9000204613F0F8F8AAE7013B022B9CBFD5F8F8
:10EDA00048310893DEE7056C102205F5AE7105F2D7
:10EDB000311014F037FD0028B3D1D5F874319B071A
:10EDC00042BF94F8743043F0020384F874304B214E
:10EDD000204612F0E7FB8AE70DB0BDE8F040FFF7F0
:10EDE000C1BD00BF241A002073B545F21406B1421C
:10EDF00004461AD045F21906B14221D0B1F5A04F10
:10EE000028D112F0FDFA216C01F5A273019301F1F2
:10EE1000D103009301F1110201F1E10320465131C8
:10EE200013F052F9002002B070BD036CD3F84421F6
:10EE30000B4BB2FBF3F103FB1121FFF72BFBF1E7C7
:10EE400013781BB90C2112F08BFDEBE7492112F06E
:10EE5000A9FBE7E702B0BDE87040FFF783BD00BF44
:10EE600040420F002DE9F04F97B01C46DDE9209895
:10EE7000544B229F154604AA06468C4603F1100BFC
:10EE80009246186859689646AEE8030008335B4519
:10EE90007246F6D16B4620226146504612F097FA30
:10EEA0008346002871D1484B089365238DF82430A0
:10EEB0000DF1250305F11002184655F8041B43F81F
:10EEC000041B9542F9D1102115F034FB0DF13503E7
:10EED00004F11002184654F8041B43F8041B944232
:10EEE000F9D1102115F026FB99F8063083F00803BC
:10EEF000C3F3C0038DF84530D9F80030CDF8463063
:10EF00000621B9F80430ADF84A300DF1460015F08D
:10EF100011FB98F8063083F00803C3F3C0038DF8A3
:10EF20004C30D8F80030CDF84D300621B8F8043018
:10EF3000ADF851300DF14D0015F0FCFA00238DF8BD
:10EF400054300124239B8DF85340352208A968468C
:10EF500012F03DFA8346C0B92398102115F0EAFA61
:10EF60003B46352208A968468DF8204012F02FFA5A
:10EF7000834650B9B27C0146C2F11002384614F003
:10EF80007BFC1021384615F0D5FA1021684615F0A3
:10EF9000DFFA352108A815F0DBFA1021504615F0EC
:10EFA000D7FABBF1000F06D00821304612F0D8FC8A
:10EFB00017B0BDE8F08F5A4645F21201304612F004
:10EFC0000CFBF5E7875703000062746C2DE9F041F4
:10EFD00094B0074606A80C46984615460CF09CF9D6
:10EFE00002A80BF017F90CAB04F1200C1E462068A8
:10EFF00061681A4603C2083464451346F7D12021DC
:10F00000304615F097FA2022314606A80BF0B9F9E0
:10F010002A4633462035106851681C4603C408321E
:10F02000AA422346F7D12021304615F083FA202248
:10F030000DEB020031460BF0A4F92021304615F00B
:10F0400087FA01210AA80BF06CF92022414602A898
:10F050000BF097F904A80BF0DDF8002104A80BF0E1
:10F0600060F91C4B1868002301931B4B009306AA00
:10F0700002AB04A9C030F3F727FE0446A0B104A8F0
:10F080000BF0CDF806A80CF076F902A80BF0C7F843
:10F09000214640F20740FFF7E9F90821384612F00F
:10F0A0005FFC14B0BDE8F0811A99202204A80BF08F
:10F0B0007EF904A80BF0B3F806A80CF05CF902A8DE
:10F0C0000BF0ADF8224645F21501384612F085FAEC
:10F0D000E7E700BF241A0020BF13030045F20D0329
:10F0E0009942F7B5044627D00DD8B1F5A04F1DD0F1
:10F0F00045F20403994200F08F80204603B0BDE83A
:10F10000F040FFF72FBC45F21103994200F0A680B2
:10F1100045F215039942F0D1006C90F87931052B36
:10F1200006D8DFE803F0503A423A555012F068F939
:10F130000027384603B0F0BD93790C331A44561DAE
:10F1400002F125052A463146FFF73CFA074620B171
:10F150000B21204612F004FCEBE7236C31461133FF
:10F1600051F8042B43F8042BA942F9D1236C01F187
:10F170002002313351F8040B43F8040B9142F9D1CA
:10F18000216C01F1F103009301F1310201F19103CE
:10F1900020461131FFF71AFFCAE72046452112F039
:10F1A00001FA2046FFF7BCF9C2E72046452112F0DC
:10F1B000F9F9364B1B68D9684B1C5A425A41204614
:10F1C000FFF77EF9B4E74621204612F0EBF9AFE7EE
:10F1D0002E4B1B6893F85E5065B100F111020021BF
:10F1E00000F5AE70019000913E331146204612F0BA
:10F1F00005FC9DE71021E13012F00AFA00283DD00D
:10F200000821204612F0ACFB294640F20740FFF7E8
:10F210002DF940F207478CE79179036C0C310A44D1
:10F22000511DC133153251F8040B43F8040B9142C0
:10F23000F9D1256C102205F1C10105F1B10014F0DE
:10F24000F1FA20B90421204612F08AFB70E7D5F8C4
:10F25000743143F00103C5F8743169E70B4B056C59
:10F26000196810224E3105F5AE7014F0DBFA002853
:10F27000E8D1102105F1E10012F0CAF9216C204615
:10F28000E13112F0F5F847219EE700BF241A002073
:10F29000F8B545F216039942044600F062810BD896
:10F2A000B1F5A04F0ED045F2030399420ED020468F
:10F2B000BDE8F840FFF756BB45F217039942F6D177
:10F2C000022002E012F09CF80020F8BD9379056C52
:10F2D0000C33D618F379DF0708D4FFF70DF828B1FF
:10F2E0000521204612F03CFB2120EEE79F4F327AA9
:10F2F0003B681B7A9A4201D20621F2E7D6F8053024
:10F30000C5F80B30B6F80930A5F80F300223AB7200
:10F3100094F9523094F85210002BA6BF81F00803E4
:10F32000C3F3C0030123AB7094F8603083F008038B
:10F33000C3F3C0036B70337A102B28BF1023A37460
:10F34000F379D8072BD5AB79DA0728D5737A2A7ADF
:10F35000134085F86D31B37A6A7A134085F86C31C1
:10F3600095F97A3101331ED0206C90F86C319B07EF
:10F3700019D481F0080190F97A0104F14C030622B6
:10F38000C1F3C0010FF028F968B140F21B412046DB
:10F39000FFF74EF8A3685907A6D50821A1E7002377
:10F3A00085F86D31DAE73B68F079597C00F00802A6
:10F3B00029B112B1AA79120703D4032191E7002AD7
:10F3C00079D0AA79110776D5D5F8741141F00401E6
:10F3D000C5F87411B5F86C1121F4807121F00101A8
:10F3E000A5F86C1193F81CC0B179BCF1020F02D0E2
:10F3F00019B3022175E789B1012283F83D20DA7C37
:10F40000B2B9042285F87921A27C0F2A27D994F871
:10F41000742042F0080284F8742020E093F85E2003
:10F42000002AE6D0DA7C83F83D10002AE1D1E8E733
:10F4300093F85E20002AE4D1DBE7024312F00402D5
:10F440003FD072794A491878052A28BF032202EB77
:10F4500082020A44125C85F87921002AD4D1197CF1
:10F4600095F8792109B1002AA7D0206C042A00F56B
:10F47000A6703AD103F11D022D3352F8041B40F857
:10F48000041B9A42F9D1D5F8743195F8792103F02B
:10F4900004017ABB23F00203C5F87431E274002939
:10F4A0005AD0216C204601F1910301F171025131D2
:10F4B000FFF7B6F908E71A7F012A05D1B2791AB128
:10F4C000042285F87921CAE7420703D4AA7912F009
:10F4D0000402F6D0727927491878052A28BF03223A
:10F4E00002EB82020A44125CEBE71022002114F0C6
:10F4F000C3F9C8E743F00203C5F8743149B90123E1
:10F50000013AE374032A3FF6DFAEDFE802F0101899
:10F510001025A37C0F2B85BF94F8743043F00803AB
:10F52000012384F8743088BF0223E374B9E72046CE
:10F53000452112F037F82046FEF7F2FFC4E62046D8
:10F54000452112F02FF83B68D9684B1C5A425A41AA
:10F550002046FEF7B5FFB7E64321204612F022F819
:10F56000B2E611F0BDFF4221F7E700BF241A0020E8
:10F5700098570300B1570300F8B50446FEF7A0FE04
:10F58000266C054628B394F975305F1C0BD086F8BD
:10F590007A31FEF7B1FE0721012011F041FF02464A
:10F5A00018BB1A2111E02046FAF77CFD86F87A0193
:10F5B000236C93F97A310133EBD1FEF79DFE90B1C4
:10F5C000A3685D0709D441F205212046FEF730FF0C
:10F5D00007E0FF2386F87A31EFE70521204612F095
:10F5E000BFF90020F8BD0025D5E7867931490C36F2
:10F5F0000968831991F800C083F801C091F81CE0F4
:10F60000281E18BF0120BEF1010F0DD183F802E0C2
:10F61000D870487C00B3D87800071DD4A3685B0776
:10F62000DBD441F20321D0E78F69BEF1020F07F06E
:10F6300002070ED191F85EE0BEF1000F09D04FF045
:10F64000010E83F802E0D870002FE2D140F00800EC
:10F65000DEE74FF0000EF4E7BCF1030F07D00969B5
:10F6600011F0FF1F1EBFD97841F00401D97094F842
:10F6700074108F0708D5D978480705D4BCF1030F5B
:10F68000CFD041F00401D970002D18BF03251021FF
:10F6900019715D719D71216C9059C1F803009888B2
:10F6A000A1F807009B794B722046062111F00EFD50
:10F6B000012097E7241A0020F0B545F20E06B1426A
:10F6C0008DB0044615460ED045F21306B1425CD00B
:10F6D000B1F5A04F40F0BD8011F092FE236CD3F83D
:10F6E0007431190757D5236CD3F8742112070CD441
:10F6F000AA790C3215446A1D03F22113153552F80C
:10F70000041B43F8041BAA42F9D1256C0023CDE960
:10F710000833CDE90A3385F8783195F87931042B2F
:10F720000DF1200C2AD14D4B1B6893F83D205AB1A6
:10F7300003F11D0267462D33106851683E4603C62B
:10F7400008329A423746F7D105F5AE73069304F1B5
:10F750005A03059304F1530304932B7903936B79B4
:10F760000293AB7905F1E102CDE900C305F1D103C4
:10F7700005F21111204612F006FC0CE0013B022BB1
:10F780009CBFD5F848310893DEE7056C95F87831D1
:10F7900023B1012B54D000200DB0F0BD102205F58F
:10F7A000AE7105F2211014F03DF820B10B21204676
:10F7B00012F0D6F8EFE7D5F874319B0742BF94F802
:10F7C000743043F0020384F87430012385F87831F3
:10F7D0000023CDE90833CDE90A3395F87931042BBC
:10F7E0000DF1200C25D11D4B1B6893F85E205AB1FA
:10F7F00003F13E0267464E33106851683E4603C629
:10F8000008329A423746F7D105F23113069304F1D4
:10F810005303059304F15A030493EB7A03932B7B70
:10F8200002936B7B05F1D102CDE900C305F1E10341
:10F830009EE7013B022B9CBFD5F848310893E3E7D4
:10F8400005F2311111F0F8FD8821204611F0AAFED1
:10F85000A1E70DB0BDE8F040FFF784B8241A0020FE
:10F8600045F21403994213B504462BD00CD8B1F5D8
:10F87000A04F13D045F20E03994232D0204602B079
:10F88000BDE81040FFF76EB845F219039942F5D173
:10F89000137813BB0C2112F063F810E011F0B0FDE7
:10F8A000216C01F5A273019301F1D103009301F1E1
:10F8B000510201F1E1032046113112F005FC002054
:10F8C00002B010BD036CD3F84421114BB2FBF3F12D
:10F8D00003FB1121FEF7DEFDF1E7872111F062FE47
:10F8E000EDE79179036C0C310A44511D03F22113A9
:10F8F000153251F8040B43F8040B9142F9D1226CF4
:10F90000D2F8743143F00803C2F87431D7E700BF6E
:10F9100040420F0030B545F21003994285B00446CD
:10F9200000F0A6800CD8B1F5A04F27D045F2050312
:10F93000994228D0204605B0BDE83040FFF712B804
:10F9400045F21103994200F0B08045F2120399424A
:10F95000F0D1016C91F8793113B1043B012B03D83C
:10F96000D131204611F084FD236C93F87931042BBA
:10F9700040F2DF80052B03D1862192E011F040FD9B
:10F98000002005B030BD9179036C0C310A44511D43
:10F99000E133153251F8040B43F8040B9142F9D1CD
:10F9A000206CD0F8743113F0040354D090F87931FE
:10F9B000042B22D1604B1B6893F85E5065B100F1B7
:10F9C0001102002100F5AE70009101903E33114606
:10F9D000204612F013F8D3E71021D13011F018FEB1
:10F9E00058B10821204611F0BBFF40F207402946DC
:10F9F000FEF73CFD40F20740C3E7216C91F87931F6
:10FA000001F1E10213B1043B012B12D801F21113F1
:10FA1000039301F5A673029304F15A03019304F1D1
:10FA20005303009301F1D103F1312046FFF71AFA95
:10FA3000A6E701F5AE73019391F87801D1F848314A
:10FA4000C34003F0010343F080030093134601F128
:10FA500051021131BCE780F8783100F1E1020093E6
:10FA600000F5A67100F5AE73204612F0A1FB87E702
:10FA7000056C102205F1B10105F5AE7013F0D2FE50
:10FA800020B10421204611F06BFF79E7D5F87431DD
:10FA90009B0742BF94F8743043F0020384F874303B
:10FAA0008821204611F07EFD6AE7056C95F87931D2
:10FAB000042B05F5AE701ED11F4B196810224E3174
:10FAC00013F0B0FE0028DCD1102105F1D10011F0B7
:10FAD0009FFD216C01F21113039301F5A6730293AC
:10FAE00004F15A03019304F15303009301F1E1027D
:10FAF00001F1D10398E70146102205F1B10013F09E
:10FB000091FE0028BDD105F1D101204611F0B0FCD5
:10FB1000216C91F878310133DBB2142B81F8783104
:10FB2000D8D0D1F8743123F00103C1F874318421A5
:10FB3000B7E78721B5E700BF241A002045F2150377
:10FB40009942F7B5044651D00CD8B1F5A04F19D061
:10FB500045F20D0399421BD0204603B0BDE8F040AA
:10FB6000FEF700BF45F216039942F5D1016C01F191
:10FB7000F103009301F1310201F191031131FFF71B
:10FB800025FA01E011F03CFC0027384603B0F0BD37
:10FB900093790C331A44551D02F125063246294645
:10FBA000FEF710FD074620B10B21204611F0D8FECC
:10FBB000EBE7236C2946113351F8042B43F8042B4F
:10FBC000B142F9D1236C01F12002313351F8040B19
:10FBD00043F8040B9142F9D1216C204601F19103C5
:10FBE00001F171025131FEF71BFECDE711F078FCF7
:10FBF000236C93F87931052BC6D8DFE803F019039D
:10FC000011111E192046822111F0CCFC0C4B1B68EF
:10FC1000D9684B1C5A425A412046FEF751FCB3E7C3
:10FC20002046822111F0BEFC2046FEF779FCABE7AE
:10FC30008321204611F0B6FCA6E78521F9E700BF35
:10FC4000241A0020204B1B689B6913F0040310B595
:10FC5000044610D141B180F8773090F870101B48FD
:10FC6000BDE8104014F033B890F87330012B03D185
:10FC70008368580705D410BD022B02D18368590749
:10FC8000F9D494F9772094F87730002AF3DBB3B9EC
:10FC9000012384F8773094F877305B08EBD04FF489
:10FCA0007A72534394F870100848002208F0FEF965
:10FCB00094F8773063F07F0384F87730DBE75A06F7
:10FCC000E9D45B00E5E700BF241A0020301A0020C9
:10FCD00030B545F21E03994289B00446154610D846
:10FCE00045F21603994213D845F20103994200F0F8
:10FCF0009F8145F20C03994222D0B1F5A04F00F04C
:10FD00009D812A46204609B0BDE83040FEF72ABE54
:10FD1000A1F5A043173B072BF3D801A252F823F01B
:10FD200009FE010003FD010003FD010003FD0100C8
:10FD3000EDFF010003FD0100B9FF0100F3FD01002B
:10FD400090F97730002B02DB8268530707D52046F5
:10FD5000092111F005FE41F2092009B030BDAB794F
:10FD60002B44A04D5B7C2D686D7C03F00801D5B160
:10FD700021B9032111F0F4FD2120EEE713F0040F67
:10FD800003F0010308D042F00802826093B9A3682F
:10FD900043F02003A36013E0002BF8D0836843F006
:10FDA00010038360F3E7580744BF42F00802A260E3
:10FDB000DB0703D5A36843F01003A3600029E6D155
:10FDC000A368894943F00403A3602246204608F053
:10FDD00089F9022120460FF050FB47F230530022F0
:10FDE00045F21A01204608F061F9A3689D0540F12B
:10FDF0008980A368580740F1858094F8700009B0A5
:10FE0000BDE8304011F0C0B990F87430D9074DD535
:10FE100090F97530013342D094F9131001291DDC9B
:10FE2000A26893060DD56F4B15071B6801D4187C8B
:10FE300038B1187F10B91878032802D09B69980749
:10FE400034D501290AD0674B11071B6801D41A7CED
:10FE500022B11A7F52BB1B78032B27D10023CDE997
:10FE60000433CDE906330EF0B5FB022801AB35D1E2
:10FE7000A06AE16A228E03C31A8094F97500BDF866
:10FE80000450421C37D00EF0EDFB002833D1204641
:10FE900041F20601FEF7CCFA41F206005DE7836805
:10FEA000DA0616D4FEF728FA0028B5D04D4B1B68A9
:10FEB000197F022932D1DA7C82B393F85E306BBBB2
:10FEC000A3685B0720D5204611F04AFD41F20220CD
:10FED00043E7FEF7F5F90028E4D0E7E794F9750069
:10FEE0000A2202210EF0A6FB0028C6D1CDE90100AE
:10FEF000ADF80C00C1E704AB2A460DF1060120461F
:10FF0000FDF720FF002028E7204641F20221FEF7FE
:10FF10008FFA01212046FFF795FED7E7204611F022
:10FF200003FBA56860B96D0705D50821204611F0CF
:10FF300017FD1A2011E71A212046FEF779FAF8E793
:10FF400015F0040508D0FEF7DFF9C8B194F9751073
:10FF50002046FEF7F9FAD5E722462349204608F065
:10FF6000C1F8022120460FF088FA47F230532A46A2
:10FF700045F21A01204608F099F8A3685807E2D420
:10FF800094F97530591C06D048F2080040EA032065
:10FF900080B2F9F7C7FE226CD2F8743143F0200327
:10FFA000C2F874312046FFF7E7FA0028AAD04121B1
:10FFB000204611F0F7FAA5E7FEF7A6F900285FD072
:10FFC000236C002B5CD0A268520759D5D3F874314A
:10FFD000980655D42B78002BD2D10521204611F05C
:10FFE000BFFC8FE7241A0020FB15030090F8743043
:10FFF000D90706D4402111F0D5FA29462046FEF74C
:020000022000DC
:1000000017FAA3685A077FF57DAF204645F21A011B
:1000100013F05DFE20461B49224613F083FEA368C1
:1000200023F03C03A36002212046FCF7C1F969E7F5
:1000300002461449144808F055F863E745F21A01DE
:1000400013F045FEA36823F03E03A360236C2BB19D
:1000500093F97A01431C01D0F9F774FF2246204638
:10006000084913F05FFE22460649074813F05AFE7E
:1000700020460221FCF79CF9204611F0E0FA41E706
:1000800002206AE6FB150300A419002045F21E03B6
:1000900099422DE9F3410446154611D845F216035D
:1000A000994214D845F20103994200F0188345F2B1
:1000B0000203994200F09880B1F5A04F00F015833B
:1000C0002A46204602B0BDE8F041FEF74BBCA1F540
:1000D000A043173B072BF3D801A252F823F000BF2F
:1000E00001010200C1000200C1000200C1000200C3
:1000F0009B060200C1000200A50202007F0202006E
:10010000914E33681A7F022A11D1DA7C7AB193F8C2
:100110005E3063B941F20221FEF78AF920460121DF
:10012000FFF790FD41F2022002B0BDE8F081A36824
:100130005D0701D50220F7E72046FEF7C1F83368D6
:100140001A78051E18BF0125032A07D0196911F076
:10015000FF1F6AB224D042F0040503E094F8742033
:10016000900725D49A6992071FD41A7F012A1CD0C0
:1001700045F0080502210B2011F052F90246E0B1CA
:100180008379034406215D7394F97530013302BF0E
:10019000A36843F00203A360204610F097FF0CE031
:1001A00094F874108907D6D4DCE75B7C002BE1D08F
:1001B00041F203212046FEF73BF9A368634943F06F
:1001C0000403A3602246204607F08CFF022120464C
:1001D0000FF053F947F23053002245F21A0120463E
:1001E00007F064FF00209FE783685F0703D490F95E
:1001F0007730002B05DB236C53B1D3F87431DE0666
:1002000006D52046092111F0ABFB41F209208BE70E
:10021000204611F089F928B90821204611F0A0FBE9
:10022000212081E7206CD0F8743143F01003C0F82E
:100230007431AB790C332B445A68C0F803201A8907
:10024000A0F807209B7A4372236C0122DA70A2681F
:1002500012F0040610D122463C49204607F042FF26
:10026000022120460FF009F947F23053324645F299
:100270001A01204607F01AFFA3689805B2D5236C2F
:10028000002BAFD0D3F87431D906ABD594F97530C3
:10029000013320D094F87430DA071CD5A36843F0FA
:1002A0000203A360236C002B3FF444AFD3F87431F6
:1002B000DA067FF53FAF9F063FF53CAFFEF724F827
:1002C00020B3A3689E0721D42B78FBB905212046D3
:1002D00011F046FB86E7FEF717F894F9751040B168
:1002E0004B1C02D1A3689F07DCD42046FEF72CF9F3
:1002F00078E74E1CD6D094F87430D807D2D408468C
:100300000EF0B0F90028CDD0052186E794F97530BC
:10031000581C06D048F2080040EA032080B2F9F7E2
:1003200001FDA368256C084FEA7923F00203A3605E
:10033000D5F8743143F02003C5F874313B681B7A5B
:10034000934205D9062168E7241A0020FB15030013
:1003500094F9521094F852300029A6BF83F0080394
:10036000C3F3C00301236B7094F86030102A83F04C
:10037000080328BF1022C3F3C003AB702046A27449
:10038000AE79FDF79DFF002836D0F10734D594F9FA
:100390007530D4F840805A1C24D088F87A3106F0A1
:1003A0000D063B689A69900704D41A7F012A01D090
:1003B000310701D406F0F7061A78032A1FD01B690B
:1003C00013F0FF1F01D046F0040694F874309A072A
:1003D0001BD5730719D40321204611F0C1FA40F24E
:1003E0000340A1E62046F9F75DFE88F87A01236C08
:1003F00093F97A310133D2D106F00C06D1E71B7F95
:10040000002BE2D106F0FB06DFE70721022011F006
:1004100007F801900028E2D090F806C03A680CF185
:100420000C0C00EB0C0113784B70137F012B06D0E2
:10043000022B45D192F85E30003B18BF01238B7030
:10044000CE70102316F001060B711BBF2B7A6A7A4F
:100450004E7103F0030318BF4B71236C14BF02F0FD
:10046000030232468A7183F86D214A7983F86C2140
:1004700050F80C20C3F80A208A88DA818A791A7425
:1004800006B3206C90F86C1111F002061AD194F8A2
:10049000521090F97A0181F0080104F14C03062210
:1004A000C1F3C0010EF098F860B13146FDF7DEFFF0
:1004B0002046082111F054FA01A813F036FD8EE70A
:1004C0000023BCE7019E002E89D0FDF715FF95F8AB
:1004D00006C078B11CF0010F04D0236C93F97A3177
:1004E000013307D10521204611F03AFA304607F0D2
:1004F00087FF95E63B68597C0CF0080229B112B1E0
:100500006A7B100703D40321EDE7002A75D06A7BCC
:10051000110772D5D5F8741141F00401C5F87411B2
:10052000B5F86C1121F4807121F00101A5F86C116E
:10053000187F697902280BD071B942EA0C0212F0D7
:10054000040248D185F879211B7C002BDBD10DE01A
:1005500021B993F85E209ABB0221C4E7012283F8F7
:100560003D20DA7C92BB042385F87931324606219E
:10057000204610F0ABFD95F87931206C042B52D158
:100580003B6800F5A67003F11D022D3352F8041BE1
:1005900040F8041B9A42F9D1D5F8743195F87921C5
:1005A00003F00401002A45D123F00203C5F8743199
:1005B000E27400294AD08121204610F0F3FF11E6B1
:1005C00083F83D10DB7C002BC6D1CCE793F85E307E
:1005D000002BC8D1C0E72A7919785348052A28BFCB
:1005E000032201EB810101448A5C85F879211B7C9F
:1005F000002BBBD0002AB9D185E71A7F012A02D18E
:100600006A79002AAFD11CF0040F03D16A7B12F083
:10061000040297D02A7919784448052A28BF032272
:1006200001EB8101DFE71022002100F5A67013F035
:1006300023F9B1E743F00203C5F8743141B901234E
:10064000032AE37412D9042A7FF4CCAD8421B3E7E2
:10065000A37C0F2B85BF94F8743043F0080301236B
:1006600084F8743088BF0223E374A4E7012A07D01A
:100670002046822110F096FF2046FDF751FFB1E59C
:100680002046822110F08EFF3B68D968481C424208
:1006900042412046FDF714FFA4E590F87430D907D5
:1006A00006D4402110F07EFF29462046FDF7C0FE0B
:1006B000A3685A077FF596AD45F21A01204613F05C
:1006C00006FB1B492246204613F02CFBA36823F0AF
:1006D0000403A36002212046FBF76AFE82E502467E
:1006E0001349144807F0FEFC7CE545F21A0113F0AB
:1006F000EEFAA36823F03E03A360236C2BB193F9B9
:100700007A01431C01D0F9F71DFC22462046084916
:1007100013F008FB06490748224613F003FB204666
:1007200010F08DFFD6E700BF98570300B1570300C4
:10073000FB150300A4190020184622F0004240F2E5
:100740000A439A422DE9F04120D8B2F5806F01D8D2
:1007500000203EE06FF480642244092AF8D801A307
:1007600053F822F0AB070200B7070200D7070200D8
:1007700025080200F9070200410802006308020090
:100780006B08020051070200830802006FF4A061A9
:100790005318042BDCD8A2F20252032A79D8DFE8DE
:1007A00012F08A009200B700CB00057844886448B4
:1007B0000EF0FBFD3EE005784468826900F1080315
:1007C000002160480EF002FE10B10571C0F805402E
:1007D0000120BDE8F081067845880479826900F13E
:1007E0000803002158480EF0F1FD0028F0D00671F2
:1007F000A0F80550C471EBE7047907784688C588EE
:10080000A4F11B035942594100F1080289004F48E5
:100810000EF001FE0028DBD00771A0F80560C4715E
:100820000581D5E7057844884269031D00214848C1
:100830000EF0CCFD0028CBD00571A0F80540C7E72D
:1008400006784588848800F10802002141480EF0AE
:10085000E2FD0028BCD00671A0F80550A0F80740C2
:10086000B6E7057844683C48A2E704783A480EF0B9
:100870009CFD0028ACD007234371002304718371D1
:10088000A6E7047835480EF090FD0028A0D004714A
:100890009EE7077846880579C48800F108020021A0
:1008A0002F480EF0B8FD002892D00771A0F805601F
:1008B000C57104818CE7077846880579C488294882
:1008C0000EF073FDEFE787684588047906787FB1FD
:1008D000C78800F10802002123480EF09CFD002883
:1008E0003FF476AF0671A0F80550C47107816FE739
:1008F0001D483B463A4639460EF068FD00283FF455
:1009000067AF0671A0F80550C471077247725FE7C0
:1009100090F8008047880679C588048913480EF04E
:1009200044FD00283FF454AF80F80480A0F805701F
:10093000C671058144814BE7057844680C4837E768
:10094000A8580300A4580300A058030098580300B7
:100950009C580300945803009058030078580300F3
:100960008C58030088580300845803008058030003
:100970007C580300004870473907020030B585B045
:1009800004460846039112F041F9830708D410F099
:10099000010003D003A813F0C8FA012005B030BD50
:1009A00003998B7903F10C0288188A5C013A1C2A9E
:1009B00000F2E880DFE802F00FE689E68CE695E6D3
:1009C0009CE6A4E6ACE6B3E6BAE6C2E6E6E6C4E632
:1009D000D2E6D4E6DD0003790BB103F58853427803
:1009E000023A162AD6D801A151F822F0490A02008B
:1009F00095090200530A0200950902005F0A0200ED
:100A0000950902006B0A020095090200770A0200AC
:100A1000950902008F0A020095090200830A02006C
:100A2000950902009B0A020095090200A70A02002C
:100A3000950902009509020095090200B10A020019
:100A400095090200C10A020017212046FDF7C8F8E7
:100A5000A0E70022114620460FF000FF9AE71A4651
:100A6000002120460FF0A7FF94E700221146204600
:100A700010F012F98EE70022114620460FF0FAFF1F
:100A800088E71A460021204610F0E7F882E71A4668
:100A90000021204610F0C4F87CE7002211462046D1
:100AA00010F0EDF976E71946204610F051FA71E79B
:100AB000009300231A461946204610F053FA69E7BE
:100AC0001946204610F0A0FA64E7B0F80110BCE720
:100AD00002338B710A460023417820460FF0BEFE98
:100AE0005BE701338B71002220460FF064FF54E76F
:100AF00002338B7142780023204610F0CDF84CE78A
:100B000001338B7100231A4620460FF0B3FF44E7F0
:100B100001338B710022204610F082F83DE701334B
:100B20008B710022204610F098F836E702338B7163
:100B300042780023204610F0A2F92EE70021B3E707
:100B400005338B71B0F80320B0F801000023009347
:100B50000B460146204610F005FA1EE70021B0E7DB
:100B600003338B710A46B0F80110204610F06BFA7F
:100B700013E703338B710A46B0F80110204610F0DA
:100B80006BFA0AE7002009E770B508F0A2FA1F4BDC
:100B90001E6C05460EB1EEF7BFFCEEF70FFE1C4CC7
:100BA0008302A3F580532360EEF708FE8302A3F5CA
:100BB0000063636000F072FA20680821043012F0CC
:100BC00078F823681B68834202D0206812F080F80E
:100BD00060680821043012F06CF863681B68834277
:100BE00002D0606812F074F82268636852685B682B
:100BF0009342084A94BF0023012313700EB1EEF70D
:100C00009BFC284608F06BFA002070BD00000E40E7
:100C1000341A00203F0D00202DE9F041164B93F9C6
:100C20000020164B53F822500C3506462C46204621
:100C300012F066F8E0B908F04CFAA1798046043168
:100C4000201D12F036F80746404608F048FA23689F
:100C5000BB4202D1A388B3420BD0A379033303F480
:100C6000FE7308331C4485EA0403B3F5006FDED33A
:100C700000242046BDE8F0813F0D0020341A0020FA
:100C8000431E2DE9F74F9BB24FF6FD729342064685
:100C9000884643D8234B93F90020234B53F8225026
:100CA00008F017FA214BD3F840900C350746B9F1FC
:100CB000000F01D0EEF730FC2C46EA464FF6FF7BE2
:100CC000204612F01DF8E8B9A38886EA030218EA64
:100CD000020F0CD194E803008AE80300DB43ADF86F
:100CE0000430ADF806B00199201D11F0E7FFA3799B
:100CF000033303F4FE7308331C4485EA0403B3F59D
:100D0000006FDDD3B9F1000F01D0EEF715FC3846C6
:100D100008F0E5F9002003B0BDE8F08F41F21200C1
:100D2000F9E700BF3F0D0020341A002000000E40FC
:100D30002DE9F84FDFF8C4902F4A99F9003052F8A6
:100D4000238083F0010308F10C0A52F82360304637
:100D5000EEF77AFC06F10C07D346584611F0D0FFA7
:100D6000054648BB9BF806100BF10400043111F056
:100D7000A0FFDBF8003083420DD09BF8064003341F
:100D800004F4FE7408345C4484EA0A03B3F5006F8B
:100D900012D2A346E1E75C46384654F8041B11F032
:100DA0008DFF9BF806200332B5EB920F07F1040785
:100DB00005F10105F0DDE7E7D8F80410341D013135
:100DC000204611F07BFF012106F1080011F076FFAB
:100DD0000821204611F06DFF0146304611F06EFFEC
:100DE00099F80030404683F0010389F8003011F093
:100DF0006FFF3846BDE8F88F341A00203F0D002001
:100E00002DE9F04F9A46431E85B016469BB24FF629
:100E1000FD7293428146009100F2C380624B93F9C8
:100E20000020624B53F8227008F053F9604BD3F85E
:100E300040800C370546B8F1000F01D0EEF76CFB8F
:100E40003C46204611F05CFF0190002841D1A17979
:100E500004F1040B0431584611F02BFF2368019A6A
:100E600098422AD1A388E188994526D1CAB29642F0
:100E700012D1324604F108015046019312F0D2FC1F
:100E8000019B48B9B8F1000F4FD1284608F027F967
:100E9000002005B0BDE8F08F94E8030002AA82E8C4
:100EA0000300DB43ADF80C304FF0FF33ADF80E30EC
:100EB0000399584611F002FF0246A379033303F465
:100EC000FE7308331C4487EA0403B3F5006F1FD395
:100ED00002BB002ED6D006F1080B04EB0B035F40DB
:100EE000B7F5006F24D3FFF723FFC0F30A030446CE
:100EF0001BB19B44BBF5006F1AD9B8F1000F01D0AC
:100F0000EEF71AFB284608F0EAF840F21B40C0E76B
:100F1000002A96D0B8F1000F01D0EEF70DFB28465D
:100F200008F0DDF840F20340B3E7EEF705FBACE76D
:100F3000009BADF80C9046EA0323ADF80E3004F1A7
:100F4000040B04F1080303990093584611F0B6FE10
:100F500006F10309009B4FEAA9090027B90008B967
:100F60004F4513DB311D584611F0A3FE01462046C4
:100F700011F0A4FE0446B8F1000F01D0EEF7DCFA40
:100F8000284608F0ACF8002C82D0CBE71A1D184692
:100F90005AF80110009211F091FE009A01371346A1
:100FA000DCE7212075E700BF3F0D0020341A002048
:100FB00000000E400846194608B580B21346CAB272
:100FC0000021FFF71DFF024B002818BF184608BD7F
:100FD00006E000F073B5084616461D460DF1030203
:100FE00001AB0DF1020180B211F099FE044658B92F
:100FF0009DF80330AB4209D301992A46304612F0DE
:1010000046FC204602B070BD014CFAE7014CF8E7FF
:101010000BE000F011E000F02DE9F74F90461D4A7B
:10102000BDF830900D4692F900101B4A52F821602D
:101030000C369FB234464FF0000AC24526D22046F5
:1010400011F05EFE10BB08F044F8A1790190043164
:10105000201D11F02EFE8346019808F040F822680A
:101060005A4508D1A388BB4205D34B459CBF45F8E0
:10107000043B0AF1010AA179033101F4FE71083140
:101080000C4486EA0403B3F5006FD6D3504603B090
:10109000BDE8F08F3F0D0020341A002001480121E7
:1010A000ECF7AEBE00650A00084B10B540F2011423
:1010B0001C6098600120586011448A4202D1D869AE
:1010C000C04310BD12F8010B9861F6E700C0014063
:1010D0001046044A1368591E033102D800211160DA
:1010E00018477047C00B0020034B1868034B0028BB
:1010F00008BF1846704700BF441A0020D4580300A8
:10110000014811F06FBF00BF4C1A002013B50B4C03
:101110000229226005D10A4811F064FF002002B0C4
:1011200010BD00930A46074B0146054811F03CFFED
:10113000003818BF01204000F1E700BFC00B0020BD
:101140004C1A0020D1100200014811F05EBF00BF10
:101150004C1A00200148002111F079BF4C1A0020E0
:1011600008B5064B1B68013305D0FFF7EDFF80F093
:101170000100C0B208BD0020FCE700BFC00B00208A
:10118000F8B50D4610B900242046F8BD0E4F3E6854
:10119000002EF8D100F0A2F804460028F3D0386001
:1011A00000F0E8F8204611F00CFE38B130463E6001
:1011B00000F0E0F8204611F0FFFDE4E7002DE3D059
:1011C0002046A847E0E700BF481A0020024B1868F5
:1011D000003818BF01207047481A002038B50C4667
:1011E00005F050F8A3780B4A13705A1E554255412A
:1011F000A8420CD0012B04D02846BDE8384005F0A9
:1012000029B8204604F0F8FF0028F5D038BD0020AA
:10121000FCE700BF39200020024B00215B68084634
:10122000184700BFD40B002010B50446FFF75CFF41
:101230000C4B1A1A53425341A34201D1012010BD55
:10124000094B1B683BB9094A064B002C08BF1346E3
:10125000074A1360F2E712F00CF90028F3D00020DF
:10126000EDE700BFAC580300481A0020D458030033
:10127000441A002010B512F0E6F9044618B9034BE1
:1012800001215B689847204610BD00BFD40B0020A9
:1012900010B512F0E1F920B9024BBDE810401B680F
:1012A000184710BDD40B002010B511F003FE20B973
:1012B000024BBDE810401B68184710BDD40B00203E
:1012C000431E033306D8044B984228BF18466428AF
:1012D00038BF6420704700BF40420F00F8B5054694
:1012E00007F0F0FE0F4B1E68074626B9384607F098
:1012F000EDFE344611E0B4688CB194F810C01CF0D7
:10130000010F0CD195E80F004CF0010C84E80F00A0
:1013100084F810C0384607F0D9FE2046F8BD36687C
:10132000E3E700BFC80B002038B505460C4641B1C5
:101330000B6833B11B68013303D0CB680BB18B68EA
:101340004BB911F090FFBDE838404FF49272412143
:10135000002000F0CBB9084601F040F80023044A11
:1013600085F8DC30C5E92343C2E9003338BD00BF4E
:10137000C80D002010B5044618B9054B054A136086
:1013800010BD04F0A5F8D4F89830002BF6D1F4E79E
:10139000A12D0300C40B002010B50C4604F0D6F8B4
:1013A000054B00215B68032098471CB105F0F2F85B
:1013B0000128FBD110BD00BFD40B002008B50246A8
:1013C0000868FFF77DFF08604868FFF779FF48600D
:1013D0008868FFF775FF8860C868FFF771FF0B69C1
:1013E000C860581C03D00B48834228BF03460B61DA
:1013F0004B69581C03D00748834228BF03468869BD
:101400004B61FFF75DFFBDE808408861104604F0BE
:101410007FBE00BF40420F002DE9F84FD0F890305A
:1014200006460F4613B1038B8B4244D0D6F88CB0DE
:10143000BBF1000F42D0DBF80830002B3ED0DBF8C8
:101440000C1000293AD0D6F8A0A0BAF1000F38D07D
:101450004FF000094D46C84601E0DBF8083005EBC7
:10146000C50203EB82040135E389BB4214D8238A09
:10147000BB42304610D3B4F91220B6F9243093425F
:10148000A04653DD96F8D010EEF722FA337D834262
:1014900081464BD9DBF80C108D42DED3B8F1000F3A
:1014A0003ED00023424619463046D0473783C6F81F
:1014B000908086F8D9900020BDE8F88F0320BDE821
:1014C000F88FD1465446524647F6FF7504EBC408E0
:1014D00003EB8808B8F80E30BB421BD8B8F81030C0
:1014E000BB4217D3B8F91220AA4207D14FF0FF0927
:1014F0003783C6F8908086F8D990DCE796F8D0104C
:101500003046EEF7E5F9337D834281464246EFD916
:10151000DBF80C100134A14204D9DBF80830D5E720
:101520000120C9E7002AFBD09046E1E7A046B8E7D2
:101530002DE9F04782B004468946164604F0F8FFCC
:101540003B4D08B100236B602B68D4F88CA0D4F815
:1015500090700BB153454BD04FF00008C5F8089080
:1015600005F018F8012836D12B68DAF800103A682F
:1015700013B11868884246D0204612F040F8C5E9F9
:1015800000A7D4F8A0508DF80760002D42D00022AB
:101590000DF1070311462046A847204604F0CEFA75
:1015A0000546B8F1000F00D08EB1B5FA85F040F2D3
:1015B000DE324009332100F099F83146204604F02C
:1015C00079FC1C4B05461B6839462046984728463F
:1015D00002B0BDE8F087012003F0B8FF164B0021F0
:1015E0005B680320984704F0D5FF0128FBD1BBE7D7
:1015F0006B68002BB0D0BB42AED1AB68994514D01C
:101600004FF00108AAE7696811B109689142B6D0A4
:101610005968B1E7217D94F8D930994228BF19461D
:101620003246204604F05EFAB7E70025CFE700BF58
:10163000C80D0020C40B0020D40B0020F8B50546CF
:101640000E4607F03FFD314607462846FFF7E4FE09
:10165000044620B1384607F039FD2046F8BD04F0B5
:101660004FFF224631462846FFF762FF04463846C0
:1016700007F02CFD2046F8BD13B50446694611F06D
:101680004EFC204611F052FFFF28024606D09DF87E
:1016900000102046EEF79CF902B010BD0048FBE7B1
:1016A0000080FFFF07B54FF400730A49ADF806301C
:1016B0000DF1060211F04FFCBDF80630B3F5007FC6
:1016C00005D1022808BF002003B05DF804FB01200B
:1016D000FAE700BF641A0020024B1960024B186041
:1016E000FEE700BFCC0B0020641C002008B550B9F9
:1016F0000548064B01601A60054B1A68054B1A60D5
:101700001868FFF7E9FF08BDCC0B0020681C00201B
:10171000481A0020641C0020054B1B680BB91846B2
:101720007047834201D01B69F8E70120704700BF72
:10173000701C0020094A13680BB918467047834291
:1017400007D11B691360064A1368013B136001202F
:10175000704703F110021B69EEE700BF701C002008
:101760006C1C00202DE9F74FDFF83081DFF8309155
:10177000064607F0AEFC98F800B001900123BBF1DB
:10178000000F06D089F8003003B0BDE8F04F07F035
:10179000A6BC404F88F8003089F800B011F0A5FCD5
:1017A00008B111F0A0FC3D683B4965B9DFF8F4A031
:1017B000DAF800203B68AA424FF000042FD83648E0
:1017C0004FF0FF313BE06B7D8BB12B68B34202D011
:1017D0009A1B8A420BD96A6813442B60AB68003AA3
:1017E00018BF0122003B18BF01236A75AB752D6934
:1017F000DBE7907D20B1107D88429CBF01461446F6
:101800001269002AF5D1002CD9D0D4E90001A275C3
:10181000411AD4E90232204698470135C8E71A46F2
:10182000FF21EEE75A7D4AB11A68B24224D0921BDA
:10183000824221D8914201D311461C461B69002BDC
:10184000F0D15CB12046FFF775FF38B13B682361EA
:10185000DAF800303C600133CAF800303B685A7D4A
:101860006AB911F03EFC064699F80030002B93D17E
:10187000019888F8003087E71C460021DEE71868E9
:1018800000F0D4F8044611F02CFC0646002C83D15D
:10189000EAE700BF701C0020FCFFFFBF3B200020D8
:1018A0003A2000206C1C002038B5054608B31822E9
:1018B000002111F0E1FF07F00CFC02462846FFF77B
:1018C0002BFF20B1104607F00AFC022038BD0A4B5E
:1018D0001C6854B909491D600B682C61013310461E
:1018E0000B6007F0FCFB2046F0E704F110032469CD
:1018F000EFE70120EAE700BF701C00206C1C00200D
:1019000038B50446FFF708FF07F0E3FB054620461D
:10191000FFF702FF637D23B9284607F0E0FB0320B1
:1019200038BD00236375064B1B68A34203D111F039
:10193000D8FBFFF717FF284607F0D1FB0020EFE7A1
:10194000701C00202DE9F84FDDF82890DDF830B04C
:10195000984604460D46FFF7DFFE924607F0B9FBB6
:10196000074611F0BEFB06462046FFF7D5FE637D15
:1019700023B12046FFF7C4FF0023A375BAF1010F7E
:1019800023D175B9B8F1000F21D1B9F1000F03D0FF
:101990005A4631462046C847384607F0A0FB00208B
:1019A00019E035440D4BAA1B9A4210D801236375E8
:1019B0009DF82C30C4F80890C4E900582375C4F889
:1019C0000CB03046FFF7CEFEE6E7AE42EAD138462D
:1019D00007F085FB0120BDE8F88F00BFFCFFFFBFCB
:1019E0002DE9F04107468846FFF796FE07F071FBA8
:1019F0003D68064611F075FB7B7D7BB185420DD0BD
:101A0000094B2C1A9C4209D8304607F068FBB8F104
:101A1000010F08BF25462846BDE8F081304607F093
:101A20005EFB0025F7E700BFFCFFFFBF08B5002302
:101A3000044A194603F028FF10B1012818BF0320FB
:101A400008BD00BFAD3003002DE9F74F15460E224B
:101A500000900F462A70EBB11C4C5B68A3428CBF10
:101A600000240124DFF868904FF000084FF0060AC8
:101A7000D9F800105FFA88F30AFB03F3CA1850790B
:101A8000012809D92878A0F10E035842584103B023
:101A9000BDE8F08F1C46E5E7A042CE5EB2F902B089
:101AA000117902D008F10108E2E7009801910022C3
:101AB00011F0E0FA0028F5D001992970B7F900205B
:101AC000B242EFDB5A45EDDC0020E0E7FFC99A3B6C
:101AD000D00B0020014911F00ABB00BF956602003F
:101AE000014911F004BB00BF6966020070B5164ED3
:101AF0000328337804460D461ED023FA04F202F080
:101B00000102AA421DD053B10122A24023EA0203DE
:101B1000A5402B43DBB233704BB1012070BD2DB11A
:101B20000A4B01201B6898473378EDE73570074B67
:101B300000201B689847F0E79A07DED003F0FC030B
:101B4000E9E7002070BD00BF3C200020B01C002051
:101B500038B504460D46FFF739FB60B104F0FEFCD2
:101B600048B9012D07D8012011F083FD0D4B1B68EA
:101B700023B15B6898470C4B1C7038BD08F0E6FA3F
:101B80000A4B1A68801A1860F0F7C0FB084B1B68F4
:101B90004FF47A7202FB003011F004FA012004F0D5
:101BA000E5FCE8E7341D0020410D0020A81C0020C2
:101BB000AC1C0020F8B5124F05460C4607F082FA1F
:101BC0003B78064633B1012D04D01CB90D48F0F71F
:101BD00071FA3C7021462846FFF788FF0A4B1B78B4
:101BE00004463BB93B782BB911F02BFD10B1074BE4
:101BF0001B689847304607F069FA2046F8BD00BFD9
:101C00003D200020841C00203C200020D40B00201C
:101C1000054A0B46117831B100211170034A18783A
:101C200052680121104770473D200020D40B00204E
:101C3000124B0239012910B518701ED8FFF7C6FAE9
:101C4000D8B104F08BFCC0B104F0E6FAA8B90C4B93
:101C50001C6834B123689847BDE81040002011F09B
:101C600008BD11F09DF9074B186008F06FFA064B9C
:101C70001860204604F07AFCEEE710BD410D00200C
:101C8000341D0020AC1C0020A81C002038B50446E0
:101C900080B107F017FA012104460846EFF730FE3D
:101CA000012108460A4A08F0BFF92046BDE838403D
:101CB00007F00CBA07F006FA214605460120EFF7B7
:101CC0001FFE0120024A214608F0AEF92846EDE742
:101CD00020590300F0B5324D85B007F0F3F92B78A9
:101CE000044623B12F48F0F7E5F900284AD1F0F770
:101CF00073FA02AA03A911F08EFC0346002832D021
:101D000011F09DFC029B98421ED10020264B0399A6
:101D10001B68264E9942307021D9C91A0027012329
:101D2000CDE900771F482B70214A334608F0C5F9EA
:101D300000282FD11F4A1378D90717D4204607F05F
:101D4000C5F9002005B0F0BD11F077FC029B984268
:101D50001ED0154B154A1B680393002010700121FB
:101D6000FFF7C4FEEAE720462B70E8E73178002948
:101D7000E4D103F0FE031370002BDFD10E4B1B6880
:101D80009847DBE7204607F0A1F9032005B0F0BD36
:101D90000220BBE7032320462F703370F3E700BF18
:101DA0003D200020841C0020A41C0020400D0020A9
:101DB000111C02003C200020B01C002038B5134D3F
:101DC00007F080F92B780446C3B9114A1149137002
:101DD000114B124A1A601248124A5A60EFF70AFE73
:101DE00011491248EFF706FE114B124A1A60124BC6
:101DF0001B68124B02221A6001232B70AFF3008084
:101E0000204607F063F9002038BD00BF3E200020C7
:101E10003D20002028590300D40B0020D51C0200CF
:101E2000741C0020B51B0200305903007C1C0020EC
:101E3000B01C00208D1C020000300E40A41C0020AD
:101E40000D4BD3F8E020D20314D50C494FF4803267
:101E5000C3F8E820C1F8EC209A6BD1B2C2F3072294
:101E600099679A6704229A6700229A679A679A6725
:101E70009A679A67704700BF001008400010084634
:101E8000F8B50C4C0D461746064607F01BF9012322
:101E9000A362042327606660A560C4F8E830064B9F
:101EA0004FF48072C3F8802107F010F90DB10223BE
:101EB000A362F8BD0010084000E100E0054B186087
:101EC000054B01229A6540F6FF72196358635A6503
:101ED000704700BFB81C0020001008402DE9F04FEB
:101EE000042A83B0054639D90B7883614B78836126
:101EF0008B788361CB7883610068D5F808B06E6811
:101F000000F007000123063003FA00F808F1FF395A
:101F100009EA0B07A2F1040AA8EB0702924501F1B6
:101F2000040446F000560DD8F0192146524611F02F
:101F3000AEFC0AEB0B0248EA09031A40AA6003B0A0
:101F4000BDE8F08F2146F019019211F0A0FC019A32
:101F5000A118AAEB080230463A44E8E7013A032AFE
:101F6000EDD8DFE802F00B08050211F8013B8361B0
:101F700011F8013BAB6111F8013BAB610B78AB6130
:101F800003B0BDE8F08F00BF38B50C46104B1546C6
:101F9000014668B10122C3F8B8200E482246FFF777
:101FA0009DFF1DB10A4B0422C3F8B820002038BDA4
:101FB00064B1D3F89C20A24284BF0122C3F8B820A8
:101FC000C3F898400222C3F8B820EAE70122FAE7F2
:101FD000001008409010084010B507F073F8184B37
:101FE000184901229A65C3F888201A66164A5A666B
:101FF0000722C3F884200A80144900220A804FF483
:10200000A021C3F8E81003F1C0630446C3F8EC1044
:102010000F4B1A600F4BD3F888305B020AD50E4B7A
:1020200018680E4B4FF48002C3F88820416BA4302F
:1020300001F0AAFA2046BDE8104007F047B800BFFB
:1020400000100840341F0020200F0020321F002005
:10205000B41C002000400840481A002000400844FA
:102060000D4B07221A800D4B00221A800C4B0121C8
:10207000C3F8B810C3F890204FF40052C3F894008E
:10208000C3F8B420074BF0221A6403F10073A022B6
:102090001A64FFF7A1BF00BF341F0020321F0020C9
:1020A00000100840000008442DE9F041044688B1C2
:1020B000394E3A4F07F006F83388394A03F0780171
:1020C000032C054603F07F0C114453D13C6824B91E
:1020D00006F0FCFF0320BDE8F08124F0010438681D
:1020E00020F00100A0424AD100223A6022886FEA23
:1020F00042426FEA52428C42228036D1294CDFF8AC
:10210000B8C02788ACF180083A46083A92B201F18B
:102110000800604528BF4046082A04D9B0F900E00D
:10212000BEF1000F36DB22803B440C8888781E49C4
:102130009B1ADBB2C4F30C04CC6300F007003380BD
:10214000CB66C1F88420FFF77BFE04280DD1174B26
:10215000D3F88830164B1868164B4FF48002C3F83A
:102160008820416BA43001F00FFA284606F0AEFF3C
:102170000020B0E7601E012898BF0C46AFE7094871
:1021800062440088A21A48BF803208389042ADDC11
:1021900028469DE70146B8E7321F0020B41C002006
:1021A000200F0020341F002000100840004008408D
:1021B000481A002000400844A00F00200E490F4B91
:1021C0000A881B880E481344073B03F07803034436
:1021D0000832987892B20A8000F007000949042872
:1021E000C1F8842004D101F540514A681203FCD49F
:1021F000054A1360704700BF341F0020321F0020C3
:10220000200F002000100840B41C002010B5054C21
:10221000206828B1C30701D4FFF746FF00232360DD
:1022200010BD00BFB41C0020084B4FF48032C3F82F
:10223000EC2003F17C43C3F8E420D3F88030C3F3EF
:102240000C03782B01D8FFF7FBBD70470010084442
:102250002DE9F84304460E4606F034FF504B514D2D
:102260001A882D888146504802F07801032C02F02C
:102270007F03014417D14D4C24688CB92A44073A96
:1022800002F0780284180344E31A48BF8033AB425B
:1022900010DB484606F01AFF00242046BDE8F8830C
:1022A00024F00104EFE7012C02D0022CEBD1083D11
:1022B0000C46E8E7002E41D08C423D4942D1D1F88E
:1022C0003C800A6B02F00702063201279740D1F8E2
:1022D0008020C2F30C029A4247DDB4F90030258811
:1022E000002BD6DBA378C5F30C0503F007037A1E99
:1022F000A5EB08053A43052B337005EA02052CD8F7
:102300002DB2E84340F236420421C00FFFF7EEF948
:102310007580E378274A337412687B1E03EA08034A
:10232000D118B160A9B213FA85F5BD4289BFFF1A71
:102330000023B780F2609CBFB180F360484606F08E
:10234000C5FEAAE7A4F10802824238BF04F1780270
:10235000B2F80080C8F30C08B3E7174BDB6C003B06
:1023600018BF0123A5EBC305CAE78B6B7A1EA3EB4D
:1023700008033A431A40114B15B25B686AB9C3F3BC
:102380000363D91E4B424B41DB0033700B4B728011
:10239000D3F89030C3F30723BCE70823F5E700BF69
:1023A000321F0020341F0020200F0020B41C00200A
:1023B00000100840B81C0020000008400040084001
:1023C000431C08D0044AD2F83C311B0C1B0480B2D9
:1023D0000343C2F83C31704700400840054BD3F836
:1023E000B400431C14BFC0F380700120A622312129
:1023F000FFF77CB90081E00F034B1A689B880260ED
:1024000083800020704700BF1C0D00200F4B062862
:10241000D3F8883104D183F40013C3F340507047DC
:10242000022805D113F4400F0CBF01200020704793
:1024300050B9074AD2F8D40010F0010005D083F457
:102440008003C3F3805070470020704700400E4067
:102450000081E00F0C4A5288B2F5E16F94BFC822A8
:102460005A2210B594BF7824502490428CBF172272
:1024700010220A70054A0346107818B19C422CBFFE
:102480000020012010BD00BF1C0D0020450D0020C4
:1024900013B5234B1B780E2B04463ED00DF10701DC
:1024A000FFF7D8FF1E2C8CBF1E4C1F4C9DF8073029
:1024B0004FF001028CBF01210021C4F8082170B146
:1024C000194A4DF60174C2F804411B0202F1007270
:1024D00043F44043C2F80431144AA2F8D430134AFA
:1024E000134C92F8D83023F00103034323F0020386
:1024F00043EA4103DBB282F8D83024786CB923F088
:10250000040343EA800323F00803B2F8D440A2F89E
:10251000D64043EAC10382F8D83002B010BD00BFF4
:102520001C0D00200040084600400844001F002108
:1025300041200020084B094AD3F88831DB4303F4DB
:10254000FE1343F40053B3FA83F30E33A3EB4313A8
:10255000013B1370704700BF00400E40440D002047
:1025600002280CD0062802D020B100207047054B6D
:1025700018787047034B18780430C0B270470720B2
:10258000704700BF440D00202DE9F7433A4E3B4F02
:1025900096F8009015463A4AD2F8C820B9F1020FD1
:1025A0000446884607EA02071AD147EA006788F816
:1025B0000000002372882B60B2F5E16F94BFC8223F
:1025C0005A2227F47F57944227F008079ABF380A07
:1025D00000F47F5043F6C870384303B0BDE8F08381
:1025E000284A1278904228BF144604EB83030B70EC
:1025F000F4B1013CE4B24FF030632B606A4601A9AC
:10260000204610F054FEDDE9002347EA03671E4B25
:1026100098F800101B7847EA823747F47F5747F055
:1026200008073BB90029194B18BF4FF07F43C1E79A
:10263000164BE2E7164B1748B9F1060F08BF0346E1
:102640002AB90029114B18BF4FF07F43B2E7B2FA05
:1026500082F2C2F11F02D2B29B5CDBB239B15A1EC8
:10266000D2B2FD2A05D81B0643F00403A2E7074BAC
:10267000A0E74FF07F439DE71C0D00203F00C0E026
:10268000001F0021440D0020422000200400000B08
:10269000B883E00FB083E00F2DE9F3410446C82072
:1026A000FFF7F6FE2B4B2C4E18780E2801D0FF2C8E
:1026B00005D1FF243470204602B0BDE8F081022825
:1026C0002DD1072C204628BF072001284FF00003FA
:1026D00001AA0DF1030138BF0120FFF755FF0546A0
:1026E0001E4B1F4FDDF80480C3F85881C7F8C8504F
:1026F0009DF8034034702046FFF7CAFE194A4FEA9E
:10270000082303F4E063127843EA1863A7F8D03093
:10271000002AD0D1C7F8CC50A7F8D230CBE7A0B967
:10272000052C32BF002701270420201A3B4601AAAE
:102730000DF10301C0B2FFF727FF4FF480030546F8
:1027400037B1094AC2F80831CAE700273846ECE732
:10275000064AF7E71C0D0020460D00200040084007
:10276000001F00214120002000400846004008448E
:1027700008B501F059F8094B094A002818BF1A4654
:10278000136823F47F115B0803F4FE130B431360FB
:10279000044B4FF00072DA6108BD00BF00410840F1
:1027A000184108400040084008B501F03DF8064BCC
:1027B0004FF4001228B1C3F800214FF000621A62F2
:1027C00008BDC3F81821F8E700400844014B186819
:1027D000704700BFBC1C0020436C012B38BF012395
:1027E0002DE9F0479A46464B464F9B69464E474D6A
:1027F00003F4E073A3F5C07280464548514251414D
:1028000002685245434A0FD114788C420CD198F893
:10281000D0C03C78A44507D198F815C03478A445B9
:1028200002D1A888BDE8F087B3F5C07FC0F800A04A
:1028300011704AD1D8F8944024B12368082B58D994
:1028400094F838400F21204610F013FDBAFA8AF3AD
:10285000002852D0B0FA80F29B1A002BC6BFD84095
:10286000C3F10F094FF00F09504501D909F1FF39A4
:10287000234B2004C3F8BC0003F1806340F6FF72D1
:10288000C3F8B82003F100734FEA0921C3F8B81068
:1028900010F020FDA88000F045FD09F01F094FF45D
:1028A000FA7304FA09F45C4341F66A03B0FBF3F0EF
:1028B0000A23B4FBF0F45C43174B1C6098F8D0304B
:1028C0003B7098F815303370ABE798F8D030062B92
:1028D00006D1124B1B78002B0CBF9624C824B1E7FD
:1028E000022B08D00D4B1B78002B0CBFB424F02416
:1028F000A8E70024A6E73224A4E74FF00F09B7E7C2
:1029000000600840430D0020420D00201C0D0020F7
:10291000DC0B002044200020BC1C002042200020B2
:10292000FF290DD00F4B1048C3F850010B040905C7
:1029300001F0F87103F4E0230B430C49C1F8503166
:10294000FF2A0DD0074B40F2F711C3F850111301C5
:1029500003F4F87302F007021343044AC2F850313B
:1029600000207047004008440000F701004008467E
:10297000F8B5134B134E1F68134D384600F040FF57
:102980003378C4B2A34201D12B78A3B1092C14D857
:102990000E4B012C195D05D10D4B1B78022B01D17B
:1029A00041F0400101F00F0238460909FFF7B8FF76
:1029B000002334702B700020F8BD0024FA21F1E7C9
:1029C000481A0020402000203F20002038590300F2
:1029D0001C0D002038B5044600F04CFC14220021E8
:1029E0002E4810F049FF2E4B25781A782D49521B9E
:1029F00018BF01220A7022681A60C820A2889A8033
:102A0000FFF746FD284BD3F8C820284BFF2119704B
:102A1000274B2849062D03EA0203274A1AD14FF40F
:102A2000EE40C2F824014FF48A42C1F82421012269
:102A300043F08043C1F820211B4AC2F8C8301E4B26
:102A40000322C3F85821FFF793FF1C4B01221A7091
:102A5000002038BD022D4FF007000ED1C2F80C0146
:102A60000620C1F80C011649C2F808114FF4404184
:102A700043F00303C2F80411DEE7C2F80C0105209D
:102A8000C1F80C01C020C2F8080143F08043812244
:102A900043F00403C1F80821CEE700BFC81F00219E
:102AA0001C0D00203F200020001F0021460D0020AB
:102AB0002800C0A0004008460040084443200020F1
:102AC000C1004000014B1870704700BF4220002039
:102AD0002DE9F0472D4C2E4B236000F023FC4FF4E2
:102AE000FA7307464FF47A76B0FBF6F629482A4A7D
:102AF0007343190E1B02181841F10001002304F062
:102B0000AFF9A0F580730546A36220B966222B2198
:102B1000FEF7ECFD01254FF47A726A434FF0000A8C
:102B200053465008310204F09BF91C4B19601C4BB2
:102B3000B7F57A7F4FEA05688946044618604FEA80
:102B4000152505D276222B215046FEF7CFFD012612
:102B50004FF47A73A8FB030103FB05117308C01837
:102B600041F100010023324604F07AF90D4B0234A2
:102B700019600D4B49F10009A408186044EA8974F2
:102B8000024B013C1C63BDE8F08700BF00500840C9
:102B90000211010020A1070040420F00CC1C0020C0
:102BA000C81C0020C41C0020C01C0020044B4FF097
:102BB0000052C3F880211A60024B01225A6070470C
:102BC00000E100E000500840074B4FF00052C3F80E
:102BD0008021C3F88020BFF34F8FBFF36F8F034B6B
:102BE00004225A60704700BF00E100E00050084036
:102BF00010B50446A242A2EB0000A3EB010104D2EF
:102C0000034B1B6B01331844013901F0030110BD64
:102C10000050084038B502010A4B01259D500A4A70
:102C20004FF4807383405366044606F04BFA074A1C
:102C30001378A54023EA05031370BDE8384006F079
:102C400045BA00BF0051084400500840452000200C
:102C50002DE9F0471546044688461E4606F032FA2E
:102C6000022D00F0B880074606F033FA6C4B6D4A2F
:102C7000D3F8189092F815A0DA6D5FFA8AFA520725
:102C800044BFD3F818900AF1010A06F028FA664BFF
:102C9000664A1B6811684FEA8A7CA3FB093213F16C
:102CA000004301FB09CCD8F800304CEB020C012D9D
:102CB00004BF01336344ACEB030C08BFC8F8003019
:102CC000BCF1804F0AF0030AC0F09880584AD2F84D
:102CD00000C0584AD2F800E0514A23F04041106B3E
:102CE0004FF000480022ECFB01820EFB01228242E1
:102CF0004FEA937381BF01330130121A03F00303CB
:102D0000A3EB0A03914588BF4549DFF848C184BF5A
:102D1000096B03F1FF3303F003030CF80430A2EB5B
:102D20000900A3B1F10742BF434B41F61F71D966B9
:102D3000B30742BF404B4149D966710742BF384B88
:102D400000211967330742BF354B00211965344B09
:102D500004F1100103EB041E0901CEF80C2111222D
:102D60005A5037499A694FF0010EA2EB090A0EFA40
:102D700004F8D3F85C900A785FFA88F848EA02020F
:102D800082450A7026D34FF48072A24019EA020FDE
:102D900020D11CF8040000283FD10DB3F0071A66BB
:102DA00008D5254B274941F61F7240F20110DA661B
:102DB000C866DA66B10706D51F4B22491F4A22486A
:102DC000DA66C866DA66720742BF204B01229A6053
:102DD000330719D4384606F079F90120BDE8F087A9
:102DE0001B48240140F804E05A6606F06BF91449C8
:102DF0000B7823EA08030B7006F068F9384606F0F2
:102E000065F90020BDE8F087212000F0A5F9044B0A
:102E10004FF480325A603846DDE71A663846DAE702
:102E200000500840001D0020C01C0020C41C0020D1
:102E3000C81C0020CC1C00200050084400001F1FAC
:102E400045200020005008460000010100400840D5
:102E50000051084446200020024B1878003818BF63
:102E600001207047452000201030034B0001185806
:102E700000F00100704700BF005008401030044BC4
:102E800001F46001000141F003011950704700BFD7
:102E90000050084038B506F01CF9084B084A9D69F7
:102EA000547DDA6D520748BF9D69E4B248BF0134D2
:102EB00006F015F9284604F0030138BD005008401B
:102EC000001D002038B50B4B03EB00121030000141
:102ED000D2F80C411D58FFF7DDFFAB0706D5844241
:102EE00000D90139204601F0030138BD844238BFC2
:102EF0000131F7E70050084008B5222000F02CF916
:102F0000024B4FF480225A6008BD00BF00500840B9
:102F1000064B1B68434303EB8171054B1B68A3FB06
:102F2000003013F1004341EB00007047C41C002047
:102F3000C01C00200D4A10B5146820F04043014623
:102F40004FF000420020E4FB0320094A126802FB14
:102F50000300084B1B6B98424FEA917104D901336F
:102F60000131C01A01F0030110BD00BFC81C0020D0
:102F7000CC1C002000500840F8B5064603F0EEFADD
:102F8000044608B1FFF720FE084D094F00232B61CE
:102F900030466B61AB617B75FFF7CCFFC9B27975C9
:102FA000A8610CB1FFF702FE0020F8BD00500840F8
:102FB000001D00203B4B082270B501210546C3F8D7
:102FC000C8203948394CEAF71BFF394B1D7023786C
:102FD000013B012B0CD8237CE07B01229A400C2181
:102FE000302313FB001303F1884303F520431A60D9
:102FF000304B00225A677DB92F4A4FF6FF71D167D7
:1030000002F10072F821D1675D672C4B4FF08042CE
:10301000C3F89420002070BD636853B300F082F9B8
:10302000626800EB5203B3FBF2F3013B1B0243F077
:10303000F80326782049224A022E1CD0032E1D4870
:103040004FF6FF7521D0012E27D143F00203CD6743
:10305000D36707234367237CE07B01229A400C213E
:10306000302313FB001303F18C4303F520431A6054
:1030700011E0F823DDE743F001034FF6FF70C86766
:10308000D3670C4B05225A67E5E743F00503CD678C
:10309000D367012343670B4BB8E7CD67D3670023A2
:1030A000F8E700BF00400E4600350A00D01C0020A3
:1030B0004B20002000000840000008440040084465
:1030C0000000084600400846F8B5064604460FCE04
:1030D0001C4F3D460FC533682B601B4B1B48082215
:1030E000C3F8C8200121EAF78BFE194A0023536771
:1030F000A37BE17A1B0443EA0123217A0B43936704
:103100003B78032B1BD8DFE803F01402080E617B29
:10311000207B00230422EBF763FF217CE07B00236C
:103120000422EBF75DFFA17A607A01230422EBF71A
:1031300057FF084B1878BDE8F840FFF73BBF012068
:10314000F8BD00BFD01C002000400E4600350A002C
:10315000000008404B200020044BD3F89430002B93
:10316000BCBF034BC3F88000704700BF004008405D
:10317000000008404FF0006318B1034AC2F89430D1
:103180007047024AFAE700BF004008460040084482
:1031900008B5064B06491A684FF00450920010F02B
:1031A00076FBBDE8084000F0A5BD00BF78590300DC
:1031B0007C59030007B501A8ECF7D2FA134B144A67
:1031C000C3F8442148F2E672C3F838214FF408628C
:1031D000C3F834210F4AC3F8A0200F4A4AF63F41F2
:1031E000916002F580424FF0C07191620022C3F8F5
:1031F000FC200A4AC3F89C20094B7F225A6203F143
:10320000007323225A6203B05DF804FB00400840BB
:10321000C0E653517A27000F00300840806D6303E9
:10322000003008440F4B002210B5C3F88820C3F8C3
:103230008C20C3F890200C4A0121D1605A6812F00A
:10324000706FFBD14FF00452DA67012402F5FD5292
:10325000C3F880401A66054B1B689847044BDC6036
:1032600010BD00BF0040084000400846E00B0020B1
:1032700000400844034BFD22C3F8C8200122C3F8D4
:10328000CC20704700400E4638B5FFF7F3FF1B4BCC
:103290001B481C4C1C490222C3F8C8201B4B1A684F
:1032A00042B102EA0005A54204BF5D68156008331B
:1032B0008B42F4D1164B0222C3F8C820154B164A94
:1032C000D3F83C111160154AC3F8942000F04AFB72
:1032D000FFF770FF124B0322C3F8D820A3F5005369
:1032E0000122C3F894204FF46072DA604FF040720C
:1032F000C3F8F820C3F8102138BD00BF00400E46C7
:103300000000FFFF00000840B081E00F0080E00FE8
:1033100000400E4400400840E40B00200048F0004C
:103320000060084608B5EAF7E1F8044BD3F810311D
:10333000C3F308230133B0FBF3F008BD00400E4097
:1033400070B5044618B1284D2268531C00D170BDD9
:10335000C2F30063110C35F8130011F0FE0F93B2A5
:1033600043EA0043606818D00434CAB2022A2168D4
:1033700008D9D4E90160033AC3E9001698600C3417
:103380000C33F3E704D16268C3E900120834DBE7C9
:10339000012AD9D104341960D6E7120F072AF5D8CB
:1033A000DFE802F00704090D1013181DC04303F1F4
:1033B00080631860EAE71A6842401A60E6E703F1A2
:1033C000C063F6E70FF0B4FFE0E70122824003F1AB
:1033D000C063F2E70122824003F18063EDE71A68DF
:1033E00030EA0202FBD1D1E742590300024B01222D
:1033F000C3F89420704700BF00400846024B0122EA
:10340000C3F89420704700BF00400844024B40229C
:10341000C3F89420704700BF00400844024B40228C
:10342000C3F89420704700BF0040084608B50C4B15
:103430001B68D3F8943023B11A68022A01D9186A9C
:1034400008BDFFF76FFF074B1B6D024698B20028BF
:10345000F6D0C3F30743D2085343B3FBF0F0EFE7D2
:10346000481A002000600840064B5B68C3F3036302
:10347000984206D1044A936B23F0F00343EA01110A
:103480009163704700400840001F00212DE9F0477C
:103490000E460FF037FFDFF8B090DFF8B0A080469F
:1034A000002505F00FFED9F80430C3F30363012BA8
:1034B00007460BD1711C1AD00FF024FFA0EB0805B2
:1034C000384605F003FEAE42EBD80DE0052BF1D0F7
:1034D0000B2BEFD0023B012B0CD9013602D00FF0A1
:1034E00011FF384605F0F2FD1648BDE8F08705F0FB
:1034F000EDFDD6E7DAF808301A04C3F389140FD4C7
:10350000013602D00FF0FEFE384605F0DFFD24B292
:10351000A4F1C8006FF4FF739842B8BF1846E4E7FF
:10352000731C03D00FF0EEFEA0EB08056FEA845485
:103530006FEA9454384605F0C9FD14F5007FC2D0F7
:10354000E6E700BF00FEFFFF0040084000700840B3
:10355000024B012218619A60704700BF00200840AA
:10356000084910B5D1F8703140B11C464A68D1F80D
:1035700070319C42F9D1C2F30362027003F00F0074
:1035800010BD00BF00400840094BD3F8883001F05F
:10359000800103F480030B4309D1064B4FF4001262
:1035A0009A61837F1BB1044B0122C3F8F820704756
:1035B00000400840006008440060084610B505F06F
:1035C00081FD084B1B6804463BB1984728B1002297
:1035D00000204FF4806100F0BFFC2046BDE81040A1
:1035E00005F074BDE41C00202DE9F0411F4CDFF80C
:1035F0009080069F0646A2FB03502C1960F1000E36
:103600009C46A0454FF0000373EB0E0E07D24FF41B
:10361000B4720E211846FEF769F802201BE000295B
:10362000FBD0C6F3130601EB5C04B4FBFCF4A4FB73
:103630000646E40C44EA46340D4E34600D4C2260DC
:103640000D4A914209D10D4AA5FB025302FB0033FA
:103650009B093B600020BDE8F081C4040A46E804F1
:1036600044EA553103F0FCFB3860F3E700C9E87623
:10367000E81C0020EC1C002000F049020A3BB2DFED
:103680000046C32338B5164D2B780C4623B9154B8D
:103690001B6D03F03F032B70134BD3F894305B0585
:1036A0001CD5124BB0FBF3F040F24D534343A3F54E
:1036B00046430C3B584300F5C91000F5556028B946
:1036C00040F21B322B21FEF711F801202B78084A1B
:1036D0005343B3FBF0F30020236038BD0220FCE726
:1036E0004F200020003008400040084000366E01A6
:1036F0008096980070B5374C374B256B374C1B685C
:103700002468ED024CBF1B191B1BB3F1804F04D87A
:10371000002B3AD1324E1C460AE0B3FA83F4314E04
:10372000C4F10204E340304DAB4201D901345B08DF
:1037300003EB5605B5FBF6F52C4EB34234BF00261D
:1037400001262403013D44EA86242C430C60D8B1B1
:10375000B3FBF0F1642400FB11336343984288BF4C
:1037600001F1FF314808013801390728204D214C6B
:103770004FEA510311D9002129700621C4F8941091
:103780001B0243EA0013136070BDB3FA83F4D4F153
:103790000204134EC6D50024C5E71029EBD068B14A
:1037A000012129700621C4F89410134909780029D1
:1037B000E6D012490224C1F89440E1E7012914BF80
:1037C0000121002129704FF00601C4F89410ECD1BA
:1037D000D6E700BF00300840EC1C0020E81C0020A9
:1037E000E0673500C0CF6A003FBE4025401B5F1335
:1037F0004C200020004008444D2000200040084696
:10380000084B5B6B03F00700C3F3C20213F0380FE1
:1038100018BF5043C3F3821213F4E07F18BF504324
:10382000704700BF00300840034BD3F8380180F0E8
:103830001000C0F30010704700400840174B4FF4D1
:10384000002210B5C3F89420154C164BB0F1804FF0
:1038500088BF1C46144BDA6CD2071DD51B6F134A68
:1038600004F5F42404F59074B4FBF2F4033CE4B2E0
:1038700003F00703A34202D02046EBF70FFB0C4BEB
:103880001B784BB10B4B4FF47022C3F8942003F11B
:1038900000732404C3F8944010BD00BF00400846E4
:1038A000E0673500C0CF6A0000300E4040420F0094
:1038B0004E200020004008447FB50446E9F752FE40
:1038C0001C4B06462C3358680093A3792268314676
:1038D000FFF78AFE054648BBA379012B14BF1649A2
:1038E00016491022C1F83821206815495843FFF7BE
:1038F000C9FE03AA02A93046FFF7FCFE0F4A43F6B1
:10390000FF53C2F8A4300C4B0299C3F8A4104FF433
:10391000EE611163039A1A632068FFF78FFF094B6A
:10392000A2881A6203F5405300229A63284604B025
:1039300070BD00BF00300840004008460040084409
:10394000503008400000084008B5044B01221A70AE
:10395000034B1868FFF772FF002008BD4E200020BF
:10396000EC1C0020024B4FF48062C3F89420704797
:10397000004008460D4BD3F80421D3F8B030D2B242
:10398000FF2A03D043F30743591C01D19022192386
:10399000074903EBD37302EB6302022381F846303D
:1039A000232381F8472081F8453070470081E00FDC
:1039B000001F002140B10368012B05D90069034BAA
:1039C000002808BF18467047004870474859030050
:1039D00038B5054614480C46FFF7ACFA2DB1C301C3
:1039E00003EB5503B3FBF5F32360104A5368D80289
:1039F00017D40F4B1B68D2F8A810C3F3810311F43E
:103A0000806203F10103C9B218BFDA00FF2906D0B2
:103A10000649D1F8AC10490501D502EBC30262603A
:103A200038BD0022FBE700BF40420F000000084005
:103A300000200840084B1A68C117A2FB000310F1D0
:103A4000807002FB013343F10003400E40EAC310D3
:103A5000803820EAE0707047F41C0020174B0722E2
:103A600070B5C3F88420FFF75DFC154B154A164E60
:103A7000C408010B0546E005C01841F10001002310
:103A800003F0EEF9114B18604EF66020FFF7D2FFFD
:103A90004042C6F89C000E48FFF74CFA024658B167
:103AA000E301500818184FEA15714FF0000341F177
:103AB000000103F0D5F9706770BD00BF00400840F9
:103AC000B2E60E0065CD1D00001F0021F41C002091
:103AD00040420F002DE9F843054608469846FFF797
:103AE00069FF16460746002D00F0A98018F0050F63
:103AF0005DD02C69002C00F0A480FEF767FE4FF427
:103B00007A735C43201A7B68A0F6AC50C01AFFF7AA
:103B100091FFAC8B3062002C00F09680FEF756FED1
:103B20004FF47A735C43201A7B68A0F6AC50C01A3D
:103B3000FFF780FF70614A4BEC68D3F80090002CCF
:103B400000F08580FEF742FE4FF47A735C43241A3E
:103B50007B68A4F6AC54E41A3B68E41A414B1A683B
:103B6000E117A2FB044314F1807402FB013343F11B
:103B70000003640E44EAC314803C3B4BB4613B4CED
:103B8000D3F88430F36123684BB148460FF072FDDF
:103B900028B12368D9F84800324639469847AC69BD
:103BA000FEF714FE014620460FF023FCF06218F0E9
:103BB000020F29D06B684FF47A7058435BB13B68B1
:103BC00003F51C5310331844AB7F002B46F2A813A7
:103BD00008BF00231844FFF72DFF6B69B062002B6C
:103BE00038D078684FF47A7202FB0300AB7FA0F5FF
:103BF0000350002BA0F1100046F2A81308BF0023C9
:103C0000C01AFFF717FF706218F0040F17D0A868EA
:103C100018B34FF47A735843A0F503501038FFF7E8
:103C200009FFF0602B684FF47A70584323B13B686A
:103C300003F51C5310331844FFF7FCFE3061BDE858
:103C4000F8834CF2503062E74CF2503070E74CF29F
:103C5000503483E747F23050D3E747F23050DEE785
:103C6000481A0020F41C0020001F0021F01C002036
:103C7000064BD86DDB69C0F3011203F01F03000C83
:103C800002FB000001331844704700BF0060084089
:103C900010B508461C460FF03CFB094B0246D3F812
:103CA000F800FFF787FE0368A018002B054AA8BF9D
:103CB0004FF4FA721A44044B92FBF3F2104410BD15
:103CC000001F00210CFEFFFF18FCFFFF074BD3F87D
:103CD000D8304FF604014FF605029BB28B4208BF65
:103CE0001346034A01209365704700BF0081E00F2F
:103CF0000050084070B5194C0FCC86B001AD0FC50F
:103D0000C822236816482B6000210FF0B5FD7C22E5
:103D1000002114480FF0B0FD134B144AC3F8F020F3
:103D2000FFF728FE124B1B782BB101AD0FCD0B4EC8
:103D30000FC62B6823600F4B0F4AC3F8DC2F0F4AC6
:103D4000C3F8E02F0E4AC3F8E42F02F1957202F295
:103D50007112C3F8E82F06B070BD00BFC81F002164
:103D6000381F0021BC1E0021001F00213F0037002A
:103D700043200020001000210200620209C80578DB
:103D80000708DC060A4B197801F0FF0229B100216F
:103D9000197008499202C1F8A020597801F0FF0279
:103DA00029B1002159709302024AC2F8A430704729
:103DB0005020002000000846074BD3F8E40E074BC4
:103DC000D3F88C301A0103D4054B1B6E1B0401D5AC
:103DD00000F58070704700BF0010002100400840CF
:103DE0000000084008B505F06DF90F4B1A78B2B91C
:103DF0000E4A126812F4843F11D10D4A1021C2F804
:103E000094101B786BB9094B1B68DB0509D4084B70
:103E10002022C3F89420BDE8084005F057B9054AB0
:103E2000ECE7044BF4E700BF54200020A00F002073
:103E3000004008440040084610B505F043F90E2143
:103E400004460320FFF710FB044B40F201222046FA
:103E50005A62BDE8104005F039B900BF00000840C3
:103E6000044B00221A70044B197811B11A70FFF735
:103E7000B9BF7047532000205420002008B505F03A
:103E800021F9244B4FF08052C3F88020BFF34F8FAD
:103E9000BFF36F8F4FF48072C3F88020BFF34F8F52
:103EA000BFF36F8F0222C3F88020BFF34F8FBFF3A1
:103EB0006F8F1022C3F88020BFF34F8FBFF36F8F37
:103EC0002022C3F88020BFF34F8FBFF36F8F4FF0D6
:103ED0000052C3F88020BFF34F8FBFF36F8F802253
:103EE000C3F88020BFF34F8FBFF36F8F4022C3F81A
:103EF0008020BFF34F8FBFF36F8F4FF00042C3F8A6
:103F00008020BFF34F8FBFF36F8FBDE8084005F0EF
:103F1000DDB800BF00E100E008B505F0D3F80D4BB7
:103F20004FF080521A604FF480721A6002221A60B9
:103F3000002283F8012310221A6020221A604FF019
:103F400000521A6080221A6040221A60BDE80840C0
:103F500005F0BCB800E100E070B5084C0123237007
:103F6000074B1E68074BD3E90053324019402840E5
:103F700001F0F4F90023237070BD00BF522000202F
:103F8000FC1C0020A00F00202DE9F047DDF820A048
:103F900003EA0108099B06460D4602EA000703EA08
:103FA0000A09BAF1000F40F04981031F0B4300F0EA
:103FB0000F81052871F1000380F0E38050EA0103CE
:103FC00000F05C81431E0B4300F01D81FFF756FF9C
:103FD000AB4AD2E9004323EA050324EA06043C4342
:103FE00043EA0807A74BA84D1E68DFF8EC8226EAD3
:103FF0000A0646EA09061E60C2E90047FFF7F2FE1C
:1040000014F02A4F14BF48F202034FF40043B007E4
:104010009E48C26E48BF43F4005383EA020122EA7D
:104020000302EA669A4A81660B40D366C4F3804273
:104030001203210348BF42F48072E30648BF42F4F2
:104040000052A50648BF42F4007260069148924DA6
:10405000D0F80C3248BF42F48062210648BF42F4D7
:10406000006282EA030123EA0203C5F80C328B4B9B
:10407000C0F808120A40C7F34025AD04C3F80C226B
:10408000E20448BF45F48035A30348BF45F48015DA
:10409000A00748BF45F4001514F4001F06D0D8F857
:1040A00000000FF016FB08B945F40025E1027C4939
:1040B0007C4848BF45F40035FA0648BF45F4800502
:1040C0000A6A730748BF45F0040585EA020323F036
:1040D00001031A4002621D40CB61734B73481D629D
:1040E000734B744A16F0010F18BF1A46836E7D0792
:1040F00048BF42F40012704D82EA030123EA020332
:10410000AB666E4B41660A4000F500509A66C16B83
:1041100004F0010305F5005581EA030221EA0301D9
:10412000E96382631A40664BDA63D8F80020200204
:1041300048BF644B92F8E92058BF634B610748BF02
:1041400043F4806322B114F4C06F18BF43F480734A
:104150005E485F4CD0F8EC10320748BF43F0004394
:1041600083EA010222F4A0221140C4F8EC101340AB
:10417000C0F8E820574ABDE8F047C2F8EC30FFF736
:10418000CBBEA0F580630B4306D020F48063A3F57B
:1041900000730B437FF41AAF04F094FF3849D1E960
:1041A000003223EA060322EA050242EA08023B4300
:1041B000C1E90032484A126892F8E9200AB313F4C0
:1041C000C06F1ED0434B4FF48072C3F8EC2014E054
:1041D00004F078FF2A4AD2E9003123F004033B437C
:1041E00041EA080157EA0807C2E9003114BF394A19
:1041F000374A4FF48063C2F8EC30BDE8F04704F072
:1042000065BF334BDFE704F05DFF1D4AD2E90031A3
:1042100023F001033B4341EA0801C2E900312F4A80
:1042200057EA08074FF0010315BF93632C4902F1C9
:10423000C062CB6314BFD3639363DEE750EA01032C
:104240007FF4C4AEBAF1010F7FF4C0AE04F03AFFC0
:104250000C4A136823F0010343EA09031360134A6D
:104260004FF48063B9F1000F04D0536602F1C062CD
:104270009366C2E710498B665366BEE7BDE8F087D8
:10428000A00F0020FC1C0020000008440000084093
:1042900000000846006008400060084400600846CE
:1042A00000400840004008440040084600500840D4
:1042B000041C5000041850000050084400500846E8
:1042C000007008460D0A0A09090A0A090010084088
:1042D0000010084400100846481A002000700840EA
:1042E00000700844024B5868C0F3C000704700BF1C
:1042F000A00F0020024B186800F00100704700BFBB
:10430000A00F0020024B5868C0F3C030704700BFB8
:10431000A00F002010B50446FEF7B6FFFFF7AEFD74
:1043200004F14C00FDF79CFEFEF77CFFFEF7D0FB8E
:10433000FEF73CFCFFF792FB1049114AD1F8F81048
:10434000072304F1A400FFF7C5FB4FF44001002050
:10435000FEF794FD4FF400110120FEF78FFDFFF7EB
:10436000B5FC20B940F2E7221421FDF7BFF9FFF7B1
:10437000EBFABDE810400120FEF71CBE001F002133
:104380006C1F0021084B8022C3F8882003F17E4374
:104390000822C3F88820054AD2F8BC3E23F0200347
:1043A000C2F8BC3E704700BF004008460010002124
:1043B00008B504F087FEFFF7E5FF034B01229A6082
:1043C000BDE8084004F082BE00400840F0B583B06C
:1043D0000646144602F0C2F8002800F09B80514BBC
:1043E000DD6815F0060540F0958004F06BFE23793A
:1043F0000095022B07463ED1237B022B35D00320AC
:10440000FEF732FD18B9484B5B685B047FD5A37B90
:10441000257B4649A2680192003B18BF0123012D6C
:104420000B705DD0424A434C002313702278002A5F
:1044300061D13C4E0420FEF7EDFBF36E23F0F85300
:1044400023F4F81343F0506343F48033F3662A46B1
:10445000022301A90420FEF7FBFB002852D0364BB3
:10446000012130222170C3F89420384604F02EFE3A
:10447000002003B0F0BD0320FEF7F6FC002846D173
:104480002279D6F8AC30012A226838D0D51A254BCB
:104490002A4A0095DA6600221A67627B284B002AB6
:1044A0000CBF012200221A70264B264AD3F8BC3ECC
:1044B0000CBF43F0200323F02003C2F8BC3E0320CE
:1044C000FEF7A8FB174B204ADA66227901236946DA
:1044D0000320FEF7BDFBF8B11C4B01221A708BE7DD
:1044E0002379022B9ED0009BD6F8AC100B441344CA
:1044F0000025019396E72370FFF774FC99E79A4231
:10450000C5D3C3E70320FEF785FB0C4BF3663846A3
:1045100004F0DCFD0320ACE7384604F0D7FD0120B1
:10452000A7E700BF00500840004008405620002088
:1045300053200020542000200040084600000101C4
:104540005520002000100021010C01005720002000
:104550002DE9F3410D46074604F0B4FD1B4BDFF88F
:10456000788000241C70FFF70DFF194BC8F86C30E1
:10457000C8F8704006466879431E5842584101F019
:104580008DFC40F60143C8F870302A792968D7F8C5
:10459000B430012A01D1994200D3CC1A04230DEB87
:1045A000030103200194FEF753FB50B9094B882205
:1045B0003046C3F8882004F089FD012002B0BDE830
:1045C000F081304604F082FD0020F7E757200020FC
:1045D000000001010040084400500840F8B5194CA3
:1045E00005462078B0FA80F040F206423E214009AC
:1045F000FDF77CF855B96078B0FA80F0BDE8F84076
:1046000040F206423E214009FDF770B80E4F0F4DB3
:10461000D7F8A0304FF44066C3F381232370C5F868
:10462000A0606078B0FA80F040F206423E21400976
:10463000FDF75CF8D7F8A430C3F381236370C5F8A5
:10464000A460F8BD5020002000000840000008448D
:10465000F8B50B4C0B4DD4F888300B4F0423C5F83C
:104660008830D4F888305B0300D4F8BD0426C7F83E
:10467000886002200EF05CFEC5F88860F1E700BF9C
:104680000040084000400846004008441C4B70B5FC
:10469000D3F888601B4D03F18063A822C3F88820FB
:1046A00010221A60184A194B93666B66FFF76AFB73
:1046B000174B1B7813B90320FEF7ACFA00242C67C4
:1046C000FFF7C6FF134A144BD2F8E41E0B40C2F8A2
:1046D000E43E124B0422C3F88820114BB206C3F803
:1046E000C44008D503F580739B6CB3F5817F22BF6E
:1046F000034B80229A60BDE8704001F0C9BD00BF45
:1047000000400840005008400050084410000002DB
:104710005720002000100021DF0000FF0040084467
:10472000001E002110B549B918B3144A53681B0E76
:1047300013F00E0F1DD113689A061AD4FFF77CFBF5
:104740000E4C0020FEF70CFF032801D0092806D1EB
:10475000D4F88C30DB03F4D4636F0C2BF1D9FFF762
:1047600077FF074B0122DA6003F17E430422C3F88E
:104770008820044B4FF4C0625A6210BD00400840CC
:10478000004008460060084408B503210920FEF7F0
:104790006BFE024B20229A6008BD00BF004008401B
:1047A00038B5054604F08EFC0446FDF715FC35B11E
:1047B000FFF756FB2046BDE8384004F087BC084BA5
:1047C0001B78002BF6D0074B1D78002DF2D1FFF798
:1047D00047FB2A464FF480400021FFF7BDFBE9E785
:1047E00053200020522000202DE9F84F564B06465A
:1047F000D3F888300D461446002A40F0A28013F00A
:10480000A00F14BF4FF001094FF00009DFF85481E9
:104810004E4F01F03DFDA023C8F888300320FEF77D
:10482000F9F90420FEF7F6F94FF0000AFFF718FB3C
:10483000474BFB66C7F870A0FFF70AFF454BD3F85C
:10484000BC2E42F02002C3F8BC2EFF22C8F8002084
:104850003D4A4FF480719160D3F8E42E3E494FF009
:10486000040B1140C3F8E41EC8F888B0C3F8C4AE06
:10487000FB6813F0060F04D0FEF73EFB5846FEF728
:10488000C9F9B9F1000F08D0344B4FF40062C3F8F6
:104890008820334B4FF400425A6666B1304B5B6C54
:1048A000180701D4FFF7C8FAFFF76EFF0420FEF7E0
:1048B000B1F9FFF767FA244BDA68D1073FD55A6898
:1048C00012F0706FFBD1274B274AC3F88820274A84
:1048D000936B23F0F003936315B12046FFF760FF5D
:1048E000234BD3F8B4305A1C01D05B0002D51D4BCA
:1048F0000122DA601CB31A4BDA6E9A66124A136A06
:1049000023F00103D3611B4BD3F80C22C3F8082218
:10491000A3F54053DA6F9A67A3F50053D3F8EC2060
:10492000C3F8E82003F5C043DA6B9A63A3F500539C
:10493000114A5A660B4B4FF60842C3F88820BDE86F
:10494000F88F4FF0000961E7004008400050084030
:104950000000010100100021DF0000FF00400846B8
:10496000000008400040084410003000001F0021F3
:104970000081E00F006008405000F0029A4B196E71
:10498000DA6E2DE9F04F01EA0209C3F8689003F5E9
:10499000805385B0D3F8E060D3F8EC201640C3F81C
:1049A000E86003F5A043D3F80012D3F80C2201EA23
:1049B000020AC3F808A2A3F5005359691A6A01EA6A
:1049C00002088A4A08EA0202DA61894BD3F8002217
:1049D000910006D4D3F800319A00C3F3407740F138
:1049E000E18004F06FFB834BDA68DF6D12F0060F95
:1049F0009A6E07EA020727F4800222F4006214BFCD
:104A00004FF0010B4FF0000B5A667B0704D57A4A32
:104A1000537D0133DBB2537504F058FBB9F1000F3D
:104A200000F0DF8019F4004427D004F04BFB01466E
:104A3000FFF7C2F96F4D0446AA69AB699A42FCD0F0
:104A4000AA699342FCD0FFF7B7F9A04240F0AC80CE
:104A5000084604F03BFB694B1C60694BD3F8885057
:104A600015F4E05240F0A28024F07F4424F0DF04EB
:104A70000CB9FFF70BFE4FF0807419F0020F4FF0E6
:104A8000000516D05E4B5F49D3F8883003F46042CE
:104A9000C1F88820002A00F09E801D0400F19E804D
:104AA00013F4005F0CBF4FF000534FF000631C4342
:104AB0000025C9F340394FEA4909534B3340002BD5
:104AC0004AD016F4206F0AD040F60F0206210020CB
:104AD000FCF70CFE0020FFF763FE26F48026F005AD
:104AE00006D5484BFF221A6044F4C064FFF7A4F9CE
:104AF00016F0090F0AD040F6240208210020FCF726
:104B0000F5FDFFF741FE414B01229A6216F0106F4E
:104B10000CD040F62D0209210020FCF7E7FDFFF73D
:104B200033FE002211461046FDF72EFA16F4202F10
:104B30000AD040F6350207210020FCF7D7FD0020FF
:104B4000FFF72EFE26F48026F10301D5FDF76CFB5E
:104B5000002EB8BF49F0080972070DD52B4B5B6AD0
:104B600013F4005F14BF2A4A2A4A4FF400531ABFB5
:104B7000536244F400045362730548BF44F00404D4
:104B800016F4802600F0AA80FDF718FB01380628ED
:104B900042D8DFE810F021012401210127012A0178
:104BA0002D012D01BB4639E7044645E70192FFF789
:104BB0006DFD144B019AC3F8882015F4805307D17A
:104BC00015F4806F0CBF4FF080544FF0806454E7B1
:104BD0004FF0804451E74FF0007368E74FF0004317
:104BE00065E74C464D4668E7000008400000F7FFC7
:104BF00000E100E000500840001D0020F81C0020EB
:104C00000040084000400844090B0B890010084090
:104C1000001008440010084640F6660203210020F8
:104C2000FCF764FD7C4A136ED2F8800003F00703A2
:104C30000633012101FA03F3C0F30C001B1A9BB2E7
:104C4000072B13D9754BD3F8883058020ED474480B
:104C5000136B126DC06C58B103F007030633994013
:104C6000C2F30C03C91A89B2072901D844F40074AD
:104C70006C4B1B78002B31D0674BD3F8E03013F42A
:104C8000A02F2BD1684B694A1B7893B9FB0410D431
:104C9000137873B1E308664943EA457383F001036F
:104CA000D1F8E41E03F001035B0021FA03F3980737
:104CB00014D10420FDF7AEFF5E4B5F49D966FFF7C4
:104CC000CFF85A4A13782BB95C4B5D4A1B682340D6
:104CD000134201D144F4804427F48057BAF1000F05
:104CE0001DD01AF4805F18BF44F480241AF4807F2A
:104CF00018BF44F400241AF4005F18BF44F01004F5
:104D00001AF4007F18BF44F020041AF4806F18BF13
:104D100044F040041AF4006F18BF44F08004B8F166
:104D2000000F3BD018F4802F18BF45F4007518F41D
:104D3000803F18BF44F4805418F4801F18BF44F417
:104D4000003418F4001F18BF44F0020418F4003FA8
:104D500018BF44F4801418F4800F18BF45F01005F4
:104D600018F4002F1AD0324BD3F8BC3E13F0C00F0A
:104D700014D02A4B5A68C2F30362032A01D0072ACF
:104D800007D1D3F88C20D10603D4D3F89020120792
:104D900031D54FF40022DA6128F40028002F00F00A
:104DA0000D81380540F18180264ADFF888A0D3784C
:104DB000002B4DD0013B4FF40061DBB2CAF8641008
:104DC000D37033B9204B1B78C3B1204B40F601425E
:104DD000DA660023002266E044F4803422E744F4DB
:104DE00000641FE744F480641CE744F4807419E70E
:104DF00044F0080416E744F40014CFE7DAF8703002
:104E000013F4A05F15BF4FF4807340F60143CAF856
:104E10005030CAF87030DCE700100840004008400D
:104E2000000008405420002053200020552000207E
:104E3000001000210050084000000101A00F0020D8
:104E4000088D010046200020572000200050084611
:104E50000320FDF7DFFEDAF80C30A848A84913F06C
:104E6000060F02BFA74B41F61F72DA664FF40063CC
:104E7000CAF86430DAF80C3013F0060308BFCAF839
:104E80007030C38A13F4006260D023F40063C382DD
:104E90000B7803F0FF0A002B5CD1FEF72DF8FFF72B
:104EA000F5FB534620221C431543B9010BD52E2098
:104EB000FEF752F9934A4FF00073936602F17C4279
:104EC00045F008055366FA0608D52B20FEF744F98D
:104ED0008C4A1023936602F17C42536617F4E00F6C
:104EE00005D1FB045ED5BBF1000F00F0AC80B80229
:104EF00010D52920FEF730F9FFF7F4F940B18249C7
:104F0000824A834B53668B6682494968490424D49C
:104F100045F0040517F4800BDFF8F0A129D0042038
:104F2000FDF778FE2720FEF717F9FFF7AFFB4FF4E8
:104F30008003CAF86430784BD3F8E42E50067CD452
:104F4000764B02221A6045F0020528E00B784FF4F8
:104F50000053A8E74FF400433CE76A4920208B66E2
:104F60005366FEF7F9F82D2045F00C05FEF7F4F82E
:104F7000D0E7FA024CD50420FDF74CFE2820FEF7BE
:104F8000EBF8DAF87030002B3FD1FFF77FFB5D4A7A
:104F90005F4B936602F17C4245F0010553665B4B23
:104FA00000221A657B0509D55D4A9378002B00F035
:104FB0009880013B9370002349EA03094A46204642
:104FC0002946FEF7C9FF0EB1FDF720F918F4002FAE
:104FD00000F08C804F4B4FF40022DA6118F0206F04
:104FE00000F0888018F0007F01D0FDF7C1FB18F0B9
:104FF000006F01D0FDF7D8FB002200204FF40061C4
:1050000005B0BDE8F04FFEF7A7BFCAF870B0BEE725
:10501000FB04C4D50420FDF7FDFD424BCAF86C30FB
:10502000FDF76AFFDAF85C3013F4A00FB7D12A203D
:10503000FEF792F8FFF72AFB7DE7D3F8BC3E99060E
:1050400081D4394B7DE7364A13794BB1013BDBB252
:10505000137113B92C4B354ADA6600231C43A1E7C0
:105060000420FDF7D7FD0320FDF7D4FD274B2D4A83
:10507000DA6604F027F882460DF10F00FEF770FAA9
:105080002B4B1B7883460BB1FEF7D6FEBBF1030F0B
:105090000ED1DFF880B00020FEF762FA032807D1B6
:1050A000DBF88C30DA03F6D4DBF874300C2BF2D951
:1050B0009DF80F30032B06D11E4B012250461A706B
:1050C00004F004F8C9E71C4BD3F8E03013F4A02F28
:1050D000F2D1FEF7C5FE504603F0F8FF4FF48043CF
:1050E000BCE70220FDF796FD012365E7B8F1000F4C
:1050F0007FF474AF05B0BDE8F08F00BF001D002045
:105100005720002000500844005008460050084036
:105110001000000200400840001000210040084438
:105120004620002000000101004008460000010D5B
:10513000562000205320002000100840014B1B681F
:10514000184700BFF40B0020034A0123136202F149
:105150007C42D361704700BF004008440B4B10B540
:105160005C691A6A1440A2B2DA61E20704D5586891
:10517000C0F30360FFF7E8FF630706D5BDE8104002
:10518000042200200021FEF7E7BE10BD00400840C9
:105190000C4A08B5136BD16B0B409363DB070FD53B
:1051A000094B187840F6AC22122100F00100FCF700
:1051B0009DFABDE80840002201200021FEF7CCBE88
:1051C00008BD00BF00700840A00F0020044BDA6F3C
:1051D000D207FCD41A6FD96F0A409A67704700BF94
:1051E0000030084070B50D46144603F06BFF064BC7
:1051F000D3F8BC6E74402C407440C3F8BC4E03F02E
:1052000065FF06EA050070BD00100021034BD3F8CE
:10521000BC3E99430CBF01200020704700100021C4
:1052200009490A4AD1F8EC0010B504230124C2F858
:10523000EC308C624FF400515162410744BF02F1DF
:105240000072C2F8EC3010BD001008400010084495
:1052500037B5204D0C4641B90A460721FFF7C2FF7A
:105260001D4B2C635C6003B030BD07221146FFF775
:10527000B9FF1A4B07225A60237985F830306379D9
:105280000193012101A80EF046FA019BC2B2D3405E
:1052900000F00F0040EA031085F83100A27985F88C
:1052A0003220E27985F833202068686383B1028870
:1052B00001218B4205D82379013B1344084A9361AD
:1052C000D1E730F81150AA4228BF2A460131F0E751
:1052D0001A46F0E7001F0021301F0021000008449B
:1052E0000000084010B5054C237823B101F0D0FB35
:1052F0000020207010BD0320FCE700BF59200020D3
:1053000008B501F0AFFB024B01221A70002008BD66
:1053100059200020431C07D0044B6FF0FF029A6114
:1053200003F1007310409861704700BF007008449B
:1053300000F01803182B0AD003070AD410F010004D
:1053400040F2011318BF1846034BD8647047002081
:10535000FAE70120F8E700BF001F0021344B2DE9D8
:10536000F7431E6801F4007900F00103174653EA81
:10537000090205460C462ED04FF0000803B3002367
:10538000002201200021CDE90088FEF7FDFD414605
:105390003046FEF77BF8414670830120FBF7FCFFA7
:1053A000716B06F1A400FEF7EFF822490868FFF7D9
:1053B000B1FF4FF0FF330B60337C43F004033374D1
:1053C000B9F1000F07D0012130460DF0ACFD24F4F7
:1053D000007405430C43D6E93E232A40234052EA99
:1053E000030103D01449304609688847FB070FD5ED
:1053F0001249134A0868136800211160114A0121FB
:10540000117003B19847104B00215B680220984748
:1054100017F00E0F08D040F2F3123B21002003B02A
:10542000BDE8F043FCF762B903B0BDE8F08300BF0C
:10543000481A0020F80B0020FC0B0020281D00203B
:105440002C1D00205B200020D40B0020F7B5044663
:10545000D4E93EC71046DDE908268CEA020587EA52
:1054600006010540194085EA0C057940C4E93E5122
:1054700023F4004106EA010320F00100002543F473
:105480000073024043F00203CDE90055FEF77CFDB6
:10549000237C9A0717D5D4F8FC309B0513D54FF41D
:1054A000881120460DF03FFD237C65F341032374F2
:1054B000D4E93E2302400B4052EA030103D00349E2
:1054C000204609688847002003B0F0BDFC0B00208F
:1054D00038B10368044A002B08BF1346034A13601F
:1054E0007047014BFAE700BF1B340300FC0B0020A0
:1054F000024B986B00F00F00704700BF001F0021A7
:105500000F2938B505460C460ED801F043F801289E
:105510000CD1074A936B23F00F0323439363284670
:105520000EF0ABF8002038BD0120FCE70220FAE7BE
:10553000001F0021014BD86B704700BF001F0021E6
:10554000014B0020D9637047001F002103282DE97B
:10555000F7434CD8274B13F80080274B1E5C274B92
:1055600013F8009003F0AEFD0746FEF7C3FE0546B4
:1055700040B10023CDE900330022002301200021A7
:10558000FEF702FDFEF7BEFE48B10023CDE9003371
:105590000022002300204FF40041FEF7F5FC26B363
:1055A000174B5C6C04F00804164B31465C644046B3
:1055B000FFF7B8F84A4631464046FFF715F9124B57
:1055C0005C6465B1114B1868416BA430FDF7DCFFDA
:1055D0000F490868FFF79EFE4FF0FF330B60384617
:1055E00003B0BDE8F04303F071BD3446DCE703B01F
:1055F000BDE8F08358590300545903005059030083
:10560000000008400000084400000846481A002036
:10561000F80B0020104AD2F8883013F0A00F16D1F2
:10562000D2F88C0010F0040013D10C4BD3F8E43EF8
:1056300023F07F4323F0FF035BB15368C3F303629E
:10564000092A07D0B2F10C0018BF012070470020D2
:1056500070470120704700BF004008400010002143
:1056600070B50D4616460BB1FFF7DAFD0A48036820
:10567000026A03F00703063301249C40C2F30C03C3
:10568000E41AA4B2B44228BF344622462946FCF7A5
:1056900025FC204670BD00BF0010084070B50D46C7
:1056A000064620B9194B1B68A3B1032011E000F096
:1056B00071FF012828D1164B93F90040C4F11C0456
:1056C000641BC4F11C03002BB8BF5B42232B0CDD11
:1056D000012070BD81EAE173A3EBE173DBB2232B00
:1056E000F6D80B4B19700020F3E7B57403F0EAFC11
:1056F000084A5369E40223F4FF2304F4FF241C4303
:10570000546103F0E3FCEEE70220E2E7481A0020D0
:10571000582000200070084090F8C23053B9074B61
:10572000DA69920208D49B6F13F4706F14BF0120E2
:10573000002070470020704701207047006008403B
:10574000F8B5436B02EA010523EA01032B434363E7
:10575000344A01F00B030C4623EA0501516402F1BF
:1057600000722B4061070646536411D50121FFF7F3
:10577000D3FF68B1FEF76CFF15F0040F14BF2A4A7F
:105780002A4A4FF40073D361294B0422C3F88820BE
:10579000E20606D515F0100F264B14BF00221B227F
:1057A000DA6423061DD52F0616D51F4B4FF40012C1
:1057B0009A6103F17E430122C3F8F82003F082FCD2
:1057C0000E2107460320FDF74FFE1A4B40F201223F
:1057D0005A62384603F07AFC294606F1A400FDF728
:1057E000D3FEE00503D5E90516D5FDF707FEA205B2
:1057F00003D5AB0513D5FDF711FE14F0600F09D0EA
:10580000D6F8941030460DF009FE0B4B98640B4B04
:1058100080229A600020F8BDFDF7E8FDE7E7FDF77C
:10582000F5FDEAE70000084400600846006008440F
:105830000040084400000840001F002100400840CC
:10584000014B1868704700BF241D002037B50123A5
:1058500000240022CDE90034002310461946FEF74B
:1058600093FB0220FDF7D6F9054D064B21461C603F
:1058700002206B6898472B6803B0BDE8304018479A
:10588000D40B00202C1D00202DE9FF41022903909C
:105890000C461546984605D1FFF7D8FF002004B006
:1058A000BDE8F081194E03F00DFC336807463BB1AB
:1058B000AB4205D003F00AFC002333600120EEE781
:1058C000134B3560C3F8008001230022CDE900337B
:1058D000002310461946FEF757FB0E4B0025022009
:1058E0001D70FDF797F922462B4603A90220FDF70C
:1058F000AFF9094B039A1A60084B1B680446984796
:10590000384603F0E3FB002CC8D1D5E72C1D00205E
:10591000281D00205B200020241D0020D40B002027
:10592000044BDB6D5B055ABF034B1878012000F078
:1059300001007047005008405B200020014B98692F
:105940000DF003BD00600840014B98690DF013BDD8
:105950000060084070B50E4603F0B4FB054600F049
:105960003DFE044620B1284603F0B0FB204670BD42
:10597000FEF76EFE114B3278D3F8E43E022A23F094
:10598000F00316D0101F42424241520043EA021374
:105990007278022A0FD0111F4A424A41520043EA4C
:1059A0008213064AC2F8E43E054B0422C3F888205D
:1059B000D9E70122EAE70122F1E700BF0010002148
:1059C0000040084470B50E4603F07CFB054600F02D
:1059D0001DFE044620B1284603F078FB204670BD2A
:1059E000FEF736FE104B3278D3F8E43E022A23F05D
:1059F0000F0315D0101F42424241520013437278E8
:105A0000022A0FD0111F4A424A41520043EA820340
:105A1000054AC2F8E43E054B0422C3F88820DAE7C1
:105A20000122EBE70122F1E70010002100400844C9
:105A3000F8B50E7890F8D070044630460D46FCF765
:105A4000E5FC002844D094F8D030B34208D1AA88AD
:105A5000636C9A4204D16A88B4F8D2309A4235D045
:105A600084F8D060AB88A4F8D4306B88A4F8D23026
:105A7000AB886364FF23637530460DF00AFC04F1C4
:105A8000D00520752846FCF7A5FF10BB2846FCF77B
:105A9000B3FCF0B9D4F8903053B194F8D010B942B7
:105AA00006D0B3F912202046E9F712FF84F8D90096
:105AB0002046FCF791FE0949A4F8D400084AD1F821
:105AC000F810012304F1A400FEF704F80020F8BD4B
:105AD00001200E2384F8D030F9E700BF001F002119
:105AE0006C1F002170B5054690F8D0000E280C46BA
:105AF0001DD0FF291DD01AB10F4B4FF0FF321A6095
:105B00000DF0C7FB064695F8D000FCF729FD84424E
:105B100028BF0446E4B2B44238BF3446E0B26875E8
:105B2000FCF7BAFDA0F1FF035842584170BD0220B6
:105B3000FCE70120FAE700BFDC0B0020C36B012B60
:105B400001D10020704770B5364BD0F89060D3F883
:105B5000F830C0F8943086B03146058B04460DF01D
:105B60002FFCB3898DF80600D6E90121EB1A9BB210
:105B700001FB032268460021ADF804300092FDF7D6
:105B80009BFE38B9284B228BDA63FCF7F1FE20B17B
:105B900006B070BD022006B070BD227C60F34102E9
:105BA00022740DF0D0FBD4F890305969431EDBB25B
:105BB00009680291FD2B02460BD9CD1C09D91B4B5C
:105BC00001311B680CD0D81C07D802A920460293CB
:105BD00001E002A920460DF032FB002006B070BDA6
:105BE000D91C04D802A9204602930DF028FBD4F852
:105BF000FC309B0504D4237C43F002032374ECE7C0
:105C00004FF4803120460DF08EF9D4E93E23024056
:105C10000B4052EA0301E0D0054920460968884755
:105C2000DBE700BF001F002100300840E40B00202C
:105C3000FC0B002038B590F8DC400546ACB103F011
:105C400041FA0A4B1F22DA61013C03F10073144050
:105C5000DC6103F17A43D5F8E0201A66D5F8E42038
:105C60005A66BDE8384003F031BA38BD00600844D8
:105C70002DE9F74F06461546084619B9012003B02D
:105C8000BDE8F08F002AF9D0032904D80021FCF7E1
:105C9000DFFA0028F2D082780488037990F805B002
:105CA000C788B0F90000002802F00701C0F2D180D7
:105CB000A1F1070CDCF1000040EB0C000529287372
:105CC0008CBFC2F300100020C2F3801C68739009DF
:105CD00085F810C000F00200C2F3C00C40EA0C00CE
:105CE000C2F340126874AA74AF820BB996F8CA3036
:105CF000013BDBB2EB74736BD80600F1968006397A
:105D0000012900F29280544BDB6C544B5A6B1B6B95
:105D100003F0070306334FF0010909FA03F909F10B
:105D2000FF39083C42F0005804EA0904002318F83F
:105D300004A0AB60013404EA0904631D03EA09030B
:105D40005A1C02EA090218F8037018F80220BAF186
:105D5000800F47EA0227727C18BFAAF1320A3BB2D1
:105D600014BF4FFA8AFA6FF07F0AC7F30B079AB392
:105D70000020D6F89C300BB151469847631C03EACB
:105D80000903E87385F80EA018F80310013303EA3D
:105D9000090318F80320013303EA090341EA022149
:105DA00018F80320013303EA090341EA024118F815
:105DB00003006A7C002341EA00613046FDF768FF7A
:105DC0002860737C042B03D1022FDCBF01302860D4
:105DD0000423AB71002052E7D90422D5D6F89420D1
:105DE0009AB11368022B10D992F82400FB0008B175
:105DF000B3FBF0F39B45BBD8002BB9D0CBEB0B200A
:105E0000B0FBF3F0C043C0B2B3E730460DF044FB43
:105E1000019030460DF030FB019BB3FBF0F0C0B2B7
:105E2000E4E718F804004000EDE70023EB730C4BA7
:105E3000DA68C2F30723120448BF63F0FF035AB2C3
:105E400012F1800F1CBF323B5AB20023AA732B60A1
:105E5000BFE7022013E700BF000008400010084021
:105E60000070084070B50A4B0A4DD3F8EC604FF44F
:105E70008064C5F8EC400020FEF792FC4FF400531C
:105E80006B65730544BF044BC3F8EC4070BD00BFA5
:105E9000001008400010084400100846082318B1FC
:105EA000024AC2F888307047014AFAE700400846C3
:105EB00000400844F8B504460E4641B9037C5A0632
:105EC00041BF4FF6FF7261F38613828303743C4B2C
:105ED000D4F894701B680BB120469847394BA18BBE
:105EE000D3F8842012F4E05F04BF2022C3F810220C
:105EF0004FF6FF73994204D0334B1B680BB1204619
:105F00009847324DD4F894102A68914207D0204621
:105F10000DF084FA2E4B98642E4B802098609742A7
:105F200045D02D4B1B684BB11FB13A68002A40D0B9
:105F3000BF68394620469847D4F8941008460DF0BB
:105F400085FA30B32549FDF743FD07272046FCF7C6
:105F500043FC16B3224B94F9122093F900302149E7
:105F6000D4F89400C3F11C039B1A4A69DB0222F4A3
:105F7000FF2203F4FF2313431B4A4B611B4B286092
:105F800006211167204601221A700DF076FB0020D1
:105F9000F8BD20460CF021FFD4E70D4B0F4AD3F893
:105FA000F81004F1A4003B46FDF794FDD2E7012769
:105FB000CCE71746394620469847D4F89410BDE7F9
:105FC000381D002000600840201D0020181D002002
:105FD000001F0021004008401C1D00206C1F0021F4
:105FE0005820002000700840000008445A2000207B
:105FF000B1F5007F38B50C461BD200F0CBFA012872
:10600000054618D1E8F7AEFA002211460220E8F75B
:10601000DDF90A4B0A4A1A6303F10073E402022015
:106020001C632A462946E8F7D1F9E8F76BFA002005
:1060300038BD0120FCE70220FAE700BF00400E4413
:1060400000F80F000248482200210DF015BC00BFE7
:10605000E81E0021002373B583746423C0E92C3348
:10606000C0E92E334FF0FF35C0F8AC30A0F8C03097
:106070000E264FF6FF73C0E9075580F8D0604564DF
:106080008582837504461120E7F766FF042834D122
:106090001B4B5B6813F4403F2FD12046FEF73AF9C3
:1060A0002046FFF7CFFF94F912102046FFF7F6FACB
:1060B000144A6023536402F5805240F6FF71516226
:1060C0005165114A5364114B4022C3F88820626B1A
:1060D00029462046FFF734FB002240F202231046F7
:1060E0001946CDE90066FDF74FFFFCF723FA20467D
:1060F00002B0BDE87040FBF7D5BA022002B070BD17
:1061000000300E40000008400000084600400844EF
:1061100070B50C68B0F8D4208D680346013404BF14
:10612000D3F8AC400C604C68013404BFD3F8B840DD
:106130004C606E1C00F1A40038D1D3F8B440CE6896
:106140008C60751C38D1D3F8B0500E69CD60013623
:1061500004BFD3F8A4600E614E69013604BFD3F8C2
:10616000A8604E618E69013604BFD3F8BC608E61B1
:106170008E693EB34132B24238BF32460E688A6100
:10618000C3F8B4404C68C3E92E420A69C3F8A4209E
:106190004A690D49C3F8A820C3E92B650B4AD1F819
:1061A000F8100723FDF796FC002070BD02F14104B2
:1061B000AC4238BF2C46C2E702F16405B54238BF95
:1061C0003546C2E76422D9E7001F00216C1F002179
:1061D00038B5084D04462868003818BF0120621CF5
:1061E000214600F033FC2B68003B18BF0123A3704D
:1061F000002038BD301D002038B5054C054B4178D6
:1062000000782568236000F0D9FB00B1256038BD17
:10621000301D00206459030070B502F053FF0C4E8E
:10622000054600F0B7F9012804D0284602F04EFFD9
:10623000022070BD736813F0706FC3F30364F0D174
:10624000F36BDB06EDD5284602F040FF2046F0E771
:1062500000400840074B1B684BB10028064A074B1B
:1062600008BF00231360064B1870002070470220FF
:10627000704700BF301D0020341D00205C59030012
:106280005C200020014B1878704700BF5C20002084
:1062900038B502F017FF0B4A13884FF6FF718B4297
:1062A00003D102F013FF032038BD074C074DE5650D
:1062B00004F100741B04E365118002F007FF002065
:1062C000F2E700BF220D0020006008440000FFFF3D
:1062D0002DE9F34105460F461446FFF79BF980B1BF
:1062E000DFF81882D8F80C30DE0740F1EA8002F0BF
:1062F000E9FE06460320FCF7B7FD38B1304602F050
:10630000E5FE0226304602B0BDE8F081D8F80C3038
:1063100013F0060FF2D1304602F0D8FE6A4B4FF46C
:1063200000612846D3F8E48ED3F8C46EFEF76EFF02
:1063300040B1664B4FF400720121C3F88820084633
:10634000FBF72AF839462846FBF778F95E4BC3F885
:10635000C46EC3F8E48E06460028D3D12B7CD80641
:1063600001D4002C66D0C4F34000FEF737F914F4D2
:10637000807F14BF564A554A4FF002031BBFC2F834
:106380008830544AC2F8883000211CBFD160936223
:106390004D4BD3F8BC7EFEF75BF94F4A14F0040F67
:1063A00007EA02034FF480616BD04C489342C1610D
:1063B00006D14B4A92F8D03043F0020382F8D03035
:1063C000424B042214F0400FC3F8882014BF454A02
:1063D000454A40232046C2F88030FEF7A9FF2846F0
:1063E0000DF0ABF840B114F0010F14BF384A374A32
:1063F0004FF48073C2F88830A1064CD56B8C4FF6F1
:10640000FF7293420FD0394A3949D26D100CC2F352
:106410000112088001323749B3FBF2F32F4A3648A4
:10642000C8651B04D3652B7C003C18BF012464F3B2
:1064300004132B7428460DF01DF9F0B128460DF019
:106440007CF8D0B14FF400312846FEF7DFFE431C44
:106450009BB203221F4801A90CF0C6FE9DF8042040
:1064600002F00703052B9DF805301DD1120715D446
:1064700043F480731A4AC2F8CC3000200CF0F6FEC8
:1064800040E71C489342C1619AD1154A92F8D03036
:1064900023F0020392E7FFF7FBFEC4E713F0040FBB
:1064A00009D19DF80630E3E703F03002202A05D138
:1064B00013F0010FF4E74FF48073DBE79DF806302B
:1064C000D8E703261EE700BF001000210040084463
:1064D0000040084600100840800000400060084668
:1064E000001E00210070084600700844006008404B
:1064F000220D0020006008440000FFFF005008400B
:1065000008B5094BD3F8B4305A1C0BD05B0009D442
:106510000320FFF71BF8054B4FF08062C3F894206F
:106520000122DA6008BD00BF0081E00F004008468C
:10653000054BD3F8880003F180634FF40022C3F8C1
:106540008820C0F3C040704700400840014B024A19
:106550001A6070471C1D002051520200024BD8687F
:1065600000F00100704700BF00500840084BDA6897
:10657000D10707D508B9FCF727BBDB68DA0706D4D3
:10658000FCF714BBDB68DB0701D40028F8D17047A7
:10659000005008400F4B5B68C3F30363013B0B2BB8
:1065A0000FD8DFE803F006060C06060606080A0800
:1065B0000808022070470420704705207047032018
:1065C0007047054BDB6813F0060F0CBF0120042059
:1065D000704700BF00400840005008400A4A536816
:1065E000C3F303630B2B08D06FF49050184100F0F5
:1065F000010080F0010040007047D2F8880010F4DC
:106600008030ECD1704700BF004008400C4A53680E
:10661000C3F30363062B07D8042BD8B20CD8C31ED0
:106620005842584140007047072B07D1D2F8440127
:1066300010F00050EBD170470220704700207047E7
:106640000040084008B5437C033BDBB2072B96BFF4
:10665000044A0021D15CFEF773FFBDE80840012029
:10666000FCF788BD70590300012310B580F8C230D3
:106670002823C0F8A83004234374054B0446196846
:106680000CF0ADFB2046FFF7DDFF002010BD00BF82
:106690001C740300012310B580F8C2302823C0F811
:1066A000A83002234374054B044619680CF097FB8D
:1066B0002046FFF7C7FF002010BD00BF2074030075
:1066C000F8B5D0F8E0308B4204460D46164601F08E
:1066D000010703D190F8DC30202B19D04FB3002EE6
:1066E00014BFAA23552393FAA3F31B0B03F47023BF
:1066F00095FAA5F243EA12432364202384F8DC30A0
:106700000023C4F8E050C4F8E4302046FFF792FAC2
:10671000164A17490F23D365164BDFB15EB9012026
:10672000D865C2F8FC10226CC2F31302C3F8FC2037
:10673000F8BDAA23D7E70220D865C2F8FC10226C66
:10674000C2F31302C3F8FC200B4BE5640222C3F82A
:10675000B820EDE70220D865C2F8FC10226CC2F325
:106760001302C3F8FC20002EE2D0EDE700600844DD
:10677000FFFF0F000060084600100840134A07237F
:1067800010B55363124C134B89B14421E16240F0C0
:1067900040000121206359634FF48043C2F8A030C8
:1067A000C2F8A430C2F8A830C2F8AC3010BD4FF423
:1067B0008042E16221635963C3F8A020C3F8A4209A
:1067C000C3F8A820C3F8AC20F0E700BF00000844DD
:1067D000000008400000084608B50948E7F762FCD9
:1067E000084A136813F4805F08BF12684FF0010372
:1067F00004BFC2F303229340B0FBF3F008BD00BF17
:10680000A0091400002004402DE9F74FDFF8ECB098
:106810008146DBF800A00F46FCF73CFB4FF0FF354C
:10682000CDE9000100202C46064606F110031B01AD
:106830005BF8033003F00308B8F1010F15D13046BF
:10684000FCF740FB02460B46DDE90001FCF7D0F9FE
:10685000DBF85C3006F10802D340DB0737D5002FA8
:106860003ED000253E602C4640460136052EDCD148
:1068700050B3224F396B0131A4FB014164190AF472
:10688000403341F10001B3F5003F4FF000022FD13A
:10689000FB6A0AF4405A013342F10006BAF5805F00
:1068A00021D1BD6A15F5807542F100026E4303FBEC
:1068B0000266A5FB03323244594304FB0212A3FBD8
:1068C00004341444C9E9003403B0BDE8F08FA84291
:1068D00071EB0403C8D207B13E6005460C46C3E71E
:1068E0003D463C46C0E7320242EA13621B02E3E740
:1068F000BB6A13F5807342F10002DDE700500840E7
:106900002DE9F84302F0DEFB274C284DDFF8A88084
:106910000646607B030103F1804303F584230022D4
:106920001A64AF6EAA66D5F800112161217B0904B3
:1069300041F00301C5F80011013001218140C8F880
:1069400020104FF480716966D8F80810013159643D
:10695000A16002211964A3680133D8F80810E86D1A
:1069600010F4807913D18B42F7D13AB1304602F05E
:10697000ADFBC3221A214846FAF7B8FE617BA36833
:106980000B4A09010233A36053500122E3E74FF49D
:1069900080736B66074BAF660122C3F80021304657
:1069A000BDE8F84302F092BB001D002000500840F3
:1069B0004420044000500844002004400B2870B5D7
:1069C0003CD802293AD81E4C207361734FF48A4098
:1069D0000121E7F715FA637B227B1A490133143250
:1069E00043F4801343F4306341F82230FCF79AFCFF
:1069F0004608C507FFF7F0FE002302463146284649
:106A000000F02EFA090241EA1061C0F3C05040EADA
:106A100041000D4B2060986A10F5807005D14FF44D
:106A2000E1722B21FAF762FE0220024600230020C9
:106A3000012100F015FA6060002070BD0120FCE724
:106A4000001D002000600E400050084028B1044B9B
:106A5000187B0870587B1070704707230B70FAE79B
:106A6000001D002010B502F02DFB0446FFF748FF83
:106A7000054B02225A60054B01222046BDE810401A
:106A80001A7002F023BB00BF005008405D200020B8
:106A90000C490B78A3B10C4B5A7B01230132934074
:106AA0000A4A53620A4B4FF08042C3F88021002308
:106AB0000B70084BD3F80C01D3F8041100F0A6B802
:106AC000704700BF5D200020001D0020002004440E
:106AD00000E100E00050084010B50446FFF77CFEDE
:106AE000604300F5F420034B00F59070B0FBF3F029
:106AF00010BD00BF40420F002DE9F04F85B0FFF7F9
:106B0000EBFF044602F0DEFADFF8F890DFF8F880D9
:106B10000021054602A889F80010FFF775FE354BE5
:106B2000D8F808605B6813F0706F1ED1DFF8C8A05A
:106B3000DAF80C7017F0060717D1E0B1FCF7F2FB9A
:106B4000611DA1FB00B10191FFF746FE3B460246E5
:106B50000199584600F084F9DDE902B3090241EADF
:106B600010610002584599410ED3284605B0BDE892
:106B7000F04F02F0ABBAFFF7C3FE1F4B02225A6080
:106B8000012389F80030F0E70193FFF7B9FEFFF722
:106B900023FE019B4FEA1B2242EA0362A0FB02B2E2
:106BA0001B0A00FB03210191FCF7BCFB0199024683
:106BB0003B46584600F054F910494A7B1301013412
:106BC00003F18043361B03F5842306445E64561CA0
:106BD0000122B2400A4EC8F820207262D8F808207C
:106BE0005B6C241AD31AA342C7D20B69CAF80031CE
:106BF000BBE700BF0040084000500840001D0020D7
:106C0000002004465D200020002004402DE9F74FBD
:106C10008B4CDFF83C82637B019104331B0100271E
:106C200048F80370237B874A1B0593604FF40033B9
:106C30009360854B02225A60D8F8083005465E1EE4
:106C40009B1B002B40F3CB800137022F4DD9DB2259
:106C50000D210020FAF74AFD7B4E7C4A4FF08073ED
:106C600073662369C6F80031237B1B0543F40033A8
:106C70009360637B764A04331B010024D45002F0F6
:106C800021FAB769D6F85CC0224623464FF4807ECD
:106C900002F110010901715801F00301012910D11D
:106CA0000EFA02F111EA0C0F0BD106EB0214AF42FF
:106CB000D4F80C41C0F09B80A54202D2A74280F0DC
:106CC00099800132052AE3D1624D2968012940F2F9
:106CD00094802BB15A49CA8A1A43CA825A4A136607
:106CE00003B0BDE8F04F02F0F1B9637B04331B0140
:106CF000002248F8032002F0E5F9534900904FF0D4
:106D000080734B6694F80DC0D8F808604FEA0C1CED
:106D10000CF1804C0CF5842C0136CCF844600B68E7
:106D2000D80356D5A36822680198F31AA3FB02AED4
:106D30008B6A03F580796368AEFB0321AAFB03B37A
:106D40009B1841F10001A9FB032BBAEB020209FBDE
:106D500001BB6EEB0B0E120A42EA0E620244B2EB6A
:106D6000192F4FEA192E04D3013341F10001A2EB90
:106D70000E02AEF1040E7245DFF8CC9028BF7246C9
:106D8000C9F81020627DD9F818E0EB18D2B241F1B1
:106D900000017545D9F830E084BF02F1FF32D2B26C
:106DA000BEF1FF3F0ED04FF0000A0EF101099E45E3
:106DB0007AEB010B08D20132B3EB0903D2B261F1D5
:106DC0000001F4E70A44D2B202F0030262751E4ADF
:106DD000936102230098CCF8403002F077F91A4A08
:106DE000D8F80830D26DD2017FF52AAF34E7A5423A
:106DF000BFF464AF19438BB263E7174A1478142CBD
:106E000001BF0024154E14703470147801341470CE
:106E1000002B3FF465AF0A4EF48A1C43F4820A4CFF
:106E200023660E4C23780133DBB2022B23707FF4F0
:106E300057AF0023013129601370237050E700BF62
:106E4000001D002000500846005008400050084433
:106E500000200440A41C00205F2000205E200020B1
:106E600053B94AB9002908BF00281CBF4FF0FF31B1
:106E70004FF0FF3000F06AB9ADF1080C6DE904CEB7
:106E800000F006F8DDF804E0DDE9022304B0704705
:106E90002DE9F047089D0C46002B4ED194468C45B9
:106EA0008646B2FA82F262D94AB1C2F12003914019
:106EB00020FA03F30CFA02FC194300FA02FE4FEA2F
:106EC0001C471FFA8CF6B1FBF7F44FEA1E4307FB91
:106ED000141143EA014304FB06F199420AD91CEB61
:106EE000030304F1FF3080F01381994240F21081D6
:106EF000023C6344591A1FFA8EF3B1FBF7F007FB0B
:106F0000101143EA014300FB06F69E420AD91CEB2E
:106F1000030300F1FF3180F0FD809E4240F2FA80D1
:106F2000634402389B1B40EA044000211DB1D3405A
:106F30000022C5E90032BDE8F0878B4205D90DB1CA
:106F4000C5E9000100210846F5E7B3FA83F10029FD
:106F500046D1A34202D39042C0F0F180861A64EB7E
:106F600003030120002DE6D0C5E90063E3E7002A12
:106F700040F09180A1EB0C044FEA1C481FFA8CF7FB
:106F80000121B4FBF8F64FEA1E4308FB164443EA1E
:106F9000044307FB06F0984208D91CEB030306F1F3
:106FA000FF3402D2984200F2CE8026461C1A1FFA05
:106FB0008EF3B4FBF8F008FB104443EA044300FBF3
:106FC00007F79F4208D91CEB030300F1FF3402D2FC
:106FD0009F4200F2B1802046DB1B40EA0640A5E755
:106FE000C1F120068B4022FA06F71F4320FA06FC67
:106FF00004FA01F343EA0C03F44000FA01F8380CF8
:107000004FEA1349B4FBF0FE1FFA87FC00FB1E4455
:1070100049EA04440EFB0CF9A14502FA01F20AD92F
:107020003C190EF1FF3A80F08580A14540F2828044
:10703000AEF1020E3C44A4EB09041FFA83F9B4FB41
:10704000F0F300FB134449EA044403FB0CFCA445A1
:1070500007D93C1903F1FF3068D2A44566D9023B39
:107060003C4443EA0E40A0FB0293A4EB0C049C4278
:10707000CE469C4652D34FD055B1B8EB0E0364EBCD
:107080000C0404FA06F6CB40CC401E43C5E900646C
:107090000021BDE8F087C2F1200320FA03F10CFAC9
:1070A00002FC24FA03F394400C434FEA1C4800FA14
:1070B00002FE1FFA8CF7B3FBF8F008FB1031230C2B
:1070C00043EA014300FB07F1994208D91CEB030393
:1070D00000F1FF362CD299422AD9023863445B1A58
:1070E000A4B2B3FBF8F108FB113344EA034401FBFB
:1070F00007F3A34208D91CEB040401F1FF3613D2B5
:10710000A34211D902396444E41A41EA004138E744
:107110000446EFE6084605E7C845ADD2B9EB020ED6
:1071200063EB070C0138A7E73146EDE7034698E724
:107130003046D4E7D6467EE7634402384CE706463D
:10714000234608460EE7023E63442FE7704700BF20
:10715000024B0A46014618680CF0EFBA140C0020E6
:1071600008B5064B044613B10021AFF30080044B71
:107170001B6803B19847204602F082FD0000000022
:107180007C1E0020024B0146186800F02DB800BF9D
:10719000140C0020024B0146186800F085BA00BFAD
:1071A000140C002070B50F4E0C463168054611B91D
:1071B00000F034FA30602146284600F02FFA431CD4
:1071C00003D14FF0FF34204670BDC41C24F00304EB
:1071D000A042F8D0211A284600F020FA0130F2D15E
:1071E000EFE700BF3C1D00202DE9F041CD1C25F04C
:1071F000030508350C2D38BF0C25002D064601DB94
:10720000A94204D90C2333600020BDE8F081314F3E
:1072100000F062F83B681C4644BB29463046FFF745
:10722000C1FF431C044650D13C682146002941D18E
:10723000002C44D02368304604EB030800F0EEF93C
:1072400080453CD121686D1A29463046FFF7AAFFD8
:10725000013034D023682B4423603B68002B36D0A8
:107260005A68A24229D100225A600EE02268521BBD
:107270001DD40B2A16D96119A342256018BF596085
:10728000636808BF396062514B60304600F02AF8ED
:1072900004F10B00231D20F00700C21AB5D01B1A01
:1072A000A350B2E7A3426268DED13A60EDE723461D
:1072B0006468B1E70C464968B8E71346CEE70C238B
:1072C0003360304600F00EF89EE70560DDE75B6056
:1072D000FFDE00BF401D002001480CF0D6BA00BF01
:1072E0006020002001480CF0D1BA00BF60200020CF
:1072F000002310B50446C0E90033C0E904338360BD
:1073000081814366C2818361194608225C300CF09A
:10731000B3FA0D4B63620D4BA3620D4BE3620D4B51
:1073200023630D4B24629C4206D003F16802944211
:1073300002D0D0339C4205D104F15800BDE8104082
:107340000CF0A2BA10BD00BF9F370300C137030085
:10735000F93703001D380300441D0020024A034989
:1073600003480CF0FEB900BF080C0020DF3A030010
:10737000180C002041680C4B994210B5044601D00E
:107380000CF0ADFBA168094B994202D020460CF0ED
:10739000A6FBE168064B994204D02046BDE81040A8
:1073A0000CF09DBB10BD00BF441D0020AC1D002093
:1073B000141E002010B50B4B0B4C0C4A1A602046D3
:1073C00000220421FFF794FF04F168000122092143
:1073D000FFF78EFF04F1D0000222BDE81040122119
:1073E000FFF786BF7C1E0020441D00205D73020055
:1073F00001480CF04ABA00BF6120002001480CF09F
:1074000045BA00BF6120002010B50446FFF7F0FF29
:10741000236A1BB1BDE81040FFF7F0BF044B2362A5
:10742000044B1B68002BF5D1FFF7C4FFF2E700BF48
:10743000757302007C1E00202DE9F7431D46574B53
:107440001F6804460E46904627B13B6A13B938467A
:10745000FFF7DAFFB8F1020F06D0B8F1010F00F222
:107460009A80002DC0F29780636ED90705D4A38956
:107470009A0502D4A06D0CF008FA214638460CF0AB
:107480002EFB616B41B104F14403994202D03846AE
:1074900000F00AF9002363630023A3616360A389FA
:1074A0001B0603D52169384600F0FEF8A38923F4B2
:1074B0004A6323F00303B8F1020FA38161D001AB4B
:1074C0006A46214638460CF032FBA3891843A08156
:1074D0002DBB009D2846FFF755FE0646002852D1D9
:1074E000DDF80090A94540D14FF0FF35B4F90C30DC
:1074F00043F00202A2810022A26004F1470222604E
:10750000226101226261626ED60704D4980502D41A
:10751000A06D0CF0BBF9284603B0BDE8F083002E47
:10752000D8D03B6A13B93846FFF76EFFB8F1010FA8
:1075300008BFA389266004BF43F00103A381B4F907
:107540000C3013F00802C4E904651ED0D90741BF0E
:1075500000226D42A260A56158BFA560626ED2078D
:1075600001D49B0513D50025D5E74846FFF70AFE51
:1075700006460028B8D0A38943F08003A3814D4676
:10758000CFE70025B2E7A946F5E7A260E6E7A06DE0
:107590000CF07CF9E7E74FF0FF35BCE7140C002056
:1075A0000B46034902460868816800F0C7B800BF6F
:1075B000140C002038B5064D0023044608462B6005
:1075C00002F05CFB431C02D12B6803B1236038BD81
:1075D000801E002038B5074D04460846114600229B
:1075E0002A601A4602F054FB431C02D12B6803B1F7
:1075F000236038BD801E002038B5074D044608467C
:10760000114600222A601A4602F044FB431C02D1B4
:107610002B6803B1236038BD801E002038B5064DAD
:107620000023044608462B60E5F7ECFF431C02D11B
:107630002B6803B1236038BD801E002038B5074D8C
:1076400004460846114600222A601A4602F030FB22
:10765000431C02D12B6803B1236038BD801E00207B
:1076600070B50D4D0D4C641BA4100026A64209D127
:107670000B4D0C4C0DF024F8641BA4100026A64200
:1076800005D170BD55F8043B98470136EEE755F833
:10769000043B98470136F2E7600D0020600D0020A2
:1076A000600D0020640D002038B50546002941D04A
:1076B00051F8043C0C1F002BB8BFE418FFF70CFE78
:1076C0001D4A136833B9636014602846BDE838402A
:1076D000FFF708BEA34208D9206821188B4201BFDA
:1076E00019685B6809182160EDE71A465B680BB101
:1076F000A342FAD911685018A0420BD12068014466
:10770000501883421160E0D118685B6853600844E8
:107710001060DAE702D90C232B60D6E72068211825
:107720008B4204BF19685B68636004BF091821605D
:107730005460CAE738BD00BF401D00202DE9F04F5E
:107740000D469DB014469846064618B1036A0BB91B
:10775000FFF75AFE6B6ED90705D4AB899A0502D4A0
:10776000A86D0CF092F8AB891B0701D52B699BB96A
:107770002946304600F026FA70B16B6EDC0704D55E
:107780004FF0FF301DB0BDE8F08FAB899805F7D4FE
:10779000A86D0CF07BF8F3E70023099320238DF804
:1077A0002930CDF80C803023DFF8AC818DF82A30F9
:1077B0004FF0010923469A4613F8012B0AB1252AF6
:1077C000F9D1BAEB040B0BD05B4622462946304672
:1077D0000CF082F8013000F0A780099A5A4409920F
:1077E0009AF80030002B00F09F8000234FF0FF320A
:1077F000CDE905230AF1010A049307938DF853306C
:107800001A935446052214F8011B5348E4F788F8EC
:10781000049AD8B9D10644BF20238DF853301307FA
:1078200044BF2B238DF853309AF800302A2B15D003
:10783000079A544600204FF00A0C214611F8013BEC
:10784000303B092B4BD9B0B1079214E0A0EB0803F1
:1078500009FA03F313430493A246D2E7039B191DCD
:107860001B680391002BBBBF5B4242F002020793EF
:107870000793B8BF049223782E2B0AD163782A2B62
:1078800032D1039B1A1D1B68039243EAE37302344F
:107890000593DFF8D4A0217803225046E4F740F89E
:1078A00038B1049BA0EB0A0040228240134301340C
:1078B000049314F8011B29488DF828100622E4F7D8
:1078C0002FF800283FD0264B1BBB039B073323F028
:1078D000070308330393099B3B4409936AE70CFBB6
:1078E00002320C460120A8E7002301340593194613
:1078F0004FF00A0C204610F8012B303A092A03D920
:10790000002BC6D00591C4E70CFB012104460123DE
:10791000F0E703AB00932A46124B04A93046AFF3BD
:1079200000800746781CD6D16B6ED90705D4AB8989
:107930009A0502D4A86D0BF0A9FFAB895B063FF551
:107940001FAF09981EE703AB00932A46054B04A915
:10795000304600F00BF8E4E796790300A0790300C5
:1079600000000000D93803009C7903002DE9FF478F
:107970000F7E0C9E782F914680460C469A4601F168
:10798000430207D8622F0AD8002F00F0DD80582F5D
:1079900000F0C38004F1420684F842703AE0A7F197
:1079A0006303152BF6D801A151F823F0057A0200E4
:1079B000197A020095790200957902009579020002
:1079C00095790200197A02009579020095790200F2
:1079D00095790200957902002F7B0200A77A0200B8
:1079E000E77A02009579020095790200517B020046
:1079F00095790200A77A0200957902009579020034
:107A0000EF7A020033681A1D1B68326004F14206E7
:107A100084F842300123A8E031682368081D3060F3
:107A20001E0601D50D6803E05D06FBD5B1F90050D7
:107A30006168002D78DA2D20002984F84300A160C8
:107A40002DDA5E486D420A231646B5FBF3F103FBBF
:107A50001157C75D06F8017D2F46BB420D46F4D98C
:107A6000082B0BD12368DF0708D523696168994289
:107A7000DEBF302306F8013C06F1FF36921B22617F
:107A8000CDF800A04B4603AA214640460BF036FF36
:107A900001306FD14FF0FF3004B0BDE8F08723F024
:107AA00004032360CDE721683368080653F8045BBC
:107AB00002D4490648BFADB26F2F4048336014BFAF
:107AC0000A230823002184F843106668A660002E6C
:107AD000BADB216821F004012160002DB4D1002E11
:107AE000B2D11646BCE7236843F020032360344834
:107AF000782784F84570236831681F0651F8045BC5
:107B000002D45F0648BFADB23160D90744BF43F02D
:107B1000200323601DB11023D4E72848E9E7236838
:107B200023F020032360F6E724480A23CDE73368D7
:107B300025686169181D30602E061B6801D5196023
:107B400002E06806FBD5198000232361164697E7FB
:107B500033681A1D32601E68626800213046E3F700
:107B6000DFFE08B1801B606063682361002384F836
:107B7000433085E72369324649464046D0470130C5
:107B800088D023689B0714D4E068039B9842B8BF51
:107B9000184681E70123324649464046D047013026
:107BA0003FF478AF0135E36803995B1AAB42F1DC2F
:107BB000EAE7002504F11906F5E700BFA7790300FD
:107BC000B879030038B5294B054618680C4618B13A
:107BD000036A0BB9FFF718FCB4F90C30190722D46B
:107BE000DA0607D409222A6043F04003A3814FF04C
:107BF000FF3033E0580712D5616B41B104F1440303
:107C0000994202D02846FFF74FFD00236363A38902
:107C100023F02403A3810023636023692360A389E5
:107C200043F00803A38123694BB9A38903F42073AC
:107C3000B3F5007F03D0214628460BF09EFFB4F930
:107C40000C3013F001020AD00022A2606269524295
:107C5000A261226942B913F08000C5D138BD9907ED
:107C600058BF6269A260F4E70020F7E7140C002017
:107C700038B5074D00230446084611462B6002F034
:107C800000F8431C02D12B6803B1236038BD00BF4C
:107C9000801E002038B5064D0023044608462B60A0
:107CA00001F0F4FF431C02D12B6803B1236038BDFF
:107CB000801E0020C0F3C7537F3B162B07EE900AAF
:107CC00020F000412FDC002B16DB1C491941084233
:107CD00026D09FED1B7A37EE877AB5EEC07AF1EEAB
:107CE00010FA1DDD002804DD4FF4000242FA03F310
:107CF000184420EA010070479FED117A37EE877A29
:107D0000B5EEC07AF1EE10FA0ADD002813DBB7EE0B
:107D1000007A002914BF17EE100A17EE900A704778
:107D200017EE900A7047B1F1FF4FF9D377EEA77ABB
:107D300017EE900A70474FF000407047FFFF7F003A
:107D4000CAF24971094A5168C84390FAA0F048B193
:107D5000B0FA80F0042805DC012383400B43536014
:107D600040B270474FF0FF30704700BFAC1E00209C
:107D7000034B044800212822C3E900110BF07CBD0D
:107D8000AC1E0020841E002038B50546FFF7DAFF40
:107D900004460448294600EBC4000BF0BFFF204610
:107DA00038BD00BF841E0020C3B2042B10B515D807
:107DB0000B4A042303EBC003134453E8002F0A4388
:107DC00043E80024002CF8D101220649824051E802
:107DD000003F134341E800300028F8D110BD00BF38
:107DE000841E0020AC1E0020F7B51A4A1A491B4D0C
:107DF000012608274FF0040C106800B30B7806FA30
:107E000003F420421DD0E04352E8004F044042E812
:107E1000004EBEF1000FF7D117FB03C32B4453E80C
:107E2000000F43E800E4002CF9D1019048B1087834
:107E30000B4901AA05EBC0000BF0ACFF012003B019
:107E4000F0BD0B78506883423ABF0133DBB20023A8
:107E50000B70D1E7AC1E002062200020841E0020A1
:107E600078563412024B1868003818BF012070474A
:107E7000AC1E002010B5044601F02BF9074B1B681F
:107E80004BB1DB681B1B002BCCBF0024012401F08D
:107E900026F9204610BD1C46F9E700BFC41E00208D
:107EA00038B5054601F015F9094B1A684FF0FF3453
:107EB0001AB901F014F9204638BDD2E903310B4458
:107EC0005B1B23F000439C42526828BF1C46EFE72F
:107ED000C41E00202DE9F84F0C9F9DF82CA00E46E3
:107EE00015469946804608B103687BB937B12946E3
:107EF0003046B84740F20340BDE8F88F002DF9D076
:107F0000002EF7DB284600F009FCF3E701F0E1F86A
:107F10008346504600F0F0F90446584601F0DFF879
:107F20008CB947B129463046B8470320314600F0A6
:107F3000BBFB1A20E0E7002DF7D0002EF5DB28462A
:107F400000F0ECFBF1E7C4F80080DFF878800A9BD2
:107F500065610025C4E90797A660236184F818A02D
:107F6000D8F800306560984709EB000601F0B1F8D9
:107F700007461248E6600268114631B1CB689B1B88
:107F8000002B13DBCB689E4210D09DB90C4B626076
:107F900004601C682CB1D8F800309847FFF780FFC8
:107FA000A047384601F09BF80020A5E74B680D4636
:107FB0001946E2E76B6863606C60F2E7C41E00205C
:107FC000B41E0020BC1E00202DE9F74FDFF884B05E
:107FD00081460D4692461E4601F07BF8DBF80040D4
:107FE00001904FF000082CB9019803B0BDE8F04FA4
:107FF00001F075B823684B451CD12DB1A3682A68E0
:1080000023F00043934215D17EB96368B8F1000FA5
:1080100013D1CBF800300D4B1F6887B10C4A1268A2
:108020009047FFF73DFFB84709E060695146B04708
:108030000028EAD0A0466468D5E7C8F8043067682D
:1080400020460BF027FE3C46CDE700BFB41E0020C3
:10805000BC1E0020C41E0020014B1860704700BFEA
:10806000B41E002070B50B4B04460E461546197819
:10807000094A0A480CF0A3FA094A00231360094A86
:108080001660094A2421156007202246BDE8704089
:1080900000F0B4B87B200020C979030063200020E1
:1080A000C41E0020BC1E0020B81E00207FB5044660
:1080B0001846002303930A4B1B680D46164613B956
:1080C000212004B070BD03A998470028F8D1009082
:1080D000039B3246294620460BF00FFEF1E700BF16
:1080E000B81E0020F8B5054610200F46164600F0D1
:1080F000F7FA0A4B0446187818B1102221460CF002
:1081000061FA44B10123E3602B682360C4E901767E
:1081100000202C60F8BD1A20FCE700BF632000207F
:108120002DE9F843264FDFF8A880264D38603868DF
:10813000FFF7A0FE30B9244B1B689847BDE8F84311
:10814000FFF7AEBE00F0C5FFD8F800400646ECB120
:108150006368C8F800301D4BD3F80090B9F1000FE8
:108160000CD100F0BCFFA3682C6033F0004311D1A8
:1081700028680BF08FFD00232B60D8E7124B1B689B
:108180009847FFF78DFEC8473046EAE700F0A7FFA3
:108190002C60CCE72368002BEAD018680028E7D0D1
:1081A000A26832F00043E3D0D0E900696369216836
:1081B0008068C8470028DBD1002ED9D03046EFE7D1
:1081C000C81E0020C01E0020BC1E0020B41E0020BF
:1081D000C41E002038B504460D4600F07AFF064B59
:1081E0001B683BB1DA6922601B692B60BDE838402F
:1081F00000F075BF2360F8E7C01E00202DE9F74F9F
:10820000DFF88C90DFF88CB009EB001503314FEAF2
:10821000001A4FF6FC770F400024DBF800306A802C
:1082200029F80A708046EC6002FB07F01646984772
:1082300017FB06F292B2034668602A8108B30092E7
:108240001148124A9BF8041052F8282040440CF0C0
:10825000B7F921462A8968680BF00EFB21462346B0
:108260009E4206DCD1440020A9F8026003B0BDE8BC
:10827000F08F6A68E86850505418EC600133394454
:10828000EEE71A20F2E700BF64200020C87A03005E
:10829000DC170020CC1E002070B50B4E06EB00153D
:1082A0000446696839B1094B2A89185C0CF089F9D0
:1082B000686800F033FA06EB04101022BDE8704045
:1082C00000210BF0D9BA00BFDC1700206420002089
:1082D000044B19601A7198600201002102480BF0EA
:1082E000CBBA00BFCC1E0020DC170020014B185C6D
:1082F000704700BF6420002070B50A4C04EB0013E7
:108300000601DD68084B185C18B1A25B29460CF029
:1083100059F92DB134442B68E3606388013B6380D5
:10832000284670BDDC17002064200020024B03EBC0
:1083300000139878704700BFDC170020094B03EB4F
:10834000001310B45A88DC680C600132D9605A807E
:10835000054B185C18B15DF8044B0CF034B95DF8AE
:10836000044B7047DC17002064200020044A010100
:1083700002EB0013505A10B11B89B3FBF0F07047A9
:10838000DC17002038B5164B164D00241C70164B18
:108390002C601C60154B6C6020461C70AC60FFF7B5
:1083A000E5FF80B2A0F10E036B80A0F11403013051
:1083B00068812046EB80FFF799FF0D4D0D4A04467A
:1083C000014628460CF0FBF82146681E0A4A0CF0CC
:1083D000F6F82146681C094ABDE838400CF0EFB8B1
:1083E00079200020361F0020F01E00207820002079
:1083F000762000200C7B0300157B03001F7B03000D
:1084000070B5044680B300F064FE63796FF38203B5
:108410006371237913F01006054605D010232371EC
:10842000BDE8704000F05BBE03F003030F4931F874
:108430002320013A21F8232030462146FFF77EFF12
:108440000B4B0C4E1C681CB90A4B28461C70E7E706
:10845000237A1BB933781BB92468F4E7012BFBD1CD
:10846000636820469847F7E770BD00BF361F0020BD
:10847000F01E00207920002010B5044600F029FEEF
:10848000034B1A6822601C60BDE8104000F027BE54
:10849000F01E002010B5064B1A78541C1C70054BBA
:1084A00000F0E00003F8320003EBC203596010BD96
:1084B00078200020D81E00202DE9F04F4607044602
:1084C00089B048BF00F0F704634F049204F003063C
:1084D000029100F0FEFD07EB860337F826205B884B
:1084E0009A4204F0EF0A81464FEA860831D2002012
:1084F000FFF702FF054640B337F826304846013300
:1085000027F8263000F0EBFD28460BF0C7FE029B53
:10851000029AAB71049B85F804A01344EB7100F040
:10852000D8FD4E4B1C680746002C40F08C80384626
:1085300000F0D5FD4A4B985D18B1452229460CF054
:1085400041F8284609B0BDE8F08F464B01221A7069
:10855000484600F0C4FD25071DD51F2C1BD904F08B
:10856000E003039300F0B5FD07EB080337F826801E
:108570005B88DFF8F89098452CBF00230123019316
:1085800000F0ADFD07EB86034FF0000B0593364B73
:108590001B789B4508D384F004005146C0F380004B
:1085A00000F082F80025C5E799F80030039A1A42D6
:1085B00004D0D9F80480D8F8003023B90BF1010BAE
:1085C00009F10809E3E707935A79D00708D51A7922
:1085D000510705D5019941B98AEA0202920704D0F0
:1085E00098461B68002BEFD1E5E740460BF0BBFC3B
:1085F0000579079007A80BF098FC2946002000F0A9
:1086000053F800F066FD059B37F826205B889A42F8
:1086100034BF012300230546019309D20020FFF750
:108620006BFE079058B137F82630013327F8263013
:10863000284600F054FD079D002DBCD064E7094B8F
:1086400001221A70F4E7237A012B02D163682046D5
:108650009847246868E700BF361F0020F01E0020FE
:10866000752000207920002078200020D81E0020CE
:10867000014B00221A607047F41E002010B504461A
:1086800000F027FD074A13682BB914602360BDE88A
:10869000104000F024BDA34202D01A461B68F3E745
:1086A00010BD00BFF41E0020064B70B51C680546C7
:1086B0000E4604B970BD6368314628469847246861
:1086C000F7E700BFF41E0020024B034A1978034865
:1086D0000BF075BF7A2000202C7B03007B2000204C
:1086E00038B5C41C24F00304204601F068FD0A4B91
:1086F0000546187818B1224629460BF063FF2DB9BC
:1087000021460220FFF7D0FF284638BD224600212F
:1087100028460BF0B1F8F7E77B20002010B504469F
:1087200028B1054B187810B121460BF04CFF2046BC
:10873000BDE8104001F061BD7B20002038B50B4C36
:108740000B4B206800251D7028B102F078FC2068D2
:10875000FFF7E4FF2560074C206830B102F0DAFE35
:108760002068FFF7DBFF0023236038BDFC1E0020DC
:108770007D200020F81E00202DE9F341224F3B7898
:10878000002B3FD1214B224E1978224A224C3046F1
:108790000BF015FF01F004FD0546FFF7A1FF0146B0
:1087A0002060307810B12A460BF00CFF236883B1AB
:1087B00001F0F8FC8046FFF793FF184D0146286052
:1087C000307810B142460BF0FDFE2B682BB9FFF755
:1087D000B5FF1A2002B0BDE8F081206802F01EFC4F
:1087E0002868EAF711FE002300932A680C492068E4
:1087F00002F039FC20B1FFF7A1FF40F20740E9E7A2
:1088000001233B700020E5E77D2000207B20002035
:108810007C200020367B0300FC1E0020F81E002078
:108820005FB5020038B50C4B1B7804460D465BB1B2
:108830000A4B22461868294602F0B4FC002840F290
:10884000074008BF002038BD05490648FFF794FFE0
:108850000028EDD0F7E700BF7D200020FC1E00209F
:10886000EFBEADDEBEBAFECA704737B505460C4650
:1088700001A86946E4F71EFADDED017AB2EE047A4A
:1088800067EE877AFDEEE77AC5ED007ADDED007AD6
:10889000FDEEE77AC4ED007A03B030BD13B50446AF
:1088A00001A96846E4F762FA20B9019B0A2293FB0A
:1088B000F2F3236002B010BDF1F768B908B5E9F72B
:1088C00015FFBDE80840F3F721B910B50446E4F7F9
:1088D000D3F82046E3F776FE2046E3F7F3F910BD20
:1088E0000120704700B5C3B0F1F7E2F805F0D2FD02
:1088F00048B1FFF7F5FF30B101A806F067FC10B9E9
:1089000001A8FFF7E2FF43B05DF804FB704708B52C
:10891000E4F788FEE3F7DEFFE4F760F8BDE808401F
:10892000E4F73ABC08B500F06CF8E9F789FBE8F722
:10893000CDFB00F082FFE8F78DFEBDE80840E4F7CC
:1089400033B808B5E7F7B4F800F0CAFDE7F7C0F8A8
:10895000BDE80840FFF7B2BFE4F756BA7047E4F746
:1089600077BBFFF7BFBF7047E4F72CB80120704713
:108970000120704738B5E4F7A5FB0546F1F7C0F8CC
:10898000041E18BF2C46FFF7F1FF002818BF204631
:1089900038BD38B5E9F756F90446E4F789FB0428F1
:1089A0001ED002284FF0000508BF012405F0B4FDD9
:1089B000042817D0022808BF0124E4F709F8042886
:1089C00012D0022808BF0124FFF7D2FF04280DD0DF
:1089D000022808BF0124002D18BF0024204638BDFE
:1089E0000125E3E70125E8E70125EDE70024F5E7A8
:1089F00082B002AB03E90300012002B07047704768
:108A000070470F207047082808B517D00CDC0228E3
:108A100003DC002803DC0E2008BD0428FBD1012361
:108A20000422092105200DE020280FD0402811D074
:108A30001028F0D1012304220E21F3E701230422A0
:108A40000A211846E6F7CCFA0020E5E701230422C4
:108A50000821E7E7012304220A21E3E770B5002596
:108A600006462C46052C20D8DFE804F003070B0F40
:108A700013175B210820E4F73BFE0C210820E4F7E4
:108A800037FED1210820E4F733FE80210820E4F7E7
:108A90002FFE00210820E4F72BFE294608206C1C3D
:108AA000E4F726FEE4B225460624A4F10E03012BCA
:108AB00005D85A210820E4F71BFE0134D2E7102C18
:108AC00005D1BDE870405D210820E4F711BEB31F59
:108AD000195DEFE707B520F07F4040EA8170012380
:108AE000019068468DF80030FFF7B8FF03B05DF8DD
:108AF00004FB2DE9F74F0C9F0193002600FA02F8C2
:108B000007F1020901FA02F230460199F3B29942E3
:108B100005D80028B8BF404203B0BDE8F08F17F970
:108B2000263017F826E037F8265039F82640002B73
:108B3000ACBF4FF0010C4FF0FF3C1EF0700F4FEA3E
:108B40001E1A0EF0070145F3072506D159BB04FB99
:108B50000CFC00EB0C300136D7E7002DB8BFC5F197
:108B6000000B98FBF4F3B4BF43FA0BF3AB401AF0DD
:108B7000060F14BF9A464FF0010AC1B1002DB8BFCD
:108B80006D4292FBF4F4B4BF2C41AC401EF0060FD2
:108B900014BF214601210CFB03F30AFB03F36343DB
:108BA00001FB0300D7E74FF0010A5346E6E7012136
:108BB0000C46F0E737B5054605240DF107021121F3
:108BC0002846E4F7A3FB9DF8073003F0E003202BD1
:108BD00006D018B9013C14F0FF04EED103B030BD4B
:108BE0000020FBE7F7B50F460DF1070211210546FE
:108BF000E4F78CFB044680BB9DF80730284603F061
:108C00001F038DF80730FFF7D5FF044628BBE7B1F7
:108C100005260DF1060211212846E4F777FB9DF8A1
:108C200006309DF8072003F01F039A4218D050B970
:108C3000013E16F0FF068DF8073011D02846FFF7E9
:108C4000B9FF0028E5D0044607E002460B2128467C
:108C5000E4F776FB002818BF0446204603B0F0BDB9
:108C60003A460B212846E4F76BFB0028EBD105269A
:108C70000DF1060211212846E4F748FB9DF8063065
:108C80009DF8072003F01F039A42E6D10028DAD1AD
:108C9000013E16F0FF06EBD1DFE710B501220B21F4
:108CA000E4F74EFB04461E20E9F7AEFA204610BD5D
:108CB0001121FFF797BFF7B506460D461746FFF798
:108CC00079FF044678BB0DF1020211213046E4F72A
:108CD0001DFB9DF802308DF8047003F01F0305F0B2
:108CE0003F058DF80230803D01AB02220A2130465B
:108CF0008DF80550E4F742FB0446A0B905250DF1B7
:108D0000030211213046E4F701FB9DF803309DF882
:108D1000022003F01F039A4205D138B9013D15F036
:108D2000FF05ECD12C46204603B0F0BD0446FAE71F
:108D300038B505463220E9F767FA2846FFF7ADFF58
:108D40000F22044601212846FFF7B5FF782204448C
:108D500002212846FFF7AFFF712204440321284671
:108D6000FFF7A9FF4022044404212846FFF7A3FF90
:108D70004D22044406212846FFF79DFFE1220444CA
:108D800007212846FFF797FF402204440821284680
:108D9000FFF791FF412204440A212846FFF78BFF89
:108DA000E12204440B212846FFF785FF50220444AA
:108DB0000C212846FFF77FFF4D2204440E21284650
:108DC000FFF779FF872204440F212846FFF773FF3E
:108DD0004022044410212846FFF76DFF0F2204446F
:108DE00011462846E4F7ACFAC44214BF0120002023
:108DF000000138BD1FB50C466B4612210D22E4F769
:108E0000E1FA9DF8003023709DF802309DF80120B2
:108E10001B0243EA02439DF80320190242EA0302BF
:108E200048BF42F07F429DF8053062609DF8042003
:108E30001B0243EA02439DF806201A431B0248BF67
:108E400042F07F429DF80830A2609DF807201B0287
:108E500043EA02439DF80920190242EA030248BF8F
:108E600042F07F429DF80B30E2609DF80A201B0221
:108E700043EA02439DF80C201A431B0248BF42F00C
:108E80007F42226104B010BD10B588B014460422A0
:108E90008DF804300DEB0203049301234900ADF873
:108EA000143002ABADF80C10069303A90223ADF801
:108EB0000E20ADF81C30E4F7A1FC50B99DF8093044
:108EC0009DF8082003F0FC0303EB0223236008B0A5
:108ED00010BD00233120F9E72DE9F0411D46E523BF
:108EE000074688461646FFF7CFFFC0B9346843F6F9
:108EF00009535C43640BA4F5BB54103C3460E0237D
:108F00002A4641463846FFF7BFFF40B9296845F277
:108F1000CD5359434913A1F5374102392960BDE8C2
:108F2000F08110B588B00423ADF80E304CF6FC1378
:108F3000ADF8003002234900ADF8143001ABADF8B4
:108F40000C10069303A908231446CDF810D0ADF8F1
:108F50001C30E4F753FC38B914B9012008B010BD37
:108F60009DF804302370F8E70020F7E770B5002281
:108F700005460E46FFF7D5FF044660B95020E9F7D5
:108F800043F9224631462846FFF7CBFF80F0010027
:108F9000C0B2000170BD0020FCE7FEE74FF40040C6
:108FA00070474FF47A70704700230360704703687E
:108FB0000B60016070474FF060420123D2F8001E41
:108FC00083400B43C2F8003E002070474FF06041E1
:108FD0000122D1F8003E824023EA0203C1F8003E9C
:108FE00000207047D0E900031847437810B50122EC
:108FF00004780C219A40302313FB0413817803F189
:10900000804303F5204319B903F180631A6010BD52
:1090100003F1C063FAE7437810B5012204780C210C
:109020009A40302313FB0413817803F1804303F546
:10903000204319B903F1C0631A6010BD03F18063C6
:10904000FAE74178037801228A4030214B4303F14B
:10905000804303F520439A617047024600780C2153
:10906000302313FB001303F10473517803F52043FD
:1090700001EBC3039B0018689378C0B213B9B0FA30
:1090800080F04009704710B588B004460E980790EC
:109090000D9806909DF8300005900B9804909DF86F
:1090A000280003900020CDE9013000920B462246B3
:1090B0000121E4F7CDFB08B010BD08B5E4F7E6FEEA
:1090C000013008BDEFF3108072B6704700B962B688
:1090D0007047EFF31180602383F31188704780F3AA
:1090E0001188704784B00B6800934B6801938B68BC
:1090F0000293CB680393009B0360019B0360029B78
:109100000360039B03600023009301930293039386
:1091100004B0704784B00368009303680193036848
:10912000029303680393009B0B60019B4B60029BBF
:109130008B60039BCB600023009301930293039306
:1091400004B0704730B5D1E90223D1E9005405607D
:1091500004600260036030BD30B5056804680268D1
:109160000368C1E90054C1E9022330BDFFF7EABF3B
:109170007FB58A0704460B4610D06D4601F11006F4
:10918000186859682A4603C20833B3421546F7D116
:1091900069462046FFF7D6FF04B070BD00910099E4
:1091A00004B0BDE87040FFF7CDBFFFF7D5BF30B5C5
:1091B0008B0785B00C4610D06946FFF7CDFF0D46F2
:1091C000234604AC2A4603CAA242186059601546D9
:1091D00003F10803F6D105B030BD0091009905B048
:1091E000BDE83040FFF7B8BF10B5FFF7ABFFBDE8F3
:1091F00010401031FFF7A6BF10B5FFF7ADFFBDE877
:1092000010401031FFF7A8BF10B5FFF79BFF0C46C9
:109210001031FFF797FF04F12001FFF793FF04F1EE
:109220003001BDE81040FFF78DBF00F1424303F568
:109230008013102A10B54FEA43130AD101221A6095
:1092400000F58870FFF74EFF1031BDE81040FFF7C2
:1092500049BF00221A602430F7E7F0B50B469907A2
:1092600089B0044615462DD0082A19D16D4603F160
:109270001006186859682A4603C20833B3421546D7
:10928000F7D1082269462046FFF7CFFF03226B463D
:109290000020013A186003F10403FAD209B0F0BDCE
:1092A0006E4603F1200718685968324603C2083336
:1092B000BB421646F7D12A4669462046FFF7B5FF5E
:1092C0000722E4E70093009909B0BDE8F040FFF7FA
:1092D000ACBF436823F01F030E290BD8DFE801F071
:1092E00008080808080B0B0B080808080B0B0B00F4
:1092F000194341607047194341F01001F9E710B577
:109300002030FFF707FF102A04D1BDE810401031CC
:10931000FFF700BF10BD30B58B0789B00C4615466E
:1093200025D06946FFF7EBFF082D6A4613D104AD3F
:10933000134603CBAB42206061601A4604F1080477
:10934000F6D103226B460020013A186003F10403B2
:10935000FAD209B030BD08AD134603CBAB42206052
:1093600061601A4604F10804F6D10722EAE7009189
:10937000009909B0BDE83040FFF7C1BF70477047A2
:109380007047E5F7A5BAE5F735BA70B505460E465C
:109390001446FFF797FE2B685C4034405C402C601D
:1093A000BDE87040FFF792BE00F1424000F580102A
:1093B000400101607047E6F707B9CB435B0003F05B
:1093C0000A03C360C160704738B5E6F743FA8B7C87
:1093D00004460D461BB1036843F080430360EB7CF9
:1093E0001BB12B7D43F08003A3652A8A6B7B13435B
:1093F000EA89134363602B7BD5E901122046E6F727
:10940000E5F96B7D1BB1236843F480332360AB7DAA
:109410001BB1236843F400432360EB7D2A7E1B07C6
:10942000120502F4E00203F0E04313432366636F86
:1094300023F030036367626F6B7E134363672B789F
:10944000E36038BD38B5E6F705FA0B8A026843F0E9
:10945000010313438A7B43EA8223036003680A7D86
:1094600043EA427303608B7C04460D461BB1CB7C00
:1094700043F0800383652B7B43F480536360D5E91D
:1094800001122046E6F7D4F96B7B0BB11023E360A1
:109490006B7D1BB1236843F480332360AB7D1BB12C
:1094A000236843F400432360EB7D2A7E1B071205EB
:1094B00003F0E04302F4E002134323662B78E360F9
:1094C00038BD03695A06FCD5416303699B06FCD588
:1094D000C069C0B2704703695B06FCD54163704741
:1094E000F8F76CBC242200210AF0C6B918B1242276
:1094F00000210AF0C1B9704770B515460E46242206
:10950000002104460AF0B8F9C02D0DD0B5F5807FD2
:1095100001D0802D0BD12046EA0840F8045B31468B
:109520000AF0B5F9002070BD6FF07100FBE76FF035
:109530001F00F8E72DE9F04114460F4624220021D0
:1095400006460AF099F9C02C3CD0B4F5807F2CD0A7
:10955000802C3AD13460E7F7B1F800234360036010
:109560000446FFF7AFFD4FF008080546424639466E
:109570002046FFF772FE2846FFF7A8FD0523A360EB
:10958000256915F00205FBD1FFF79CFD4246311D10
:1095900007462046FFF7BFFE3846FFF797FD2046F7
:1095A000E7F796F82846BDE8F0813460E7F786F8DB
:1095B0000023436003600446FFF784FD4FF010086A
:1095C0000546D3E76FF07100EDE76FF01F00EAE7A3
:1095D00001292DE9F04705460E4692461F463AD826
:1095E0000368802B02D0B3F5807F37D1E7F766F8A8
:1095F0000023436003600446FFF764FD294681466B
:1096000051F8043B802B14BF10220822204604F19D
:109610008008FFF722FE51464046FFF7A9FD484665
:10962000FFF754FD012E0CBF05230623A360256917
:1096300015F00205FBD1FFF745FD394606464046C9
:10964000FFF7B5FD3046FFF741FD2046E7F740F84C
:109650002846BDE8F0876FF02000FAE76FF0710050
:10966000F7E703699B07FCD17047CA880B68032A98
:10967000F0B50DD803EB82018B4205D100230132F6
:10968000082A0360FBD1F0BD53F8044B0460F3E7F4
:10969000072AD3E90076D3E9025413D8076003F10F
:1096A0001001066003EB820305600460994205D156
:1096B00000230132082A0360FBD1E4E751F8044B90
:1096C0000460F3E70760066005600460D3E90441C5
:1096D000D3E906230460016002600360D3E7F0B5BC
:1096E000CA88082A89B006460C460DD1FFF7EAFC65
:1096F000216805463046FFF77FFD2846FFF7E6FC68
:109700000026304609B0F0BD12D9FFF7DBFC216816
:1097100005463046FFF770FD2846FFF7D7FCE28884
:109720002068083A9200002120300AF0A5F8E7E707
:10973000694600252B460F46306841F8040B01337B
:10974000002818BF1D46082BF6D1AA420EDA29467A
:10975000204600F072FD06460028D2D12068AA00FB
:1097600039460AF094F80123A380CAE720689200E2
:1097700039460AF08CF8C3E7CA88072A38B50D467F
:10978000044609680DD892000AF081F8E888C0F113
:109790000802920004EB80000021BDE838400AF086
:1097A0006BB801F1200351F8042B44F8042B9942C3
:1097B000F9D138BD0078C31E584258417047002087
:1097C0007047704710F1860F12D010F1850F0ADA3A
:1097D00010F1930F0FD010F1870F0CBF6FF07300D3
:1097E0004FF0FF307047003818BF012040427047EB
:1097F0006FF0710070476FF06F00704700F06FB945
:1098000000F06DB908B500F0E9F8BDE80840FFF7D1
:10981000D9BF07B500230193202201ABE7F71CF95C
:1098200003B05DF804EBFFF7CDBF08B500F0A3F976
:10983000002818BF6FF03B0008BD7047F0B591B02D
:109840001546169C49228DF8202004F10C060DF1D6
:10985000210254F8047B42F8047BB442F9D1247805
:1098600014704FF48074ADF830409DF85C408DF872
:10987000324004240694189C059410240022049479
:1098800008ACCDE90234CDE900150B461146CDE90F
:109890000D228DF82E208DF82F508DF833200F9249
:1098A000E6F7FEFD11B0F0BD1FB5079C02949DF8D0
:1098B0001840CDE9003413460A4601460020FFF760
:1098C000BDFF04B010BD1FB5079C02949DF8184061
:1098D000CDE9003413460A4601460120FFF7AEFFEA
:1098E00004B010BD2DE9F8430746B02091468846E4
:1098F0001E46E6F707FF05460023B9F1800F4360D7
:10990000414645F8803B14BF1022082204464FF020
:109910000508FFF7A2FC7FB131462846FFF728FC77
:10992000C4F8088008992846FFF741FC2046E6F76E
:10993000F3FE0020BDE8F8838C23C4F8088031468C
:10994000A3602846FFF714FC0623A360EAE72DE98D
:10995000FF478046B020894617461E46DDF830A0F6
:10996000E6F7D0FE0546B9F1800F4FF000034360E3
:1099700014BF1022082245F8843B41460446FFF7F5
:109980006CFC0EB331462846FFF7F2FB4823A36078
:109990000523A3600323394604F1A000A360FFF769
:1099A000E7FB0D9904F18000FFF701FCBAF1000F0D
:1099B00003D051462846FFF7FAFB2046E6F7ACFEF7
:1099C000002004B0BDE8F08731461022684609F057
:1099D00053FF69462846FFF7C9FBD7E72DE9F74F44
:1099E0000E4615460446002873D059B9002A70D196
:1099F000036803F17E43083B012B6DD8002003B0C0
:109A0000BDE8F08F036803F17E43083B012B63D868
:109A1000002AF3D0436803F03F079B18436022BF3E
:109A20008368013383604FB93F2A20D804F12C00AA
:109A30002A463146384409F02AFFDFE7C7F14009DA
:109A40004A45F3D300F12C084A4608EB070009F019
:109A50001EFF0122009204F10C03403D20684246A3
:109A600019463D44E6F75CFF3F2D4E4410D9B3073D
:109A70004FEA951210D1009204F10C03206832468F
:109A80001946E6F74DFF25F03F031E4405F03F055C
:109A9000002DB3D00027C9E7374606EB821804F142
:109AA0002C0B04F10C094FF0010A5B4607F1400250
:109AB00057F8041B43F8041B9742F9D1CDF800A0D6
:109AC00020684B465A464946E6F72AFFB845ECD18E
:109AD000D9E76FF0860092E76FF088008FE708B54E
:109AE00018B16C22002109F0C7FE002008BD2DE945
:109AF000F8431546894680461F46E6F7DFFD0023FA
:109B0000436003600446FFF7DDFAB9F1100F14BF9C
:109B10001022082206464146204604F18008FFF73D
:109B20009CFB29464046FFF723FB3046FFF7CEFA61
:109B3000FFF7C8FA3946064604F1A000FFF718FB04
:109B40000523A36023699B07FCD408994046FFF7CF
:109B50002EFB3046FFF7BAFA089B03F1100253F8C8
:109B6000041B45F8041B9342F9D12046E6F7B0FDEB
:109B70000020BDE8F8832DE9F0411C4600230F4684
:109B8000164623604FF0050825682246711B781998
:109B9000E6F7F6FD23681D44B542256006D2B8F10C
:109BA000010801D00028EFD1BDE8F0810020FBE7DB
:109BB00013B502230024684600948DF804408DF804
:109BC0000530E4F74FFF204602B010BD70B50C46DB
:109BD000154610B9E7F76EFA38B143682BB12A463B
:109BE00021460068BDE870401847232070BDF7B5D6
:109BF0000D4616461C4648B103B901AC87685FB1F3
:109C00002346324629460068B84706E0E7F752FA8D
:109C100004B901AC0028F1D1232003B0F0BDF8B5A0
:109C20000C461546064658B9E7F744FA2046294639
:109C3000FDF7B6FC0446002CD4BF37200020F8BD49
:109C4000E7F738FA86420746F0D03046E7F726FABB
:109C500029462046FDF7A4FC04463846E7F71EFADD
:109C6000E9E70EB403B503AA52F8041B0192FFF70B
:109C7000D6FF02B05DF804EB03B0704700207047D8
:109C8000FEE74FF400534B600020704701207047FF
:109C90000020704707B5002001AB0190FFF7A7FF38
:109CA0000198002808BF4FF0FF3003B05DF804FBB7
:109CB00010B500201446FFF789FF204610BD03466B
:109CC00070B190F8382090F83C002AB1022803D1F6
:109CD000012283F83C20704704284FF00102F8D09D
:109CE0000120704780F82C10704790F82C007047C6
:109CF00090F839007047037A3022534303F18043D0
:109D000003F56223D3F89410D0E903231344994256
:109D100014BF084610467047F8B590F8393004462D
:109D20000D4681B173B990F83A60FFF7CBF9012184
:109D300005463046E7F7E4FD2846FFF7C7F901235B
:109D400084F83930F8BD002BFCD090F83A70FFF75A
:109D5000B9F9294606463846E7F7D2FD3046FFF7FF
:109D6000B5F984F83950EDE72DE9F8430446164675
:109D700090F82C800D46FFF7ACF994F83820034694
:109D80009AB1FFF7ACF994F83B90FFF79BF90121EA
:109D900007464846E7F7B4FD3846FFF797F9FFF75F
:109DA00098F90022034684F838201846FFF797F9FF
:109DB0002E44B54204D1236A0121204698473CE055
:109DC00094F82D3023B3FFF784F9237E0746E3B1DF
:109DD0002046FFF790FFE168D4F830C00138884290
:109DE0003EBF206900F1FF30401803469C450BD070
:109DF00013F80129112A01D0132A21D1A2F111034C
:109E00005A425A4184F8342020633846FFF767F9F4
:109E100094F83430002BCCD0B8F1000F06D02B785A
:109E20000A2B03D1E3690D2120469847E36915F811
:109E3000011B204698470028BBD00020BDE8F883CE
:109E4000994282BF236903F1FF335B18CEE7F8B56F
:109E500090F83830044603F0FF06A3B9036A314690
:109E60009847012384F8383094F83B70FFF72AF9BB
:109E7000314605463846E7F743FD2846FFF726F901
:109E8000022384F83C30F8BD026CD36C43F0040329
:109E9000D3647047026C10B5044613695906FCD5AB
:109EA00000231A4694F8491094F84800E5F798F80A
:109EB00000231A4694F84B1094F84A00E5F790F8FE
:109EC00094F85030DA0707D5002394F84D1094F831
:109ED0004C001A46E5F784F894F850309B0707D5F4
:109EE000002394F84F1094F84E001A46E5F778F8DE
:109EF000206CC36C23F00103C364C36C23F0040320
:109F0000C3640021FFF759FA606C0021E3F778FF82
:109F1000002010BD08B5006CFFF7DDFA002008BD79
:109F2000036CDA6C19B142F00102DA64704722F076
:109F30000102DA6401229A64704738B50468206C23
:109F4000056C15F0010509D00123836403699B06A4
:109F50000FD52046BDE83840FFF779BF042384F8C9
:109F60003C30237E33B9C36C23F00403C364012364
:109F7000237638BD637E23B394F82D300BB384F879
:109F800035501321FFF7A7FA236CDA6C42F0040274
:109F9000DA64DB69DBB2112B0ED1012384F8343093
:109FA000237A3022534303F1804303F56223D3F82D
:109FB0009430013B2363DCE7132BDAD184F834506F
:109FC000EEE7C36C23F00403C364D2E7013A42EA2C
:109FD000520242EA920242EA121242EA122230B5D8
:109FE00042EA12420132B2F5807F38BF4FF48072EC
:109FF0005442044015198D4205D31C60039B1D601B
:10A00000049B1A6030BD5200F2E708B5E7F79EFBEB
:10A0100008BD10B5FFF756F80446E7F7E5FB204604
:10A02000BDE81040FFF752B87047FFF7AAB9704774
:10A030007047012070474FF41670E7F7EDBC00231E
:10A040000B7070472DE9FF410D4616461F4604462A
:10A05000A8B14FF00008C0F81C80E8F72BF8BDF855
:10A060002C3002939DF828304246CDE900732946F2
:10A0700033462046E7F784FF04B0BDE8F081222094
:10A08000FAE7F0B50D4685B016461F46044690B176
:10A090000023C361E8F70EF8BDF82C3002939DF859
:10A0A00028302A46CDE90073294633462046E7F793
:10A0B00067FF05B0F0BD2220FBE7F0B587B01F4673
:10A0C00000230D4616468DF817300446A8B1C3612B
:10A0D0000DF11701E8F71EF89DF817207AB9BDF8C1
:10A0E000343002939DF830302946CDE90073204684
:10A0F0003346E7F745FF07B0F0BD2220FBE703201A
:10A10000F9E7F0B587B01F4600230D4616468DF8D7
:10A1100017300446B0B1C3610DF11701E7F7FAFF3C
:10A120009DF8173083B9BDF8343002939DF8303074
:10A130002A46CDE90073294633462046E7F720FF3B
:10A1400007B0F0BD2220FBE70220F9E738B5FEF7A3
:10A15000C0FF0546E8F7E6F904462846FEF7BFFFCC
:10A16000204638BDE8F76EBA08B5E2F765FBFEF7A2
:10A17000CEFBFEF7D7FBFEF7E4FBBDE80840FEF799
:10A18000EBBB08B5FEF7EAFBFEF7E9FBFEF7E9FBE0
:10A19000BDE80840FEF7E7BB242070474820704721
:10A1A0004C2070474020704708B501F023FBECF7C6
:10A1B0007BFB02F0B5FA03F0E5F8002008BD38B5E6
:10A1C0000446FEF77FFF05462046FCF7DBFF04460A
:10A1D0002846FEF77BFF204638BD70B504460E4684
:10A1E000FEF770FF314605462046FCF7B1FF0446F6
:10A1F0002846FEF76BFF204670BD38B50546FEF7D2
:10A2000061FF04462846FCF7C5FF2046BDE83840FC
:10A21000FEF75CBF00220123C0E90023704710B5A0
:10A22000044648B1006818B1E188890001F051FA8C
:10A2300000220123C4E9002310BD42F210739942A9
:10A2400070B504460D4602D96FF00F0070BDC3888B
:10A250008B4201D30020F9E704212846FFF7BDFF18
:10A2600006460028F0D0216841B1E288920009F04A
:10A270000EFBE1882068890001F02BFAE58026605A
:10A28000E8E738B504460D4619B9FFF7C8FF0020C6
:10A2900038BDC2888A4207D100689200002109F0C7
:10A2A000EBFA0123A380F2E7FFF7B9FF2946204626
:10A2B000BDE83840FFF7C1BF884270B505460E467D
:10A2C00009D0C988C28841B92AB10123838092008C
:10A2D000006809F0D1FA002070BD4C1E8CB9013421
:10A2E000B6F90430AB80A24212D221462846FFF7CD
:10A2F000A4FF0028F0D131682868A20009F0C7FA4D
:10A30000E9E7336853F82430002BE8D1013CE5E756
:10A310002868121B9200002100EB840009F0ACFABF
:10A32000E9E770B50C4601210546FFF786FF0646B2
:10A3300088B9EA8801469200286809F09DFA84EA03
:10A34000E472A2EBE472E40FC4EBC4342B68640043
:10A3500001341A60AC80304670BDC388B1EB431F36
:10A360003FBF03684A0901F01F0153F822003ABFBA
:10A37000C84000F0010000207047C188006800F06C
:10A38000A9BA70B50E4612F0030118BF012101EB06
:10A39000920105461446FFF774FF38B9E98828682A
:10A3A00023463246BDE8704000F0B6BA70BD134691
:10A3B0000A46C188006800F0D4BA38B504460D4694
:10A3C000FFF7DBFFE3882844B0EB431F06D8206883
:10A3D000E1882A4600F035FB002038BD10F01F014F
:10A3E00018BF012101EB50112046FFF726FF00287E
:10A3F000EDD0F2E70A46C18808B511B1006800F057
:10A40000E2FA002008BD10B5C38823B9CA885AB93A
:10A41000ABB1012017E0026802EB830252F8042C72
:10A42000002AF3D1013BF0E70C6804EB820454F8F6
:10A43000044C0CB9013AEAE79342EAD80FD3013B46
:10A440005A1C01D1002010BD026852F823400A684E
:10A4500052F823209442DCD803F1FF33F0D24FF0BE
:10A46000FF30F0E730B5C38823B9CA885AB9002B4A
:10A470003DD136E0026802EB830252F8042C002A38
:10A48000F3D1013BF0E70C6804EB820555F8045C5E
:10A490004DBB013AEAE7B1F9045003D2B1F9040027
:10A4A000404226E0B0F90420002A03DD002D0CDA3A
:10A4B00001201EE0002D08DD3AB14FF0FF3018E01A
:10A4C00003F1FF330BD2504213E0013B016851F816
:10A4D000235054F823108D42F2D9104609E0591C3C
:10A4E000F4D1002005E0002BD8D09342D3D9B0F9A5
:10A4F000040030BD1FB581EAE173A3EBE173C90F1E
:10A50000C1EBC1314900019301310123ADF80C10B9
:10A51000ADF80E3002A901AB0293FFF7A3FF05B01F
:10A520005DF804FB90422DE9F04105460F461446C4
:10A5300002D0884206D127460123FC88AB803CB973
:10A54000002003E0FFF7B8FE0028F4D0BDE8F0815A
:10A550003B6803EB84034FEA840853F8043C0BB9CF
:10A56000013CECE721462846FFF767FE0028EDD1C5
:10A570002E683A6823463146304600F098FA06EBDA
:10A5800008030746002FDBD0EA88A24204F1010647
:10A5900008D831462846FFF750FE0028D6D12B6850
:10A5A00003EB84031A68D21943F8042B2CBF01274C
:10A5B00000273446E6E72DE9F041D48805460E46EB
:10A5C00090463CB9F188A1420ED26FF00907384697
:10A5D000BDE8F081D8F8003003EB840353F8043C65
:10A5E000002BEFD1013CECE72846FFF726FE07469B
:10A5F0000028ECD1F28894420BD2AE4209D02868F0
:10A600003168121B920001EB840100EB840009F019
:10A610003EF9EA88F088824207D92B68121A920024
:10A62000002103EB800009F027F9D8F800203168F9
:10A630002868234600F051FA024610B90123AB8086
:10A64000C5E72968EB8801EB84011B1B084600F075
:10A650006DFB0028F2D0B8E72DE9F843B2F804C04A
:10A66000B1F904401CFB04FC6646734381460D4669
:10A6700017461CD511462846FFF7C5FEB0F1000865
:10A680000DDB3A4629464846FFF795FF98B9B8F1E1
:10A69000000F08BF0124A9F8044000200BE02A465F
:10A6A0004846FFF788FF30B9644224B2F3E7FFF76A
:10A6B00039FF0028EFD0BDE8F8830123FFF7CCBFB6
:10A6C0004FF0FF33FFF7C8BF1FB582EAE273A3EB79
:10A6D000E273D20FC2EBC232520001930132012366
:10A6E000ADF80C20ADF80E3002AA01AB0293FFF7D3
:10A6F000E7FF05B05DF804FB2DE9F047012386B0C4
:10A70000164688424FF00002CDE90223CDE904232A
:10A7100007460D4606D102A8FFF7CEFD04460028E5
:10A7200033D102ADB74206D1394604A8FFF7C4FDC4
:10A73000044650BB04AEB5F80680B8F1000F2ED128
:10A74000B6F80690B9F1000F33D14FF0010A09EBCA
:10A7500008013846FFF771FD0446B0B90146384696
:10A76000FFF7DFFD044680B9CDF800903368296813
:10A770003868424600F08AFABAF1000F22D1AB885D
:10A78000B28813FB02F31BB2BB8004A8FFF747FD9E
:10A7900002A8FFF744FD204606B0BDE8F0872B680D
:10A7A00003EB880353F8043C002BC9D108F1FF38B0
:10A7B000C3E7336803EB890353F8043C23B909F179
:10A7C000FF39BFE70123DFE7B8FA88FA4FEA5A1AE0
:10A7D000BDE72DE9F341CF880546884616463FB1CF
:10A7E000D8F8003003EB870353F8043C3BB146B97B
:10A7F0000021284602B0BDE8F041FFF792BD013FBD
:10A80000EDE7791C2846FFF718FD044670B941466C
:10A810002846FFF751FD044640B9013E0096D8F89E
:10A820000020E98828683B4600F074F9204602B011
:10A83000BDE8F08170B504460D461046002116466D
:10A84000FFF758FE002824DB2A4633462146002025
:10A85000E7F794FF054638B1284670BD32462146D9
:10A860002046FFF72AFF90B900212046FFF742FE5D
:10A870000028F3DB31462046FFF7F4FD0028EBDB30
:10A88000324621462046FFF71BFF0028F2D005463E
:10A89000E2E76FF00905DFE7F7B50E1E044615463F
:10A8A0001F4614DB1046FFF725FE00280FDDE98860
:10A8B0002046FFF7E6FC40B9089BCDE9007331461E
:10A8C000E3882A682068E8F76DF903B0F0BD6FF0FF
:10A8D0000300FAE70139002901DA0020704750F837
:10A8E0002130002BF6D0B3FA83F00131C0EB4110D8
:10A8F000704739B101F18041013900EB810181429A
:10A90000034600D270471B680A681BBA12BA40F8A7
:10A91000042B41F80439F2E72DE9F0411C4613F00D
:10A92000030318BF012303EB94038B4206460D4635
:10A93000904613D879B18F003A46002108F09CFF69
:10A940002CB1381B22464146304408F0A0FF29466E
:10A950003046FFF7CEFF0020BDE8F0816FF0070022
:10A96000FAE7B3EB810F70B504464FEA8105104654
:10A9700019D95A1B8618002108F07EFF30462B4655
:10A98000C21800218B4210D1002070BD22F00301BB
:10A9900002F003066158F600F140C9B281B90132F4
:10A9A000AA42F3D1ECE71A46FAE721F0030001F0DE
:10A9B00003052058ED00E84002F8010D0131E1E700
:10A9C0006FF00700E1E7F8B50546500988420C46EC
:10A9D00002F01F0601D80AD136B1A2002846002194
:10A9E000BDE8F84008F048BF1F2A02D8F8BD1F2A6A
:10A9F0000FD9820005EB8003291F05EB8407BB42BA
:10AA00001AD1201A38BF0022002105EB800008F07F
:10AA100033FF002EEAD005EB84040022C6F12000AB
:10AA2000AC42E3D054F8041C21FA06F3134344F873
:10AA3000043D01FA00F2F3E753F804CB41F804CFE8
:10AA4000DDE71F2AF8B503460D464FEA521402F01F
:10AA50001F0613D96FF0030000FB04300A4694422E
:10AA600002F1FF3113D3621BAC4288BF00222A449B
:10AA700018469200002108F0FFFE034636B103EBB2
:10AA800084030021C6F12007AC4206D3F8BD50F87C
:10AA9000212043F821200A46E1E7186800FA06F26F
:10AAA0000A4343F8042B013420FA07F1ECE7F0B530
:10AAB0000024844620469C4200D1F0BD51F8245029
:10AAC00052F824702E182CBF01250025BF194CF810
:10AAD000247045F100000134EDE7F0B5002406468E
:10AAE00020469C4200D1F0BD51F824C052F8247099
:10AAF000ACEB0005AF4294BF4FF0000E4FF0010EDB
:10AB0000ED1B46F8245084452CBF70460EF1010021
:10AB10000134E6E78B422DE9F04728BF0B46964605
:10AB2000DE08089A0446C91A03F00708754603466A
:10AB3000B44600200CF1FF3CBCF1FF3F03F12003C1
:10AB400005F1200511D104EB46140EEB46164FEA31
:10AB5000880C06EB880E2546764540F081806444DB
:10AB6000013980F08B80BDE8F08755F8207CA2FB8E
:10AB7000079710EB090953F8200C47F1000710EB79
:10AB8000090043F8200C55F81C0C47F10007A2FB04
:10AB900000093F1853F81C0C49F10009C01943F88B
:10ABA0001C0C55F8180C49F10009A2FB000719EB21
:10ABB000000953F8180C47F1000710EB090043F89F
:10ABC000180C55F8140C47F10007A2FB00093F18B8
:10ABD00053F8140C49F10009C01943F8140C55F846
:10ABE000100C49F10009A2FB000719EB000953F80A
:10ABF000100C47F1000710EB090043F8100C55F852
:10AC00000C0C47F10007A2FB00093F1853F80C0C8D
:10AC100049F10009C01943F80C0C55F8080C49F12A
:10AC20000009A2FB000719EB000953F8080C47F1D3
:10AC3000000710EB090043F8080C55F8040C47F125
:10AC40000007A2FB000A17EB000953F8047C4AF145
:10AC5000000017EB090740F1000043F8047C69E7A6
:10AC600056F8043BA2FB0337C318286847F10007D6
:10AC7000C31845F8043B47F100006DE723681B1833
:10AC800044F8043B2CBF0120002069E72DE9F3477D
:10AC9000DDF8289015464A440F46920000210646EA
:10ACA000984608F0E9FD002405F1010A4C4502D15F
:10ACB00002B0BDE8F08758F82430009306EB84001A
:10ACC0002B463A465146FFF725FF0134EEE72DE9C2
:10ACD000F04712F0030418BF012404EB92048C42E5
:10ACE0000646884617461D464FEA840AC2EB840989
:10ACF00019D84A46002108F0BFFDA8EB04029200D3
:10AD0000002106EB0A0008F0B7FD08983A4606EB6A
:10AD10000901A847054618B921463046FFF7E9FD65
:10AD20002846BDE8F0876FF00305F9E730B5054622
:10AD3000104600229A4200D130BD51F82240241A18
:10AD400045F8224034BF012000200132F2E74822BA
:10AD5000002108F091BD10B50446FEF7C7FB204660
:10AD6000BDE81040FFF749BA10B524210120FFF7D4
:10AD700034FA044608B1FEF7B5FB204610BDFEF7D5
:10AD8000D9BBFEF7B9BBFEF723BC2DE9F04F502A23
:10AD9000BFB006460C46154600F29F8022AF7022D7
:10ADA0000021384608F068FD0DA8FEF79BFB2BBA82
:10ADB00026932A463023214628A88DF89F3008F094
:10ADC00066FD05F1F8036B44802203F8582C05AAB0
:10ADD000002302F8013B0133202BFAD14FF480729B
:10ADE00005A90DA8FEF788FB8346002857D1193521
:10ADF000804601AC10220021204608F03DFDA94606
:10AE0000BA46524610232146204600F04EFCB9F1C6
:10AE1000100F234622464FF001010DA894BFA9EB65
:10AE20000909A9F11009FEF7D3FB0AF1100A8346BC
:10AE3000A8BBB9F1000FE4D116AB08EB030C94E802
:10AE40000F008CE80F009DF88B3008F110080133DB
:10AE5000B8F1300F8DF88B30CCD14FF4807216A939
:10AE60000DA8FEF749FB8346C8B906F13008344601
:10AE70001EAB1A4601210DA8FEF7AAFB834670B946
:10AE80000DF1780C2546624603CABA422860696013
:10AE9000944605F10805F6D11034A045E8D10DA877
:10AEA000FEF724FB70213846E8F74CFB302116A84A
:10AEB000E8F748FB202105A8E8F744FB102101A88A
:10AEC000E8F740FBBBF1000F03D030213046E8F734
:10AED00039FB58463FB0BDE8F08F6FF0370BF8E70D
:10AEE0002DE9F0438DB004460E463022002168461D
:10AEF00008F0C2FC002704F12009E8460DEB070327
:10AF000004F11001A14206D011F8012D0132D2B294
:10AF10000A70002AF6D0224601214846FEF758FB67
:10AF2000054638B168463021E8F70CFB28460DB0DD
:10AF3000BDE8F0831037302FDFD1731E2F3698F81D
:10AF4000002013F8011F4A40B34208F8012BF6D144
:10AF50004FF4807269464846FEF7CEFA054600284F
:10AF6000E0D108AA0CAE134603CBB3422060616067
:10AF70001A4604F10804F6D1D4E72DE9F0418469BA
:10AF8000502C94B00546884617461E4643D8C4F157
:10AF90005003B3423FD3C6F150031B1B93423AD335
:10AFA00050220021684608F067FC6B6CA86C2246B2
:10AFB0006946984728B16FF03304204614B0BDE8C5
:10AFC000F081AC6946B16B6CA86C32460DEB0401A4
:10AFD00098470028EFD13444B8F1000F07D037B1BB
:10AFE0000DEB04003A46414608F051FC3C44224631
:10AFF00069466846FFF7C9FE044638B969462846DF
:10B00000FFF76EFF044608B901232B615021684603
:10B01000E8F798FAD1E76FF03704CEE710B54C2285
:10B020000446002108F028FC04F12000FEF75AFA3B
:10B030004FF0FF33236142F21073E36110BD10B58E
:10B04000044660B12030FEF751FA4C212046E8F763
:10B0500079FA42F21073E3614FF0FF33236110BDC0
:10B060000023FFF78ABF2DE9F041054688B04FF075
:10B0700020080F4614460021424668461E4608F046
:10B08000FBFBAB69C5E911740BB9C5F818802C69D5
:10B09000002C05DAAC692F2C9ABF01346408002417
:10B0A0004FF48072694605F12000FEF725FA28B9B1
:10B0B0000E9A234631462846FFF75FFF08B0BDE8E9
:10B0C000F0812DE9F04190B0B2F5806FDDF8588045
:10B0D00005460F4616461C465ED8B8F5807F5ED8FA
:10B0E0003022002104A808F0C7FB2A69EB699A42C4
:10B0F00001DC6B699BB1214642462846FFF7B0FF51
:10B10000044628BB05F1200836BB04A92846FFF7F2
:10B11000E7FE0446A0B92B6901332B6110E0B8F1BA
:10B12000000FEFD02146424604A8FFF72EFE04464A
:10B1300030B904A92846FFF7D3FE04460028E1D021
:10B14000302104A8E8F7FEF910216846E8F7FAF97B
:10B15000204610B0BDE8F08105F11002AA4206D0E9
:10B1600012F8013D0133DBB21370002BF6D06B46B1
:10B170002A4601214046FEF72BFA04460028DFD17B
:10B18000102E344628BF102438462246694608F05F
:10B190007EFB2744361BB7E76FF03504D8E76FF026
:10B1A0003704D5E707B500230093FFF78AFF03B004
:10B1B0005DF804FB2DE9FF41DDF828801D461646A9
:10B1C00043462A4604460F46E8F7BCF848B9CDE99D
:10B1D0000180009504F11C033A4631462046E8F709
:10B1E000A3F804B0BDE8F081F7B50D460446083574
:10B1F00068461646FFF70EF800212846FFF77AF951
:10B20000211D07462A466846FFF75AFA044648B900
:10B21000002F0CBF002206F0010269462846E7F71E
:10B220007DFA04466846FEF7FAFF204603B0F0BDFB
:10B2300070B50C460546114620461A46FFF73DFA02
:10B24000064630B9043529462046FFF70BF9002899
:10B2500001DA304670BD2A4621462046FFF7ABF999
:10B260000028F0D00646F4E710B50446FEF7D7FFF5
:10B2700004F10800FEF7D3FF04F11000BDE8104010
:10B28000FEF7CDBF13F07E0F2DE9F0470C461546B3
:10B290000CBF4FF0010A4FF0000A074652462946FC
:10B2A00020461E46C3F34508E7F738FA48BB04F1C9
:10B2B0000809524605F108014846E7F72FFA00BB96
:10B2C00008F1FF33D3F1000848EB0308424605F1CB
:10B2D00018012046E7F722FA98B9424605F1200105
:10B2E0004846E7F71BFA60B9F20921463846FFF7EE
:10B2F0007BFF30B904F110000121BDE8F047FFF7F2
:10B3000010B8BDE8F0870346C06920B15B6A002B26
:10B3100014BF01200220704710B50446FEF77AFFE3
:10B3200004F10800FEF776FF04F11000BDE81040BC
:10B33000FEF770BF38B50025044600F8045BFEF741
:10B3400069FF04F10C00FEF765FF04F11400FEF73D
:10B3500061FF04F11C00FFF7DFFF04F13400FEF78A
:10B3600059FFC4E90F55C4E91155C4E91355C4E99F
:10B370001555E56538BD08B1FFF776BF704770B564
:10B38000044658B3436C012B11D00C30FEF747FF35
:10B3900004F11400FEF743FF04F11C00FFF7EBFF7C
:10B3A00004F13400FEF73BFF201DFEF738FFA36DCC
:10B3B0008BB920466021BDE87040E8F7C3B806FBB2
:10B3C0000500FFF7D8FF0135D4E91603AB42F6D8E4
:10B3D000FEF713FFEDE700251826F5E770BD38B539
:10B3E00004460D46FEF768FF70B905F1080104F147
:10B3F0000800FEF761FF38B905F1100104F11000F3
:10B40000BDE83840FEF758BF38BD08B50021103000
:10B41000FFF770F8B0FA80F0400908BD2DE9F0415F
:10B42000202B8AB00546884617461E460BD90920B0
:10B43000E8F704F802AB32463946E8F76BF8044601
:10B4400028BB02AF20262C698DF804808DF805609A
:10B4500084B90920E7F7F2FF224601462846E7F7BC
:10B46000FBFF044698B92846E8F722F8044670B96D
:10B4700001232B61022201A92846E8F72BF8044694
:10B4800028B9324639462846E8F724F8044602A887
:10B490002021E8F757F820460AB0BDE8F0812DE9F1
:10B4A000F0430023A3B0064605461F466FF03B0459
:10B4B0009946726997420BDB002B08BF6FF03C0482
:10B4C00002A88021E8F73EF8204623B0BDE8F083CB
:10B4D000D5F82880AC69E869CDF80490B8F1010F7F
:10B4E00018BF9846802201AB02A9A0470446002855
:10B4F000E6D1019B53B102AAF9B23046FFF78EFFA5
:10B500000028E2D12B6A019A13442B6201371435CB
:10B510004346CEE70369013310B504460BD000F073
:10B52000A4F800236361282104F11800E8F70AF861
:10B530004FF0FF33236110BD30B54569012D0BDCA1
:10B54000142404FB050401356362039BA362C4E970
:10B5500006124561002030BD6FF03D00FBE72DE98C
:10B56000F041202A88B005460F46164676D840F2AC
:10B5700001186B69002B6ED02846FFF790FF044638
:10B58000002848D1D5F814E002462B460120A645F4
:10B590004FDC002847D01F2A45D9202200216846C9
:10B5A00008F06AF969462846E7F7A4FF044690BB0D
:10B5B000284600F05AF8284600F053F80920E7F72B
:10B5C0003DFF224601462846E7F746FF044610BBEA
:10B5D0002846E7F76DFF0446E8B920226946284669
:10B5E000E7F778FF0446B0B90920E7F727FF6B4675
:10B5F00020226946E7F78EFF044660B96A69034670
:10B60000142105F1200025469A421EDC3246694687
:10B61000384608F03CF920216846E7F793FF2046BA
:10B6200008B0BDE8F081B8F10108A2D16FF03B0489
:10B63000F1E7D3E908C18C4538BF0020996A012998
:10B6400008BF624401341433A1E701FB03FC01335A
:10B6500040F80C50D8E76FF03F04DCE76FF03B0494
:10B66000DDE71022002108F007B910B50446D8B173
:10B670000368CBB1806838B11B78082B11D0092B37
:10B680000FD0A068FEF7B9FDE06820B12368997873
:10B69000490000F01EF820461021BDE81040E7F7F1
:10B6A00051BFFEF7ADF8ECE710BDF0B50024261D44
:10B6B000B34202D29C4206D3F0BD0D5917597D40CA
:10B6C00005513446F3E70D5D165D754005550134AF
:10B6D000F0E710B5044608B1E7F734FF2046BDE8AF
:10B6E0001040FEF78ABDF0B5012B9DB006460F460F
:10B6F00015461C461AD801A8FEF780F8214601A875
:10B70000E4F7B8FE044658B93A46314601A8FEF7B8
:10B7100079F8044620B9294601A8FEF77AF80446CC
:10B7200001A8FEF76DF820461DB0F0BD6FF0730460
:10B73000F9E750E8003F0B4340E80032002AF8D117
:10B740007047C94350E8003F0B4040E80032002AF0
:10B75000F8D17047431E032B06D8DFE803F002043C
:10B76000020403207047042070477047CB691847D4
:10B77000704770470020704770474FF000007047D7
:10B7800000207047704770470020704700207047C6
:10B79000002070470020704700207047704700204D
:10B7A000704700207047704770470020704770470F
:10B7B000704711207047002070474FF0FF307047EE
:10B7C0000020704770477047002070470020704786
:10B7D0004FF0FF3070471120704700207047012064
:10B7E0007047002070470020704700207047704766
:10B7F0007047704701F0C0B938B50446FDF769FCE1
:10B80000D4E9101205462046E7F7A8FEE18C228D08
:10B81000E060521A40F2712101FB020303F59C53D0
:10B82000083323612846BDE83840FDF758BC08B509
:10B830002030FFF77EFFBDE808404FF08050EEF764
:10B84000B1B938B504460D460830E9F735FC29464C
:10B850002046EBF707FDE06E0025E56110B1E8F743
:10B8600077FDE56604F15000BDE8384008F05DBBA7
:10B8700038B5044619B390F838208AB190F83930B9
:10B880000133DBB29A4280F8393009D10121FFF748
:10B89000D8FF4FF080712046BDE83840FFF7C7BFA2
:10B8A000236ADA030BD5E36B62689B1A002B06DA76
:10B8B00001212046FFF7C5FF4FF08061EBE7236AC7
:10B8C0001B0426D402F0D7FC1123B0FBF3F303EBE7
:10B8D0000313C01A94F9613085B213FA80F010286E
:10B8E00088BFC5F110056DB2083B2B4484F8613068
:10B8F00020460121EBF7B6FCE28C63682A4440F253
:10B90000712101FB023363602046BDE83840EBF74C
:10B9100059BC0025ECE72DE9F84F1D46C369DDF859
:10B9200030809DF838909DF840B09DF850A00F46AB
:10B9300004469DF848101646002B40F0D180EB06D7
:10B9400000F1BE8005F00303032B08BF05F0FD05E1
:10B9500005F0F705BDF83C30A386A8069DF8540015
:10B9600048BF05F0FC05FFF7F5FE47F6FF731BF037
:10B97000020F84F83600A4F8783040F0A4801BF061
:10B98000040F00F0A28000F0FD00012814BF032383
:10B99000042394F87F209DF8580063F3030284F891
:10B9A0007F20FFF7D7FE47F6FF738A0784F837003A
:10B9B000A4F8883000F18B804B0740F18A8000F0BA
:10B9C000FD00012814BF0321042194F88F30606E1C
:10B9D00061F3030384F88F30FFF7EAFE216C002245
:10B9E0002046E7F7BBFD40F271237343984279D8B4
:10B9F00004F1200049F6FF71FFF7A3FEFF2384F84E
:10BA00005430BAF1000F03D0236A43F48053236209
:10BA1000290705D5236A062643F484132362374693
:10BA2000236A6A0723F4C04323620CD419F0010F80
:10BA30001CBF43F400532362236A19F0020F1CBF9A
:10BA400043F480432362236AA5852B43236204F1D8
:10BA50002E03B8F1000F3ED0D8F80020C4F82E20F5
:10BA6000B8F804209A809DF82C30012B03D14FF4B4
:10BA70008061FFF75EFE236A9DF8282023F440735F
:10BA800043EA0223236202F0F6FB94F860309DF84B
:10BA90004C2084F85F0023F00F03C0F3032003431E
:10BAA00062F3071384F860309DF83430E784204651
:10BAB000268584F82A30FFF79FFE0020BDE8F88F26
:10BAC00001218B4646E7022363E7012361E7022158
:10BAD0007BE7012179E7C4F82E80A3F80480CAE748
:10BAE0000C20EBE74520E9E72DE9F74389461746A7
:10BAF0000193044630B901A808F017FA422003B0B8
:10BB0000BDE8F083012920D0022910D089B9C3698A
:10BB1000C3B900F140054FF40036236AD9061ED59B
:10BB20005A0726D501A808F000FA0020E7E7406E82
:10BB300020B901A808F0F9F90C20E0E71946FFF751
:10BB400038FEDCE700F14805E5E7C36923B900F1F9
:10BB500044054FF48026E0E700F14C05F9E79B0728
:10BB600007D5B9F1000F04D101A808F0DEF91220C1
:10BB7000C5E704F1200840463146FFF7E2FDF8072B
:10BB800002D5284608F0D1F9019921B1284608F0DC
:10BB9000B3FA00230193286808F04CFA236AD90607
:10BBA00005D51F2801DC032F16D02846DDE740F21B
:10BBB0007262904204DD284608F0B7F907209EE73C
:10BBC000B9F1000F08D1BF2806DD9A0704D0284636
:10BBD00008F0ABF9452092E7D4E912122046E7F7C6
:10BBE000BDFCE3696BB1E38C40F271225343984290
:10BBF00007D9238D8342EAD300F51C70B0FBF2F025
:10BC0000E084FDF766FAE36905467BB1BB070DD515
:10BC100031464046FFF78DFD6368C3F57A7602F042
:10BC200066FBF04202D52046EBF738FC2846FDF7CC
:10BC300056FA7AE708B548B1CB0701D4002008BD11
:10BC40004FF400112030FFF774FDF7E74220F6E7CC
:10BC500008B548B1CB0701D4002008BD4FF400114E
:10BC60002030FFF76EFDF7E74220F6E7E7F75CBF0D
:10BC700038B5C36904460D463BB1036A13F00100B1
:10BC800011D194F82430FE2B0CD004F120004FF495
:10BC90008001FFF74EFD2B68C4F85530AB88A4F83F
:10BCA0005930012038BD0020FCE7036A10B5044676
:10BCB00013F4602030D09A0307D504F1400008F057
:10BCC00034F9A36C23640023A364236A5B0307D5C0
:10BCD00004F1440008F029F9E36C63640023E36491
:10BCE0004FF4602104F12000FFF72BFD2046FFF701
:10BCF00083FD94F8602094F85F3002F00F0143EA6E
:10BD00000123013384F85F3022F00F02C3F30323D1
:10BD10001A4384F86020012010BD10B5044650304D
:10BD200008F0EAF920464FF00071BDE81040FFF737
:10BD30007EBD50E8003F0B4340E80032002AF8D1B6
:10BD40007047C94350E8003F0B4040E80032002AEA
:10BD5000F8D1704738B50446D0F8A00010B9D4F82F
:10BD6000A40058B194F8375108F010F905F00F0508
:10BD700081B206312846ECF791FC80B2B4F87830F5
:10BD800040F27122534300F548709842B8BF1846FC
:10BD900038BD38B505460C4602F02FFB20B149F6F8
:10BDA00040439C4228BF1C46EA68A2420BD2B5F829
:10BDB0007A3040F271214B43934238BF1346A3427D
:10BDC00028BF23461A462A6138BD034644309A6A82
:10BDD000920404D5D3F82821998FEDF737BC93F856
:10BDE0006F10EDF729BC002070470120704700203C
:10BDF00070470020704701207047C820704700201E
:10BE00007047002070477047704711207047704797
:10BE1000704700207047704700207047704701202E
:10BE200070477047704790F88520531C03F00F034C
:10BE3000072B28BF002363F30302034410B580F8E7
:10BE4000852083F87E1090F885306F2B4FEA13120F
:10BE500098BF013204469CBF62F3071380F8853017
:10BE6000FFF7E0FF94F83711204601F00F01FFF7CC
:10BE7000CBFF10BD7047704770470020704700200F
:10BE800070470020704710B101F1B000704701F118
:10BE9000D4007047F8307047806A70472830FFF749
:10BEA00048BF2830FFF74DBFC06A70472C30FFF7FE
:10BEB00040BF2C30FFF745BF00F59C70704708B5B8
:10BEC0000B79DB0702D4FFF7D5FF08BDBDE80840BA
:10BED00091F90510FFF7A7BF02290346808F11D003
:10BEE000032909D0012906D11A8F5B6B1201B2FB1D
:10BEF000F3F3184480B270475A6B4FF47A43B3FBA4
:10BF0000F2F3F6E75B8F073000EB4300F2E770B522
:10BF100040F27126456806FB01F35643826A1D44D0
:10BF20001207044645600ED500F1400500F13402C9
:10BF30002946E9F7E5FC3346294620460122BDE8BB
:10BF4000704001F054BA05EB5605456070BD836A38
:10BF5000590505D4D0F8A03013B15B799A0708D4FD
:10BF6000D0F8A40000B9704743799B0701D400685A
:10BF7000F8E70120704780F87710704738B504461D
:10BF800001F047FC04F1A40007F0CFFF04F1A80082
:10BF900007F0CBFF04F1AC0007F0C7FF04F1A000ED
:10BFA00007F0C3FF2046E7F729FFC4B22046FFF79A
:10BFB000EBFB05462046FFF7E9FB01462846FFF765
:10BFC000E2FB38BD38B5836A1B07044613D5024629
:10BFD000B0F87C3052F8341F4B4340F271214B4390
:10BFE00000F14001E9F78CFC236C20469D08FFF727
:10BFF000B1FE2844E060616B40F27125013969436C
:10C000002046FFF7C6FE20460121EBF72BF9636BB4
:10C01000B4F87C205A43636805FB02336360204612
:10C02000BDE83840EBF7CEB8B0F8303110B5A0F825
:10C0300034310446E7F7E2FEC0B2FFF7DEFE94F8C3
:10C04000373194F8362103F00F0304F1440102F074
:10C05000CDF9ECF769FBB4F93021824205D0A4F8A0
:10C060003001EDF709F8A4F83201B4F93421B4F93C
:10C0700030319A4209D0A36A9B0306D520464FF47B
:10C080000041BDE81040E7F7CFBE10BDFFF7CCBFC1
:10C09000836A0A4600F14401C3F34030EDF780BAE9
:10C0A00010B5A0F87810A0F87A200446FFF752FEE9
:10C0B0002169E0602046BDE81040FFF76ABE38B550
:10C0C00004460D463AB94FF4C0212830FFF739FE37
:10C0D0009DB9002038BDFFF79CFE98B128344FF47D
:10C0E000C0212046FFF72DFE1DB14FF40031FFF7B0
:10C0F00020FE4FF48021204601E04FF40031FFF78D
:10C1000018FEE6E71120E5E72DE9FF41836A9B036E
:10C1100004462CD5B0F93081B0F934710020EDF728
:10C120009FF88045CCBF0025012502F064F994F802
:10C130003711C82201F00F01EDF79CF806462046A2
:10C14000E7F75CFEB04594F83711A8EB0707B4BFDA
:10C15000002601263FB245EA46050023CDE90085C9
:10C1600002971A4601F00F0180B200F0B7FC04B04C
:10C17000BDE8F081FFF7C8BF86307047F8B50446C8
:10C180000E4600295AD0476B40F271235F43A7F255
:10C190008A277F0839463046ECF790FA94F88E30BB
:10C1A000851FADB29D4239463046A8BF1D46ECF70B
:10C1B00085FA94F88F20B4F88610831F9BB29342BF
:10C1C000A8BF1346F21E012AB4F888202BD8B1F577
:10C1D000296F44F29020B8BF4FF429618142A8BF73
:10C1E0000146B2F5296FB8BF4FF429628242A8BF59
:10C1F00002461B2DB8BF1B251B2BB8BF1B2384F881
:10C20000913084F89050A4F88A10A4F88C2030461D
:10C21000ECF754FA831F9BB2AB42A8BF2B46DBB2AC
:10C2200084F89230F8BDB1F5A47FB8BF4FF4A47183
:10C23000B2F5A47FB8BF4FF4A472DAE71B23EFE78F
:10C2400070B54900466B89B28E4204461FBF4068F4
:10C25000616340F2712505FB060018BF05FB110064
:10C26000658F1ABF6060012100219542208F17D091
:10C270008342628700D02387238F94F83711626B43
:10C28000204601F00F011B01B3FBF2F3A4F89C3030
:10C29000FFF774FF20460421BDE87040E7F7C4BDF6
:10C2A0008342E8D1A36A1B07E6D50029E4D170BD1B
:10C2B000F0B585B004460E4600F186036A4600F1EB
:10C2C0008E0718685968154603C50833BB422A46CD
:10C2D000F7D1186828609B88AB8031462046FFF76D
:10C2E0004DFF9DF80B2094F891309A4211D1BDF882
:10C2F0000620B4F88C309A420BD19DF80A2094F8AD
:10C3000090309A4205D1BDF80420B4F88A309A42A0
:10C3100007D04FF48141204605B0BDE8F040E7F773
:10C3200083BD05B0F0BD37B50446BDF8180094F8DC
:10C330008E508D420BD1B4F88650954207D194F8B7
:10C340008F509D4203D1B4F8885085421DD08DF89E
:10C350000610ADF8042084F88E1094F83711019D72
:10C3600084F88F30A4F88800C4F84051A4F88620DF
:10C3700001F00F012046FFF79BFFB4F88A30A4F8C4
:10C380008630B4F88C30A4F8883003B030BD90F813
:10C39000373170B503F00F03044616460D46D9B188
:10C3A0008B4219D00122FFF732FD29460022204698
:10C3B000FFF72BFD94F8373165F3030384F8373129
:10C3C00005F00F012046FFF773FF20464FF484412C
:10C3D000BDE87040E7F728BD19462046FFF768FF23
:10C3E000002EF2D170BDF8B51D46C36A5B07044646
:10C3F0000F46164610D404212C30FFF79AFC84F81F
:10C400009A70A4F89660A4F8985020464FF4006102
:10C41000BDE8F840E7F708BDF8BD10B511B190F8D8
:10C420009A400C7012B1B0F89610118013B1B0F8A8
:10C4300098201A80C06AC0F3800010BD4FF40041FC
:10C440002830FFF776BC00F5A270704790F83701EE
:10C4500000F00F00704770B50446FCF73AFE6568BF
:10C46000064601F044FF2D1AB5F5FA7504D530469D
:10C47000BDE87040FCF733BE636B94F8701040F277
:10C4800071225343B5FBF3F5A38FAAB29B1AA3877E
:10C4900094F86F3002FB1133252193FBF1F001FB7F
:10C4A0001033002BB8BF5B1884F86F30B4F89C30A1
:10C4B0009B1AA4F89C30204600211546EAF7D2FECC
:10C4C000636B5D43636840F2712202FB1533636066
:10C4D0002046EAF777FECAE72DE9F3474E7904468E
:10C4E000B0074FF0000358BF06F0010608460D469E
:10C4F000ADF8043054BF01360326FFF73EF9074676
:10C5000007F01F03002BE36A15BF4FF001084FF03F
:10C5100000084FF003094FF0020999050CD59DF86A
:10C52000043066F3010368F345138DF80430019A73
:10C530002946204600F08EF9284607F07BFD494643
:10C540008246284607F031FD9DF80430AA798DF81F
:10C5500005A066F3010368F345130C328DF804302F
:10C56000BDF80430AB529DF80430A9189A066B79D7
:10C5700048BF8F7043F001036B71FCF7AAFD0646BC
:10C580002046294650F8A48F07F0B6FD94F84631AE
:10C59000013384F84631A36A1B070CD5B4F87C300C
:10C5A000012B02D92046FFF756FF304602B0BDE806
:10C5B000F047FCF794BD656801F099FE0746EAF77D
:10C5C00067FF8442F1D1ED1BB5F57A7FEDDDB8F15F
:10C5D000000F03D0D4F8A030002BE6D1EBF7F0FA2F
:10C5E000E3E708B5022007F065FE10B100F045FE54
:10C5F000012008BD10B54FF4407104462830FFF704
:10C60000A0FB20460021BDE81040E8F78FB80123C9
:10C6100010B5A1F12002C1F1200423FA04F403FAB9
:10C6200002F222438B40D0E9084123400A401343E1
:10C6300014BF0120002010BDC36A10B5044613F0DA
:10C64000080012D00123A1F12002C1F1200023FA39
:10C6500000F003FA02F202438B40D4E908010340E0
:10C660000A40134314BF0120002010BD10B50C4632
:10C67000C9B2FFF7E1FF70B1E9F72EF9C4F120026A
:10C68000A4F12003E04001FA02F2104321FA03F37F
:10C69000184300F0010010BD70B504460E46E9F7DE
:10C6A0004DFAFCF716FD84F8776005460221204616
:10C6B000E7F7BAFB20460021EAF7D4FD2846BDE89B
:10C6C0007040FCF70CBD70B504460D46FCF701FD4B
:10C6D0000646EAF7DDFE844201D1EBF751FA304617
:10C6E000FCF7FDFC29462046BDE87040FFF7D4BFAB
:10C6F0000B68C0F84031704738B5D0F840310B6056
:10C7000040F648059BB2AB420C4604D90B21FFF71B
:10C71000ADFF08B9258038BD44F290232380FAE7A5
:10C7200008B500F0FBF8E7F7E9FC00F046FB00F085
:10C7300008F8E9F73BF9E9F7F7FEBDE80840E9F743
:10C7400073BF704770B515460E461C46FFF7A2FB37
:10C750002B684EB103606B6843602368C0F82530D6
:10C760002368C0F8153070BD83606B68C3602368B0
:10C77000C0F829302368C0F81930F4E770B50546D1
:10C78000FFF788FB0446FCF7A4FC4FF480710646D3
:10C790002846FFF783FB4FF400612846FFF786FB2E
:10C7A0003046FCF79CFC002323612375236284F848
:10C7B00024302846FFF770FB802310F0080F14BFC9
:10C7C000237584F8243070BD10B50446FFF712FFBE
:10C7D00020461021BDE81040E7F726BB10B54FF406
:10C7E00060610446FFF765FB2046BDE81040FFF797
:10C7F00001BF7FB506460C46FFF74CFB4FF4C06106
:10C8000005463046FFF752FB4FF400613046FFF714
:10C8100050FB4FF48060E9F705F8224670B969468D
:10C820002846E8F769FB6B4605F1100213F8011B77
:10C8300002F8011DAA42F9D104B070BD6C4602F1A4
:10C84000100610685168234603C30832B2421C46E2
:10C85000F7D1E8E7F0B587B00D46ADF80C20FFF74B
:10C8600019FB0446284607F0E5FB064600B32846B8
:10C87000E8F780FB9DF80C3005AF03F02303224658
:10C8800031460093019704F12003FDF71CF8284678
:10C89000E8F786FB04223946284607F009FE236A9A
:10C8A0000133236223B994F82430013384F824300F
:10C8B00007B0F0BD30B585B00391ADF80820FFF7A3
:10C8C000E9FA0446039807F0B5FB051F002D02DCCA
:10C8D000002005B030BD0398E8F74CFB43190193E5
:10C8E0009DF8083003F023030093224604F110035F
:10C8F0002946FCF7D9FF0028EAD10398E8F750FB56
:10C90000042103A807F038FC2369013323610BB12C
:10C910000120DEE7237D01332375F9E708B54FF4E5
:10C920000060E8F77FFF40B94FF48050E8F77AFFE6
:10C9300040B9BDE80840ECF7D5BEFFF79EFA0028E5
:10C94000F2D008BDFFF79DFA0028F2D0F9E741F0D8
:10C95000004141F4E0210160704707B501A8019151
:10C9600007F0E3FA002003B05DF804FB704770475E
:10C97000002070477047704710B5DC1D0433837387
:10C980004379C47123F0030343F003030E2443717E
:10C99000012344738371C3730182827410BDD31C5D
:10C9A000C3713E2343734379827323F0030343F03F
:10C9B0000303437101238371C17370470F234373D2
:10C9C000042383734379A0F8111023F0030343F089
:10C9D0000303437140F20173C38001230374C273E4
:10C9E0007047D31CC3714379417323F0030343F0B1
:10C9F00003034371012382738371704708B50023D9
:10CA0000FFF7BAFFBDE80840E8F7B8BB2DE9F843E7
:10CA100080460220894617461E4607F04BFCD0B1DF
:10CA20004579A0F810800C2343730823837325F005
:10CA3000030540F60133C38045F003059DF820301F
:10CA4000457180F81290A0F81370A0F81560C373B8
:10CA5000E8F794FB0120BDE8F88308B5022007F051
:10CA600029FC30B101221121FFF799FFE8F786FB7D
:10CA7000012008BDF8B50F461646132109221D46B0
:10CA8000FFF78DFF837904460C331C44A170E770D7
:10CA900026712B68C4F80530AB88A4F80930BDE8CE
:10CAA000F840E8F76BBB70B5064602200D4607F06C
:10CAB00001FC044668B114210422FFF770FF83795A
:10CAC0000C331C44A170A4F803606571E8F756FBB1
:10CAD000012070BD08B501F077FD08BD2DE9F041DA
:10CAE000074602200D4690461E4607F0E3FB04462B
:10CAF000E0B109222121FFF752FF83790C331C4456
:10CB00000A22BDF9183093FBF2F323729DF81C3012
:10CB1000637284F80380BDF92030A78093FBF2F3A1
:10CB2000A671E571A372E8F729FB0120BDE8F08149
:10CB300037B5044607F07EFAA3790C33E518C0B286
:10CB40003E22E254831E6B700D23AB70AB798DF8DF
:10CB500007301C38012BE87609D100231A46E91D5D
:10CB60000DF10700FEF72EFE9DF80730AB71204651
:10CB7000E8F704FB03B030BD704710B5E8F738FBA9
:10CB800083790C33C4180021E078E6F753FD61681F
:10CB9000FFF750F80446E8F731FB22460023BDE8D2
:10CBA00010404FF61941FFF7E7BE10B5E8F720FB3C
:10CBB00083790C33C4180021E078E6F73BFD616807
:10CBC000FFF746F80446E8F719FB22460023BDE8C4
:10CBD00010404FF61A41FFF7CFBE70B5E8F708FBDB
:10CBE000002186790446FE20E6F724FD0546E9F794
:10CBF000E7FE50B10C24E8F701FB22460023BDE814
:10CC0000704042F20501FFF7B7BEE9F71FFF0028A9
:10CC1000F0D134440F342DB121462846FFF728F8CF
:10CC20000028E7D02046E8F749FD0024E3E72DE996
:10CC3000F041E8F7DDFA83790C33C4180025E67873
:10CC4000E8F7D6FA0768E8F7D3FAA6F1FE035942E7
:10CC5000594105603046E6F7EDFC22793B4629460E
:10CC6000FEF742FF0446E8F7C9FA2B46224642F295
:10CC70003701BDE8F041FFF77FBE2DE9F041E8F74D
:10CC8000B7FA83790C33C4180025E678E8F7B0FAD0
:10CC90000768E8F7ADFAA6F1FE035942594105606D
:10CCA0003046E6F7C7FC22793B460121FEF71CFF20
:10CCB0000446E8F7A3FA2B46224642F23801BDE8C3
:10CCC000F041FFF759BE2DE9F047E8F791FA837973
:10CCD0000C33C418277994F8038027B9B8F1010FF1
:10CCE00027D0E6F709FF05340026BE420ADB0025FF
:10CCF000E8F784FA2A460023BDE8F04742F23901FA
:10CD0000FFF73ABE2078B4F8015094F80390A0F1F0
:10CD1000FE03594259410434E6F78CFC58B12A46C7
:10CD20004B464146E6F7E4FD05460028E0D10136D2
:10CD3000DBE71225DCE74225DAE710B5E8F758FA19
:10CD400083790C33C4180021E078E6F773FC80B1D6
:10CD5000211DFEF78DFF00280CBF0C240024E8F7EE
:10CD60004DFA22460023BDE8104042F23501FFF79C
:10CD700003BE4224F3E7FE282DE9F8430646894620
:10CD800090461F4616D0022007F094FA044690B150
:10CD900006221221FFF703FEA5790C352544122344
:10CDA000AB7085F803902E71A5F80580EF712046D1
:10CDB000E8F7E4F90120BDE8F883704710B5E9F71A
:10CDC000FFFD0446FEF7F1FC2043C0B210BD38B5AC
:10CDD000E8F70EFA8379C17903F10C020244CB1A09
:10CDE00002200021B2F8035007F08FFB044640B93F
:10CDF000E8F704FA0722BDE8384042F21901FFF7CC
:10CE0000DDBD2846E6F7E6FF38B12146E9F7A0FB8D
:10CE10000446E8F7F3F92246EDE72046FBF7F0FA7F
:10CE20000224F6E770B5E8F7E3F983791844B0F81F
:10CE30000F60B0B2E6F7CEFF80B1002100F06EFEC9
:10CE40000546E8F7DBF9044602232A4642F21B01B5
:10CE5000FFF792FDA3791C44668270BD0225F0E7BE
:10CE600070B5E8F7C5F983790C33C418B4F80350EA
:10CE70002846E6F7AFFFA0B1611D00F04FFE064661
:10CE8000E8F7BCF904460223324642F21A01FFF7E2
:10CE900073FDE37923449D72E3791C442D0AE57206
:10CEA00070BD0226ECE710B5E8F7A2F983790C33E0
:10CEB00018444479B0F80300E6F78CFF60B12146CE
:10CEC000E9F722F90446E8F799F9E2B240F206419F
:10CED000BDE81040FFF772BD0224F4E770B5E8F733
:10CEE00087F983791844B0F80F50FCF7F2F804463C
:10CEF0002846E6F76FFF80B11621FFF7E4FB002517
:10CF00002046FCF7ECF8E8F779F92A460023BDE85B
:10CF100070404FF60441FFF72FBD0225F0E7F8B54A
:10CF2000E8F766F984790C3404440546B4F8030044
:10CF3000E6F750FF064640B9E8F760F90222BDE87F
:10CF4000F84042F21301FFF739BDAB79E97903F1FB
:10CF50000C022A44CB1A0220002107F0D6FA01461F
:10CF600018B9E8F74BF90722E9E7837903338371AE
:10CF70003046B4F80D50B4F80F70E9F779F83A4636
:10CF8000044629463046FFF78BF8E8F737F9224682
:10CF9000D5E738B5FCF79DF80446FFF70FFF0028EA
:10CFA0000CBF0C250025E8F729F92A4642F20E01AC
:10CFB000FFF724FDE9F7EAFD2046BDE83840FCF71D
:10CFC0008EB810B5E8F714F983791844B0F80F005B
:10CFD000C0B2E7F74FFAE8F711F90023BDE81040B7
:10CFE0001A4642F22401FFF7C7BC2DE9F8438146F7
:10CFF0000220884617461E4607F05CF9044690B1A9
:10D000000A220321FFF7CBFCA5790C352544002328
:10D010002046EB70A5F80490A5F806802F816E815C
:10D02000E8F7ACF80120BDE8F8832DE9F04385B0BE
:10D03000814602209DF844808DF80F200E461F4641
:10D0400007F038F90546002844D022222921FFF7AD
:10D05000A6FCAC790C342C4404F10E03002204F13C
:10D060001401C4F80E2030469A8062612283009138
:10D070003A460DF10F01FEF7A6FB9DF84030E37034
:10D0800006F00103A3719DF80F30A4F80490E3713A
:10D090003B68A360BB88A38116F0FD0F4FF6FF73BA
:10D0A00004D0032E08BF43464FF0FF08BDF83020E0
:10D0B0006283BDF83420A283BDF83820E2839DF856
:10D0C0003C2084F82020284684F821806384E8F7F7
:10D0D00055F8012005B0BDE8F083F8B507460220F9
:10D0E00016461D4607F0E6F8044690B10C220421CE
:10D0F000FFF755FCA1799DF818300C3121442046EA
:10D100008F80C1F80660C1F80A50CB70E8F736F896
:10D110000120F8BD70B5064602200D4607F0CAF89A
:10D12000044668B103223021FFF75BFCA3790C337E
:10D1300023442046A3F803609D70E8F71FF8012000
:10D1400070BD70B5064602200D4607F0B3F80446E0
:10D1500088B104220821FFF744FCA3790C3323444F
:10D16000B5FA85F252092046A3F803605A719D7002
:10D17000E8F704F8012070BD2DE9F843814602204C
:10D18000884617461E4607F095F80446B0B10B22B4
:10D190000721FFF704FCA579BDF820300C352544A4
:10D1A0002046A5F80390A5F80580A5F80770A5F816
:10D1B0000960A5F80B30E7F7E1FF0120BDE8F8832F
:10D1C000F8B5074602200E46154607F073F80446E8
:10D1D000A0B10D220521FFF7E2FBA3790C33234414
:10D1E0002046A3F80370A3F80D602A68C3F8052051
:10D1F0006A68C3F80920E7F7C1FF0120F8BD2DE9EF
:10D20000FF410A9C16466A4680460F4603F1100EFF
:10D210001546186859689446ACE80300083373450E
:10D220006246F6D124B9022007F044F8044608B358
:10D230001D22ED212046FFF7B2FBA3790C332344D6
:10D24000A3F80380A3F80D702EB13268C3F805204F
:10D250007268C3F809200F3304AE2A4603CAB242EB
:10D2600018605960154603F10803F6D12046E7F728
:10D2700085FF012004B0BDE8F08113B582790190EB
:10D280000C321321815484184FF44072C280E7F7A6
:10D290000BFDA07020B901A806F047FE02B010BD3A
:10D2A0008000013060700198E7F768FFF6E770B51D
:10D2B000064602200D4606F0FDFF044678B1042222
:10D2C0000521FFF78EFBA3790C332344002220466F
:10D2D000A3F803605D719A70E7F750FF012070BDFD
:10D2E00013B5837901900C33C418C05CE6F772FD66
:10D2F00020B901A806F019FE02B010BD63780199AB
:10D3000013F0300F8B7903F104038B714B790CBF51
:10D310000122002262F300034B71E7F707FAEBE703
:10D320002DE9F041E7F764FF83790C33C418B4F8B2
:10D3300003801FFA88F0E6F74DFD054600B3A27999
:10D340006179FEF7BCFE0646E7F758FF0746022361
:10D35000324642F27A01FFF70FFBBB793B44384675
:10D36000A3F81280E7F70AFF46B9A37933B128463C
:10D37000FFF76CF801462846FEF74DFDBDE8F08149
:10D380000226E1E700F05FBE50E8003F0B4340E8B3
:10D390000032002AF8D17047704770B50E46154626
:10D3A000E6F7D8FE044648B93046E6F789FC04465D
:10D3B00020B92846ECF7C0F8044640B10020E6F753
:10D3C000C9FE0020E6F77CFC0020ECF7B5F820460B
:10D3D00070BD4FF40010ECF7E5BBEBF7A7BAE8F728
:10D3E0004FB94368143B4360A0230B6070471AB9E0
:10D3F0004268A2EB530242600A6802EB83020A60B1
:10D400007047884210B518D8052816D9B1F5486F6D
:10D4100013D8B3F5FA7F10D2A2F10A0080B240F619
:10D420007644A04209D801339BB24B435B00B3EB77
:10D43000C20F94BF0120002010BD0020FCE7C943AB
:10D4400050E8003F0B4040E80032002AF8D1704716
:10D45000002070472DE9F04104460F4600264FF0AA
:10D460000108214686F00100FEF70DFD4FF48051C2
:10D47000FFF7E5FF836833B940460EB1BDE8F081A0
:10D4800001268046EDE7028ABA4206D10022012138
:10D49000204698470028EFD1EFE70268D205EBD588
:10D4A00000221146F4E708B5FEF706FD00230380CD
:10D4B000436008BD70B506460C46FBF70AFE0546FC
:10D4C0003046FEF7F9FC30B103781C4304704FF48A
:10D4D0000070ECF767FB2846BDE87040FBF7FFBD26
:10D4E000E7F724B907B542798DF8071022F0030257
:10D4F00042F00302427140F20332C2800DF1070193
:10D50000012206F0F5FC03B05DF804FBF8B5174600
:10D5100006460C461D46FEF7C7FC020713D502213E
:10D520003046FFF774F870B111212046FFF7DAFF9B
:10D530002046E8F7ABFA4570877021463046BDE8D3
:10D54000F840E7F7F3B82820C5F120024FF08861D2
:10D55000A5F12003E94000FA02F220FA03F3114397
:10D560001943CB07E0D40D212046FFF7BBFF20462F
:10D57000E8F78CFA4770E0E770B50C4605460721DE
:10D5800020461646FFF7AEFF2046E8F77FFA214611
:10D5900046702846BDE87040E7F7C8B838B50C4675
:10D5A00000210546FEF798FC241AA4B247F6FE7344
:10D5B0009C4205D928462821FFF76EF8002038BD87
:10D5C0000120FCE738B504460D4601460020FEF771
:10D5D0005AFC03689B0505D429462046BDE838401F
:10D5E000FFF7DCBF002038BD2DE9F04115469DF85E
:10D5F00018801F46FEF747FC0446FBF76AFDB8F1AA
:10D60000010F064623D154E8003F43F4807344E8F9
:10D610000032002AF7D105B354E8002F42F400721B
:10D6200044E80023002BF7D1FF212046FFF707FF36
:10D6300054E8002F48EA020244E80023002BF7D107
:10D64000A56027823046BDE8F041FBF748BD4FF4A6
:10D6500080712046FFF7F3FEDDE74FF400712046AE
:10D66000FFF7EDFEE0E773B5064601200C46FEF736
:10D670000AFC0023054600931A4621463046FFF770
:10D68000B3FF6B6863B14FF480712046E6F7CCFBC3
:10D6900055E8003F43F4007345E80032002AF7D113
:10D6A000FBF717FD05462046FEF706FC28B1038868
:10D6B0001BB14FF40070ECF775FA284602B0BDE8D4
:10D6C0007040FBF70CBD38B505460C46FEF7DBFB9A
:10D6D00083684BB102212046002298472146284604
:10D6E000BDE83840FFF7BFBF38BD012938B5054652
:10D6F0000C4608D0CC1E012C03D801460120FFF7B0
:10D70000E2FF012038BD2221FEF735FC20462946E4
:10D71000FFF7D9FF0020F5E708B5FEF7B4FB006876
:10D7200000F0F00008BD10B5014604460120FFF7E7
:10D73000F3FF20B92146BDE81040FFF7EDBF10BD53
:10D7400070B506460C4601460120FEF79CFB3146AB
:10D7500005460020FEF797FB2B680268014643EA66
:10D760000200C0051ED49B0502F4007203D49AB9CE
:10D770004FF0FF3070BD2B8A1B1B98B27AB1098A1B
:10D78000091B89B28842A8BF08464FF6FF7398422A
:10D7900008BF4FF0FF30EDE74FF6FF70EFE74FF6B1
:10D7A000FF71EFE70120E5E72DE9F3410446019120
:10D7B000014601201546FEF766FB2146064600207D
:10D7C000FEF761FB80462046FEF766FB810606D524
:10D7D00001A806F0AAFB0C2002B0BDE8F081FBF71F
:10D7E00078FC33689A05074603D4D8F800309B05C7
:10D7F00009D50199301D8D6006F07EFC3846FBF797
:10D800006EFC0020E8E7FBF76AFC01992046A84778
:10D81000E2E738B5014604460120FEF734FB054631
:10D820000C3006F082FB281D06F07FFB214600200D
:10D83000FEF729FB04460C3006F077FB201DBDE8FF
:10D84000384006F072BB70B5014605460120FEF770
:10D850001AFB0646043006F0E5FB044670B14FF4AF
:10D8600000713046FFF7EBFDA36821462846984734
:10D8700020B12046BDE87040FAF7C2BD70BD00235C
:10D88000C0E900318260704708B50B460146184672
:10D89000FEF7F9FA0068C0F3402008BDFFF725BF86
:10D8A000CB1E012B70B504460D46164606D81A212C
:10D8B000FEF761FB40212046E6F7B6FA32462946DC
:10D8C0002046BDE87040FFF710BF38B504460D464E
:10D8D000FEF73DFB28B1012D04D122212046FEF7A1
:10D8E0004AFB002038BDF8B58B790B440C46D3F8C1
:10D8F0000D60D3F8113032460746E6F7F9FE0921EC
:10D900002046FFF7EFFD2046E8F7C0F8A579E7F7D6
:10D91000E3FF0C35254466F0FF060640C5F80160BC
:10D92000E7F7DAFF3846C5F805102146FFF7D8FDBE
:10D9300002213846FFF7BEFDF8BD70B50E4605461C
:10D9400001460020FEF79FFA012E044603D0022E66
:10D9500011D0012070BDC1688B7919440D31284662
:10D96000FEF796FBE068FAF74BFD0020E0602946E1
:10D97000FFF779FEEDE7C068FAF742FD0023E360A8
:10D98000E7E738B50D46044601460120FEF77BFA6D
:10D99000012D08D100F112012046FEF779FB214646
:10D9A0002846FFF760FE012038BD08B5FEF774FA7F
:10D9B000C0F3C00008BDF8B50C460746FFF7F5FFF9
:10D9C00080F00106F6B239463046FEF75CFA0546AD
:10D9D000C068012C837903D0022C1BD00120F8BD34
:10D9E0000C33C41838462389E288A188FEF728FC46
:10D9F00061886278490089B252003846FEF787FA9A
:10DA0000E868FAF7FDFC0023EB6039463046FFF783
:10DA10002AFEE3E7FAF7F4FC0023EB60DEE708B543
:10DA2000FEF742FA00F0010008BD38B50C460221AD
:10DA30000546FEF73BFA0C212046FFF753FD204632
:10DA4000E8F724F84FF0FF3383700223C3700D23EF
:10DA500043706FF02F03037105234371214628465D
:10DA6000BDE83840FFF73CBD042910B5044601D09D
:10DA7000002010BDFFF799FFC0F10200E7F7D2FECA
:10DA80000028F5D106F016FC014608B90220F0E79F
:10DA90002046E8F70BFB0028F8D10120E9E708B59C
:10DAA000FEF7FAF9C0F3C00008BD2DE9F0410F46BA
:10DAB00004469046FFF7F3FF80F00105EDB22146E2
:10DAC0002846FEF7E0F9012F064603D0032F0FD0BA
:10DAD00001200BE02046FEF781FE22212046FEF7C2
:10DAE0004AFA28462146FFF7EEFD0020BDE8F08106
:10DAF000C068FAF785FC0023F3602046FEF76EFE4F
:10DB00005FFA88F12046FEF736FA20462021E6F734
:10DB10008BF921462846FFF7D6FDD9E737B50446ED
:10DB20000D46FEF7C1F903054CD5022006F0C2FBF5
:10DB30000190002848D0204645B3FFF7B0FF50B110
:10DB400005210198FFF7CEFC0198E7F79FFF0199A7
:10DB50002046FFF7C5FC20462946FEF74AFE204630
:10DB6000FFF79DFF78B94FF400612046FEF799F961
:10DB700006210198FFF7B6FC0198E7F787FF0199A6
:10DB80002046FFF7ADFC002003B030BDFFF787FF54
:10DB900068B10199032306222046FFF7B7FC20460F
:10DBA000FEF71CFE21462846FFF78DFDEBE701A896
:10DBB00006F0BBF920463D21FEF76EFD2046FEF73C
:10DBC0000DFEE0E70C20DFE70720DDE7F7B50146B3
:10DBD00004460020FEF757F9054600F112074FF4FE
:10DBE0008060E7F71FFE50B92046E6F707F9698B1A
:10DBF0003A4680B203B0BDE8F040FFF7E1BA2046F4
:10DC0000E6F7FCF8064620466D8BFEF743F9002246
:10DC10000346009229463A46B0B2FFF7F0FA03B045
:10DC2000F0BD83781A2B09D81B2383700288B2F5C4
:10DC3000A47F07D24FF4A473038007E0FB2BF5D930
:10DC4000FB23F2E744F290239A42F5D87047F0B5EF
:10DC5000CA798B7987B043EA0223ADF80C308B8800
:10DC60008DF80E30CA788B7843EA02230446ADF86B
:10DC7000103003A80B888DF81230FFF7D2FF04A8EC
:10DC8000FFF7CFFF05A92046FEF736FD0B21204602
:10DC9000FEF7ECFC40F6480544F29023002818BF3C
:10DCA0001D469DF80E30BDF81460BDF81020BDF87B
:10DCB0000C709DF816009DF81210AF42D4BF00976B
:10DCC0000095FB2BA8BFFB23B242A8BF324681427E
:10DCD000A8BF01462046FEF726FB07B0F0BD37B5CA
:10DCE000144605461046FFF7FDFB2046E7F7CEFE3B
:10DCF00001A904462846FEF7FFFC0B212846FEF743
:10DD0000B5FC6FF0040363700023A37044F290220B
:10DD100040F64803002818BF1346A4F803309DF8C6
:10DD20000630A4F80530BDF80430A4F8073003B07D
:10DD300030BDFFF7DABC022973B505460C4603D0A7
:10DD40000024204602B070BD0521FEF760FC0028CB
:10DD5000F6D0E6F795FB1B28F2D94FF40040E7F721
:10DD600061FD0028ECD106F0A5FA06460028E8D0AF
:10DD700001A92846FEF7C0FC9DF80630BDF8042036
:10DD800031462846E8F766FC0028D9D10124D8E7B7
:10DD900030B190FAA0F00123B0FA80F08340D8B2FD
:10DDA000704770B50646FEF77FF880F04004020623
:10DDB0000546C4F3801406D408213046FEF73CFC27
:10DDC00008B144F00204EB0506D40B213046FEF7FF
:10DDD00033FC08B144F00404204670BD2DE9F8433B
:10DDE000044691460F46FEF75FF8C0F34015204603
:10DDF000FEF729FB214680462846FEF744F84946AF
:10DE000006462046FEF7B7F898F80110384601F0AC
:10DE10000F0100F024FA062814BF014600212A460B
:10DE20002046FEF7B4FA21462846FFF71CFC2021C5
:10DE30002046FEF73EF856E8003F43F4805346E89C
:10DE40000032002AF7D1BDE8F883F8B50E46044643
:10DE50001546FEF729F8032EC0F340170DD0042E07
:10DE600016D0012E12D122212046FEF784F8384622
:10DE70002146FFF728FC0020F8BDEAB20021204629
:10DE8000FFF7ACFF21463846FFF71DFC0120F3E702
:10DE90000C22F3E7012910B504460BD1FEF704F874
:10DEA0002146C0F34010FDF7EEFF0022817C2046A2
:10DEB000FFF794FF012010BD2DE9F7430F460546FB
:10DEC000FDF7F2FF00F02009C0F340182846FEF7E6
:10DED000BAFABB790C333B445E789B781E400378DA
:10DEE000C3F3030000EA13103040FFF751FF04466C
:10DEF00048B9B9F1000F06D12846FFF752FF30406C
:10DF0000FFF746FF04462846FEF7A0FAEAF7EAFBC9
:10DF1000A04223D01CB302212846FDF7DDFF0021DB
:10DF200006462846FEF72AF918213846FFF7DAFA9E
:10DF30003846E7F7ABFDB6B244708470A0F80360D2
:10DF400039462846FFF7CCFA009623462246294652
:10DF50004046E8F7B9FB03B0BDE8F083002426464D
:10DF6000E2E770B504460D46FFF7DDFB28B9294608
:10DF70002046BDE87040FFF79FBF40282946204655
:10DF80004FF01603BDE8704014BF2A222322FFF78A
:10DF9000BDBA38B505460C46FDF786FF830604D4A6
:10DFA0002046BDE83840FAF72BBA21462846BDE89E
:10DFB0003840FFF781BF73B58C790C340C440646AA
:10DFC0000D46FDF771FFA278032AC0F3401014D06C
:10DFD000052A28BF00226378032B10D0052B28BF09
:10DFE0000023B4F8031000913146E8F76DFB284692
:10DFF00002B0BDE87040FAF703BA0022EBE7002355
:10E00000EFE708B58B790B441B7B162B03D0172B3E
:10E0100005D0002008BDFFF7A4FF0120FAE7FFF7B5
:10E02000B8FFFAE708B58B790B441B7B162B03D09E
:10E03000182B05D0002008BDE8F770FB0120FAE797
:10E04000FFF7B9FFFAE770471FB54A1E042A0346D7
:10E050000C465FD8012902D1008804B010BD022906
:10E0600005D100885B88984238BF1846F5E74A001A
:10E07000014601A805F00BFC032C07D10023ADF8E5
:10E080000A304FF6FF73ADF80C3001E0042CF8D0E5
:10E09000BDF80620BDF80430934284BFADF80630C9
:10E0A000ADF80420BDF80A30BDF80C20934288BFBB
:10E0B000ADF80A20BDF80A2088BFADF80C30BDF8D5
:10E0C0000430934288BFADF80A30BDF80620BDF891
:10E0D0000C309A4288BFADF80630BDF80820BDF874
:10E0E0000630934284BFADF80830ADF80620BDF885
:10E0F0000A30BDF808209A4288BFADF80830BDF854
:10E100000820BDF806309A4238BFADF80830BDF897
:10E110000800A2E74FF6FF709FE7012804D002280D
:10E1200004D030B9E9F738BFE9F726BF0020E8F797
:10E13000F3BC704710B1012803D070470120E8F705
:10E14000EBBC0020FBE7F7B51F468B1E012B0546F5
:10E150000C46164613D8FDF730FB0023CDE9000529
:10E16000F01A18BF01201A463946FDF734FB80B17A
:10E17000022C0BD12846E7F77BFA002004E00029A7
:10E18000F8D0012902D0FF2003B0F0BD2846E7F700
:10E19000B3FA0120F8E770B59DF810600D46002134
:10E1A0000446817106F10C014173111E03F00F004A
:10E1B000237B18BF012140EAC11003F0400318433C
:10E1C00020732B469DF8141004F10E00FFF7BBFFDF
:10E1D000237B60F3861323732B686361AB882383EF
:10E1E000A3790E363344E37170BD10B5418983893C
:10E1F000C28904460846FFF704F9E0B1E279531EEC
:10E20000072B19D86389934216D922899A4213D8C9
:10E21000237C43B9637C33B9A37C23B9E07C10B978
:10E22000237D0F2B07D9607D1B3000F01F000B28CA
:10E230008CBF0020012010BD0020FCE708B5EAF7E4
:10E2400029FDBDE808400020EAF710BFC94350E8A7
:10E25000003F0B4040E80032002AF8D17047022806
:10E2600008D0042803D0012818BF0620704701F009
:10E270000101C81C7047EBF75FBA0A2802D80130C9
:10E28000C0B27047242801D80230F9E7252805D00C
:10E29000262805D0272818BFFF2070470020704788
:10E2A0000C20704708B5EAF799FABDE808404FF02E
:10E2B0000060EBF777BC08B5EBF744FA20B1BDE896
:10E2C00008401020FFF7EEBF08BD70477047704749
:10E2D000704770470020704770477047704770471D
:10E2E000704710461946704700200021704704F01F
:10E2F00057BEF3F7F5BB04F00BBF08B5EAF772FCA5
:10E3000020B1BDE808400420FFF7CCBF08BDF0B540
:10E3100087B00D468DF80700164602B9A3B39DF8E5
:10E3200007002946FDF75DFA0446B8B99DF80700D5
:10E330002946FDF75AFA40BB16B39DF8071000397D
:10E3400018BF01210DF10F022846EBF7B5F8F8B917
:10E350009DF80F40013418BF012416E004AF0122DC
:10E3600039460DF10700FDF73EFA04464EB19DF81F
:10E370000730191E18BF0121002818BF3D46E1E7EC
:10E380000124FDF71DFA00B90124204607B0F0BDB5
:10E390004FF0FF34DEE737B502460846136A03F450
:10E3A000007403F40015DB0505D47CB9E7F760F9C8
:10E3B000204603B030BD4CB9D2F855100160B2F818
:10E3C00059208280B5FA85F46409F1E7019092F949
:10E3D0005430009300231A4619461846B5FA85F4BE
:10E3E000FDF7F9F96409E3E77047704702461946FB
:10E3F0000020EAF73FBF002070470020704707B5B4
:10E4000000214FF0FF336A46084600938DF8043030
:10E41000EBF7C6F803B05DF804FB38B505460068B5
:10E4200005F025FC0446287900F01F0005F01FFCCC
:10E430002044C0B2012894BF0020012038BD70479D
:10E440007047914270B50D4614461E4609D2FFF73B
:10E4500012FF641B013490FBF4F303FB140005442A
:10E46000ACB23480FFF707FF33880133B0FBF3F21F
:10E4700002FB1300049B188070BD70477047704703
:10E480000120704708B5202000F00DFF003818BFAC
:10E49000012008BD08B5FFF7F5FF20B1BDE8084031
:10E4A000202000F008BF08BD73B506460D4614468F
:10E4B000D2B100F0F5FEA84218D8304600F005FFB2
:10E4C00001460190A0B100232A46204605F023FD15
:10E4D00001A805F02AFD2246022052F8041B00F094
:10E4E000A1FE002002B070BD2220FBE72120F9E749
:10E4F0002D20F7E708B5F9F7B5FC08B1012008BDF4
:10E5000000F064F8F9F7B6FC0028F7D1EDF73EFE0D
:10E51000003818BF0120F2E708B5EBF7F1FA002840
:10E520000CBF0420012008BDEBF7F8BA00207047AB
:10E5300030B5044687B008461546FEF750FF122254
:10E5400000210DF1060005F097F9A3680293E36836
:10E550000393E38BADF81030238CADF81230ADF897
:10E560000450FFF7E3FF029B8DF8140043F41053AF
:10E57000029300F006FE18B1029B43F004030293DD
:10E58000029B01A843F480330293E7F75DF910F092
:10E59000FF0516D1A38CADF800300DF10201E38C1C
:10E5A000ADF80230684600F06DFDEBF753FBFEF767
:10E5B00014FF012104F0DFFBECF79CFE284607B0B6
:10E5C00030BD40F20C40FAE7EBF754BBFBF7BEBDA1
:10E5D000E3F736BE0120704770B50C46064611467B
:10E5E0001D46EBF70FFC58B144EA06206FEA4040A5
:10E5F0006FEA50402A4680B2BDE87040EBF756BB48
:10E6000040F2064070BD83791A07014603D5062201
:10E610000020EBF71BBC9B0602D506220120F8E781
:10E620004FF0FF3070478379532B01D1EBF740BC9B
:10E63000FFF7E9BF70B5064614461D46EBF7E2FB4F
:10E6400010B90024204670BD41EA06206FEA404020
:10E650006FEA50402A46214680B2EBF745FB00287E
:10E66000F0D0EEE713B50446EBF7CCFB10B9002071
:10E6700002B010BD08226B4611462046FFF7DAFFB4
:10E680000828F4D19DF80230002BF0D09DF903004A
:10E69000013018BF0120EBE7704700207047532876
:10E6A00038B505460C4604D1BDE838400846EFF7BA
:10E6B00061BF0620FAF7B6F868B96379142D03F044
:10E6C0003F03637104D0722D08D163F03F0363717F
:10E6D000A571002038BD40F20740FBE72120F9E793
:10E6E0001FB550F80C4BADF8061094F870408DF83B
:10E6F0000820ADF80A3001AA069B8DF8044040F2CC
:10E700000351039305F046FB10B906A805F00DFC74
:10E7100004B010BD2DE9F04186B04FF0000804466A
:10E720000E46CDF80C8000F14407154612B303A83D
:10E7300005F0FBFB384605F0F8FB84F81C8000234D
:10E74000009332462B461821204600F036FF05F58F
:10E750008855204604AA50F80C3B059593F8703074
:10E760008DF8103040F2055105F014FB002006B082
:10E77000BDE8F08143691A0710D4A846384605F071
:10E78000F2FB03460390C0B903A805F0CEFB384660
:10E7900005F0CBFB0023237755B1D0E723F0080326
:10E7A000436103A805F0C1FB384605F0BEFB2577A1
:10E7B000204600F07EFF0025CBE7997901F10C029D
:10E7C0001A440531B2F80160B2F80320997120466D
:10E7D000314601F093FCCDF80C800028CED00546E0
:10E7E000D2E72DE9F84F0E469DF828B091469A469B
:10E7F000054610B1037C012B60D0284601F095F945
:10E80000304601F00EFB002231468046284601F0DA
:10E810007BFB0746304601F0FDFD42F6052398429A
:10E820001CD118F0300F26D1BBF1000F33D018F0F7
:10E83000200F3FD0BA073FD5EB8B002B38D1534682
:10E840004A463146284600F068FF0446E8B9EE83A0
:10E8500040F20A41284601F076F916E0284601F018
:10E8600019FA0028DDD0284601F029FA0028D8D06E
:10E8700041F2121409E0B907D6D03146284601F01A
:10E88000DFFB0028D0D000F58854284601F052F96B
:10E890002046BDE8F88F18F0100F0BD0FB070BD502
:10E8A00053464A463146284600F012FF0446ECE73C
:10E8B0000524EAE72124E8E70224E6E70724E7E75E
:10E8C0002DE9F04786B000259DF8389090F81CA0FF
:10E8D0000F9E057704460F469046B9F1000F09D008
:10E8E0000A4600964B46514600F067FE284606B0A1
:10E8F000BDE8F087BAF1080FADF8169026D145892A
:10E90000043DADB29D4232464FF002014FF0090086
:10E91000A8BF1D4600F0E2FD0222814605A930464F
:10E92000ADF8147005F0C4FD2A464146304605F0A6
:10E93000BFFD831C054689F8013031462046EDF7BE
:10E94000FBFDADF81650BDF81600D0E7BAF10A0F7E
:10E950000DF11602CDE9016200930CBF0B210D21D0
:10E960004346012200F04DFE1A28ECD1CDF800906C
:10E9700011233A4651462046ADF8169000F01DFE90
:10E98000E1E7F0B589B017460025012204460E469E
:10E990000393ADF8165001F0E6FA8DF81500002843
:10E9A00046D1304601F057F910B1304601F015FA62
:10E9B000304601F046FAB8B103A805F0B6FA204691
:10E9C000237F50F80C2BADF81A6092F870208DF868
:10E9D000182040F2025106AA8DF81C30ADF81E70C6
:10E9E00005F0D8F909B0F0BD0DF115030DF11602CF
:10E9F0003146204601F054FB9DF8153002465BB9C4
:10EA0000BDF81630BB4235BF0723DB1B8DF8153030
:10EA1000D21928BFADF81630039B01939DF815302D
:10EA200000933146BDF816302046FFF749FFD9E77D
:10EA30002A46F1E770B504460D46164601F00BF97B
:10EA400040B933462A46214601F058FB08B100F58B
:10EA5000885070BD41F20310FBE71FB550F80C4B16
:10EA6000ADF8061094F870408DF80820ADF80A3023
:10EA700001AA069B8DF8044040F20151039305F072
:10EA800089F910B906A805F050FA04B010BD1FB5F9
:10EA900050F80C4BADF8061094F870408DF8082033
:10EAA000ADF80A3001AABDF818308DF8044040F2E4
:10EAB0000451ADF80C3005F06DF904B010BDF0B59F
:10EAC00085B0122703920777022205460E4601F011
:10EAD0004AFA044668B103A805F027FA00232B7709
:10EAE00000230093324623461221284600F065FD9C
:10EAF0000FE0039A937903339371304601F0A1F943
:10EB000048B1039B00933A46234631462846FFF717
:10EB1000E7FD05B0F0BD42F6293001F0E2FBB0425E
:10EB200020D1039830B903A805F0FFF900232B7713
:10EB30000D24D5E705F07EFA80B20128F3D1039BBE
:10EB40009A7913442846197B01F0DFF8044603A89C
:10EB500005F0EBF900232B77002CC1D1284600F0FB
:10EB60006FFDD6E72246039B3146284601F0C6FAE0
:10EB70000446EFE72DE9FF410392042204460D46C7
:10EB800001F0F1F9074628B103A805F0CEF904B069
:10EB9000BDE8F081039A93794FF0520803339371E3
:10EBA000284684F81C8001F04CF9064640B1039BCE
:10EBB000009342463B4629462046FFF791FDE6E793
:10EBC00042F6293001F08DFBA842039B0BD19A79C4
:10EBD00013442046197B01F098F803A805F0A5F925
:10EBE00000232377D3E732462946204601F086FAF0
:10EBF000F6E72DE9FF418B790C330B440446B3F85B
:10EC00000170B3F8038038460E4601F002F900287F
:10EC100058D002223946204601F0A5F90546E8B948
:10EC2000384601F00EF968B116222277B379053320
:10EC3000B3713946009643462046FFF751FD04B0B4
:10EC4000BDE8F081F9F772FB33461B680135EDB280
:10EC5000002BFAD10635A8421DDC092504F1440039
:10EC600005F063F900962B463A461621204600F03F
:10EC7000A4FC092DE3D1204602AA50F80C3B93F8DE
:10EC800070308DF8083040F2055141F209130393BA
:10EC900005F080F8D3E70121304605F0D4FB0146AA
:10ECA0000028DAD004F1440005F026FAB3790533E0
:10ECB000B371424633463946204604B0BDE8F041C0
:10ECC00000F0CDBC0125C9E713B5044641B9443075
:10ECD00005F02BF9204602B0BDE8104000F0E9BC79
:10ECE0004369182213F00803027706D0002300932B
:10ECF0001946FFF7F5FC02B010BD1A46194602B0DE
:10ED0000BDE81040FFF706BD7FB5C58B04462DB3A7
:10ED100042F6052001F0E5FAA84207D1002120467D
:10ED200000F0D4FF636923F00103636140F20A41FC
:10ED3000204600F00EFF00260DF10E022946204667
:10ED4000ADF80E6001F0E0F8BDF80E200092034629
:10ED5000022229462046FFF79AFEE68304B070BDE2
:10ED60002DE9F0470E46BDF8209090461F46044618
:10ED700018B941F20110BDE8F087084601F049F8E2
:10ED80000028F6D06589033DADB24D4509D3CDF8D5
:10ED900020804B463A4631462046BDE8F047FFF713
:10EDA00020BD4920E7E72DE9F34105469846099F34
:10EDB0000C46164600F0B9FE2B7C012B24D02046D1
:10EDC00001F03FF810B32A7F0C2A21D84FF4A85342
:10EDD000D340DB071CD5002005F06CFAD0B19DF8BC
:10EDE0002030019000933246434621462846FFF7E3
:10EDF00067FD3FB90024284600F09CFE204602B083
:10EE0000BDE8F0813880F5E70724F4E72124F2E734
:10EE10000224F0E71A24EEE7F7B504461F460E4633
:10EE2000154600F082FE237C012B58D0237F182B3F
:10EE30002CD063691B0713D5217F16292DD008D844
:10EE4000122914D00225204600F074FE284603B093
:10EE5000F0BD18291AD05229F4D10023237713E0EA
:10EE6000304600F0EEFF0028E6D12125EBE7002335
:10EE7000237735B1009332462B46204600F09DFBA8
:10EE800002E0204600F0DCFB0025DCE72A463146A4
:10EE90002046FFF73FFC0546D5E700232377002DEA
:10EEA000E8D1BDF82430089A00950521172000F01C
:10EEB00039FB20B90095112332461221DDE700F01D
:10EEC000EEFA626942F00802626182790532034615
:10EED000827131463A46204600F0C1FBD4E707254F
:10EEE000B1E72DE9F041054688B042F6052001F072
:10EEF000F8F9064604A8EEF705FC102205F12101F9
:10EF00000DEB020004F08EFC50B10121284600F008
:10EF1000DDFE284601F097FA6B6923F001036B616F
:10EF200042F6030303A90220ADF80C30EEF7F8FC1B
:10EF3000012407464FF0000820463A464FF6FF717D
:10EF400001F094F9044610B908B0BDE8F08100F072
:10EF500060FF0134A4B20028EED0A64203D13146AE
:10EF60002846EBF7EDFA0DF10E0221462846ADF8E2
:10EF70000E8000F0C9FF03460028DDD0BDF80E204A
:10EF80000092214601222846FFF781FDD4E708B50B
:10EF9000EEF7A6FB0020EBF761FF002008BD10B9DB
:10EFA0000120ECF74FB870470220ECF741B8002081
:10EFB000ECF73EB838B50C460546E6F719F9437943
:10EFC000C47523F0030343F00303437109238371E2
:10EFD00004F10C03C371A0F81550153038BD2DE9AC
:10EFE000F3410D4616468046E6F702F905F10C039B
:10EFF000C3714379019023F0030343F0030343718A
:10F00000092383710446A0F8158000F115073046E6
:10F0100005F010F80544E57533463BB901A83146C3
:10F0200005F06AF8384602B0BDE8F0815A7922F05E
:10F03000030242F002025A711B68EEE708B5E6F7D8
:10F04000DDF883790C33184408BD08B5EBF748FFA9
:10F05000EFF738F8EBF760F9EEF708FABDE808408B
:10F06000FFF7A5BF10B50446ECF7E6F820B9204637
:10F07000BDE81040F9F754B82046F9F751F8FFF70A
:10F0800093FFF1E773B50E4605F0BDFA044610BBD9
:10F0900042F6072001F025F90546E0B1B6F9003047
:10F0A000002BCCBF0533053B4FF00A02CCBFB3FBAE
:10F0B000F2F393FBF2F35BB28DF8073001230DF10D
:10F0C00007020021184605F020FA002203462946CF
:10F0D000104601F013F8204602B070BD430803F05B
:10F0E0005503C01A00F03303C0F3850000F033006D
:10F0F000184400EB101000F00F00704710B5421DCF
:10F10000441E002114F8010FFFF7E8FF9442014468
:10F11000F8D1084610BD0E2070470E2070470E2013
:10F1200070470E2070470078EDF782BA13B50C4691
:10F130000DF107020DF10601EDF76AFB30B19DF804
:10F140000600031B5842584102B010BD0120FBE7E6
:10F150007047EDF7A1BE704708B5EEF769FD0020D6
:10F1600008BDEFF711B9ECF7E3BD02F009B802F002
:10F1700009B87047704770477047EAF761BE70473B
:10F18000704700207047704770477047F8B51368A4
:10F190001D0A04460F46164604350A46002104F0AF
:10F1A0006BFBEDB221222046394604F00CFE2046CE
:10F1B000294604F091FEA27933681444E360F8BD57
:10F1C00070477047704770477047704702464FF46A
:10F1D00082712020FFF768B908B5014600F03800B9
:10F1E000ECF708FF78B1D0E90132407810F0020F57
:10F1F00008BF1346C1F30741043B53F8040F10B195
:10F2000002788A42F9D108BD38B505460C4604B9E2
:10F2100038BD013C55F824301B69002BF7D09847C6
:10F22000F5E770477047F8B54378DB07054601D42A
:10F23000ECF722FF6B786F6823F00C0343F00203B6
:10F240006B70002657F826402CB905F10C012020E0
:10F25000F9F720F90FE0A3680136002BF2D09847A8
:10F2600004460028EED031463846FFF7CDFF6B78D4
:10F2700023F002036B702046F8BD4078C0F34000D5
:10F280007047437813F00E0F0CBF01200020704729
:10F2900010B5ECF75BFF0446ECF770FF204610BD9D
:10F2A0004FF48270704708B5ECF7A4FEC0680038D0
:10F2B00018BF012008BD08B5ECF79CFE20B1BDE8E1
:10F2C0000840C06804F062BE08BD38B5ECF792FE95
:10F2D000044650B1F9F7FDFE054604F10C0004F0B8
:10F2E00042FE04462846F9F7FAFE204638BD37B5F7
:10F2F0008379019003440446D86800F03800ECF7A5
:10F3000079FE054628B901A804F00FFE022003B0DB
:10F3100030BD204604F013FEF9F7DBFE01990446E8
:10F3200005F10C0004F0E8FE2046F9F7D8FEEAF7F4
:10F33000F5FB0020EBE72DE9F041044625021F46CE
:10F3400005F4E065C4F3072324F47F441D4324F04F
:10F35000C7048B79EE1944F0800444EA162436027F
:10F360000C33B6B23443CC50084601EB03081146C7
:10F37000FFF7BDFF20B94544EF704046BDE8F0817E
:10F380004FF00008F9E7427810B50432044601F066
:10F390000400D2B2002140F0290005F04CF818B169
:10F3A000837922680344DA6010BD10B50021FFF7AD
:10F3B000EAFF044608B9002010BD0179FFF797FF66
:10F3C0000028F8D1A3790C33E018F5E72DE9F041D6
:10F3D00017461A4603681C0204F4E064C3F30723CB
:10F3E0001C4301F0040141F02905043406463B4664
:10F3F0002146284605F089F8804650B1E1B204F074
:10F40000D4FD30683B462A464146BDE8F041FFF74F
:10F4100092BFBDE8F0812DE9F34101F0040141F014
:10F4200029050024076829460646106814600190E3
:10F4300004F085FD019804F0FDFD390201F4E0615E
:10F44000C7F30727394380460122043101A804F09D
:10F450006EFF30B101A804F068FD204602B0BDE89F
:10F46000F0810199306843462A46FFF764FFF5E7CB
:10F4700000207047A0F86E10704701238B4090F871
:10F480007110194380F87110704708B50120F8F722
:10F490006DFFC0B208BD83790C331844704714382F
:10F4A000704710B50446A1F1140004F0C3FD201A02
:10F4B00020EAE07080B210BD70B51C460D461646BD
:10F4C000FFF7EFFFA04207D322463146A5F1140013
:10F4D00004F0EEFF012070BD0020FCE770B5064689
:10F4E0000D4614467AB90A462046082104F0A3FFC7
:10F4F000044690B92A460821292004F09CFF0446BE
:10F5000058B9204670BD104604F00FFD204604F0A7
:10F51000C5FE08231D44A371E571A3790C331C4477
:10F520002670EEE72DE9F0411646069A0746884612
:10F530001D46FFF7D3FF0446F0B114382A46314682
:10F54000069004F0B5FF854217D9069B1C7906A8E2
:10F5500004F0200404F0E9FC74B942460821292093
:10F5600004F069FF2A463146069004F0A1FF854267
:10F5700006D906A804F0D9FC00242046BDE8F08195
:10F58000069A93790C33D418D754F6E711B114398D
:10F59000ECF7D2BF1A20704738B5002204460D465A
:10F5A00002200321FFF79AFF014608B1A0F801509D
:10F5B0002046BDE83840FFF7E9BFF8B504460F46DE
:10F5C00016460521069A01201D46FFF787FF0146D2
:10F5D00038B14770468005712046BDE8F840FFF716
:10F5E000D5BFF8BD38B50D46032104460846FFF7E0
:10F5F00075FFA0F8015001462046BDE83840FFF7EE
:10F60000C5BF73B5054608466C89089E1146641A45
:10F610001A46BDF81830A4B29C4228BF1C46079B6E
:10F6200000932346FFF77EFF014630B12846348021
:10F6300002B0BDE87040FFF7A9BF1A2002B070BD4C
:10F6400010B50121044600221320FFF747FF0146B1
:10F6500020B12046BDE81040FFF798BF10BDF7B5B8
:10F6600044890193054618460F46164604F0E2FC0D
:10F67000053CA4B2844203DA011B01A804F07CFD1E
:10F680000521019804F01AFE014628B901A804F0EA
:10F690004CFC1A2003B0F0BD83790C33C21817203C
:10F6A000C854A2F80170A2F803602846ECF744FFA2
:10F6B000F0E710B50121044600221920FFF70EFFE4
:10F6C000014620B12046BDE81040FFF75FBF10BDE6
:10F6D00073B54489033CA4B2A3420E464FF0000127
:10F6E000009105464FF0030128BF23461B20FFF77A
:10F6F00019FF014670B110F80F3CA0F8016001221B
:10F7000062F3071300F80F3C284602B0BDE87040D2
:10F71000FFF73CBF1A2002B070BD73B54489033CAB
:10F72000A4B2A3420E464FF00001009105464FF0EF
:10F73000030128BF23461D20FFF7F4FE014638B120
:10F74000A0F80160284602B0BDE87040FFF71EBF78
:10F750001A2002B070BD4B88042B07D1836C088837
:10F760005B8998428CBF00200120704700207047C1
:10F7700010B50446806920B10021ECF719FE002382
:10F78000A36110BD38B5A0224FF4A073C0E90723D0
:10F7900000250723044680F83130C581857110307B
:10F7A00004F0C3FB04F1140004F0BFFB2046FFF794
:10F7B000DFFF40F20113E3857F2384F83230A56236
:10F7C00065622046BDE83840FEF766BF07B50122F6
:10F7D0008DF807100DF1070104F06AFE03B05DF823
:10F7E00004FBF7B505464FF428500C4600F079FDB0
:10F7F000064600F00EFBB0B3022C02D8002003B086
:10F80000F0BD00270DF105030DF106023146384623
:10F81000ADF8067000F044FCBDF80620631E93426C
:10F8200006461EDC072C1AD9023CADF80640082417
:10F83000BDF80630002BE1D00133D9B22846FFF7DE
:10F84000C5FF21462846FFF7C1FFBDF80620314617
:10F85000284604F02DFEBDF806000230CFE7ADF8D3
:10F8600006700924E4E74FF0FF30C8E702292DE9CC
:10F87000F34104460D461746184603D8002002B04F
:10F88000BDE8F08100F02DFD064600F0C2FA002828
:10F89000F4D04FF000080DF105030DF106023146DA
:10F8A0004046ADF8068000F0FBFBBDF80630BDF821
:10F8B0002020934228BF13460646AB429DF8050020
:10F8C00028BF2B46ADF80630C0B9002BD7D0013386
:10F8D0009AB29542D3D9D9B22046FFF777FF39467D
:10F8E0002046FFF773FFBDF806203146204604F09E
:10F8F000DFFDBDF806000230C0B2C0E74046BEE7FB
:10F9000038B50446ECF7C6FE38B1022905D82046C2
:10F910000022BDE83840EDF74BB8212038BD91F802
:10F9200039305B0773B506460C4615462DD408469C
:10F93000ECF74EFE6B1E042B16D8032D14D0A379C2
:10F94000142B24D0A3697BB90093ADF804308DF853
:10F950000630EAF775FD6946ECF7A0FC18B91A25E0
:10F96000284602B070BDA061636AE57343F01603D8
:10F970006362EAF70BFD3046ECF770FF054600289E
:10F98000EED02046FFF7F4FEEAE70225E8E721255E
:10F99000E6E7002337B580F8723040F6FF73A0F831
:10F9A0006E308368C160DA0404460D4610D443F417
:10F9B0008063A3606A4640F203212046CDE90045FA
:10F9C00004F0E8F900212046ECF7F2FC03B030BD6A
:10F9D00090F87600EDF748F9A36823F48053E8E740
:10F9E00073B56E4604464A7930460D460631EAF74D
:10F9F0006DFD96E80300A4F85010090C11F0800F7B
:10FA0000E06484F8521004F1530312D0012205F18E
:10FA100012011846EAF75AFD0C352846FFF76EFB2F
:10FA200028B10122294604F15A00EAF74FFD02B03D
:10FA300070BDB4F8501094F85220C4F85300998067
:10FA40009A71E9E71FB590F87420019002F0010364
:10FA500004468DF808300BB102F002038DF809302E
:10FA6000204694F875308DF80A30039101F0E2FBDE
:10FA700001AA4FF40171204604F08CF92046ECF7FE
:10FA800023FD04B010BDECF76BBCFFF7FEBC0A46CB
:10FA90000021EEF7E1B813220121EEF7DDB882680C
:10FAA00038B5C2F380320446B0F86E000D46EEF76A
:10FAB00079F920B9A3681DB143F40053A36038BDA0
:10FAC00023F40053FAE783791A0705D413F0100FD3
:10FAD0000CBFFF20012070470020704700207047B6
:10FAE00010B5044660B1806C50B1EDF7D3FCA06C4A
:10FAF0000028FAD120460321BDE81040ECF758BC9D
:10FB000010BD43898B4207B50CD050F80C2BADF8D3
:10FB1000063092F870208DF8042040F2014101AACD
:10FB200004F038F903B05DF804FB436943F00403C3
:10FB300043617047436923F00403436170474069A0
:10FB4000C0F380007047006847F230530022F8F796
:10FB5000ADBA006804F0BBB838B543699B070446EA
:10FB60000D4603D540F20941FFF7F3FFECF702FD24
:10FB700008B1A3691D70204640F20941BDE8384034
:10FB8000FFF7E1BF07B5027C012A09D00122027408
:10FB900040F20942914206D040F20A4291420ED010
:10FBA00003B05DF804FB50F80C3B93F870308DF80F
:10FBB000043001AA4FF4816104F0ECF8F0E750F84A
:10FBC0000C3B93F870308DF8043001AAF4E738B597
:10FBD00022F000430D46114640F2032293420446B0
:10FBE0001AD0B3F5017F09D240F20122934213D01B
:10FBF00040F20222934209D0002038BD6FF48162A6
:10FC00001344012BF8D8FFF7BDFFF5E700F022F908
:10FC10002046FFF766F9EFE763699B0704D540F2DA
:10FC200009412046FFF795FF2846FFF759FFE3E714
:10FC300008B5ECF77FFB00B1806C08BD08B500B1DA
:10FC40000068ECF785FB08B9034602E0836C002BE3
:10FC5000F7D0184608BD10B5044642F62A3000F029
:10FC600040FB031B5842584110BD022806D10888AA
:10FC700042F62A33C31A5842584170470020704751
:10FC800010B5044642F6293000F02BFB031B584206
:10FC9000584110BD90F8200000F0010070471FB5DA
:10FCA00004466846EDF72EFD1022694604F1210056
:10FCB00003F0B8FDB0FA80F0400904B010BD08B5FB
:10FCC000FFF7EDFFB0FA80F0400908BD70B50446BB
:10FCD00000F1210591B92846EDF714FD236893F949
:10FCE0007500FEF7BFFC78B120682B4690F97500CF
:10FCF000BDE8704010220D21FEF76EBC10220021DD
:10FD0000284603F0B9FDE9E770BD38B590F820202A
:10FD10000446002341FA03F0C50703D442FA03F076
:10FD2000C0071ED40133082BF4D101F0010523686C
:10FD30002A4384F8202093F97500FEF793FC40B124
:10FD40002346012253F8200B0C2190F97500FEF791
:10FD500043FC0DB9002038BD00212046FFF7B6FF57
:10FD6000F8E71320F7E768B13F290AD800EBA100B4
:10FD700001F0030190F831004900084100F0030050
:10FD800070470020704710B50368044693F975006A
:10FD9000431C0DD0FEF766FC50B12346102253F8E9
:10FDA000310BBDE8104090F975000B21FEF714BC33
:10FDB00010BD10B590F87430DB0706D490F975309B
:10FDC000013314BF0F20052010BD847CEEF7A4FA88
:10FDD000844234BF0C200020F6E730B585B00446DD
:10FDE0006846EDF78FFC1021684604F0A3FB20461F
:10FDF000EDF760FEC2686B46063204AD1C4603CCCC
:10FE0000AC4210605160234602F10802F6D105B001
:10FE100030BD08B5EDF74EFE08B1EDF71FFEC0B2DC
:10FE200008BD013810B580B2EDF744FE044608B9AC
:10FE3000002010BD408800F07FFB0028F8D0207B18
:10FE4000F7E708B5EDF736FE18B1007AC31F584240
:10FE5000584108BD70B50546044655F8213B93F955
:10FE60007500431C04D12846BDE87040EDF74ABC3C
:10FE7000FEF7F8FB0028F6D02346102253F8310B8A
:10FE80000B2190F97500FEF7D5FB2346012253F8AC
:10FE9000200B0C2190F97500FEF7CCFB20682B4657
:10FEA00090F97500BDE8704010220D21FEF7C2BB2D
:10FEB00001302DE9F04185B228460E46EDF7FAFDF6
:10FEC00042F60217044642F603089CB12046EDF7BD
:10FED000C5FD78B1204600F03EFBB84205D10EB119
:10FEE00023883380607BBDE8F081204600F033FB3F
:10FEF000404502D14FF0FF30F5E70135ADB228465D
:10FF0000EDF7D8FD0446E0E72DE9F04707460E4639
:10FF100090460D4642F6021942F6030A0135ADB28B
:10FF20002846EDF7C7FD044678B1EDF797FD60B1BF
:10FF3000204600F010FB484505D1237A072B04D159
:10FF40000320BDE8F0875045E8D141463046FFF731
:10FF5000AFFF431C014604D03846BDE8F047FFF729
:10FF600002BF0020EDE770B5054608461646EDF7DE
:10FF7000A1FD044608B9012070BDEDF76FFD002812
:10FF8000F9D0F00713D4B10734D4720702D5A3888F
:10FF90005B0732D516F0060F31D116F40060EBD0B6
:10FFA000A38813F4006F14BF00200620E4E7A388A1
:10FFB000DA0743D513F0700F0AD1980610D458060B
:10FFC000E1D52B6893F975300133DCD10820D3E7F4
:10FFD0002868FFF7EEFEA388990608D50028CBD144
:10FFE0002A6892F874209207E9D40520C4E7002813
:10FFF000C2D1E4E7A3889907C7D40320BCE7A3884C
:020000023000CC
:1000000013F4E06F09D198050FD45B05C5D52B68B3
:1000100093F975300133C0D1D8E72868FFF7C9FEDE
:10002000A388990507D50028A6D12A6892F87420DC
:100030009207EAD4D9E700289ED1E6E702209BE7A1
:1000400038B504460846EDF735FD054608B90120E8
:1000500038BDEDF703FD0028F9D0AB8813F4E04F6D
:100060000CD1980412D413F48040F1D0236893F992
:100070007500431C58425841C000E9E72068FFF76B
:1000800098FEAB88990408D50028E1D1226892F83F
:1000900074209207E7D40520DAE70028D8D1E2E7F8
:1000A0002DE9F0474FF0000983F800900446A2F8CC
:1000B00000900846884616461D46EDF7FBFC0746AD
:1000C00020B901232B700020BDE8F08774B1EDF753
:1000D000C5FC0028F5D04046FFF7D2FD30B1012322
:1000E00085F8009004F120003380EDE72B4632467E
:1000F00039462046BDE8F047EDF790BA2DE9FF41BB
:1001000007460846884616460393EDF7D3FC044697
:1001100038B903A803F009FF0125284604B0BDE85B
:10012000F0811FB1EDF79AFC0028F2D0237A072B5B
:1001300005D8DFE803F017262F381C17172126BB38
:100140000398002835D13246257A022D62D0032D3E
:1001500064D0012D3BD0002F7FD1002503A803F0F0
:10016000E4FEDAE703A803F0E0FE0325D5E703A8E1
:1001700003F0DBFE0625D0E703A803F0D6FE8025BA
:10018000CBE7E3685D88B54209DA03A803F0CDFE4A
:100190000725C2E7E3689A88B242F6D35D880398E0
:1001A00040B9024609E0022EEFDC039868B9024626
:1001B000CAE7354603F03EFF82B29319AB42C3DD76
:1001C00003A803F0B2FE0D25A7E70225F2E7E068D9
:1001D000039906300023304403F09DFE002FBCD06D
:1001E000237A032B39D103A803F09FFE0021204678
:1001F000EDF71AFC68B30588617B3846FFF7B3FD5D
:1002000001220346CDF8008029463846FEF73FFC20
:10021000002582E7E068B3188380D9E7039B9A79C9
:10022000D979891AC9B2481E012810D81344022965
:100230001A7B04BF5B7B42EA0322237B32EA03037F
:100240008CD1617B01233846EDF7BEF9C6E70D2559
:1002500084E708F1FF35ADB2CEE7039B00933A7F08
:10026000334641463846FEF7F8FBD1E7884270B581
:1002700004460D46164611D8012838BF01242046F1
:10028000EDF718FC10B14388B34208D00134A4B292
:100290002046EDF7F3FB08B1A542F0D2002420463A
:1002A00070BD70B50C4616461D460146B8B1B3B1D7
:1002B000022C01D0102C12D1E0B2EDF731FB4FF639
:1002C000FF718842024602D141F20A1070BD3046E9
:1002D000FFF7CCFF0028F7D028800020F6E7212088
:1002E000F4E707B50023ADF80400ADF806300122AD
:1002F0000DF10603022101A8FFF7D3FFBDF80600A8
:1003000003B05DF804FBF8B5441C0F461646A4B2D2
:100310002046EDF7CFFB10B9013CA0B2F8BD00F0CC
:100320001AF90546304600F0F2F820B1284600F0F0
:10033000EEF80028F0D1304600F0E2F820B128466F
:1003400000F0DEF80028E7D10134A4B22046EDF732
:1003500095FB08B1BC42DBD94FF6FF70DEE72DE913
:10036000F04F87B00D460C8881469A4602208B8854
:10037000ADF8103004A99046EDF7D2FAAB680090C2
:10038000A888AF89059300F0BBF838B1102F05D1CC
:1003900005A8EDF7ABFA022808BF02274FF6FF7B4E
:1003A00033E0009A2046FFF761FF064680B3AA8833
:1003B0006988FFF7A8FF04463046FFF72AFD00B31F
:1003C0000DF10F030DF1120231464846FFF768FEAA
:1003D0009DF80F302BB1A8F80060184607B0BDE8B3
:1003E000F08FBDF81220BA420BD1059901933A461D
:1003F00003F018FA019B20B9A8F80060AAF80040A1
:10040000EBE75C4504D00134A4B26988A142C8D8A6
:100410000A23E2E708B5EDF74DFBBDE8084000F020
:100420009AB838B505460846EDF744FB044610B9BE
:100430004FF6FF7038BD0DB96088FBE7EDF70EFB96
:100440000028F9D1F4E770B5044642F60520FFF71D
:1004500048FFB0B10021FFF72BFD054601462046BD
:10046000FFF781FC10220646002104F1310003F061
:1004700003FA3246294620460023BDE87040EDF7D6
:10048000A3B870BD7FB504460D4610220021684612
:1004900003F0F2F90026AB575A1C1BD03146204618
:1004A000FFF761FC002B194604AAB8BFD91C02EB68
:1004B000A10100F00302584200F0030003F003031F
:1004C00058BF43425B0002FA03F311F8102C1343A8
:1004D00001F8103C0136402EDDD16B4604F13105A8
:1004E00004AE1A4603CAB24228606960134605F199
:1004F0000805F6D1204604B0BDE87040FFF743BCC4
:10050000A0F5205001288CBF00200120704742F642
:100510000303C31A58425841704708B5030409D46D
:10052000EDF7CAF9A0F5205080B201288CBF002059
:10053000012008BD0020FCE7020408B507D4EDF750
:10054000BBF942F60303C31A5842584108BD0020C4
:10055000FCE7C00B704703464088B3F90230002B1C
:1005600001DBEDF7A9B90020704708B5FFF7F3FFED
:10057000A0F5205080B201288CBF0020012008BDCA
:1005800010B504468069143003F0CFFCA069BDE8C3
:100590001040183003F0C9BC2DE9F04105460F4664
:1005A00014461E46FFF7ECFF23463A46082100207A
:1005B000D5F8188003F0A9FFAA69C8F81400536998
:1005C00023B1548116820020BDE8F0811A20FBE798
:1005D00070B50446084603F02DFDA1698A894D894E
:1005E00086B212B1521B96420CDA6389581E80B251
:1005F00025B90A78082A04BF043B98B2831B5842E5
:10060000584170BD0020FCE730B504468DB054F869
:100610000C0B9DF8405090F870008DF8040042EAF1
:100620000142029219462A4603A8079503F02FF9C2
:1006300001AA40F20241204603F0ACFB0DB030BDF0
:1006400010B550F80C4B86B094F87040ADF80E1011
:10065000ADF8102040F2064103AA01938DF80C403A
:10066000059303F097FB10B901A803F05EFC06B0F8
:1006700010BD37B504460D46FFF782FF204640F215
:100680000941FFF766FAA369204600221A7050F864
:100690000C3B019593F870308DF800306A4640F2BB
:1006A000074103F077FB03B030BD13B50191002182
:1006B000044602F09BFA042200230DEB02012046BF
:1006C000FFF76AFF02B010BDF0B5044685B00F46D3
:1006D0001E46154652B983691B78072B30D0082B6C
:1006E00014BF15460925002E18BF0D250A9803F0E2
:1006F000A1FCA3699A894AB15B8981B2D21A91425D
:1007000004DD92B2891A0AA803F036FD204601AA38
:1007100050F80C3BADF8067093F870308DF804304B
:1007200040F205410A9B8DF80850ADF80A6003932A
:1007300003F030FB10B90AA803F0F7FB05B0F0BDD9
:100740000B25D0E7B0F80AC0ACF1020C9C452DE9AE
:10075000F04105460E4617461C4603DDBDE8F04154
:1007600002F0EFB983692246198100233946FFF769
:1007700013FF044658B9AB6902460E33314628468A
:1007800002F0FAF9044610B12846FFF7F9FE2046B8
:10079000BDE8F0812DE9F0438FB0202A0546039192
:1007A00017461C460BD941F2041421462846FFF790
:1007B00060FF03A803F0B9FB0FB0BDE8F083002B86
:1007C00046D10846A2F1060803F034FC5FFA88F827
:1007D0001FFA80F94FF6FF764C4510D3AB69DA88E3
:1007E000B24239D942F60203ADF81430711C02232B
:1007F000009389B205AB284602F04CF925E0234668
:100800003A46039906A803F086FBAB69BDF8186069
:100810009A88B242C7D8DA88B242C4D3BDF81A1057
:10082000BDF81C20B8F1000F09D0CDF800800DF103
:100830001E0328463C44FFF7E7FEA4B2CCE79E80A7
:1008400019815A81284602F03EF904460028B0D0AA
:1008500041F20A139C42A8D10024A6E72DE9F047F3
:1008600096B01C46836901921B78062B064603D07E
:10087000102B60D001A81CE001291046039214BF80
:100880004FF010084FF00208002C4CD103F0D2FBBF
:1008900008F1020987B24FF6FF75A7420ED8B36977
:1008A000DA88AA4237D8002421463046FFF7E1FE15
:1008B00003A803F03AFB16B0BDE8F08723464A468A
:1008C000039904A803F027FBB369BDF810509A8878
:1008D000AA422DD8DB88AB422AD39DF81330282BAF
:1008E000E1D0B24642465AF80C3B0DF1120193F8A2
:1008F00070308DF830300DA8ADF83250CDF844800E
:100900004C4402F0C4FF0CAA40F20441504603F0EC
:1009100041FAA4B2C1E7691C89B2304602F08AF8F4
:1009200004460028C4D041F20A139C42BBD0BBE766
:1009300041F20414B8E701291046049214BF1227AB
:10094000042784BB03F076FB42F6021885B24FF60B
:10095000FF71A5420DD8B369DB888B4221D90131E3
:100960004FF6FF7289B2304602F064F80446A0B137
:1009700019E0049923463A460CA803F0CCFABDF8D6
:100980003220BDF830109DF83330424507D1B269AE
:1009900002230A323046FFF7D5FE04A889E7282B48
:1009A00006D141F20A1421463046FFF762FEF4E711
:1009B0003C44A4B2CDE7F0B587B0836903911B78BE
:1009C000022B0546144653D108460491002A47D10C
:1009D00003F030FB4FF6FF7687B2A7420DD8A86927
:1009E000C288B2422BD8002421462846FFF741FE98
:1009F00004A803F09AFA07B0F0BD04990422234634
:100A000005A803F088FAAA69BDF814109088BDF80B
:100A10001660814229D3D388994226D8864224D3AE
:100A20009E4222D85069927A837900920C33034413
:100A3000324628460434FFF7E7FDA4B2CDE7436908
:100A40004089019098790C300344711C009389B25D
:100A50004FF42053284602F001F804460028C7D07E
:100A600041F20A139C42BFD1BDE741F20414BBE737
:100A700003A8BEE7F0B587B00546039117461C46AC
:100A800053B9FFF7A5FD38B1039901232246284643
:100A900000F084F807B0F0BDA9690B78082B05D8E1
:100AA000062B44D8032B0FD003A83DE00E2BFBD11F
:100AB000039B0593002C6DD1002B6BD00989224636
:100AC0002846FFF7BDFD59E00398059018B3ECB92F
:100AD00083794A8909890C331026034400962846F5
:100AE000FFF792FDAB699988DA88914217D242F6F6
:100AF0000203ADF8103001310223009389B20DEBEF
:100B00000603284601F0C6FF044660B141F20A130D
:100B10009C4204D101E0002CF8D141F21F0421468F
:100B20002846FFF7A6FD05A803F0FFF9B2E70398F2
:100B300005907CBB70B303F07DFA0FB386B2B74269
:100B40001ED2394605A803F052FC38B905A803F0B7
:100B5000ECF91A212846FFF78CFD9BE78379C21830
:100B6000023391898371AB69F61B5B890090002287
:100B70002846B6B2FFF7A8FDB742E2D92146E9E719
:100B8000AA6953891189059A009228460022FFF725
:100B90009BFDF3E705A803F0C8F9EFE7F0B585B0D2
:100BA000064603911F46144632BB084603F042FA3C
:100BB000054608B3B1690B784A89082B0BD8062B78
:100BC0000BD9039B09890093304613462246FFF751
:100BD0007BFD039401E00E2B19D0B1694B89EA1813
:100BE00092B2B2F5007F4A8117D82FB109893046F9
:100BF00001F07AFF044628B1002223461146304610
:100C0000FFF738FF03A803F090F905B0F0BD039B90
:100C100009893046FFF714FDDBE741F20414EBE7E6
:100C200073B5836901911B78082B044615460ED8CD
:100C3000062B0ED9019E20463146FFF7C9FC2A46F5
:100C4000034631462046FFF7A9FF02B070BD0E2BC8
:100C5000F0D001A803F069F9F7E730B587B08369F0
:100C600003911B78092B0546144611D105915AB9F9
:100C70000091134621460F22FFF726FD2146284604
:100C8000FFF7F7FC07B030BD05A803F04EF9F5E714
:100C900003A803F04AF9F5E72DE9F04F9FB0876903
:100CA00003913F78052F054616461C4604D8032FAE
:100CB00016D810D003A867E0082FFBD1084613917F
:100CC000002B00F0C28013A803F02FF9214628461C
:100CD000FFF7CFFC01E0FFF75DFD1FB0BDE8F08F2F
:100CE000202A0846049148D8002B40F0A880571FBE
:100CF00003F0A0F9FFB21FFA80FA4FF6FF780DF16A
:100D00001C0BA24506D8AB69DA88424500F2878001
:100D1000002434E02346324604990BA803F0FBF884
:100D2000AB69BDF82C809A88424526D8DA884245BE
:100D300023D35969F1B9A946BDF82F2059F80C1BE6
:100D40009DF82E3091F870108DF84C10ADF84E20B3
:100D50000DF131013A4615A88DF85030199702F07F
:100D600096FD13AA40F20341484603F013F83444B9
:100D7000A4B2C6E75A89102A09D941F204142146BF
:100D80002846FFF776FC04A803F0CFF8A5E7002378
:100D9000584603F0C0F8AB690DF13101102FCDE9D1
:100DA000051B93F80A902BD1B9F1020F34D105A895
:100DB000ECF79CFD0228DAD14A46DDE9051002F085
:100DC00031FD0028D3D12B46BDF82F1053F80C0B62
:100DD0009DF82E2090F870008DF84C00ADF84E1064
:100DE0008DF8502059464A4615A80293CDF86490D4
:100DF00002F04DFD029B13AA40F203411846B4E7EE
:100E0000022F09D1B9F1100F06D106A8ECF76EFD3B
:100E10000228ACD13A46D0E73A465846CFE742F6E8
:100E20000303ADF84C3008F101010223009389B2AD
:100E300013AB284601F02EFE04460028A3D041F251
:100E40000A139C423FF464AF99E759B90021AA699B
:100E50000023938153811181139932462846FFF76D
:100E600009FE3AE703F0E6F816B180B28642EDD10A
:100E7000139A9379D118023389899371E7E72DE9A1
:100E8000F0438FB01C46836903911B78012B054604
:100E900017465BD10846059103F0CCF8202F0BD9FB
:100EA00041F2041421462846FFF7E3FB05A803F0AE
:100EB0003CF80FB0BDE8F083002C42D1059803F058
:100EC000B9F8A7F104081FFA88F81FFA80F94FF65D
:100ED000FF765FFA88F8A14505D8AB69DA88B24297
:100EE00020D80024DEE7059923463A4606A803F0F9
:100EF00012F8AB69BDF818109A88BDF81A609142D3
:100F0000CED3DB889942CBD89642C9D39E42C7D86C
:100F1000CDF8008007AB324628463C44FFF774FB0F
:100F2000A4B2D8E74FF42053ADF81030711C02235F
:100F3000009389B204AB284601F0EAFD044600287C
:100F4000B4D041F20A139C42CBD0ABE703A8AEE782
:100F500083691B780A2B02D00F3B012B01D8FFF7C6
:100F600088BB7047F0B585B01746019383690A9E28
:100F70001A780A3A0446072A42D8DFE802F0044108
:100F80003041410441290198039003F053F885B2A0
:100F900003A802F0CAFF26B131462046FFF785FBC1
:100FA0000FE0A1697A194B8992B293420BD90A8258
:100FB00001F10E032046098901F0DEFD01460028FB
:100FC000EBD105B0F0BD0121204601F00FFEF5E7A1
:100FD0002EB91A8A0198BA420BD04FF48166019B50
:100FE000039303A802F0A1FF31462046FFF741FB1F
:100FF000E7E7DA89596903F028F80028EDD1EEE730
:1010000001A802F092FFDCE738B5826913780D2B56
:1010100004460D4612D00F2B01D00A2B12D1536972
:1010200033B199790B4402F11400DD6802F07DFFC1
:1010300029462046BDE83840FFF78ABFBDE8384062
:10104000FFF717BB38BD07B5002300921B22FFF73F
:101050003BFB03B05DF804FB07B583695980009240
:1010600000231D22FFF730FB03B05DF804FB4B8823
:10107000052B05D108880E288CBF00200120704761
:1010800000207047F8B505460F46164604210A228F
:10109000002003F0D0F90246B8B184790C3403196A
:1010A000052100204FF0060CD870997002F804C09A
:1010B00013241C715F7102245870D8719C711E81B9
:1010C0002846BDE8F840EAF735B8F8BD73B50546DF
:1010D000104601920C4602F0ADFF042186B2019841
:1010E00003F0ECF8024628B901A802F01EFF1A200E
:1010F00002B070BD837901900C33C1184C80C65288
:1011000021462846EAF716F80020F1E72DE9F041DC
:1011100006468846174604210A22002003F08BF970
:101120000246B8B185790C35431900240521062003
:101130009970DC70505501201871022098715C7014
:10114000304683F80580DC711F81E9F7F3FF204604
:10115000BDE8F0811A20FBE70020704700207047AF
:1011600007B501A8019202F0E0FE03B05DF804FBB0
:101170007047002070470F2070470F20704770475E
:10118000EDF7F4BAEDF7FCBA10B588B0EBF7D2F88A
:10119000044600284AD090F87200022848D1A3687B
:1011A00013F4407F2AD094F87320012A32D194F9A5
:1011B0007500421C01D1D9052CD594F8743013F078
:1011C000010327D1CDE90133CDE90433CDE906335D
:1011D000ADF80C30FDF746FAA36888B9DA0519D5E1
:1011E000A06AE16A228E01AB03C31A80BDF8042015
:1011F00004AB0DF106012046ECF7A4FD08B010BDCC
:10120000DB05EDD494F9750001AB0A220221FDF74C
:1012100011FAEBE7002345F217021946204600F0C9
:10122000ECF9B0FA80F040094000E7E72120E5E75B
:101230000220E3E738B545F21B020C460B460021BD
:10124000054600F0DAF930B92CB121462846BDE850
:101250003840EDF7EDB838BD00F036BA01F0C6BB46
:1012600001F0CFBB10B504464C30FDF7DCF984F833
:1012700075002046BDE8104001F093BB10B5044650
:10128000FDF7A8F902280DD194F8733094F9700095
:10129000012B14BF0521032184F83210BDE8104052
:1012A00001F0C7BBA36843F40073A36010BD00F056
:1012B000C6B938B503783E2B04460D4604D1837871
:1012C000052B02D0ED2B0FD038BDB0F80300EBF7A3
:1012D00023F820B1B4F80D10621D00F050FA284632
:1012E000BDE8384002F021BEB0F80300EBF714F877
:1012F0000028F4D0B4F80D1004F10F03621D00F0C3
:10130000F8FAECE72DE9F04188B06B4614460D463B
:10131000024600F1100C1E46106851681F4603C7B4
:10132000083262453B46F7D11021304603F002F9FE
:1013300004AB224604F110079846106851681C4619
:1013400003C40832BA422346F7D11021404603F0C5
:10135000F1F81020F6F7D0FF0746F8F7C3F880221F
:1013600041463846F8F7C8F8044610BB2B463246CB
:1013700001213846F8F72CF90446D0B91021284647
:1013800003F0D8F81021304603F0E2F83846F8F7B9
:10139000ADF84046102103F0DBF83046102103F091
:1013A000D7F839461020F6F7C9FF204608B0BDE847
:1013B000F081214640F20740EDF758F8E2E708B522
:1013C0001046F7F72FFA003818BF012008BDF7B50F
:1013D00004460D4616461F460220E1F72DFC214625
:1013E000CDE900672B468022DFF704F8044620B1E0
:1013F000014640F20740EDF739F8204603B0F0BD52
:1014000010B545F21A01044602F061FC204647F28D
:101410003053BDE81040002245F21A01F6F746BEEF
:1014200010B50A4604460821002003F004F810B164
:10143000837903441C7310BD38B505460C460D2056
:101440001121FFF7EDFF024688B18379034421465D
:101450000D3304F1100051F8044B43F8044B814262
:10146000F9D128460621BDE83840FFF72FBE38BD28
:1014700038B505460C4604201121FFF7D1FF02467E
:1014800088B18379034421460D3304F1100051F8EB
:10149000044B43F8044B8142F9D128460621BDE8AC
:1014A0003840FFF713BE38BD38B505460C4603205B
:1014B0001121FFF7B5FF024688B183790344214625
:1014C0000D3304F1100051F8044B43F8044B8142F2
:1014D000F9D128460621BDE83840FFF7F7BD38BDF1
:1014E00037B5002205460821104602F0A4FF044645
:1014F000C0B10C2301220DF107018DF8073002F075
:10150000D7FF296C20225131204602F0D1FF296CEF
:1015100020227131204602F0CBFF224606212846C8
:10152000FFF7D4FD03B030BD10B50446006C30B9F0
:101530004FF4BE7003F048F8206420B910BD4FF49A
:10154000BE7103F005F8226CFF2382F87A31A3689C
:101550001B0603D5C02313700120EFE794F8733006
:10156000012B14BF80234023F5E708B5D0B2EAF77A
:10157000E1FE28B190F8773003F07F0380F87730F0
:10158000012008BD036C4BB983681B0608D490F892
:101590007330012B14BF80204020704718787047AB
:1015A000C020704770B50446FFF7ECFFEDF77AF8FE
:1015B0000D460346002245F2010120469847236C60
:1015C00003B11D702846EDF76DF84FF4A0410346B6
:1015D00000222046BDE87040184770B51546044605
:1015E00048B1FFF7CFFFEDF75DF82A4603462046E6
:1015F000BDE870401847022070BD114608B51A4674
:1016000021F00041FFF7E9FFB0FA80F0400908BD82
:1016100008B50B4601461846F7F704F9003818BF1D
:10162000012008BD10B50446006838B11A2102F047
:101630008FFF2068F7F772F80023236010BD10B504
:101640000446ECF79DFF04F13400FFF7EBFFA368BD
:101650005A0606D523F04003A36000212046E9F78F
:1016600037FD206C38B1042102F072FF206CF7F7CF
:1016700055F80023236410BDFF2838B50C461546E5
:101680000BD00B461022062140B2FCF7D3FF1028E6
:1016900015D1002005B1286038BD0A463720102139
:1016A000E8F722FB0028F4D010212046FFF7B0FF16
:1016B00038B9224610213720E8F7F8FAEAE7212066
:1016C000E8E740F20740E5E730B58DB00D4600226F
:1016D00008A9FFF7D1FF044648BB01460D220DF1D2
:1016E000030002F0C9F8B5F803206B79ADF80020CB
:1016F00004A908AA68468DF80230FFF703FE40F2FD
:101700000343BDF810202A80002818BF1C469DF80E
:101710001230AB701021684602F01AFF10210DEB59
:10172000010002F015FF102108A802F011FF204669
:101730000DB030BD38B50446C51C03212846FFF75F
:1017400067FFC8B9E27863797AB922791A43F4D08D
:1017500003F07F0343F0400363715323A3712146D9
:10176000FF20BDE83840FFF7AFBFFF2AF0D1227954
:101770001A40FF2AE1D0EBE740F2074038BD0021D4
:10178000E9F7A6BCF0B583685E0689B0044655D576
:1017900023F040038360FFF7F5FE802801D0402846
:1017A0006ED194F97560751C04F134071CD1FCF7F7
:1017B00011FF02284ED0636B1A888DF810201A464C
:1017C000042032F8021B090A8DF81110D3F80230F8
:1017D000CDF812305368CDF816300A2204A9E8F784
:1017E00035FB0646701C35D0A368D90532D4204697
:1017F000FFF7C8FE802876B222D06B461022032164
:101800003046FCF717FF0546102D56D1606B04A932
:101810006A460A30FFF776FD29460646684602F01A
:1018200097FE002E49D104A92046E9F751FC29462C
:1018300004A802F08DFE3846FFF7F4FE09B0F0BDB3
:101840006B46102205213046FCF7F4FE05460028C1
:10185000D3D0D9E794F87430DA0702D4A368DB0553
:101860002BD5606B04F1180204A90A30FFF74AFD7A
:1018700004A92046E9F72CFC10210DEB0100D8E764
:10188000636B1A88CAB9882801D04B2815D1591C16
:10189000002211F8010F80B90132082AF9D1226C17
:1018A00004A902F5A67203F10A00FFF72BFDA0B10F
:1018B00010210DEB010002F04BFE204641F2060123
:1018C000ECF7B6FD20460021E9F702FC04F13400F4
:1018D00009B0BDE8F040FFF7A5BE04A92046E9F72E
:1018E000F7FB10210DEB010002F032FE04F1340091
:1018F000A2E7F8B51D4683685B0604460F46164608
:101900002DD41A2002F060FE0146606320B9204603
:10191000BDE8F840E9F7DCBB034605F1100123F808
:10192000027B3268C0F8022072685A60636B2A46F4
:101930000A3352F8040B43F8040B8A42F9D1102100
:10194000284602F005FEA36843F0400213F4407FEE
:10195000A26004D02046BDE8F840FFF713BFF8BDF1
:1019600038B504460D4605200221FFF759FD024611
:10197000B8B18379034406215D732046FFF7A6FBC7
:1019800045F490512046ECF753FD94F87330012B49
:10199000204618BF8021BDE8384008BF4021FFF72E
:1019A00001BE38BDB1F5A04F70B504460D461646D0
:1019B0000AD045F20603994218D0324629462046FD
:1019C000BDE87040ECF7CEBF836843F080038360CE
:1019D00090F87330012B14BF80204020ECF762FE9A
:1019E000002203462046BDE870401847937913440F
:1019F000597C41F49051ECF71BFDDEE72DE9F041F5
:101A000096B015461D9F05AA1C4606460B4601F1D9
:101A1000200E9046186859689446ACE803000833D5
:101A200073456246F6D12021404602F083FD0DAB9E
:101A30002A4605F1200E9C46106851681D4603C5D4
:101A4000083272452B46F7D12021604602F072FD24
:101A5000AEB3336C93F87931013B022B2FD89DF84C
:101A6000703043F0800301AA8DF8543004F1100C5B
:101A70002346154618685968144603C4083363455D
:101A80002246F7D11021284602F054FD3B46412260
:101A900041462846FFF79BFC10210446284602F0E9
:101AA00057FD4121404602F053FD54B11EB10821BB
:101AB0003046FFF755FF204616B0BDE8F081002301
:101AC000D1E71021384602F035FD002EF3D0224632
:101AD00045F211013046FFF780FDECE72DE9F347B1
:101AE00090F87380056CB8F1010F044604D195F8A5
:101AF0006C31002B40F04E8195F8783195F86D915E
:101B0000032B00F2E880DFE803F0027EA6CB19F099
:101B1000010F73D011210620FFF782FC82460028B6
:101B200000F0388186790C360644771C102138463F
:101B3000FFF76EFD014658B120460821FFF710FF60
:101B4000002140F2074002B0BDE8F047ECF78EBC40
:101B5000A07CC0F11002384401F08EFE95F97A01A4
:101B60003B4610220521FCF737FD58B1002140F219
:101B70001B40ECF77BFC0821204602B0BDE8F04793
:101B8000FFF7EEBEFCF726FD02280FD1B8F1010FDA
:101B90000CD004F11803113657F8042B43F8042B2A
:101BA000B742F9D1A36843F48073A360524606217B
:101BB0002046FFF78BFA0B210720FFF731FC074681
:101BC000002800F0E780867995F97A310C360644D2
:101BD00043F43F43A6F801300821F01CFFF718FD3D
:101BE00095F97A01731C0A220421FCF7F5FC002800
:101BF000BCD13A4606212046FFF768FA95F87831BD
:101C0000013385F8783119F0020F1FD01121082017
:101C1000FFF706FC0646002800F0BC8081790144ED
:101C2000002301AA0D31FF200193FFF725FD40B1EC
:101C300008212046FFF794FE019940F20740ECF797
:101C400015FC324606212046FFF740FA95F8783118
:101C5000013385F8783119F0020F1CD008210920D2
:101C6000FFF7DEFB0746002800F0948086790C36EB
:101C70000644E8F7E1FB837983F00803C3F3C0036C
:101C800073700368C6F802308388F3803A460621F1
:101C90002046FFF71BFA95F87831013385F8783143
:101CA00019F0040F12D011210A20FFF7B9FB0646E4
:101CB00000286FD0807930441022AB210D3001F024
:101CC000DBFD324606212046FFF700FA95F8783111
:101CD000013385F87831B8F1010F08D0236C93F8FF
:101CE0006C31002B56D195F87831042B52D1A36C6E
:101CF00095F97A01313310220B21FCF76DFC78B194
:101D000040F21B412046ECF793FBB8F1010F14BFE2
:101D100080214021204602B0BDE8F047FFF742BCD9
:101D2000A36C95F97A01203301220C21FCF754FCB5
:101D30000028E5D1A36C95F97A01213310220D21F9
:101D4000FCF74AFC0028DBD1082295F97A0104F15E
:101D500010031146FCF740FC0028D1D1236C93F806
:101D60007A2184F87520FF2283F87A21D3F8743120
:101D70005B0603D404F14C00FDF7CFF9FCF72AFC15
:101D8000022802BFA36843F48073A3602046ECF7E7
:101D900027FBBAE702B0BDE8F087ECF73BBE70B5B1
:101DA000B1F5A04F88B0044615467BD045F21B061E
:101DB000B14240F0E38090F87430DA076AD5056CE0
:101DC000B5F86C312BB14C21FFF7ECFB002008B0CB
:101DD00070BDD5F874315B074BD5AB79DE0748D5BC
:101DE0006B7BD80745D5A36C95F97A013133102266
:101DF0000B21FCF7F1FB38B140F21B412046ECF718
:101E000017FB40F21B40E2E7A36C206C203390F9F3
:101E10007A0101220C21FCF7DFFB0028ECD1A36C36
:101E2000206C213390F97A0110220D21FCF7D4FBAC
:101E30000028E1D1206C082290F97A0104F1100306
:101E40001146FCF7C9FB0028D6D104F14C00FDF780
:101E500064F9236C93F87A2184F87520FF2283F8C3
:101E60007A2120464021FFF79DFB2046ECF7B8FA87
:101E7000ACE705F5A67304F1180205F5AE7553F845
:101E8000041B42F8041BAB42F9D1A36843F48073EE
:101E9000A360E6E74021FFF785FB29462046ECF7E3
:101EA000C7FA93E7006CD0F8743159073AD500238C
:101EB000CDE90133ADF80C308379DA0724D5437BC3
:101EC000DB0721D500F5A673102290F97A010321D2
:101ED000FCF782FB48B1002140F21B40ECF7C6FA48
:101EE00008212046FFF73CFD8BE7FCF773FB022837
:101EF0000AD1206C102200F5A673052190F97A0111
:101F0000FCF76AFB0028E6D10023BDF80420CDE9E8
:101F10000433CDE906330DF1060104AB2046EBF79F
:101F200011FF53E7D0F8D130C0F8E930D0F8D53000
:101F3000C0F8ED30206C00F5A6721146E130FFF7D5
:101F4000E1F9054630B120460821FFF709FD40F2CE
:101F500007403CE7236CA07C03F5A673C0F1100298
:101F60002946184401F088FCCDE90155CDE9045516
:101F7000CDE9065504AB2A4601A9CFE708B0BDE874
:101F80007040ECF7EFBC2DE9F04796B0DDE9229701
:101F90001D46DDF8908005AB06460C4602F1100A9E
:101FA0009E46106851689C46ACE8030008325245D2
:101FB0006346F6D17046102102F0BCFA09AA2B46FE
:101FC00005F1100E944618685968154603C5083384
:101FD00073452A46F7D16046102102F0ABFA1E9BEA
:101FE0000DAA03F1100E944618685968154603C5EA
:101FF000083373452A46F7D16046102102F09AFA59
:102000009DF87C308DF844309DF880308DF8453057
:102010009DF884308DF8463099F80630D9F80000E4
:10202000129083F00803C3F3C0038DF847300621F4
:10203000B9F80430ADF84C3012A802F07BFABB7945
:1020400083F00803C3F3C0038DF84E303B68CDF82E
:102050004F300621BB88ADF853300DF14F0002F030
:1020600069FA01AA234604F1100715461868596851
:10207000144603C40833BB422246F7D11021284638
:1020800002F058FA4346412205A92846FFF79FF976
:1020900010210446284602F05BFA412105A802F00F
:1020A00057FA34B108213046FFF75AFC16B0BDE8A4
:1020B000F0874046102102F03DFA224645F2130116
:1020C0003046FFF78AFAF1E72DE9F0419CB015465A
:1020D000239F08AA1C4606460B4601F1200E904697
:1020E000186859689446ACE80300083373456246A3
:1020F000F6D12021404602F01DFA10AB2A4605F128
:10210000200E9C46106851681D4603C50832724572
:102110002B46F7D16046202102F00CFA229B18AA28
:1021200003F1100E944618685968154603C5083324
:1021300073452A46F7D16046102102F0FBF904AA44
:10214000234604F1100C154618685968144603C458
:10215000083363452246F7D11021284602F0EAF9F8
:102160006B46502241462846FFF731F910210446BC
:10217000284602F0EDF95021404602F0E9F934B169
:1021800008213046FFF7ECFB1CB0BDE8F081039B53
:102190003B603846042102F0CDF96846102102F078
:1021A000D7F9224645F214013046FFF716FAEBE75D
:1021B0002DE9F0411D46069B90F8738004460F46BA
:1021C000164653B110211046FFF722FA28B12046D7
:1021D0000821BDE8F041FFF7C3BB236C013E691E37
:1021E00003F1100013F8012F16F801CF834282EAA1
:1021F0000C0201F8012FF5D13A4629462846FFF78F
:1022000081F80028E3D1B8F1020F0CBF00230623A8
:102210002B4404F1590204F15F0012F8016F1978A0
:10222000904281EA060103F8011BF6D1B8F1020FD2
:1022300014BF002306232B4404F1520204F158007A
:1022400012F8016F1978904281EA060103F8011B28
:10225000F6D13A4629462846FFF754F802460028A8
:10226000B5D1204645F21001BDE8F041FFF7B5B900
:1022700073B545F20406B142044615460DD045F249
:102280001006B14222D0B1F5A04F38D1FFF7B8F80F
:10229000236CD3F87431D90720D5236CD3F874217B
:1022A000D2070BD4AA790C3215446A1DB133153507
:1022B00052F8041B43F8041BAA42F9D1216CD1F84F
:1022C000743113F004030CD0832104E0016CC1319C
:1022D000FFF7EAF885212046FFF764F9002002B0F5
:1022E00070BD81F878310123009301F1D10201F131
:1022F000C103204601F5A671FFF75AFFEEE702B0D1
:10230000BDE87040ECF72EBBF0B545F210039942E2
:1023100085B0044600F087800CD8B1F5A04F1CD0E2
:1023200045F2050399421DD0204605B0BDE8F040B6
:10233000ECF718BB45F21103994200F08D8045F28D
:1023400012039942F0D1036C93F87931042B40F2D7
:10235000B380052B03D148217BE0FFF751F8002023
:1023600005B0F0BD9179036C0C310A44511DD13395
:10237000153251F8040B43F8040B9142F9D1256C46
:1023800005F1E10705F1D10610223146384601F08A
:1023900049FA20B904212046FFF7E2FADFE7D5F831
:1023A000743113F0040332D095F87931042B13D132
:1023B00005F21113039305F5A673029304F1530379
:1023C000019304F15A0300933A46334605F1F101B3
:1023D0002046ECF747FDC2E705F5AE7005F11101A7
:1023E00005F1510201900BB1052B06D1002300939A
:1023F00020463346FFF702FBB1E795F87801D5F8A0
:102400004831C34003F0010343F08003EFE785F850
:1024100078313246009305F5A67105F5AE73204676
:10242000FFF7C6FE9BE7056C102205F1C10105F51B
:10243000AE7001F0F7F90028ACD1D5F874319B07E4
:1024400042BF94F8743043F0020384F874304B2197
:102450002046FFF7A7F882E7056C102205F1C101BD
:1024600005F5AE7001F0DEF9002893D195F87931C9
:10247000013B022B0FD895F878310133DBB2142BD6
:1024800085F8783107D0D5F8743123F00103C5F809
:1024900074314321DCE705F21113039305F5A673AC
:1024A000029304F15303019304F15A03009305F1DD
:1024B000E10205F1D10389E74921CAE7B1F5A04F4F
:1024C00070B50446154607D045F20406B1420CD05B
:1024D000BDE87040ECF746BAFEF792FF236CD3F8E4
:1024E0007431D90701D4002070BD236CD3F8742156
:1024F000D20718D4AA790C3215446A1DC133153598
:1025000052F8041B43F8041BAA42F9D1206C102294
:1025100000F1C101B13001F085F920B90421204654
:10252000FFF71EFADFE7206C1021E130FFF770F8AB
:1025300058B108212046FFF713FA40F20740002166
:10254000EBF794FF40F20740CEE7216C2046E131E3
:10255000FEF78EFF47212046FFF724F8C3E7B1F5C9
:10256000A04F70B50346144607D045F21806B14295
:1025700007D0BDE87040ECF7F5B9FEF741FF002049
:1025800070BD1268551C03D10121FFF7E9F9F6E788
:10259000016CD1F87401400741BF002281F8782115
:1025A0002268C1F8482158BFC1F84C211846432180
:1025B000FEF7F8FFE3E7B1F5A04F70B51346044608
:1025C00007D045F20406B14207D0BDE87040ECF7F1
:1025D000C9B9FEF715FF002070BD9979026C0C3166
:1025E0000B44591DC132153351F8040B42F8040B4A
:1025F0009942F9D1256C102205F1C10105F1B10014
:1026000001F010F920B904212046FFF7A9F9E2E70B
:1026100005F1E1012046FEF72BFF47212046FEF79A
:10262000C1FFD8E7B1F5A04F13B504460ED0A1F510
:10263000A043103B012B45D8016CB131FEF734FFAC
:1026400044212046FEF7AEFF002017E0016CD1F8D0
:10265000743113F0040301F1E10228D01021104677
:10266000FEF7D6FF60B108212046FFF779F940F266
:1026700007400021EBF7FAFE40F2074002B010BD20
:10268000216C01F1B103019391F87821D1F848311F
:10269000D34003F0010343F08003009301F11102E2
:1026A00001F1E10320465131FFF7A8F9CCE781F8A9
:1026B00078310123009301F1B10301F5A671FFF711
:1026C00077FDC1E702B0BDE81040ECF74BB9B1F5BA
:1026D000A04F70B5044615467AD045F21B06B142AC
:1026E00040F0CD8090F87430DA0769D5056CB5F804
:1026F0006C3123B18921FEF755FF002019E0D5F890
:1027000074315B074BD5AB79DE0748D56B7BD807B7
:1027100045D5A36C95F97A01313310220B21FBF7D3
:102720005BFF38B140F21B412046EBF781FE40F2DF
:102730001B4070BDA36C206C203390F97A010122FC
:102740000C21FBF749FF0028ECD1A36C206C21334E
:1027500090F97A0110220D21FBF73EFF0028E1D10C
:10276000206C082290F97A0104F110031146FBF75E
:1027700033FF0028D6D104F14C00FCF7CEFC236CCB
:1027800093F87A2184F87520FF2283F87A21204675
:102790008021FEF707FF2046EBF722FEADE705F5A7
:1027A000A67304F1180205F5AE7553F8041B42F840
:1027B000041BAB42F9D1A36843F48073A360E6E73E
:1027C0008021FEF7EFFE29462046EBF731FE94E725
:1027D000006CD0F8743159072AD58379DA078CD583
:1027E000437BDB0789D500F5A673102290F97A01A7
:1027F0000321FBF7F1FE48B1002140F21B40EBF74B
:1028000035FE08212046FFF7ABF890E7FBF7E2FE24
:1028100002287FF472AF206C102200F5A673052108
:1028200090F97A01FBF7D8FE00283FF466AFE3E7A2
:10283000D0F8D130C0F8E930D0F8D530C0F8ED305C
:10284000206C00F5A6721146E130FEF75BFD0146F3
:1028500030B120460821FFF783F840F2074068E7CF
:10286000236CA07C03F5A673C0F11002184401F09C
:1028700003F8216C2046D131FEF7FAFD3DE7BDE8B3
:102880007040ECF76FB8B1F5A04FF7B5044608D02B
:1028900045F21105A94236D003B0BDE8F040ECF78F
:1028A00061B8006C1021D130FEF7B2FE60B1082192
:1028B0002046FFF755F840F207400021EBF7D6FD20
:1028C00040F2074003B0F0BD256C95F8796105F141
:1028D000C107013E022E01979FBFD5F8480195F828
:1028E0007861F04000F0010098BF40F08000009057
:1028F00005F1510105F1110205F1D1032046FFF761
:102900007DF80020DEE7016CC131FEF7CDFD8521A9
:102910002046FEF747FEF4E770B545F20406B142E3
:102920000446134624D045F21806B14206D0B1F54C
:10293000A04F32D1FEF764FD002070BD11684D1C20
:1029400003D10121FFF70CF8F6E7026CD2F874010D
:10295000400743BF002182F878111B68C2F84C1170
:1029600048BFC2F8483184212046FEF71BFEE3E74A
:102970009979026C0C310B44591DB132153351F861
:10298000040B42F8040B9942F9D1226CD2F874314D
:1029900043F00103C2F87431CEE7BDE87040EBF7B5
:1029A000E1BF10B500230364044690F97500431C91
:1029B00013D0E7F787FC082204F1100394F975009F
:1029C0001146FBF737FE94F91330012B07D194F829
:1029D000743043F0020384F87430002010BD022BE1
:1029E000FBD194F8743043F00A03F4E74B88062BCC
:1029F00005D1088841288CBF0020012070470020A5
:102A0000704707B58B7901910B440A46197C4B1E20
:102A10000D2B04D801F5A0410131FEF7DEFD01A820
:102A200001F083FA03B05DF804FB704700207047A3
:102A30007047704770B504460E46154605210022C2
:102A40000420FCF74BFD014618B1A0F80160A0F886
:102A500003502046BDE87040FCF798BDF7B51D4611
:102A6000002300930446BDF824300F461646072184
:102A7000089A0620FCF756FD014628B1A0F801701F
:102A8000A0F80360A0F80550204603B0BDE8F04070
:102A9000FCF77CBD73B515461A4600230093044627
:102AA0009DF818300E4608200521FCF73BFD014635
:102AB00018B1A0F80160A0F80350204602B0BDE8AC
:102AC0007040FCF763BD38B5002204460D460A206D
:102AD0000321FCF703FD014608B1A0F80150204690
:102AE000BDE83840FCF752BD70B504460E461546A9
:102AF000052100220C20FCF7F1FC014618B1A0F8DA
:102B00000160A0F803502046BDE87040FCF73EBDD0
:102B100073B515461A460023009304469DF81830F5
:102B20000E4610200521FCF7FDFC014618B1A0F867
:102B30000160A0F80350204602B0BDE87040FCF7E9
:102B400025BD73B54489033CA4B2A3420E464FF0A1
:102B50000001009105464FF0030128BF23461220D3
:102B6000FCF7E0FC014608B1A0F80160284602B07D
:102B7000BDE87040FCF70ABD2DE9F3419846836932
:102B8000054658690F46164601F054FA6C89053C13
:102B9000A4B280B2844228BF0446A86921461430FA
:102BA00001F025FC009048B105220821002001F029
:102BB00042FC019030B9684601F0B7F91A2002B022
:102BC000BDE8F081009901A801F096FA019A937985
:102BD0000C33D1181620D054A8F800402846A1F88C
:102BE0000170A1F80360FCF7D1FCE8E738B50022DA
:102BF00004460D4618200221FCF770FC014600B186
:102C000045702046BDE83840FCF7C0BC70B58579FA
:102C100004460C35461901F00DFA625D431E013A77
:102C20009BB21C2A10D8DFE802F0110F160F180F04
:102C3000290F2F0F400F400F400F330F250F0F0F9D
:102C4000390F250F3E0F3E00002070BD042B14BF2E
:102C500001200320F9E7022BF9E743B37278022A37
:102C60000AD0012A23D10222013B0232B3FBF2F146
:102C700002FB1133002BEAE71022F5E713F0030FF4
:102C800014BF01200320E0E78BB17278013BEDE730
:102C90006BB17278032A0AD9013BE7E7042B34BFF2
:102CA00001200320D1E7022BF9E70320CDE7012023
:102CB000CBE702464FF0FF30EEF7F6B907B5042236
:102CC00001910DEB0201F6F776FB03B05DF804FB12
:102CD00038B50446251DDCF7B7FC00212846FFF770
:102CE000EDFF012104F10800FFF7E8FF0821284665
:102CF000FFF7DFFF01462046FFF7E0FF002038BD69
:102D0000C0F30A030833B3F5006F06D280884FF68C
:102D1000FF73C31A58425841704701207047F8B5F5
:102D20000D4617461E46EDF777FF044638B905B144
:102D30002870002340F21C403B703460F8BD15B190
:102D4000C3881B0A2B70A37900200834F4E708B568
:102D5000084680B24FF6FF71EDF792FF002008BDE4
:102D60000220704700207047012070470020704704
:102D700000207047704737B5044601A80D46F3F7A9
:102D800027FA01A8FFF7F6FF01A920468DF80650A3
:102D9000EEF724FA03B030BD08461146EEF7FCBA50
:102DA0007047431E012B03D9031F584258417047F7
:102DB0000120704700F059BA4FF4A472002100F0CE
:102DC0005BBD10B50021044600F083F82046BDE845
:102DD0001040F3F73FB9F2F7B1BDF2F7B5BDF8B562
:102DE00005460E46EEF7A0FAD5F88C307BB15B694C
:102DF0006BB1F0F797FAD5F88C305B691B1A584223
:102E000040F26B124FF042015841EEF76FFCF76849
:102E100000224FF6FF734FF0240CD0B2B84208D313
:102E20001C4621462846EEF709FC00F021FA204610
:102E3000F8BDB1680CFB0011CC899C4202D2002C79
:102E4000EFD023460132E8E7EEF7F8BB008B70477E
:102E50000A7838B505461046FFF7A3FF60B14C78F5
:102E60002046FFF79EFF38B12243530704D428467B
:102E7000BDE83840F2F76EBD012038BDFFF7E8BF6E
:102E800010B504460878FFF78CFF58B14A78104611
:102E9000FFF787FF30B1042A04D02046BDE8104078
:102EA000F2F790BD012010BDFFF7EABFF2F7CEBAEE
:102EB000F2F746BC70B504460D461646EEF7BEFB6B
:102EC00030B9324629462046BDE87040F1F77EBA57
:102ED00070BDF3F73BBB38B5044600200D4600F04B
:102EE000C5F9D4F8A0302BB929462046BDE83840B2
:102EF00000F0DFBA022038BD38B5044648880D46D8
:102F000000F0B4F9D4F8A0302BB929462046BDE82A
:102F10003840F2F78DBD022038BD00F0A8B900F0AE
:102F2000FCBAEFF7CFBD38B505460C46F6F7CAF840
:102F30002B6B1C40EB6A2343EB62F6F7C7F8211EAC
:102F400018BF01210020490238BDF3F751B8F2F74C
:102F500087BB00F013BB00F032BB08461146EFF709
:102F600077B9F2F785BE00F0ECBA38B504461546DD
:102F700009B100F042FB25B12046BDE83840F2F728
:102F800071BF38BD0846F0F79FB810B5044600F091
:102F90008BF820B92046BDE81040EEF785BC10BD87
:102FA00000F0B0B9EFF7E8BF2DE9FF4198460446BD
:102FB0000E461746F6F78DF805462046FFF7E5FF63
:102FC0000A9B02930023CDE900833A46314620460E
:102FD000EEF7B8FC04462846F6F781F8204604B020
:102FE000BDE8F08138B50446F6F773F8054620468B
:102FF000FFF7CBFF2046EEF783FC04462846F6F7A2
:103000006EF8B4FA84F0400938BD38B50446F6F7D6
:1030100060F805462046FFF7B8FF204600F053F859
:1030200004462846F6F75BF8204638BD38B5044616
:10303000F6F74FF805462046FFF7A7FF204600F0B9
:1030400048F804462846F6F74AF8204638BD70B5D9
:1030500004460E46F6F73DF805462046FFF795FF75
:1030600031462046EEF7BCFC04462846F6F737F812
:10307000204670BD07B513468DF80710002219468B
:103080000DF1070000F0B9F803B05DF804FB084645
:1030900011461A4600F0B1B8012070470120704770
:1030A0000020704700207047EEF736BB10B5F6F7EA
:1030B00010F8044600F015F8EEF754FB2046BDE882
:1030C0001040F6F70CB808B50246EEF725FB507D28
:1030D00008BD08B50246EEF71FFB507D80F00100E9
:1030E00008BD00F00FB9F2F7B1BB00F0C2B9437CE4
:1030F00003B108470220704710B5044600F0E0FA1B
:1031000020460321BDE81040F2F7FAB9FFF7F4BFFB
:10311000437C0BB100F0D0BA02207047437C0BB166
:1031200000F0CCBA0220704710B5437C0C4693B136
:1031300049680022F3F7C4FA206890FAA0F0000A68
:10314000F0F706FAA17A2089002281F00101F3F755
:1031500015FB002010BD0220FCE71FB5CDE90012D1
:10316000ADF8083069469DF818308DF80A30FFF741
:10317000DBFF05B05DF804FB0020704700207047BE
:103180002DE9F74F1C469DF830300193036803F09A
:103190000703063301259D400646174605F1FF3813
:1031A0000B46A1B1416804EA080BA5EB0B0A41F0FC
:1031B0000059524509EB0B0114D95246184600F04C
:1031C00066FB7A1B5A444946504400F060FB019B61
:1031D0002BB13C4448EA050804EA0804F46003B053
:1031E000BDE8F08F1846F0E737B500250095144686
:1031F000FFF7C6FF204603B030BD70B50E4615463A
:10320000044608B9002070BD0078EFF7FFF858B108
:103210001EB12078EFF7A4F930701DB1207800F0CE
:1032200038F828700120EEE723780E2BEAD10EB192
:10323000FF233370002DF5D0FF232B70F2E738B554
:103240000D6804462846EFF7BBF8D4F8903043B138
:103250005B6933B1013504BF6FF001020A600A688F
:103260001A60002038BDF3F74BB9704770477047BC
:10327000704738B50D460446F0F754F8AC4042F2BA
:10328000107364095C436423B0FBF3F0B4FBF0F00B
:1032900038BD022807D0062807D0003818BF012003
:1032A0004042C0B27047012070470020704730B5DF
:1032B0001F23B0FBF3F35D1CEDB24FF0FF34C3EB03
:1032C0004313AC40C01AE4430130E4B2C0B214600E
:1032D000086030BD70B505460E46C0B201F00F0162
:1032E000FFF7C7FFC6F303110446C5F30720FFF736
:1032F000C0FFC6F303210444C5F30740FFF7B9FF3D
:10330000204470BD08B5EFF7C5FDBDE80840EFF7F4
:10331000FFBD10B50446EFF7BDFD844288BF01F143
:10332000FF31204601F00301BDE81040EFF7F0BD8A
:1033300038B50446FFF7E6FF0546FFF7E3FF431BFA
:10334000A342FAD338BD0020704710B50446F0F709
:103350006DF8C4F30113022B05D0032B09D0012B08
:1033600000D1400810BDC4F3C4240134B0FBF4F014
:10337000F8E78008F6E700F03003202B10B513D1F2
:1033800010F4E02FC0F302440AD010F4C01FC0F3C1
:10339000C423B3FBF4F418BF6400052C0ED86408F2
:1033A000FFF7D3FF604310BDC0F382136FF0120428
:1033B0001C4104F00104C4F10204F1E70424EFE726
:1033C00010B5044651B10B6843B15B6833B11A685C
:1033D000032A03D99C6A640E204610BDF5F772FEDD
:1033E00001462046F0F70CFA04460846F5F76EFE53
:1033F000F2E738B14FF47A735843A0F6AC50401A54
:10340000F0F718BB4CF25030FAE7F1F7B7BAF1F722
:10341000B5BAF1F7B3BAF1F7B1BA7047436B03F03D
:103420006003402B0DD0602B03D0203B5842584105
:10343000704749B10B68012B06D9486940F001007B
:10344000704740F20110704700207047034670B18A
:103450000268022A0BD9426A12F47F4FC2F3072096
:1034600006D01B6AD2B25A43B2FBF0F0704700207C
:1034700070470220EFF7F8BCD0F894304BB11A68CF
:10348000022A06D993F8250028B11B6AB3FBF0F095
:103490007047FFF7A0BC704708B50146D0F894000C
:1034A000FFF7D4FF20B9BDE808400846FFF795BCF8
:1034B00008BD10B590F8D0300E2B04462BD0017506
:1034C000D0F8900020B3D4F8A0304BB994F8D9309C
:1034D0008B420BD320460022BDE81040F2F702BB1E
:1034E000B4F92420B0F912309A42F3DD94F8D910DF
:1034F00000222046F2F7F6FA60B9C4F890002046A0
:10350000FFF7A4FC01462046BDE81040EEF796B850
:10351000FF23637510BD0220FCE70346D0F8D000FE
:103520000860B3F8D4308B800020704790F8D0301A
:103530000E2B14BF407DFF2070474FF48071F1F7D0
:1035400065BE38B50D46FFF7A7FF014604460020CB
:10355000F0F78EFB02460220A87174B1B2F5803FED
:103560000BD863094FF2244101FB02302B68240978
:10357000B0FBF4F01B1A2B60002038BD3F2B08462F
:1035800010B5114619D9B3FA83F3C3F11902D2B2B7
:10359000062A01D8192B0ED0062A28BF0622931D11
:1035A000DBB201249C40A4B2A14228BF2146EEF721
:1035B00067FC204610BD0022F1E70024F9E71388DC
:1035C0003F2B10B5084616D9B3FA83F3C3F119019E
:1035D000C9B2062901D8192B0BD0062928BF06210C
:1035E0008C1DE4B20123A3401380EEF767FC00209A
:1035F00010BD0021F4E70120FAE7F1F711BE10B584
:10360000084614460121EFF79BFE20460121BDE844
:103610001040EFF795BEF8B504460E461746F5F78D
:1036200051FD3A4605463146204600F054F804461E
:103630002846F5F74BFD2046F8BD022070470320D1
:103640007047EFF709BC10B5F2F742FE044608B91F
:10365000F0F7AEFE204610BD38B504461D46F2F721
:1036600037FE28B929462046BDE83840F0F770BF3C
:1036700038BD70478021F1F7C9BD38B50546F1F76F
:1036800059FF04462846F1F733FF072811D1D5F832
:103690009030DB6924F47F4121F0080103B15B78AD
:1036A00041EA032141F020012846BDE83840F1F706
:1036B00047BF24F02001F7E703207047032070473D
:1036C00010B50446F2F7E6FF2046BDE81040F2F7D9
:1036D000B9BF00207047F7B505460F46684611464A
:1036E000F3F792F8064698B197B1DDE900311B0A6D
:1036F00043EA0163A5FB0343090A05FB0135EFF724
:1037000011FE0023024629462046F3F7A9FB386044
:10371000304603B0F0BD00228A4202D14FF0FF30A4
:10372000704750F8223093FAA3F30BB90132F3E754
:10373000B3FA83F000EB4210704770B5A1FB02545E
:103740003CB92946F3F750FD064628B90026304615
:1037500070BD0C220260F9E72A46214600F08CF881
:10376000F5E72DE9F8430746884614460026D4E9D4
:103770000195B9F1010905D52468002CF7D130462F
:10378000BDE8F883AB89012B07D9B5F90E300133B9
:1037900003D029463846C04706436835E9E710B5E7
:1037A0000C46B1F90E10F3F727FF0028ABBF636D8D
:1037B000A3891B1823F48053ACBF6365A38110BD9C
:1037C0002DE9F0411F468B89DB0505460C46164660
:1037D00005D5B1F90E1002230022F3F7FBFEA389F1
:1037E000B4F90E1023F48053A38132463B46284699
:1037F000BDE8F041F3F722BF10B50C46B1F90E1049
:10380000F3F7E8FE431CA38915BF606523F48053DA
:1038100043F48053A38118BFA38110BDB1F90E10EA
:10382000F3F7C8BE10B501390244904201D100201F
:1038300005E0037811F8014FA34201D0181B10BD19
:103840000130F2E7884210B501EB020402D984424C
:10385000234607D8431EA14208D011F8012B03F8D4
:10386000012FF8E7024401468A4200D110BD13F847
:10387000014D02F8014DF7E702440346934200D19F
:10388000704703F8011BF9E77047704770470A4417
:10389000914200F1FF3300D1704710B511F8014B90
:1038A00003F8014F9142F9D110BD9368013B002B01
:1038B00010B4936008DA9469A34201DB0A2903D1AA
:1038C0005DF8044B00F095B91368581C106019702E
:1038D00008465DF8044B7047F8B506460F46144697
:1038E000D518AC4201D1002007E014F8011B3A467C
:1038F0003046FFF7DAFF431CF3D1F8BD2DE9F0475E
:10390000164698468A680B69DDF820909342B8BF46
:103910001346336091F8432007460C460AB1013341
:1039200033602368990642BF3368023333602568E9
:1039300015F0060506D104F1190AE36832689B1AEE
:10394000AB4226DC94F843302268003B18BF0123C9
:1039500092062BD404F1430241463846C847013051
:103960001ED02368226903F00603042B02BFE5681A
:103970003368ED1AA3680CBF25EAE575002593426C
:10398000C4BF9B1AED1800261A34B5421AD1002084
:1039900008E00123524641463846C847013003D16A
:1039A0004FF0FF30BDE8F0870135C6E7E1185A1C3B
:1039B000302081F84300224494F8451082F84310E7
:1039C0000233C7E70123224641463846C847013043
:1039D000E6D00136D9E7B1F90C202DE9F0411707FF
:1039E00005460C4656D44B68002B02DC0B6C002BB2
:1039F0003DDDE66A002E3AD0002312F480522F6893
:103A0000216A2B6025D0626DA389580705D56368AC
:103A1000D21A636B0BB1236CD21A216AE66A0023B7
:103A20002846B047411C24D00023636023692360EB
:103A3000A389DA0400D56065616B2F60B9B104F128
:103A40004403994202D02846F3F72EFE0023636315
:103A50000DE001232846B047461C0246D4D12B680E
:103A6000002BD1D01D2B01D0162B2BD12F60002085
:103A70002FE02A68B4F90C3042B11D2A01D0162A71
:103A800022D10023636023692360D5E76260226945
:103A90002260CEE70F69002FE9D093070E6808BFB8
:103AA0004B690F6018BF0023A6EB07088B60B8F1C5
:103AB000000FDCDD216AA66A43463A462846B04735
:103AC000002808DCB4F90C3043F04003A3814FF028
:103AD000FF30BDE8F0810744A8EB0008E7E738B500
:103AE0000B6905460C4613B90025284638BD18B1A8
:103AF000036A0BB9F3F788FCB4F90C30002BF3D050
:103B0000626ED00704D4990502D4A06DFFF7BDFE04
:103B100028462146FFF75FFF636EDA070546E4D4C7
:103B2000A3899B05E1D4A06DFFF7B0FEDDE770B57A
:103B30000C46B1F90E10002996B015461E460DDA56
:103B4000A38913F0800F4FF0000114BF40234FF4FE
:103B50008063002031602B6016B070BD6A46F4F7B8
:103B600087F80028ECDB019901F47041A1F50053BE
:103B7000594259414FF48063EBE78B89F7B59D07B4
:103B800006460C4607D504F1470323602361012351
:103B9000636103B0F0BD01AB6A46FFF7C8FF009F49
:103BA000054639463046F3F71FFB48B9B4F90C30E7
:103BB0009A05EED423F0030343F00203A381E2E766
:103BC000A389206043F08003A381019BC4E904071B
:103BD0005BB1B4F90E103046F4F75CF828B1A38954
:103BE00023F0030343F00103A381A3891D43A581AF
:103BF000CFE7F8B50E461446054618B1036A0BB96F
:103C0000F3F702FCA369A360A3891A0701D523690E
:103C100043B921462846F3F7D5FF18B14FF0FF37D7
:103C20003846F8BD23682269981A6369F6B2834260
:103C3000374605DC21462846FFF751FF0028EDD125
:103C4000A368013BA36023685A1C22601E7062694E
:103C5000431C9A4204D0A389DB07E1D50A2EDFD1A9
:103C600021462846FFF73BFF0028D9D0D6E7430876
:103C700003F05533C01A00F03333800800F03330BE
:103C8000184400EB10104FF0013300F00F30584390
:103C9000000E704710B5044678B1036A41696BB1F4
:103CA00080689847207E002310286361636004D8F1
:103CB0002146F4F743FB1123237610BD0029F1D0F0
:103CC0008368002BEEDB0846F4F728FDEAE707B52A
:103CD000002301911A4601A9F4F776F903B05DF8C3
:103CE00004FB1FB5002402949DF81C400194069C1F
:103CF0000094F4F7EFF804B010BD13B50724019455
:103D0000049C0094FFF7EDFF02B010BD07B500233F
:103D10000093FFF7F2FF03B05DF804FB03680B604C
:103D2000016070472DE9F041054600680E461746D0
:103D3000002408B9BDE8F081D0E90083B3420BD17B
:103D40008368BB4208D154B9C5F80080C368DB075B
:103D500001D5F4F7E3FC204604464046E9E7C4F801
:103D60000080F3E7D1E90112FFF7DCBF002370B553
:103D70001A46194604680546F4F726F90CB92C6072
:103D800070BDE3682668DB0702D52046F4F7C6FC61
:103D90003446F3E72DE9F8430E461746054610B9B9
:103DA0000020BDE8F8830468002CF9D0D4E900892C
:103DB000A0683B4632462946C8470028F1D1444610
:103DC000F2E72420704738B5054614460A4600211C
:103DD000FFF752FD24F01C046B7944F0100443F00B
:103DE00004032C716B7138BD2DE9F74F1F469DF808
:103DF000303000938A468046002850D0002967D092
:103E00000C68002C66D04FF0000BE679A179761A89
:103E1000F6B2BE4208D30C31394408EB0209214402
:103E2000F61B4546C84537E02068BF1BA34600285F
:103E300035D00446E9E7AB19994538BFA9EB05062B
:103E400032462846FFF723FD009B002B3DD0E27948
:103E5000A079F3B237BB1844A071E279A37927683F
:103E60009A4232D1DAF80030A34208BFCAF8007093
:103E7000BBF1000F01D0CBF800702046F4F7C0FA78
:103E80003C4635444CB1A379E67903F10C01F61AAE
:103E90002144F6B200274D45CDD3A5EB080003B071
:103EA000BDE8F08F121AD2B2F918914209DA0C303B
:103EB0002044D21BD21A014438440193FFF7C2FCBC
:103EC000019BE279D31AE371C7E7A3462468D8E7D8
:103ED0000846E4E72046E2E710B5C479C4F145039B
:103EE0000246D8B2884228BF08460444D47110BDA7
:103EF00038B50546C079C0F14504E4B2944288BFA4
:103F0000D4B20C3022462844FFF7C1FCEB7923449D
:103F1000EB71204638BD1FB503910021009103A924
:103F2000FFF762FF05B05DF804FB38B50446206872
:103F300000B938BD0568F4F763FA2560F7E710B5F6
:103F400001F0EC01034603B910BD1A7902F0130227
:103F50000A431A711A1A544254415A7964F30002FE
:103F60005A711B68EFE710B558B1016802685AB181
:103F7000136823B15C79E40704D50024146003605E
:103F8000084610BD0360F1E71346F8E7034658B151
:103F90000020DA7999791B68521A50FA82F01BB125
:103FA0005A79D207F5D57047704770B50D4604466B
:103FB000E8B186798E4203D3751A8571012070BDF0
:103FC000C27906F145039B1ADBB299420FD806F17C
:103FD0000C010144921BA81BD2B20844FFF732FC2B
:103FE0000023A371E3791D44AD1BE571E6E70020D2
:103FF000E5E710B50C4698B191B18979E279C379BA
:10400000521AC3F14503D2B2DBB2934208D30C314A
:104010002144FFF76DFF2046F4F7F2F9012010BDAF
:104020000020FCE70346006818B102681A6000230C
:10403000036070470346002003B97047DA79997925
:104040001B68521A50FA82F0F6E72DE9F84F8946BC
:1040500014468246FFF7EEFF05464846FFF7EAFFA3
:10406000A542074601D3A04208D2BD4208D1002490
:10407000A346A046264647B9384604E02746F6E759
:1040800038D24FF0FF30BDE8F88F5EB99AF806805D
:104090009AF80760A6EB080608F10C08D044DAF895
:1040A00000A0F6B2BBF1000F0BD199F8064099F8C9
:1040B00007B0ABEB040B0C344C44D9F800905FFA1A
:1040C0008BFB5E45354628BF5D46BD4228BF3D4659
:1040D0002A4621464046FFF7A5FB0028D3D1A84435
:1040E0002C447F1BEDB2761BABEB0505F6B25FFAF5
:1040F00085FBC0E70120C6E703680BB90160704784
:104100001A461B68002BFBD111607047036803B18E
:104110000B600160704739B10B461A461B68002BD3
:10412000FBD1036813600160704770B504680646F0
:104130000D4644B12046FFF77DFFA84211D8236801
:1041400013B9E379A37170BD20463360F4F758F9D1
:104150003468F4E7ED1A236833602046F4F750F929
:104160003468002DEFD0A279E3799B1ADBB2AB4221
:10417000F0D92A44A271E6E7F8B5066805460C4670
:1041800046B13046FFF756FFA0421DD8336813B939
:10419000F379B371F8BD30462B60F4F731F92E682E
:1041A000F4E7064638460768002FFAD1C2798379CA
:1041B000D31ADBB2A34202D9121BC271EAE7E41A96
:1041C000F4F71EF93EB13760002CE3D028680028D0
:1041D000E0D00026E7E72E60F6E7F8B504460F4684
:1041E000BC4200D1F8BDA179E5796D1AEDB2C5F1F7
:1041F0004506B6B20EB92468F2E749B10C312A4639
:10420000214404F10C00FFF71DFB0023E571A371AD
:104210002368BB42EFD05A79D207ECD49979DD7983
:10422000A079E2796D1AEDB2B54200F10C0028BF19
:10423000354610440C312A4619442044FFF727FB29
:10424000E379206853FA85F3E3718379761B53FA97
:1042500085F5C379EDB2AB42B6B2857103D103687F
:104260002360F4F7CDF8002ED2D1C4E738B50C4660
:10427000016809B9046038BD0D4609680029FBD101
:10428000236823B12046FFF7A8FF2C60F3E72146FF
:104290002846FFF7AEFE0028EDD1F6E748B100232F
:1042A00002794360036083604379027143F0040341
:1042B0004371704700221146F4F7FEB838B5044642
:1042C0000D46FFF772FE98B984B12079FFF7F2FF2F
:1042D00058B1637942790460C3F3400363F3410248
:1042E00045235D1B4271C371857138BD0120EDE727
:1042F0002046FAE738B5036804460D469BB11879A5
:10430000FFF7D8FF88B1236803605B794279C3F374
:10431000400363F3410245235D1B4271C371857104
:104320002060002038BD0120EAE71920FAE738B5FF
:104330000C46054640B3006830B309B9002038BDCB
:104340004AB9C9B2FFF731FE0028F7D12B689A7934
:104350009871A41A06E0452918D8C9B2FFF725FEBE
:104360000028EBD1442C07D8002CE7D0E1B2284636
:10437000BDE83840FFF7BEBF45212846FFF7BAFF2A
:104380000028DCD1453CEDE72220D8E72120D6E704
:104390002DE9F84390F8078090F80690A8EB0907FC
:1043A000FFB2B94204460D4602D30020BDE8F883AF
:1043B0000079FFF77FFF06460028F6D0A1798079C3
:1043C0000C317F1B29440C30BAB221443044FFF732
:1043D0005EFAF3793B44F371E37999444D442368E1
:1043E000A5EB0805E571012033602660DEE7F8B52E
:1043F000076806460D463C46002305B12CB90BB1B3
:1044000000221A6034603846F8BDE379A2799B1A1D
:10441000DBB2AB4207D8E379A2799B1ADBB2ED1A83
:1044200023462468E9E7E9B22046FFF7B1FF0028F8
:10443000F1D10746E7E75318452B02DCC9B2F4F780
:104440003BB800207047F7B5002605460F46019699
:104450000DB9019C09E0002211463846F4F72CF80A
:10446000044628B901A8FFF760FD204603B0F0BD5F
:10447000AB798371EA79C2716879617960F300017F
:10448000617169796079C1F3400161F34100D21A29
:10449000607103F10C002918D2B22044FFF7F7F93C
:1044A000019B03B9019406B134602D682646CFE71D
:1044B0002DE9F8430D461446064610B319B3DAB198
:1044C000034699461B68002BFBD12746C8463A464F
:1044D00029464046FFF70CFDC145A7EB0007054400
:1044E00018BFC9F8008037B1B17930790022F3F7ED
:1044F000E3FFC14618B9E41B2046BDE8F8838046B7
:10450000E5E70446F8E70C46F6E737B51546C9B2C5
:1045100000221C46F3F7D0FF019040B12246294605
:10452000FFF7C6FF844202D901A8FFF7FEFC0198FD
:1045300003B030BD10B5013903461A1A914200D8B4
:1045400010BD445C1A7803F8014B42540139F4E77A
:1045500001440023884200D1704700F8013BF9E78D
:1045600038B505460C4604B938BD013C55F8343021
:104570005B68002BF7D09847F5E72DE9F04104463A
:10458000002654F836302BB904F10408B34203D1A5
:1045900000250FE00136F4E754F8332012685F1C61
:1045A0005AB158F833009047054630B13946204695
:1045B000FFF7D6FF2846BDE8F0813B46E6E77047A7
:1045C0007047704770477047F4F78AB838B50446AB
:1045D000F9F711FF054658B9C820E4F78BFEC82249
:1045E00002212846E4F746FE8442A8BF044624B2CE
:1045F0002046E4F77FFEF9F7FEFEBDE83840C8220A
:104600000221E4F737BEB0F90020B1F900309A4238
:104610002DE9F04704460D4648DCF4F75AFD804684
:10462000DFF73AFE00283ED1E4F71AFE8246F9F79A
:10463000E2FEC8220221E4F71DFEB5F9002047F68C
:10464000FF739A42814602D1E4F72EFE2880B4F926
:10465000002047F6FF739A4202D1E4F71FFE208044
:10466000B5F90000FFF7B2FFB4F900308342C8BFCC
:1046700020800746B4F90000E4F71CFEF7F7BFFB03
:10468000064658B15046E4F715FE4846E4F732FEB8
:104690004046F4F724FD3046BDE8F087E4F7E0FD3E
:1046A00020802F80F4E741F20C06F1E72126F2E7A3
:1046B00000000000000000000000000000000000FA
:1046C000F8B500BFF8BC08BC9E467047F8B500BFFF
:1046D000F8BC08BC9E4670475FF800F0490D00200A
:1046E00000000000000000000000000000000000CA
:1046F00000000000000000000000000000000000BA
:104700005B495D200025733A2054696D6572207302
:104710007465702025640A002573200A005B435DE0
:1047200020002E2E2F6170702E630025733A2564B1
:10473000203A25733A2000736300537461747573D3
:104740003A202573203D20307825303478200041F0
:104750007373657274696F6E206661696C6564005D
:1047600025733A20436F6E6E656374696F6E206FB8
:1047700070656E65640A0048616E646C6572203A0B
:1047800020307825780A0025733A20436F6E6E65D5
:104790006374696F6E20636C6F7365640A0A0A0044
:1047A00025733A2054656D70657261747572652069
:1047B0007265717565737465640A0025733A2052D9
:1047C0006561642074656D70657261747572653AB7
:1047D00020256C6420776974682073746174757324
:1047E00020256C750A0025733A2048616E646C655B
:1047F00072203D20307825780A0025733A204972CE
:1048000072616469616E6365207265717565737448
:1048100065640A0025733A205265616420697272EA
:10482000616469616E63653A20256C642C2055567D
:10483000203D20256C64207769746820737461744E
:10484000757320256C750A004E4F544946592074E3
:1048500072696767657265640A004E4F544946592C
:10486000206F6E2074656D70657261747572650A73
:1048700000092073746174757320666C616773201E
:104880003A2025780A004E4F5449465920737461E6
:104890007475733A2025640A004E4F5449465920D6
:1048A0006F6E20697272616469616E63650A005798
:1048B000726F6E6720636861726163746572697399
:1048C000746963203A2025640A6F722077726F6ED4
:1048D000672073746174757320666C6167203A2079
:1048E00025780A0054656D70657261747572652073
:1048F0006E6F74696669636174696F6E2073656E4B
:1049000064203A20256C64207C2073746174757374
:10491000203D20256C750A004C756D696E616E63D3
:1049200065206E6F74696669636174696F6E207368
:10493000656E64203A20256C642C205556203D205D
:10494000256C64207C20737461747573203D202570
:104950006C750A00577269746520726571756573AC
:10496000746564203A2025640A004C454473206F26
:1049700066660A004C454473206F6E0A00436173FB
:10498000206E6F6E207072697320656E206368619F
:104990007267650A00777269746520726571756562
:1049A00073740A00777269746520636F6D6D616E50
:1049B000640A00777269746520726573706F6E7334
:1049C000650A0064656661756C740A00736C5F62E9
:1049D000745F6F6E5F6576656E7400736C5F627492
:1049E0005F6F6E5F6576656E740074696D65725F8A
:1049F00063616C6C6261636B5F6C75780074696D88
:104A000065725F63616C6C6261636B006170705FA3
:104A1000696E6974002573203A2053656E736F7256
:104A200020696E6974200A006D61696E004252440B
:104A30003431363641002E2E2F736C5F67617474EB
:104A40005F736572766963655F6465766963655FE8
:104A5000696E666F726D6174696F6E2E63004430AB
:104A60003300342E342E3600736C5F676174745FCC
:104A7000736572766963655F6465766963655F69AE
:104A80006E666F726D6174696F6E5F6F6E5F657673
:104A9000656E7400B44A0300250025004C4D0300E8
:104AA000110011003C4D0300010001000300FFFF55
:104AB000FFFF0000010000000108FFFF00000000F0
:104AC000044D0300020002000108FFFF0500000082
:104AD00020000D0003000D000008FFFF0100000092
:104AE000640C0020040010000308FFFF0300000016
:104AF00002000000050002000108FFFF05000000A1
:104B000002000E0006000E000108FFFF0100000079
:104B10006E0C0020070002000108FFFF05000000E6
:104B20000A000F0008000F000308FFFF010000004B
:104B3000840C0020090000000108FFFF00000000B5
:104B4000084D03000A0002000108FFFF05000000F5
:104B50000A0003000B0003000308FFFF0100000030
:104B60008C0C00200C0002000108FFFF0500000073
:104B7000020004000D0004000108FFFF0000000017
:104B80000C4D03000E0000000108FFFF00000000B4
:104B9000104D03000F0002000108FFFF0500000098
:104BA00002000500100005000108FFFF00000000E2
:104BB000144D0300110002000108FFFF0500000072
:104BC00002000600120006000108FFFF01000000BD
:104BD000A20C0020130002000108FFFF05000000E6
:104BE00002000700140007000108FFFF0100000099
:104BF000B00C0020150002000108FFFF05000000B6
:104C000002000800160008000108FFFF0100000074
:104C1000BA0C0020170002000108FFFF0500000089
:104C200002000900180009000108FFFF0100000050
:104C3000C60C0020190000000108FFFF0000000062
:104C4000224D03001A0002000108FFFF05000000CA
:104C500012000A001B000A000108FFFF0700000005
:104C6000000000001C0010000308FFFF030000000C
:104C7000010100001D0002000108FFFF0500000007
:104C800012000B001E000B000108FFFF07000000D0
:104C9000000000001F0010000308FFFF03000000D9
:104CA00001020000200000000108FFFF00000000DA
:104CB000264D0300210002000108FFFF050000004F
:104CC0000C000C0022000C000608FFFF070000008B
:104CD00000000000230000000108FFFF00000000AA
:104CE0002A4D0300240002000108FFFF0500000018
:104CF00008000080250000800208FFFF0700000078
:104D0000000000000200011802000018020000006C
:104D100002000A180C0053696C69636F6E204C61C5
:104D2000627302001A18020015181000F01921B45D
:104D3000478FA4BFA14F63FDEED6141D636032E020
:104D4000375EA488534E6DFB6435BFF700280128F9
:104D50000328002A012A292A242A272A262A232A44
:104D60006E2A772A562A052A2A2B292B0229000087
:104D7000050000000000000000C201000005000066
:104D8000001000000000000000000000260D0020C0
:104D90001DD80000EB8F0200179002004390020024
:104DA0005B900200433A2F55736572732F6D6174E7
:104DB00074682F53696D706C696369747953747585
:104DC00064696F2F53444B732F6765636B6F5F7319
:104DD000646B2F6170702F626C7565746F6F74688F
:104DE0002F636F6D6D6F6E2F696E5F706C616365A1
:104DF0005F6F74615F6466752F736C5F62745F6967
:104E00006E5F706C6163655F6F74615F6466752E61
:104E1000630064656C61795F74696D65725F63627C
:104E200000736C5F62745F696E5F706C6163655F75
:104E30006F74615F6466755F6F6E5F6576656E74D3
:104E400000433A2F55736572732F6D617474682F28
:104E500053696D706C696369747953747564696FB3
:104E60002F53444B732F6765636B6F5F73646B2FB6
:104E70006170702F626C7565746F6F74682F636FEB
:104E80006D6D6F6E2F73656E736F725F6C6967689F
:104E9000742F736C5F73656E736F725F6C69676894
:104EA000742E630028534C5F5354415455535F4F45
:104EB0004B203D3D2073632920262620284E554C4B
:104EC0004C20213D206C696768745F73656E736F59
:104ED000722900417373657274696F6E20272573A0
:104EE00027206661696C65643A20005B453A20259D
:104EF0002330346C785D205369313133332073654E
:104F00006E736F72206E6F7420617661696C61627E
:104F10006C650A00736C5F73656E736F725F6C69AA
:104F20006768745F696E697400433A2F55736572E0
:104F3000732F6D617474682F53696D706C69636948
:104F4000747953747564696F2F53444B732F67657D
:104F5000636B6F5F73646B2F6170702F626C75652C
:104F6000746F6F74682F636F6D6D6F6E2F73656EE6
:104F7000736F725F7268742F736C5F73656E736F9B
:104F8000725F7268742E63004E554C4C20213D2098
:104F90007268745F73656E736F720053693730782F
:104FA000782073656E736F72206E6F742061766106
:104FB000696C61626C650A00736C5F73656E736F18
:104FC000725F7268745F696E6974003F002800291F
:104FD00020000000050000000000000040420F001B
:104FE00005010000000000000000000000000000BB
:104FF00013B779FAC925DDB7ADF3CFE0F1B614B830
:105000000102000000000000FFFFFFFF2000000081
:10501000010000000000000000000000000000008F
:105020000000000000000000000000000000000080
:105030000000000000000000000000000000000070
:1050400007000003000280000800020020000001A9
:1050500040000400010010000806020004090703D4
:105060000105000040787D0100000000005A620246
:1050700000010000C0CF6A0002000000809FD50040
:1050800002010000002D3101020200000809110890
:105090000003010303030200000800FC0C5103009D
:1050A00001000107B8500300000800F8C8500300D1
:1050B000000000000000000083FFBFFFE2FFF1FFDF
:1050C000F9FFFEFF000000009600FCFEF8006D23D3
:1050D000441FEEFFC700F20E8E37FAFF5C00A403F8
:1050E00024A7FFFF3200D601AD3400001F003001BD
:1050F000004D00001200C000CA4A00000B006E0004
:10510000F73C000005001F002F2000008C00FCFE73
:10511000FFFF000000000000FC00D2104C06FAFF68
:1051200075009B05F132FFFF3E0062020B35000067
:1051300025004B01885F00001700E0005E5D000065
:105140000E008C006A4F0000070025008328000035
:1051500000000F400000000000040F4001000000AC
:10516000C1059ED8367CD5073070DD17F70E59394A
:10517000FFC00B316858151164F98FA7BEFA4FA410
:10518000006A09E667BB67AE853C6EF372A54FF512
:105190003A510E527F9B05688C1F83D9AB5BE0CDE3
:1051A0001900800000000000000000000000000066
:1051B00000000000000000000000000000000000EF
:1051C00000000000000000000000000000000000DF
:1051D00000000000000000000000000000000000CF
:1051E00000000000000000000000000000000000BF
:1051F000000000E1000108070F000A00C8002000BD
:10520000A000010000000000A00068010A200706BD
:10521000020A040700000002070001041040010018
:105220000000050000000002000003000000000074
:10523000B05503008C5503000055030020550300B2
:1052400034550300D8550300705503005C55030026
:1052500000000000C455030000000000A05503003A
:1052600000000000945403000000000048550300B3
:10527000000000005055030000000000145503001A
:10528000D4520300FC550300D6520300F45503002A
:1052900000000000EC5503000000000084550300EE
:1052A00000000000000000000000000000000000FE
:1052B0004E0C00000000000000000000944A0300B3
:1052C00000000000000000000400000000000000DA
:1052D000E2FF500001000400FB000000020000009B
:1052E00030530300030000002853030004000000B3
:1052F0002053030000000000000000004145532D32
:105300003235362D454342004145532D3139322D3A
:10531000454342004145532D3132382D454342002B
:10532000FC52030010140400085303001013030080
:1053300014530300101202000200000087AD0200A7
:1053400083AD02007FAD020069AD020057AD0200DF
:10535000512563FCC2CAB9F3849E17A7ADFAE6BC17
:10536000FFFFFFFFFFFFFFFF00000000FFFFFFFF49
:10537000F551BF376840B6CBCE5E316B5733CE2B7D
:10538000169E0F7C4AEBE78E9B7F1AFEE242E34FAC
:1053900096C298D84539A1F4A033EB2D817D0377CF
:1053A000F240A463E5E6BCF847422CE1F2D1176B6A
:1053B0004B60D2273E3CCE3BF6B053CCB0061D65C9
:1053C000BC86987655BDEBB3E7933AAAD835C65A52
:1053D000FFFFFFFFFFFFFFFFFFFFFFFF00000000D9
:1053E000000000000000000001000000FFFFFFFFC0
:1053F000092040081C4000010102010202030102D1
:10540000070B0B0701160C0000010808000005013E
:1054100008FFFF02FFFF0808020204FF010022FF4D
:10542000FFFFFFFFFF030404FFFFFFFF2AFFFF143E
:1054300019191B011C15120400480C1413151080B7
:105440001A80128080000F0E0C080C080D18100135
:1054500002040400F4010000FA00000096000000BD
:10546000640000004B000000320000001E0000003D
:10547000140000000000000001015000400008007E
:105480005000240004009001500240009001AE0141
:105490001000000089A101000000000000497253C3
:1054A00014497207FF000102030405FF1453007240
:1054B0004907CDF655B40100D5B30100ADCD0100CB
:1054C00051F10200CBF10200C5F1020099D10100B7
:1054D000B31203007FF10200C7F10200C9F102001C
:1054E00073F10200C1F10200C1AE01009FEF0200A2
:1054F00015B0010001020C000000040000000800CB
:105500000400000000000000000000002DB30100B6
:105510000000000027F1020000000000A0010401CB
:105520005600000000000000000000000000000025
:105530000000000005000000000000000000000066
:10554000000000000000000041B401000000000065
:1055500053F1020000000000A01305000A00000043
:10556000000000000000000000000000000000003B
:105570000900000000000000000000000000000022
:105580000000000059F10200000000000F000000C0
:10559000000000000000000000000000000000000B
:1055A00063F10200000000000000000000000000A5
:1055B00001000000000000000000000000000000EA
:1055C0000000000009B7010000000000A001010771
:1055D000A000010402040800060000000000000012
:1055E000000000000DB80100F1B701006FF10200EA
:1055F000000000006BF10200000000004DB8010047
:1056000000000000A0030601A0090609A002060888
:10561000A0050607A0050606A0070605A0020604C9
:10562000A0010610A00A0602A00D06000000040258
:105630000503060107010108090A0000A0015C0238
:10564000A0035C01A0025C00A0020F09A0030F04EC
:10565000A0030F03A0050F02A0010F01A0050F007A
:10566000A0040103A0040108A0020105A003010693
:10567000A012010001010204200C040355B3010033
:105680002000040181B301002002560225B401006C
:1056900020025601F9B301002001060595BA010068
:1056A00020040A0FD5B6010020040A04A1B60100A7
:1056B00020050A0361B6010020050A0231B6010087
:1056C00020000115B5B7010062676170692062753D
:1056D00066666572730001000200000000000000B1
:1056E000030000000D0003000200010005006761D7
:1056F000747420636F6E6E656374696F6E00000072
:1057000000FB349B5F800000800010000000000060
:10571000000000006F10030057F702005D12030045
:1057200059110300E69D350E480103CCDBFDF4ACB6
:105730001191F4EFB9A5F9E9A7832C5E2CBE97F27D
:10574000D203B020008BD28915D08E1C742430ED8A
:105750008FC24563765C15525ABF9A32636DEB2A4D
:1057600065499C80DC003F49F6D4A3C55F3874C905
:10577000B3E3D2103F504AFF607BEB40B799589992
:10578000B8A6CD3C1ABD006C888391AAF5A53860F7
:10579000370BDB5A6083BE000000010001000501E9
:1057A00000050202030002000000000002050100E3
:1057B00005000001000100000100010202030002D7
:1057C0000000000000020201000200008D00020043
:1057D0003DFB010019290300872803007122030003
:1057E00015F9010061F80100B9F60100CF260300A8
:1057F0009B1D0300D1FC010091F20100DDF00100CE
:1058000025260300B72503005F250300BD24030000
:1058100009230300E9ED010015EC0100CDEC0100C6
:105820009F1D030015EA0100BF01FB9D4EF3BC362E
:10583000D874F5394138684C8BD28915D08E1C74D8
:105840002430ED8FC24563765C15525ABF9A32639D
:105850006DEB2A65499C80DCE69D350E480103CC42
:10586000DBFDF4AC1191F4EFB9A5F9E9A7832C5E47
:105870002CBE97F2D203B020A0010A05A0030A04AF
:10588000A0080A03A0070A02A0060A01A0070A004E
:10589000A0030906A0060905A0070904A00409033E
:1058A000A0050902A0060901A00309000D110200CC
:1058B000551102000111020061110200491102009C
:1058C000A92F0300E52F03000B3003002D30030048
:1058D0004F30030089580200415802004D58020021
:1058E0002159020073340300612D0300652D03006C
:1058F000712D0300692D03006D2D030000000000D1
:1059000048010000D80D002083FF00000200008045
:10591000FF7F00000080FF7F06010080FF7F0E02F6
:105920005241494C00000000A0000000511B020041
:1059300050000000311C0200FA04FA000033330A60
:105940000A0A0840002100000000000000000000DA
:1059500000000001000001010001010101530200EB
:10596000E5520200BD690200F96A0200916A020074
:105970000101020300000001A806000048704C0D60
:105980004470D80C307064123C70AE163870340D10
:1059900034705A0D30700A0F2C700A0F2870DC100A
:1059A0002470F41020703E0D1C7080111870F211DC
:1059B00014703A0DB110076001D80A7108B87F78E9
:1059C000020C7E78641000C6A01F00218CB870788D
:1059D00001B007680F305CB30F330111C04806985F
:1059E0004A022FB006D80C7109DD087100B853A81F
:1059F00009BB1110076801682148076004100112F3
:105A0000FF32215007605148076000880698441310
:105A100000C4401F002103DD087214BA281400A03E
:105A200000BA03DF107109DF0672029860058CB8B6
:105A3000507800A04413281441158110076002D843
:105A40001471108806982E1800C00C700840069833
:105A50007C1A0091069860020060B83020D8067168
:105A600090BC637C784D5412F03240DE04724048A2
:105A700004DB08720DDD0C72044BEF3014480698FD
:105A8000FC0600C4E01008404412076201322140C5
:105A9000084C287C811140D91C72B1123032CF4A97
:105AA000013AB1DA107208D8067104D80871B04C06
:105AB000237C4070684C4412FF328722047580B802
:105AC000D84C81D8327140D90472237C084B069897
:105AD000FC0604BA88B9767900C1186008403579A7
:105AE000E049007906B904A901D86E72227CBC4C49
:105AF000307C0298320208D83C7100C14C0008404A
:105B0000141110D93071104C00C114000840141148
:105B10001814076100C5206008405415FF35047152
:105B200010491814A84C44120762013206710298F9
:105B30001201B84C08D80C7107BA24D8047106BAFF
:105B4000187004D80C7101BA40D80E7102BA0A70EC
:105B500005BA20D8047203BA227C604C4411404C30
:105B60001814076118149111383111429111076905
:105B700010D90472EF3200C10060084014111031D6
:105B8000016911422814A111076118140698621ABC
:105B9000181400C10060084014110769FF3118147F
:105BA00000C13C30084014111814076118143088E3
:105BB00002480698C005009308DB047101F800A0B4
:105BC0005CB00F3000A01088B111076980D90A714C
:105BD00000C1800008400811009100A000C400012D
:105BE0000840441000A000C020300E4004110410F2
:105BF0001050F47200A05415504512710698060713
:105C00000698960618B8707800B841780698400350
:105C100090BA5B7A5C7A5D7A00C218500840241210
:105C200000C1501F002128110698381820880088CC
:105C300000C5441F002154155112FF350762FF3281
:105C400006986A02015951290475115900902129B9
:105C50002075069886040698A2040698FA02009217
:105C600003D80C728111076102D90472FF0FBA7058
:105C700018B8727800F804D842710088308800C0E3
:105C8000FC1F0021041000C1501F00211412012A22
:105C9000215A00C3185008403413312A1A7500C025
:105CA0000060084004100730FE200C76381108B858
:105CB0007F78020C7E780093009000A000C0F41F53
:105CC0000021041000BB1DB400A000C1DC1F002196
:105CD00014111088FF3100C5FFFF00003112076268
:105CE0000762513A513B0E720698720C115901121B
:105CF00001131E703114008831100698720C11596E
:105D0000415C41280698740C513801130090012B16
:105D100000902088076001140760FF30215D411268
:105D200007620762312D0876FF34415C4128015D2E
:105D300031100698740CFF303088011300C0E01F4A
:105D400000210410512B0C76076801150768FF35F8
:105D50006070315BFF32212B0C7507600115076005
:105D6000FF354E7000C5E41F002154150765076517
:105D70005112FF35FF30012B08752110076032707A
:105D800021100768FF30012B0A752110076007609A
:105D9000207000C2E81F0021241221100760076054
:105DA000FF30012B0875211007680670211007606D
:105DB000FF300093009200C10060084014142C4989
:105DC0000734FE242A761415F0BC076C513C076892
:105DD00003680154107100C4FF0FFFFF513C0144E0
:105DE0004811311200C5E81F00215415FF35076224
:105DF00007622143544914122155FF35515228118D
:105E000000A001D81871008800C004700840041078
:105E10008020FF30067106984E03009000A002D843
:105E2000047200A00088069896061DB428B9112CAB
:105E3000408800C3EC1F0021341440445A714413BD
:105E400006982005411500C0006008400410073086
:105E5000FD20447500C20870084024100760FF3020
:105E600080DC34710698AE0C01591C4A241007607E
:105E70000260FF300698AE0C0158B220012954137D
:105E800031100698AE0C11280A750425541550459A
:105E9000EE72069820050094009000A07FB906617C
:105EA00000C01C60084006984A1304155153113B6A
:105EB0003155581002984413EBBD00C0401F00211B
:105EC0000411113D10D91271FF33076B00C19040CE
:105ED0000846381118B97479581000A00698600265
:105EE0008024E4240D300472044800C11C51084091
:105EF000141100C3DC1E0021911504351A72181309
:105F000088BB08D804716C7B04D804716A7B8CBB95
:105F10002F7C5B7B16703C4B181388BB08D8047130
:105F20006F7B04D804716D7B217C0C300160069876
:105F300082060698680B0698320700B8B111076907
:105F400040D906720298660601BC00C20060084093
:105F500000DC0A7124150165604A0A701C4A241588
:105F600007657C4A043508D920712024512A24125F
:105F700000C180000840320C281107622811076216
:105F8000281107622811500C00C1381F002114127B
:105F900000DC1A7120D8067101B80C70F0DA0C72AE
:105FA0000CDB087102B806988A06482404491411CB
:105FB00000C380000840FFB8012011410871014171
:105FC00018130824014200C12000084014110141A7
:105FD000036D514191152035016D5141181328135E
:105FE000481300C37C000840341003D80C710730FC
:105FF00005DC0671084B227B8CB8507800B800C1D4
:10600000381F0021141203682150F030015228116A
:1060100000A04024066400C0FFFF0100013C1DB049
:1060200002200158402806751EAC01EC00A0208813
:1060300000C01850084004121DB42113041230523D
:10604000F871066C402400C3741F00213410141131
:106050000698C00C0669009211592129067600BBEA
:1060600011590698960C80B80158013A0662313BE6
:106070000472215A412A00A000C200010840317A6E
:1060800000A0308880B9076900C30000C0FF31104C
:10609000312800BC002D0C7511541EAC01EC312DC3
:1060A000F470066C51134155312C009300A000C0D0
:1060B00028400E400413315107610C310769115318
:1060C000381000A006984A0800C0F41F00210411EF
:1060D00006983207217A237A00C300001000069840
:1060E000720700C0581F00211DB1181000A000C089
:1060F000541F00211DB1181000C09C1F0021041066
:10610000002D067500B826A80698060700C09C1F3B
:1061100000210410012C06750698960628B010B9C7
:10612000115911380EB9114028A880B800C1443067
:106130000840081100C1F01F00211410303B067107
:106140000760076000C40830084044111150FF3058
:10615000015118146FB8076826A8217A050C211080
:106160002048267800C063EF0000314026A8050CC7
:1061700020ECB11140D90872247A20EC217A184819
:1061800026A828B00AB901510F31115028A8050CD2
:10619000207A20EC0F0C98B84678417806986A026D
:1061A00000C2441F002124100151FF311150081278
:1061B00000A006984A0800B826A800C05C1F00216D
:1061C0001DB1181000A030B840780DB101D9FC7293
:1061D000427800C074300E4004114CBA407A181056
:1061E000144804115C7A1810A4BB707B4E7B4F7B63
:1061F00000C20430084000A006984A08217A227A9A
:1062000000BB0698720700C0681F00211DB118105E
:10621000A4BB00C040300E40041103310149287274
:10622000B112076207623048041121510F31187210
:106230006E7B6F7B104804114CBA7C7A181014489E
:106240000411607A1810B11002D81071707B30B848
:10625000627860780DB001D8FC7100C0F860084029
:10626000041101D90C7100C01800084002B91810BF
:1062700008B86E780EB84EB110D90C723EA8140C46
:106280000FB83EA8107044A8140C01B800C1B0307B
:106290000E40081100C077801F003DB201423DAAA8
:1062A00000C0FFFFFFFC013A3DAA140C00C077E0DC
:1062B0001F0001423DAAFFB845207D7808B87E78CE
:1062C00000C124600840141107610631087100B94B
:1062D00006985A1006984A13B11101D90E71069802
:1062E000881A02D906720698AE0B06984413511408
:1062F00006989606F4B845780A0C00C0641F002181
:106300001DB1181002983410FFB845205D7803B80D
:10631000076044A83EA800C1B0300E40081110B874
:1063200007683DB101393DA908B86F7800A046A8BB
:1063300000C0FFFF0000013B076356AB94BA437AED
:1063400001D91471013C47B300C0FE20FFFF013B9F
:10635000314447AC637AFFB82120407802D90471F8
:10636000607800A0C8BC066C415C512C067506988C
:10637000960606986E0DB110076805D8347140BABC
:1063800006981A1308B86578911004D8187188B85F
:106390006E78577800C06400084021780698821013
:1063A00001400A728CB84278069856130298400B46
:1063B00008B86C7820B859785B7800C0F440084081
:1063C0007878797800C1C81F0021141040A81849B6
:1063D00014130449408814140C4914118112076ADB
:1063E000006A01DA187188B8577800C0CC1F002104
:1063F0000410016107630763076407640698B20924
:1064000000944EB010D842724DB161B801581138A5
:1064100040B102D90A72604804BB41540870204858
:1064200002BB02BC4DA8F8B87078190C3EB14141CE
:106430003EA9F4B973797378717800C4F8400840C4
:1064400000C200410840227000C20000010044AABE
:10645000230C00C200000B0044AA00C410410840F5
:1064600000C21841084004BB587C050C597C0C2420
:106470000F0C2FAB050CB11008D81471647A657A33
:106480001CB879787B7820B879787B78607CF424A4
:1064900041130698FC06511440440675069896066A
:1064A000727BFFB84D20050C687840EC00C0601F7F
:1064B00000211DB11810911004D8147100C0BC1E29
:1064C0000021041080D806711CB8737800F818B841
:1064D00000C1D81E002100C2185008402412281103
:1064E000767800F800C0B8600840041107610761C1
:1064F00080D9047240EC00C4F84008404EB010D877
:106500000471182441130C23527C407B11512FA994
:10651000050C797C0A0C00C0000001020814787C8C
:10652000050C507C08B86D7800A000C028700840A9
:106530000411108800C100180040181044480411CC
:10654000108878480411108800884CBA757A1810A1
:106550003DB11088F4B842784420727828487378A6
:10656000F8B873784FB200C4FFFF8080413A4FAA59
:1065700001BC01644113076300C06C70084003B99B
:1065800018100110011001B91810011001100110AC
:10659000011068480411076101B80160003A0471F4
:1065A000044904D9047241520760003A0471084951
:1065B00008D9047231520460003B0E72006300641B
:1065C000314241424FAAB2704FAAF8B8537818200E
:1065D00053782848527800913DA9009000911810F6
:1065E00000917848181000914448181000A01159E3
:1065F00010D906710760076008D90471076004D9D3
:106600000471036002D90471016001D90471006052
:1066100000A000BA01D806710148112A0069006083
:1066200001D8F6720138F67200A08020FF30FF48D2
:10663000812000A000C218500840241211592129BD
:10664000127300210E7100C2305008402412012143
:10665000212900A006984A0888B8577800C57C1FF1
:1066600000215088044D88BC00C0C81E0021811143
:1066700001D91E71407C00950115044D50881C4DB8
:10668000FFBB076B315B04110698B80C3129F87514
:106690000698761954150698881A01D90872069832
:1066A0007C0806700698DE0888BB547B009500F8CD
:1066B00006988C090E700698680B06988C09069847
:1066C0006011069836089112211900C02460084014
:1066D0000A78097800F810B901BA069810130698DC
:1066E000341000C57C1F002100F89112033288B9D4
:1066F00000C3BC1E0021341300C4A81008408CB88D
:106700004278707903DE067144786E707179A11059
:1067100020D806710298160F80DB507102D84C7297
:1067200005B830880763076302DB2A7100C3AC0039
:1067300008403413066380DB0472804800C31020D5
:1067400008403413315B047240483128312802601C
:106750000814076800930814A110103002480814A8
:1067600000B808149110076008148CB86278A11062
:1067700000DC0676517900BA80DB587100C0000059
:106780000200003B4E7150884110344803DE047112
:106790009048041508200411F82058101C20217876
:1067A0000698AE0E00C0A40008400E7810D91C71E7
:1067B00051451A7100C53400084407B8081500C5D2
:1067C0003400084604B8081504702E78069874162C
:1067D0000095911120310269911004D80E7200C108
:1067E0004C1F0021141101D90A71208806985A10F3
:1067F000009200C1180008400533054B1872184C70
:1068000003DE0471904C441400C3FF1F0000413BA1
:10681000FF233811B849076A0698A20E044908797F
:10682000097914102140081100A000C55400084047
:10683000541551455071108800C13400084407B800
:10684000081101B83088076B40DB247100C0370C99
:1068500000000811364800C5D01E0021541102D98D
:106860000E72104801D9087100C01104000000C167
:1068700034000846081100C13400084014153035B2
:106880000093009100A000BD0698440210B903DCFB
:10689000047100B901BA0698101302D906710040BC
:1068A0004E7201B107690F3106988210FFD8287225
:1068B000811008D8187106DD0A710698440203DCBD
:1068C0000C720698C810069856130C7006DD1071ED
:1068D0000698CE10487020B802A806DD10720698FF
:1068E0008C090698360801F840B802A800F800C0E4
:1068F000BC1E00210413076301DB227191100111FA
:10690000076911388CB910D8087144790298160FAC
:1069100002DBFA72A11328DBF47203BD069828107B
:1069200006988C098CBA7F7A0698FC0600C5801FF1
:1069300000210698440200BA03DC3272044DA11013
:1069400002D804710C4D00C0140008400410026805
:1069500000C3701F002134111128FC233411069844
:10696000960C00C10C5108400698B2065415212D12
:1069700000C0F8600840041101D9227100C03C1F1A
:1069800000210410033001DC147200C01400084020
:106990000411FD21087602BA076A212D06984807DE
:1069A0000298E8099110015503355150011900A0D2
:1069B00000C1481F0021141001D84271014807602E
:1069C000FE200E75811020D8087100C14C1F0021D7
:1069D000141101D9287100C024600840041221510B
:1069E00007610F3107691152281000C0006008408C
:1069F00004119112215120311152211900A081134B
:106A000080DB067201B800A000C30C5008403410AF
:106A1000063030727C4B34122C4B34100760076008
:106A200040302072811080D8DC713410014A076236
:106A30000360803021508C480A717F235523341025
:106A4000013000A000BD0698281088B84778457826
:106A5000437800B8447800A006988C090698C810BE
:106A600000C58C1F00215415069848070298E809B4
:106A700000C374000840027B06984A1350BA069877
:106A80001A1306988210FFD84A71911004D84872E0
:106A9000811007601CD8407220D938721112FF3261
:106AA0002151347180218021111400C0E41E002185
:106AB0000413FFBA3151113A215111538CB93810D6
:106AC0007B7940440E7200B900C2C41E0021181226
:106AD000067008B860780698441300F800B900C240
:106AE0009C1008401812244A0AB9181288BA507A21
:106AF000517A577A8CB942795F7900A0069844029E
:106B000007DC1072911000200A7506986011029837
:106B1000660D0698360801B9911004D8047100B9C1
:106B200010BA0698101300BA00402A7100C0BC1EAB
:106B300000210411076101D9127104D9E272811098
:106B4000076001D8DA718CB8647800C11C51084024
:106B50000698B2060698601100C5901F00215415D2
:106B6000212D06987C0800C5941F002100F800BC68
:106B7000811108D9167280D9207201B910BA06980D
:106B8000101300400E7101BC10700698C8100698D2
:106B9000561320B802A800F806986011811102313E
:106BA000127100B900C20C1008401812244A02B930
:106BB00018120698C81000C5981F00215415069891
:106BC000001A0298E80904110121147188BA737A35
:106BD000042004122811042004110121F47200A0E1
:106BE0000698FC0601F8911010D8347106984003FD
:106BF000069886040698A20400C51C51084054114A
:106C00000698B80C00C5D41E002154155129E27510
:106C100018B875788CB8447801B802A800F8B1109B
:106C2000076810D82E7100C04810084000C300004B
:106C300008403114884C44113411076101D9FA71AC
:106C400044122810076228100762281007622810D3
:106C5000E87000C1BC1E0021141080D82C7100C146
:106C60005400084014111141207100C1000002407D
:106C70001038167100C03400084407B9181000C05D
:106C80003400084601B9181002987A02069860028A
:106C900011380472016A00BB00C1E41E0021141106
:106CA00020390C72911210DA0672417B00A006980E
:106CB0004A1300C2BC1E0021241220DA0472617B38
:106CC00088BA527A00A088BA727A811204DAFC7209
:106CD00000A088B86B78577800C0640008402F780F
:106CE00000A006986E100763076390B9637900B936
:106CF00002DB36713112076240DA2E7200C2540094
:106D0000084024100140227202EC00C909B801D9E0
:106D1000507200C2AC0008400E7A10D904722E7A6C
:106D200006987416E031076102EC00CD114502ECC3
:106D300000CC01DB087100BB0298CA1703B84111EF
:106D40000731FA211C760621911210DA087102DD52
:106D500010721E7020B80698720C3038147208B881
:106D60000698820600C0240008402978207800F8A0
:106D7000046020D8067102982C1502EC00CA05B8F0
:106D800023DA187104DBDA7120DAD67110DAD272E4
:106D900090B8617800B801DA067202EC00C891116F
:106DA00010D9267100C1CC1E002114111150FF30E2
:106DB0000C720661A110115002300A7180DB0A7258
:106DC0000AB89E708CB97C79076891111140211125
:106DD000C0311140011990B8411108D90471667889
:106DE00020D904726578A11002D80672C0DA1E712B
:106DF00090B8273123DD087210DB1072607825DD32
:106E00000A7121DD087208DB0471627803B8411150
:106E100007310872A1152035AA7102DD3272A11165
:106E200020D9A07102D92872CCDA9872411140D9C8
:106E3000927206B802DB1071046500C11020084090
:106E40001411112D112D054D5C720298BA132111E8
:106E50004049C0D94E71A0314115403501655141BD
:106E60000361076308DA1E7204DA38721049A1154B
:106E70000235067110DB0E7201340A7108DB2471D1
:106E800090B86778CC3211101A300ADC0872CCDE68
:106E90000471FD3100C00D0F0C0D0698740C01D863
:106EA000607207B80298E41300BA411108D90C7156
:106EB00002EC00CA05B830DAEC720734F031026136
:106EC00001DA0471014900C0F300A3E30698740CD1
:106ED00001D8D07100C0981440680698740C4030F6
:106EE000014440DA0471204C04320162204A11103E
:106EF00006300068014218310269114202980214FA
:106F0000204A00C0051708500698740C1130014241
:106F10002088FFBB0DDA507100C1DE1B250180BC4B
:106F200004DA107208DA0A7200C120841000E0242A
:106F3000A02407634143016401DA06711E49024B34
:106F400000C02C1F002107633810BC2002DA127128
:106F500001B91159A11380DB087100C100FCFF01C8
:106F600018100298561700C4BC1E0021441080D887
:106F70007C710092D0DA06710DDA0C7190BD437D00
:106F8000EFBD06983E0503620DDA8672A11105D9A0
:106F90005C7100C23810084024120C24281401D956
:106FA000067202D9327140D91E7102EC00CA21105A
:106FB00018320471FA2220D804720822FE220875C1
:106FC00002EC00C8F87001D90E7102EC00C802D9B9
:106FD000067204DC187200C0BC1E00210410026896
:106FE00001D8067190B8647818B873780298CA17F7
:106FF00000C50020084000C00417000008D9047232
:107000000A480815104D00B808D90472FF20081569
:10701000084D00C00884000008D9087200C0208311
:10702000B8ED0815104D207D00A000B8011A00C071
:1070300074000840027891101030011905BA0698C2
:107040001A1302D9067101B802A800C0BC1E0021A3
:10705000041380DB0671029866138CBA7C7A01DB1C
:107060006C7100C2301F002124111114FF3402EC96
:1070700000C8FF24FA7607610698820C0361113874
:107080000F3003611114011141100698820C01D8D0
:10709000087203B80298E413044A02DB2471241036
:1070A000112811280412023006710762076200C01D
:1070B000FFFF0000213800C218000840FF2008121E
:1070C000411007600698820C01D87C7120BC1033F7
:1070D000767100BB00C12C1F00211415C021112C9A
:1070E0005112076A0F320E71408851140698FA1730
:1070F0004143009451120765036A0F320E7141112A
:1071000051140698FA17036C41430765513B00C1BF
:10711000E81E00211411111231100F30127100BA43
:10712000046101D80471114200600FD8F47231106B
:1071300002601E30047201B8003A087204B8029866
:10714000E4130298EA1500C0381F002104110F3122
:1071500003DD1A7200C000600840041007D80E72E8
:1071600000C01040084004B9181000F806986E10CE
:1071700006983C0500F830885088FF34087102EC0E
:10718000FF24F87002EC00CD141001BB5150FFD861
:10719000047131440760006B10DBF2710421FF229F
:1071A000E4720F4C0095009300A000C1C01E0021A6
:1071B000141100A030880698381A8111076102D98D
:1071C00006720298141988BB557B076120D9067195
:1071D000029804190088A110076806982E18082143
:1071E0001415FC2590BB5C7B5D7B00C100600840F2
:1071F00014110731FE21307608D82A725113FC236E
:10720000341304DB2071076BFF33315B00C108705E
:1072100008401411076180490C71FF313029547501
:1072200090BB7B7B10707B7B7C7B00DD04717D7B66
:1072300001BB3815EC25541300DF5471042505DF1C
:1072400054715415211120880698B80C00925129C8
:107250003E7500C100600840141102DB0C7107315B
:10726000315B31292A760C7004DF0872006180D905
:107270001E7206982E1800C00870084006987C1AE6
:1072800006982E181411FFD9607202985A190090AE
:10729000009300A05415A111076910D9A672082502
:1072A00008D8A071082510D89A7120882111069855
:1072B000B80CFC255412112AF82554110C2520D89D
:1072C0000871F0255411102520290476215918152C
:1072D00000920298C61818B97179811010D80A71F5
:1072E00088B8447800B8417888B9747908B9677962
:1072F00000F88110A0D8087188B9497900A007600A
:1073000002D8FA7106982E18108806984A13076258
:10731000076210DA087108211415F025541100C213
:107320000020FEFF202912750698881A01D90A72DA
:1073300006988C090698360800941CBB41100C2056
:1073400006984A1241110821141006984A12312851
:10735000441111120761FF31FF32012210521072E5
:107360000769181404244413042438140C700769A2
:10737000214118140824081402984413404414713D
:1073800000C1C41E002114155113036B0FDB0C72D6
:10739000066D06980607411500A00698360806985F
:1073A0004A1308BB51140698C0194415FC255415FE
:1073B0000298480788B900C3BC1E00213413076334
:1073C00008DB1A718113A0DB0671497910706979A5
:1073D000076302DB087208B9677900F800A0811121
:1073E000076102D9107188B9757906982E181411A1
:1073F000FF3100A0FFB900A0041008211411F421EE
:10740000081100A081110761076110310E71069803
:107410002E1808211411F821141100A0247403005F
:107420003C7403008C7703000000000054740300D8
:107430000600000000000000000000008C77030040
:10744000000000002C750300040000000000000094
:1074500000000000BC750300809C2B8F80841E0000
:10746000000000002200FF7F000C00200000000050
:107470000000000000000000BC750300809C2B8F02
:1074800080841E00000023002300B600000C0020B2
:10749000000000000000000000000000BC750300B8
:1074A000809C2B8F80841E000000240024009D00FF
:1074B000000C0020000000000000000000000000A0
:1074C000BC750300809C2B8F80841E00000025006B
:1074D00025007D00000C00200000000000000000DE
:1074E00000000000BC750300809C2B8F80841E0070
:1074F0000000260026005300000C002000000000C1
:107500000000000000000000BC750300809C2B8F71
:1075100080841E00000027002700FF7F000C002051
:10752000000000000000000000000000A47603003E
:10753000809C2B8F80841E00000000002400FF7FB1
:10754000000C00200000000000000000000000000F
:10755000A4760300809C2B8F80841E0000002500F1
:107560002500B400000C0020000000000000000016
:1075700000000000A4760300809C2B8F80841E00F6
:107580000000260026009900000C002000000000EA
:107590000000000000000000A4760300809C2B8FF8
:1075A00080841E00000027002700FF7F000C0020C1
:1075B000000000000000000000000000F81F0101B2
:1075C000D478030038000200000000000000000032
:1075D0003030010011491000B840010000C0E30044
:1075E00040410100EA00880018600400000000C665
:1075F0001FC000000050000000D0320050600400A6
:10760000FC006900410C00000000000011000800AF
:10761000786003000804000000000000BE031A00A8
:107620008C60070001040C1A2F46536168625849A8
:1076300035201407C491A063564433232252922468
:10764000E46007008108A1CB000000001984070551
:107650009411CB4899200600016120008294EA87AA
:107660000461030065B611001E37000089BB0000ED
:1076700020610100FFDF00001470011000F8070016
:1076800014700130F80200001870020000030000BE
:107690006000278470700200C30000000F9C03008C
:1076A000FFFFFFFFF81F01012079030038000200EF
:1076B000000000000000000030300100E33810003E
:1076C000B840010000C08300404101006D00880007
:1076D00018600400000000C61FC001000050000038
:1076E000008000005060040018000500410C0000FC
:1076F0000800000091000400786003008C000C007A
:107700000000000014001A008C60070001040B192F
:107710002C404C59605B534736251B114AF3389671
:107720006745231211090000E46007008F0846CB6B
:107730000000000023086404D007CB489120060015
:10774000F9541C008294EA8704610300515511002A
:10775000B01B000089BB000020610100FFDF0000BA
:107760001470011000F8070014700130F8000000D8
:1077700018700200000300006000A5837070020012
:10778000054100000F9C0300FFFFFFFFDC1F040109
:1077900000000000000000000000000000000000E9
:1077A000F01F02013F00370000000000FC1F010134
:1077B000000000000400020001810100000100003F
:1077C0001800020000000000010000002800040072
:1077D00000000000000000000000000000000000A9
:1077E00040000100A0070000480001000000000068
:1077F000540002000000000000000000A00004008F
:10780000FF4C0000FF4C0000FF4D0000FF4D00004A
:10781000002001000807000010200100AAAAAA0009
:10782000182001000060DA000830010013AC0001EC
:107830003430010001000000403001000000000071
:10784000A04001007A27000FF44001002010000042
:107850003441020080080000E68700004441010036
:10786000C0E6524D6041040000000000000000002E
:107870000600000006000000146001001000000077
:10788000286003000000000300000000000000006A
:1078900060600200294176710000000084600200EF
:1078A0000000000000000000207004000000000044
:1078B0008200000000008001D50000004870020036
:1078C0003C3D0000BC1900007870010006E0490052
:1078D000FFFFFFFF0D000000388EE30000000000F6
:1078E0007C7903006C79030000000000E0707200F6
:1078F00080DE800280841E00010100001149000228
:107900000000000000000000000000000000000077
:107910000000000041841E00000000000000000084
:107920000D0000001CC77100000000007C790300FE
:10793000747903000000000018CC660080DE80022D
:1079400040420F0001010000E33800020000000087
:107950000000000000000000000000000000000027
:107960005B420F0000000000000000000852000011
:10797000B20C0000A5A00000C4090000193F0106D8
:10798000041001000001010600102700000C000097
:10799000000000000000232D302B2000686C4C00FC
:1079A00065666745464700303132333435363738FF
:1079B000394142434445460030313233343536375D
:1079C00038396162636465660062675F6D65737311
:1079D00061676520726563656976657273006267C9
:1079E0006275660061636C006C6C5F636F6E6E65E0
:1079F0006374696F6E006C6C5F6164765F7365744D
:107A0000006761705F636F6E74657874006C6C5FA3
:107A100076616C696461746F72006D6573685F7024
:107A2000726F765F64620062675F6D657373616732
:107A30006500736F66745F74696D65725F6D657301
:107A40007361676500666F756E646174696F6E5F00
:107A5000636D64006C6C5F6164765F73796E630064
:107A60006C6C5F7363616E5F73796E6300676170E6
:107A70005F706572696F6469635F616476006761F6
:107A8000705F706572696F6469635F73796E6300BC
:107A90006C326361705F636F635F6368616E6E65B4
:107AA0006C006D6573685F70726F765F64625F61B2
:107AB00070706B6579006D626564746C735F636F81
:107AC0006E74657874000000DE790300E4790300C9
:107AD000E8790300F6790300017A03000D7A0300C8
:107AE0001A7A0300277A0300327A0300457A0300EA
:107AF000547A0300607A03006D7A03007E7A0300F3
:107B0000907A0300A27A0300B67A03006267627576
:107B1000665F696E0062676275665F6F75740062AA
:107B2000676275665F6E6F666C6F770062675F6D28
:107B3000616C6C6F630062675F72616E646F6D5F32
:047B40006165730008
:087B44003040FD7F010000004C
:0C7B4C00587B0300C00A0020AA000000C3
:107B580000C40040020502041111000000000000EA
:107B6800606701000000000000C4004034100020DD
:107B78000200000091C90000E8030000C0EA2101EA
:107B8800C0EA21010080000000F0490280200020A6
:107B9800C0EA210138530300000000000100000082
:107BA80079380300200000000000000000000000F9
:107BB8000000000000000000000000002DBB0100D4
:107BC800000000000000000000000000E19B010030
:107BD800000000000000000000000000D9A3010020
:107BE80000000000000000000000000085B2010055
:107BF80000000000000000000000000067F1020023
:107C08000000000095B7010000000000000000001F
:107C18000000000045B7010000000000000000005F
:107C28000000000085B8010000000000000000000E
:107C3800BDC101000000000000FFFFFFFF000000C1
:107C480073110300771103007B1103007F110300F8
:107C5800FFFFFFFFA12D0300FC580300FFFFFFFFFC
:107C6800085903007D31030079310300FFFFFFFF4E
:107C780091310200FFFFFFFFFFFFFFFFFFFFFFFF44
:107C8800FFFFFFFF7D490200FFFFFFFF1B340300DA
:107C9800FFFFFFFF000000000000000003000000DD
:107CA800441D0020180C002000000000441D002086
:107CB800AC1D0020141E0020000000000000000081
:107CC80000000000000000000000000000000000AC
:107CD800000000000000000000000000000000009C
:107CE800000000000000000000000000000000008C
:107CF8000000000020000400000000000000020056
:107D0800100000000000000000000000000000005B
:107D1800000000000A000100000000000A000F0037
:107D280000004E415F46425F4D505F50524F4A5FE0
:107D38003100020008000000303030303030303080
:107D4800020003000000303030000200050000008F
:107D5800302E302E30000200080000000000000025
:107D6800000000000105B67882FDDDB40000D100F6
:107D780081065D001008410091F5EA00000000004E
:107D880081077D7102FC0B8E1009355191FE35E299
:107D980012F96095A0FDB7B621FA77CAA2F830E6C5
:107DA800FFFFFFFF000008070A0017000E00000091
:107DB8000000FFFFFFFF0308011F04010101BF8F3F
:107DC800AF7F8700370F10100004040F05140AFF57
:107DD8000301FF0EFE01FF00044AD2F84C3143F0C4
:107DE800004330BFC2F84C31704700BF00300E402E
:087DF80051BB000029BB000093
:040000030000D485A0
:00000001FF
